match_id,canonical_match_key,Date,y_blue_win,delta__TOP__CSM,unc__TOP__CSM,z__TOP__CSM,delta__TOP__DMG%,unc__TOP__DMG%,z__TOP__DMG%,delta__TOP__GPM,unc__TOP__GPM,z__TOP__GPM,delta__TOP__DPM,unc__TOP__DPM,z__TOP__DPM,delta__JUNGLE__CSM,unc__JUNGLE__CSM,z__JUNGLE__CSM,delta__JUNGLE__KP%,unc__JUNGLE__KP%,z__JUNGLE__KP%,delta__JUNGLE__GOLD%,unc__JUNGLE__GOLD%,z__JUNGLE__GOLD%,delta__JUNGLE__Kills,unc__JUNGLE__Kills,z__JUNGLE__Kills,delta__MID__KP%,unc__MID__KP%,z__MID__KP%,delta__MID__DMG%,unc__MID__DMG%,z__MID__DMG%,delta__MID__Assists,unc__MID__Assists,z__MID__Assists,delta__MID__GD@15,unc__MID__GD@15,z__MID__GD@15,delta__ADCARRY__CSM,unc__ADCARRY__CSM,z__ADCARRY__CSM,delta__ADCARRY__GOLD%,unc__ADCARRY__GOLD%,z__ADCARRY__GOLD%,delta__ADCARRY__DMG%,unc__ADCARRY__DMG%,z__ADCARRY__DMG%,delta__ADCARRY__DPM,unc__ADCARRY__DPM,z__ADCARRY__DPM,delta__SUPPORT__VSPM,unc__SUPPORT__VSPM,z__SUPPORT__VSPM,delta__SUPPORT__VS%,unc__SUPPORT__VS%,z__SUPPORT__VS%,delta__SUPPORT__WPM,unc__SUPPORT__WPM,z__SUPPORT__WPM,delta__SUPPORT__GOLD%,unc__SUPPORT__GOLD%,z__SUPPORT__GOLD%
2024-06-01__IG__UP__G1,2024-06-01__IG__UP__G1,2024-06-01,0.0,-0.15442912702508238,1.2372145438177267,-0.1248199053081358,-0.04526708476618424,6.761859462395603,-0.006694471886535639,-0.3092786235419567,63.362072928598394,-0.00488113163547136,-4.187809734067514,202.97771873758262,-0.020631869051843103,0.37232522524104716,0.9779640325261914,0.38071425138717907,0.048191856829419066,21.859378466990375,0.0022046305981463514,-0.0001449317268260586,2.098121376743199,-6.907687007801146e-05,-0.009229036182507144,3.1500792553480665,-0.0029297781117920713,0.22284117319884444,25.108855577780485,0.00887500283051689,0.03569362100492768,7.901928205562246,0.004517076789273509,0.009367060043959263,4.691186306020372,0.001996735460112235,15.692279112144377,1221.6993159813917,0.012844632794685758,-0.0043281966273962524,1.2854063782516787,-0.0033671789197936325,-0.15057108023745158,2.3401797705708023,-0.06434164494084156,-2.9847662786761227,7.463055899534399,-0.39993883456286317,-49.11829209544874,284.82291920124334,-0.17245203462117414,-0.09072340077096186,0.825430022335082,-0.10991033571080501,-0.9645901715918157,8.003458579078341,-0.12052165217568271,-0.0017247295408424623,0.48434402378846536,-0.003560952329708929,-0.16874850250839124,1.3460363928046728,-0.12536687569784238
2024-06-01__IG__UP__G2,2024-06-01__IG__UP__G2,2024-06-01,1.0,0.9841672752201598,1.2372145438177267,0.7954695365233406,2.826110609471737,6.761859462395603,0.41794867332569857,41.83653163706077,63.362072928598394,0.6602771822810855,124.46827166738848,202.97771873758262,0.6132114984260629,-0.5490120769931783,0.9779640325261914,-0.561382113606884,-7.749674592163657,21.859378466990375,-0.35452399753004704,-0.15485044734544573,2.098121376743199,-0.07380429714772482,-0.005235569283410957,3.1500792553480665,-0.0016620431414476628,-18.285121872192157,25.108855577780485,-0.7282339526513191,0.444923279002456,7.901928205562246,0.05630565238287254,-4.031776417367749,4.691186306020372,-0.8594362480887564,591.0801779726394,1221.6993159813917,0.48381804733516304,0.8556714326291015,1.2854063782516787,0.6656811273270626,1.2344438126544617,2.3401797705708023,0.5274993402981274,-3.2384379695851386,7.463055899534399,-0.4339291543907667,-49.23764943220681,284.82291920124334,-0.17287109266844694,0.25040132392358494,0.825430022335082,0.30335826634576746,2.9620881979345413,8.003458579078341,0.370100975542835,-0.2693461279931042,0.48434402378846536,-0.5561038407834236,0.31944388298707516,1.3460363928046728,0.23732170049263301
2024-06-01__IG__UP__G3,2024-06-01__IG__UP__G3,2024-06-01,1.0,-0.4235776891558487,1.2372145438177267,-0.34236369828396895,-3.541155937080905,6.761859462395603,-0.5236955061072553,-26.47828013001714,63.362072928598394,-0.4178884699994992,-84.44857767435974,202.97771873758262,-0.41604850908532276,0.23704849398185956,0.9779640325261914,0.2423895396030032,1.229089391353412,21.859378466990375,0.05622709433309611,0.04820206484274436,2.098121376743199,0.022973905324610185,0.08582021255936922,3.1500792553480665,0.02724381780866296,5.306751193869033,25.108855577780485,0.21134977522493487,0.8182370734635427,7.901928205562246,0.10354902608942351,0.5553901786771069,4.691186306020372,0.11839010946426173,203.5951479289974,1221.6993159813917,0.16664914606979225,0.02288961974480408,1.2854063782516787,0.017807288282363016,-0.7674907860750366,2.3401797705708023,-0.3279621795575369,-1.5447896145347464,7.463055899534399,-0.2069915364883687,-13.558371715309022,284.82291920124334,-0.047602811268591984,-0.16466464570819772,0.825430022335082,-0.19948928650921535,-1.0673314931397186,8.003458579078341,-0.13335876599287205,0.14030402405431586,0.48434402378846536,0.28967784773936844,-1.1144635819823048,1.3460363928046728,-0.827958857562011
2024-06-01__NIP__WBG__G1,2024-06-01__NIP__WBG__G1,2024-06-01,1.0,-1.314056457736121,1.2372145438177267,-1.0621079441673382,2.979220153609713,6.761859462395603,0.44059178242111047,-33.54435261495604,63.362072928598394,-0.5294074283735817,179.83730511347414,202.97771873758262,0.8859952971487448,0.5350596446879745,0.9779640325261914,0.5471153128101692,-3.401491462599779,21.859378466990375,-0.15560786927809805,1.2938068831817127,2.098121376743199,0.6166498663390733,0.9476601144914145,3.1500792553480665,0.3008368161041355,-0.3219837327245614,25.108855577780485,-0.012823512362147689,-0.0387608189817783,7.901928205562246,-0.00490523490826698,-0.013735900439363569,4.691186306020372,-0.0029280221707915577,-1.3497489088180146,1221.6993159813917,-0.001104812690043088,0.0077490652580785024,1.2854063782516787,0.006028489791787441,0.07766642788272549,2.3401797705708023,0.0331882172776685,-0.6952178425220978,7.463055899534399,-0.09315456814559067,-18.489009372113856,284.82291920124334,-0.0649140503125603,-0.15396373825983112,0.825430022335082,-0.1865252626734083,-1.4215891027896248,8.003458579078341,-0.17762182575467342,-0.1583756958646474,0.48434402378846536,-0.3269894147478988,-0.39820351449957414,1.3460363928046728,-0.29583391711715884
2024-06-01__NIP__WBG__G2,2024-06-01__NIP__WBG__G2,2024-06-01,1.0,0.2114120769723744,1.2372145438177267,0.17087732047078194,0.1649759985525261,6.761859462395603,0.024398018780481923,46.07229627637457,63.362072928598394,0.7271273400598066,-50.183929494139875,202.97771873758262,-0.24723861101119662,-0.2731369400505237,0.9779640325261914,-0.2792911105880554,2.1192582366838053,21.859378466990375,0.09694960645539254,0.07876884823985719,2.098121376743199,0.03754254237644888,-0.07374509952724262,3.1500792553480665,-0.023410546255779183,10.662683095625113,25.108855577780485,0.42465825007184166,3.42004071880093,7.901928205562246,0.4328108528729325,1.3008636583670246,4.691186306020372,0.277299449693168,-135.02910170991896,1221.6993159813917,-0.11052564230252053,0.23000450640944692,1.2854063782516787,0.17893510672257304,-1.3059978276616775,2.3401797705708023,-0.5580756170999246,-5.998934223414931,7.463055899534399,-0.8038172968759209,22.230983516952847,284.82291920124334,0.07805194715806373,0.6348240095006572,0.825430022335082,0.7690818400607091,1.4945480247753977,8.003458579078341,0.1867377488457943,0.03417985819491731,0.48434402378846536,0.07056923580543516,0.8715393332058472,1.3460363928046728,0.6474852317362916
2024-06-01__NIP__WBG__G3,2024-06-01__NIP__WBG__G3,2024-06-01,0.0,0.2991240256026435,1.2372145438177267,0.24177195889377875,2.9054963082956924,6.761859462395603,0.4296888887982655,-21.62024203398147,63.362072928598394,-0.3412173985710275,13.203453910457881,202.97771873758262,0.06504878430759697,0.6681904247960313,0.9779640325261914,0.6832457220582027,-2.399484387900557,21.859378466990375,-0.1097690989592817,1.5689449792150896,2.098121376743199,0.7477852562873273,1.2700797198560514,3.1500792553480665,0.403189638644846,1.1680584715273028,25.108855577780485,0.04651977950126768,0.5932885561788304,7.901928205562246,0.07508148209695534,1.8708834859872852,4.691186306020372,0.3988080978106144,-602.2887771486231,1221.6993159813917,-0.49299264457049446,-0.9108762656725737,1.2854063782516787,-0.7086284714745329,0.3299623176268227,2.3401797705708023,0.14099864496636316,-3.4173147927243086,7.463055899534399,-0.4578974592753683,-152.34904068334254,284.82291920124334,-0.5348903823319395,-0.8258392732071629,0.825430022335082,-1.0004945911421235,-5.765427585871713,8.003458579078341,-0.7203669274401016,-0.2277887511534471,0.48434402378846536,-0.47030265609362887,0.226961224511518,1.3460363928046728,0.16861435330456157
2024-06-02__RA__TES__G1,2024-06-02__RA__TES__G1,2024-06-02,0.0,-0.2656334334634032,1.2372145438177267,-0.21470263188233735,-3.62906225399896,6.761859462395603,-0.5366958212434407,-9.071267267478902,63.362072928598394,-0.14316556742920306,-19.72138695563433,202.97771873758262,-0.09716035326995937,-0.20610630424805,0.9779640325261914,-0.21075017755558673,-0.979153006544891,21.859378466990375,-0.04479326634241836,0.8466873193616138,2.098121376743199,0.4035452501468862,0.7779554114140901,3.1500792553480665,0.24696367976444786,-8.439550306002104,25.108855577780485,-0.3361184640112403,-6.143633817196413,7.901928205562246,-0.7774853023071693,-1.2002724274637346,4.691186306020372,-0.25585685438809513,230.46672152289347,1221.6993159813917,0.18864438926947832,5.709367099150783,1.2854063782516787,4.441679109479102,5.7657401212457735,2.3401797705708023,2.4638011702999463,6.948774455675437,7.463055899534399,0.9310895721710166,175.26681309201354,284.82291920124334,0.6153536132842741,3.044130365779709,0.825430022335082,3.6879282258717323,29.743807994470924,8.003458579078341,3.7163688653121367,1.9403576239771243,0.48434402378846536,4.006147536729031,-3.8697345074466227,1.3460363928046728,-2.8749086229940795
2024-06-02__RA__TES__G2,2024-06-02__RA__TES__G2,2024-06-02,1.0,1.0270216111626551,1.2372145438177267,0.8301072648938216,4.0597730417552675,6.761859462395603,0.6003929043393723,135.56643087191662,63.362072928598394,2.1395516665802963,133.5246905425068,202.97771873758262,0.6578292963145543,1.7523425249596638,0.9779640325261914,1.7918253380012679,-20.38588102341079,21.859378466990375,-0.9325919362988002,1.4045243737228787,2.098121376743199,0.6694196626905268,2.2790638106598293,3.1500792553480665,0.7234938877479504,0.41210886353989906,25.108855577780485,0.016412888506623015,4.7430858614971925,7.901928205562246,0.6002440338441006,1.9283242695653682,4.691186306020372,0.41105249988434256,989.9852815413274,1221.6993159813917,0.8103346443602917,1.4332022250542078,1.2854063782516787,1.114978993666233,-0.7475834584450958,2.3401797705708023,-0.31945543175399643,3.185920888125736,7.463055899534399,0.42689221468008604,422.9698375633577,284.82291920124334,1.4850273891739676,0.24841514271866405,0.825430022335082,0.3009520311169265,-2.8533643288009714,8.003458579078341,-0.35651636652977986,-0.06202798215985572,0.48434402378846536,-0.12806569514162297,0.9377239881390445,1.3460363928046728,0.6966552290090208
2024-06-02__RNG__WE__G1,2024-06-02__RNG__WE__G1,2024-06-02,1.0,-0.27621290261533193,1.2372145438177267,-0.22325366343443317,4.28029051854749,6.761859462395603,0.6330048575168411,-15.23639022694391,63.362072928598394,-0.2404654595762369,163.39458846731685,202.97771873758262,0.8049878020038832,-0.20249164183880808,0.9779640325261914,-0.2070540715711991,0.0891436595820636,21.859378466990375,0.004078050784409436,0.014100957322700225,2.098121376743199,0.006720750647818918,0.012589104325651634,3.1500792553480665,0.003996439234930098,-3.577163776505216,25.108855577780485,-0.14246621567270992,-2.5492742425747252,7.901928205562246,-0.3226141586766262,-1.350589537238811,4.691186306020372,-0.2878992990762808,368.9129137155029,1221.6993159813917,0.30196702952001564,0.5991141985889072,1.2854063782516787,0.46608896815559014,-0.47793315731350816,2.3401797705708023,-0.2042291618339098,-4.57058519247504,7.463055899534399,-0.6124280243341287,7.426498449365226,284.82291920124334,0.02607408997884717,0.48690133195100627,0.825430022335082,0.5898752515668713,4.326368737010945,8.003458579078341,0.5405623273615833,0.19442275886187943,0.48434402378846536,0.4014137635628778,0.6190577083249593,1.3460363928046728,0.4599112265633712
2024-06-02__RNG__WE__G2,2024-06-02__RNG__WE__G2,2024-06-02,0.0,-0.562416174332701,1.2372145438177267,-0.45458220852708525,0.9617161703234736,6.761859462395603,0.14222656259646552,-22.710279018053484,63.362072928598394,-0.35842070200614484,-83.60333202247676,202.97771873758262,-0.411884280356299,0.7320924910632716,0.9779640325261914,0.7485875943562073,7.698036523648227,21.859378466990375,0.35216171324867446,0.7819164414524842,2.098121376743199,0.3726743731060198,-0.5662848254730899,3.1500792553480665,-0.17976838034893766,-15.718574175034654,25.108855577780485,-0.6260171237325259,-8.120828008095277,7.901928205562246,-1.027701944276968,-6.1013979319058835,4.691186306020372,-1.3006084673011749,312.7732986201256,1221.6993159813917,0.2560149574225305,0.10174835221308243,1.2854063782516787,0.07915650239340732,0.9083346018694947,2.3401797705708023,0.3881471949912396,6.109334286639992,7.463055899534399,0.8186101712585279,180.19788910609435,284.82291920124334,0.6326663913802107,0.13811570332390533,0.825430022335082,0.16732555427004236,1.3691905909542825,8.003458579078341,0.17107484300082582,0.30393610462609044,0.48434402378846536,0.6275198251212604,0.1516551979594496,1.3460363928046728,0.11266789375253018
2024-06-03__IG__WBG__G1,2024-06-03__IG__WBG__G1,2024-06-03,1.0,0.0460735565017778,1.2372145438177267,0.03723971682380157,-0.42815018881444544,6.761859462395603,-0.06331840048984975,0.2560695723190065,63.362072928598394,0.004041369804396977,81.01741758903245,202.97771873758262,0.39914438734347235,0.3613047697797933,0.9779640325261914,0.3694454891158054,4.77188520532107,21.859378466990375,0.2182992070990416,1.0483042250258379,2.098121376743199,0.49963921868707356,0.664712626268642,3.1500792553480665,0.2110145051511378,0.7291593088754524,25.108855577780485,0.02903992488135463,-2.2382107296505964,7.901928205562246,-0.28324864364452895,-0.034762182121736984,4.691186306020372,-0.007410103211424836,-401.4726978991525,1221.6993159813917,-0.32861825517846915,0.4990748758964312,1.2854063782516787,0.3882620283191761,0.37882364638393184,2.3401797705708023,0.1618779417162425,0.24573563102506313,7.463055899534399,0.03292694057315762,59.136279062758035,284.82291920124334,0.20762472002244392,0.11901484365836223,0.825430022335082,0.14418508686731718,1.4777928789323198,8.003458579078341,0.18464426093878006,0.2905187071896467,0.48434402378846536,0.5998176773186564,-1.109707076254395,1.3460363928046728,-0.8244251476120974
2024-06-03__IG__WBG__G2,2024-06-03__IG__WBG__G2,2024-06-03,1.0,-1.7668164664444799,1.2372145438177267,-1.4280587366309205,7.391498944859755,6.761859462395603,1.0931161602588118,-5.42217944117192,63.362072928598394,-0.08557452597404054,284.447770620105,202.97771873758262,1.4013743527508833,0.5911526777476981,0.9779640325261914,0.6044722030814186,3.887967122412533,21.859378466990375,0.17786264831001777,1.1815164036604706,2.098121376743199,0.5631303572933024,2.0333499168005336,3.1500792553480665,0.6454914643359966,12.538778704571506,25.108855577780485,0.4993767305066139,-0.08894107249185623,7.901928205562246,-0.011255614948973439,-1.4406077223952751,4.691186306020372,-0.30708808419277794,143.2724468458518,1221.6993159813917,0.11727308418232833,-0.8940250031347272,1.2854063782516787,-0.6955188045915199,-1.4171184674583266,2.3401797705708023,-0.6055594017690659,-0.7454958801675389,7.463055899534399,-0.0998914908734045,67.16524964193974,284.82291920124334,0.2358140615737095,0.9163887778466697,0.825430022335082,1.1101942537297362,8.737883611211473,8.003458579078341,1.091763321208365,0.47754175490184636,0.48434402378846536,0.9859536723771725,-0.09089256164226533,1.3460363928046728,-0.06752603020401753
2024-06-03__IG__WBG__G3,2024-06-03__IG__WBG__G3,2024-06-03,1.0,0.44175589697202255,1.2372145438177267,0.3570565364939389,6.864820202478093,6.761859462395603,1.0152265401889131,2.5466471726445548,63.362072928598394,0.04019197944048244,108.62514601459446,202.97771873758262,0.5351579777082393,-0.053175306839201575,0.9779640325261914,-0.05437342345650529,-3.331290214677054,21.859378466990375,-0.1523963761051681,-2.4444601655689624,2.098121376743199,-1.16507034702302,-2.159773269492378,3.1500792553480665,-0.6856248395022987,-3.3996486307819964,25.108855577780485,-0.13539639370876166,-2.3231333629133246,7.901928205562246,-0.2939957195868128,0.5764107339637583,4.691186306020372,0.12287096983401821,603.8375450352564,1221.6993159813917,0.49426036066487683,1.2570164918780193,1.2854063782516787,0.9779129271746716,-0.8601861335700356,2.3401797705708023,-0.36757251593013657,-3.4068403863966203,7.463055899534399,-0.45649395847553625,-52.32230225551359,284.82291920124334,-0.1837011649854055,-0.3252035134911977,0.825430022335082,-0.3939802414636919,-2.8753656368803533,8.003458579078341,-0.3592653412527728,-0.15178440272977656,0.48434402378846536,-0.3133807415683648,-0.7485102586922636,1.3460363928046728,-0.5560842980243136
2024-06-03__LNG__OMG__G1,2024-06-03__LNG__OMG__G1,2024-06-03,0.0,-0.3610287997029671,1.2372145438177267,-0.2918075201261421,-5.807584172196943,6.761859462395603,-0.8588737085739008,-31.055993734448464,63.362072928598394,-0.49013537292742215,-230.92079562578226,202.97771873758262,-1.1376657296393196,-0.36004857624520437,0.9779640325261914,-0.3681609917229446,3.8310143910839116,21.859378466990375,0.17525723439995572,-0.2846411946069445,2.098121376743199,-0.13566472469007143,-0.10642535187824853,3.1500792553480665,-0.03378496522352543,-3.2039882081108146,25.108855577780485,-0.12760390733786386,-3.5569394070450464,7.901928205562246,-0.45013556999995413,-0.056100823213673934,4.691186306020372,-0.011958768549206657,274.82700096149523,1221.6993159813917,0.22495469805168208,6.160472464083899,1.2854063782516787,4.792622610010955,5.8609195770225,2.3401797705708023,2.504473009404714,4.652153013579916,7.463055899534399,0.6233575699885328,175.19824613690946,284.82291920124334,0.6151128779001427,0.2783423027230607,0.825430022335082,0.33720843437123477,1.2769058594433815,8.003458579078341,0.15954423794196598,0.26834611321472557,0.48434402378846536,0.5540391663689809,-0.046143274882060936,1.3460363928046728,-0.03428082691366726
2024-06-03__LNG__OMG__G2,2024-06-03__LNG__OMG__G2,2024-06-03,1.0,-0.1324615406940337,1.2372145438177267,-0.10706423901310819,-2.5767786272565836,6.761859462395603,-0.3810753921330814,7.022130068275487,63.362072928598394,0.11082544545793438,66.24165567760184,202.97771873758262,0.32634939324001466,-0.16410952476420793,0.9779640325261914,-0.16780714985309336,-6.437927801165387,21.859378466990375,-0.2945155790395256,-1.6758939668165809,2.098121376743199,-0.7987589214972195,-2.2419793564762367,3.1500792553480665,-0.7117213450895111,-5.624324659439168,25.108855577780485,-0.2239976417092719,1.8935267311827708,7.901928205562246,0.2396284099647335,-2.9542352103712366,4.691186306020372,-0.6297414743129013,694.1187156750523,1221.6993159813917,0.5681583889152855,-0.6128286160830214,1.2854063782516787,-0.47675828414533306,-0.310896349546649,2.3401797705708023,-0.13285142475160888,-2.185279269687854,7.463055899534399,-0.29281289143382894,49.905511322861344,284.82291920124334,0.1752159246439869,0.6838226623922861,0.825430022335082,0.8284431332103358,8.50186172322421,8.003458579078341,1.0622733380760403,0.24035547940410096,0.48434402378846536,0.4962484749488718,0.001162426061220856,1.3460363928046728,0.000863591210344287
2024-06-04__AL__UP__G1,2024-06-04__AL__UP__G1,2024-06-04,1.0,0.22567444443987839,1.2372145438177267,0.18240511571937218,7.4462757659327465,6.761859462395603,1.10121701081283,4.499483771243661,63.362072928598394,0.07101225531717996,189.1784128368226,202.97771873758262,0.9320156570947772,0.6809520563695628,0.9779640325261914,0.696294891659458,-5.964107588358075,21.859378466990375,-0.27283974814401357,0.581407415204918,2.098121376743199,0.2771084383111175,-0.26430346668579174,3.1500792553480665,-0.08390372475020884,-9.55707820435154,25.108855577780485,-0.38062578336637043,-4.6133290610338165,7.901928205562246,-0.5838231324302993,-2.429670060722856,4.691186306020372,-0.5179222022545916,-9.79659312650196,1221.6993159813917,-0.008018825082678815,-0.9885181058491881,1.2854063782516787,-0.7690309878209206,-0.5553582711150113,2.3401797705708023,-0.23731426140193085,6.853405575084821,7.463055899534399,0.9183107763137097,227.20537952325435,284.82291920124334,0.797707499672853,0.2137479351625009,0.825430022335082,0.25895311586160663,1.9878679668526757,8.003458579078341,0.24837608626763302,0.23095764681134434,0.48434402378846536,0.47684529719090013,-0.6705531047123685,1.3460363928046728,-0.4981682591411295
2024-06-04__AL__UP__G2,2024-06-04__AL__UP__G2,2024-06-04,0.0,-0.9219917184823601,1.2372145438177267,-0.7452151107294793,2.750527594769526,6.761859462395603,0.4067708303159904,-60.18187540052662,63.362072928598394,-0.9498091155972028,-119.26013091174445,202.97771873758262,-0.587552816466401,-2.172729244147546,0.9779640325261914,-2.2216839783475155,1.946965237131522,21.859378466990375,0.0890677267427291,-2.2264568426190117,2.098121376743199,-1.061166339627443,-3.990637022124954,3.1500792553480665,-1.266836619590827,12.373209789222528,25.108855577780485,0.4927826860969814,-4.437205489823597,7.901928205562246,-0.5615344524600656,1.5124311490797577,4.691186306020372,0.3223983717594903,759.4803829214976,1221.6993159813917,0.6216590059148454,-0.5732567364725529,1.2854063782516787,-0.44597280688730506,0.30236008350967936,2.3401797705708023,0.12920372960586696,2.7928927936183108,7.463055899534399,0.3742290634006224,-83.54796551728339,284.82291920124334,-0.2933330135729669,0.20366798913379291,0.825430022335082,0.24674137950089586,5.499894826596304,8.003458579078341,0.6871896799445895,0.16189845676998615,0.48434402378846536,0.3342626615705549,-0.8237393614803352,1.3460363928046728,-0.6119736092650068
2024-06-04__FPX__TT__G1,2024-06-04__FPX__TT__G1,2024-06-04,1.0,-0.8790510393980568,1.2372145438177267,-0.7105075940814105,2.4273301997244516,6.761859462395603,0.35897371932228445,-19.37699588964756,63.362072928598394,-0.3058137887260944,174.8338755646235,202.97771873758262,0.8613451554715239,1.1545291032300042,0.9779640325261914,1.1805423147366818,-3.730428631319967,21.859378466990375,-0.17065574239896647,-0.01268911992378463,2.098121376743199,-0.006047845475763553,-0.2177444885196147,3.1500792553480665,-0.06912347333054063,0.837780345407765,25.108855577780485,0.03336592977910192,-1.3420925109853776,7.901928205562246,-0.16984365160354328,-0.5772420462272203,4.691186306020372,-0.12304817705454321,296.4875600947697,1221.6993159813917,0.24268455910030245,1.1859877542909771,1.2854063782516787,0.9226551631468577,0.8987869950006413,2.3401797705708023,0.38406733629445844,-0.8745772097287698,7.463055899534399,-0.11718753072662925,4.684863993785825,284.82291920124334,0.01644833916622899,-0.0013022659703896267,0.825430022335082,-0.0015776799455702725,1.153987293230955,8.003458579078341,0.14418605876983082,0.043318408839452704,0.48434402378846536,0.08943708867002162,-0.9015001650774757,1.3460363928046728,-0.6697437752446561
2024-06-04__FPX__TT__G2,2024-06-04__FPX__TT__G2,2024-06-04,1.0,-1.7376167444330761,1.2372145438177267,-1.4044575766250407,8.941621465128698,6.761859462395603,1.3223611334270045,-54.452142258921185,63.362072928598394,-0.8593806812618279,241.09932558925505,202.97771873758262,1.1878117751098864,0.00888578333289125,0.9779640325261914,0.009085992890705196,2.670105581347812,21.859378466990375,0.1221491939137573,-2.4668011138122843,2.098121376743199,-1.175718414309734,-2.28189126971625,3.1500792553480665,-0.7243914709290838,6.446948780045162,25.108855577780485,0.2567599508195145,4.237779311359358,7.901928205562246,0.5362967955187883,1.4622466640036356,4.691186306020372,0.31170076328589164,-63.29452484793897,1221.6993159813917,-0.05180859477299932,-2.80213568062896,1.2854063782516787,-2.1799592316330325,-1.2912090198482566,2.3401797705708023,-0.5517561019584453,3.3117414867312505,7.463055899534399,0.44375133826701246,42.775310680254734,284.82291920124334,0.15018212245710977,-0.21298289325655873,0.825430022335082,-0.25802627656766064,-3.3027005604356816,8.003458579078341,-0.4126591166986331,0.007637598276156732,0.48434402378846536,0.015768920709490774,1.597087739446943,1.3460363928046728,1.1865106779234185
2024-06-04__FPX__TT__G3,2024-06-04__FPX__TT__G3,2024-06-04,0.0,-0.9054236913758311,1.2372145438177267,-0.7318237278056887,-5.907717137641679,6.761859462395603,-0.8736822018874792,-41.880182267780526,63.362072928598394,-0.6609660901405242,-95.255184596618,202.97771873758262,-0.4692888693388001,1.4899036031773347,0.9779640325261914,1.5234732875149428,-0.894771530720277,21.859378466990375,-0.04093307095343042,0.12716156260674438,2.098121376743199,0.060607314433265,-3.1664615312155413,3.1500792553480665,-1.0052002725453306,4.723697175572028,25.108855577780485,0.18812872505521244,0.6898158563233707,7.901928205562246,0.0872971445805668,-1.4613552887342962,4.691186306020372,-0.3115107526955672,-178.20500722361436,1221.6993159813917,-0.14586650311299854,-1.2161960536028475,1.2854063782516787,-0.9461561168701493,-0.2784716101421125,2.3401797705708023,-0.118995768892755,4.2513961853799,7.463055899534399,0.5696588197853796,26.22079677160241,284.82291920124334,0.09205999556874127,-1.9646739049782744,0.825430022335082,-2.380179387273767,-14.068816326308294,8.003458579078341,-1.7578418666704163,-1.1419465755938258,0.48434402378846536,-2.3577130341129795,0.2655350683431301,1.3460363928046728,0.1972716878168203
2024-06-05__EDG__JDG__G1,2024-06-05__EDG__JDG__G1,2024-06-05,0.0,-0.6416263598352181,1.2372145438177267,-0.5186051557801524,-7.798581663604672,6.761859462395603,-1.1533189285662628,-47.24050135829094,63.362072928598394,-0.7455643167792366,-149.0041831365238,202.97771873758262,-0.7340913245510992,-1.5991111221593197,0.9779640325261914,-1.63514140994248,-0.3852588196006792,21.859378466990375,-0.017624417023477477,0.19151556183114238,2.098121376743199,0.09127950016358032,0.16599887864584062,3.1500792553480665,0.05269671411197067,-4.32154819318599,25.108855577780485,-0.17211250459769029,-0.665737436735327,7.901928205562246,-0.08424998749251104,0.4263279615688438,4.691186306020372,0.09087847782622568,-350.8004651478778,1221.6993159813917,-0.28714141055153014,0.4166691469056296,1.2854063782516787,0.3241533804422018,2.044344186202629,2.3401797705708023,0.8735838751909688,0.292872556849499,7.463055899534399,0.03924297520333398,-101.59819946014659,284.82291920124334,-0.3567065438004841,0.21087884464493278,0.825430022335082,0.2554772463583601,2.5086738017457293,8.003458579078341,0.3134486751583772,0.07280962982428485,0.48434402378846536,0.15032595824930783,-0.026559660925810746,1.3460363928046728,-0.01973174078802497
2024-06-05__EDG__JDG__G2,2024-06-05__EDG__JDG__G2,2024-06-05,1.0,-0.296982298207892,1.2372145438177267,-0.24004087217614611,5.907168544340411,6.761859462395603,0.873601071360708,13.020799331683804,63.362072928598394,0.20549831349202227,228.38649692770605,202.97771873758262,1.1251801292426227,-0.3654411675658533,0.9779640325261914,-0.37367508593009563,-2.5515478190728373,21.859378466990375,-0.11672553756276126,-0.3480950870904671,2.098121376743199,-0.1659079045860023,0.39822374096110424,3.1500792553480665,0.12641701438717876,6.135007652196052,25.108855577780485,0.2443364011097617,-5.1170095105525135,7.901928205562246,-0.64756458548763,2.9868764819454023,4.691186306020372,0.6366994722449548,-719.9232779756383,1221.6993159813917,-0.5892802492142211,0.24899024631612043,1.2854063782516787,0.19370531905206548,-0.17316428736751632,2.3401797705708023,-0.07399611583223084,-5.662552058033963,7.463055899534399,-0.7587443234403366,-3.9749153160222477,284.82291920124334,-0.013955742442405083,1.024343490396208,0.825430022335082,1.2409801215108414,9.799318766334125,8.003458579078341,1.224385363543323,0.6787977424191272,0.48434402378846536,1.4014756198168103,-1.2253988543322745,1.3460363928046728,-0.9103750466983465
2024-06-05__LGD__WE__G1,2024-06-05__LGD__WE__G1,2024-06-05,0.0,-2.608684342343393,1.2372145438177267,-2.1085124216057527,-4.321088132500883,6.761859462395603,-0.639038346995111,-82.65962995271241,63.362072928598394,-1.304560044007715,-45.87927947693606,202.97771873758262,-0.226031110883749,2.9033977717318766,0.9779640325261914,2.96881552526687,-3.4393380810717815,21.859378466990375,-0.15733923674574068,3.0823866286358665,2.098121376743199,1.4691167030116168,1.5341282054996799,3.1500792553480665,0.48701241909475323,-16.172328154961875,25.108855577780485,-0.6440885949889574,-6.852878540371339,7.901928205562246,-0.8672411966874533,-1.5786959780653378,4.691186306020372,-0.3365237572243896,-575.1187862238775,1221.6993159813917,-0.4707531372325694,0.03916928498371419,1.2854063782516787,0.030472273340292726,-0.07793165969520643,2.3401797705708023,-0.03330155545043549,9.366189553214767,7.463055899534399,1.2550071209827034,156.68719139150505,284.82291920124334,0.5501214273092797,-1.1219364291576643,0.825430022335082,-1.3592128219070212,-9.068086269558517,8.003458579078341,-1.1330208118078329,-0.5474421420939033,0.48434402378846536,-1.130273080565385,0.315930113097858,1.3460363928046728,0.23471124560631246
2024-06-05__LGD__WE__G2,2024-06-05__LGD__WE__G2,2024-06-05,1.0,0.4805764453204864,1.2372145438177267,0.3884338890841542,13.574944052596521,6.761859462395603,2.007575300923493,60.56862947563019,63.362072928598394,0.9559129889574624,411.3195224193083,202.97771873758262,2.026426954402079,-1.3478664764450254,0.9779640325261914,-1.3782358587641297,-10.015934582218748,21.859378466990375,-0.45819848625363346,-3.0245849788051125,2.098121376743199,-1.4415674759162573,-1.479500125325261,3.1500792553480665,-0.4696706132529263,-6.880498719785322,25.108855577780485,-0.27402676416074095,0.05034470243828082,7.901928205562246,0.0063711912785605175,0.4085097079155995,4.691186306020372,0.08708023817154861,390.00172048912043,1221.6993159813917,0.31922889295931456,0.578113827340486,1.2854063782516787,0.4497514462121698,-0.6673872386973976,2.3401797705708023,-0.2851861903534113,2.8351475708828993,7.463055899534399,0.3798909225869331,7.836799006706769,284.82291920124334,0.027514636115554297,-0.1154537720984572,0.825430022335082,-0.13987089044926757,1.714989633789088,8.003458579078341,0.214281038948732,-0.17704669545743612,0.48434402378846536,-0.36553838020799023,-0.2204802055909898,1.3460363928046728,-0.16379946557917377
2024-06-06__BLG__RNG__G1,2024-06-06__BLG__RNG__G1,2024-06-06,0.0,-2.2260878425669928,1.2372145438177267,-1.7992724498900672,0.28011531491675257,6.761859462395603,0.04142577571284469,-67.02420155404013,63.362072928598394,-1.0577968396294688,69.12672192599973,202.97771873758262,0.34056310227235487,-0.3703417808948437,0.9779640325261914,-0.37868611716945555,6.3522251371202145,21.859378466990375,0.29059494331541497,0.27855349397860607,2.098121376743199,0.1327632253801084,0.23603248783945974,3.1500792553480665,0.0749290394867668,-3.9822001471151083,25.108855577780485,-0.15859743094152148,-4.5725296270413835,7.901928205562246,-0.5786599079909163,0.20537601399331162,4.691186306020372,0.043779111895563216,-149.2541231320031,1221.6993159813917,-0.12216927770802416,-1.2876949656833272,1.2854063782516787,-1.0017796594841084,-0.36796991889670494,2.3401797705708023,-0.1572399549317517,0.10559455398248119,7.463055899534399,0.014148968097652983,-49.032640863065126,284.82291920124334,-0.17215131713564633,0.8168339294657132,0.825430022335082,0.98958472284571,6.040527010719991,8.003458579078341,0.7547394912208208,0.6143678845646015,0.48434402378846536,1.2684509066679763,-0.31349556379910304,1.3460363928046728,-0.2329025668045429
2024-06-06__BLG__RNG__G2,2024-06-06__BLG__RNG__G2,2024-06-06,1.0,0.3569978252751227,1.2372145438177267,0.2885494181341433,1.650844640732295,6.761859462395603,0.24414059561167445,60.86546314990511,63.362072928598394,0.9605977105246482,99.79306232473215,202.97771873758262,0.4916454005579945,1.3865652903090675,0.9779640325261914,1.4178066129086606,-9.05810823419985,21.859378466990375,-0.4143808495514891,0.4180776170428828,2.098121376743199,0.19926274161941013,2.0371673077283416,3.1500792553480665,0.6467033035967034,-16.93851758133836,25.108855577780485,-0.6746033029766763,-2.8553176657743045,7.901928205562246,-0.3613443744553442,1.3576870272193986,4.691186306020372,0.2894122401544337,-320.4462171987945,1221.6993159813917,-0.2622954869047171,7.982829731662727,1.2854063782516787,6.210350015666173,7.621594253905755,2.3401797705708023,3.256839962857546,11.676561032176956,7.463055899534399,1.5645815366764022,395.97700541811616,284.82291920124334,1.3902568133854405,2.1776801216081982,0.825430022335082,2.6382339198346405,20.439948089905165,8.003458579078341,2.5538890885807386,1.205849551851772,0.48434402378846536,2.4896499243861734,-3.8648616088371934,1.3460363928046728,-2.871288442280321
2024-06-06__OMG__RA__G1,2024-06-06__OMG__RA__G1,2024-06-06,0.0,0.942727703643607,1.2372145438177267,0.7619753149354991,8.889242660883337,6.761859462395603,1.314614921487753,30.803160004028427,63.362072928598394,0.4861450721884509,212.2952865023857,202.97771873758262,1.0459043819038325,-0.12016224684573817,0.9779640325261914,-0.12286967616351871,1.9180382440932533,21.859378466990375,0.08774440495850594,-2.0920120023086604,2.098121376743199,-0.997087693977115,-1.1829445883046499,3.1500792553480665,-0.37552839687061906,10.336626828718607,25.108855577780485,0.41167254258267466,1.3528639008618661,7.901928205562246,0.17120678579473628,-1.0994932834215154,4.691186306020372,-0.23437420245627275,129.24587689814214,1221.6993159813917,0.1057918876614308,0.5539352058678411,1.2854063782516787,0.4309413616570842,1.1731702997863422,2.3401797705708023,0.5013161011062363,-0.5318597453654839,7.463055899534399,-0.07126566935308576,-36.55366247068355,284.82291920124334,-0.1283382055238263,0.40902254995793275,0.825430022335082,0.49552602081860075,5.5083002373733905,8.003458579078341,0.6882399021258896,0.21759849337931425,0.48434402378846536,0.44926340251685754,-0.8662076599489072,1.3460363928046728,-0.6435242175137739
2024-06-06__OMG__RA__G2,2024-06-06__OMG__RA__G2,2024-06-06,0.0,0.25879688378770194,1.2372145438177267,0.20917687712613262,-7.220979436098361,6.761859462395603,-1.067898321217368,-25.84425303600318,63.362072928598394,-0.40788205678252604,-165.3780259347149,202.97771873758262,-0.8147595024149545,-2.2440790058494944,0.9779640325261914,-2.2946413534365244,10.30125966400847,21.859378466990375,0.4712512392936083,-2.014297406168417,2.098121376743199,-0.9600476256752482,-2.0409334404716635,3.1500792553480665,-0.6478988708324676,-19.9977433702404,25.108855577780485,-0.7964418175830814,-7.353661597606536,7.901928205562246,-0.9306159807696354,-1.110343604209695,4.691186306020372,-0.23668711815977814,191.32283887276654,1221.6993159813917,0.1566038682459873,0.41185440857772626,1.2854063782516787,0.32040768984685764,-0.48836660907471696,2.3401797705708023,-0.20868755748112466,3.1568406647973006,7.463055899534399,0.42299565811889334,69.17854535155107,284.82291920124334,0.24288264899002002,0.14219504123655735,0.825430022335082,0.17226762429439388,-1.3705340658724197,8.003458579078341,-0.17124270477420805,-0.04534621566844921,0.48434402378846536,-0.09362378767465955,0.8271174082017971,1.3460363928046728,0.6144832325039447
2024-06-06__OMG__RA__G3,2024-06-06__OMG__RA__G3,2024-06-06,1.0,1.1010239184903812,1.2372145438177267,0.8899208581658348,-1.637578739747589,6.761859462395603,-0.2421787241624659,25.974192143823416,63.362072928598394,0.4099327962827302,-98.79340127607742,202.97771873758262,-0.48672042135364074,0.9689284420746525,0.9779640325261914,0.9907598020880191,-6.133775985296211,21.859378466990375,-0.2806015602848545,-0.5118981110496641,2.098121376743199,-0.24397914855865346,0.6927671968780507,3.1500792553480665,0.2199204911372976,8.193414401754325,25.108855577780485,0.3263157116045221,2.344982232754191,7.901928205562246,0.29676072409045817,-0.906375635462525,4.691186306020372,-0.1932081531469315,302.9380493460512,1221.6993159813917,0.24796449104560261,-1.7283400930361612,1.2854063782516787,-1.3445854771636123,-0.2402195364079205,2.3401797705708023,-0.1026499915856191,5.816546010877271,7.463055899534399,0.779378489160407,208.78854107488837,284.82291920124334,0.7330468381103865,-0.504724301796196,0.825430022335082,-0.6114675704438258,-3.57116501263139,8.003458579078341,-0.4462026674023181,-0.306632488702576,0.48434402378846536,-0.6330868980631786,-0.08513465105878382,1.3460363928046728,-0.06324835514516643
2024-06-07__JDG__TT__G1,2024-06-07__JDG__TT__G1,2024-06-07,1.0,0.7268442641149448,1.2372145438177267,0.5874839414578416,0.5870085653604171,6.761859462395603,0.08681169459572828,27.6477231398149,63.362072928598394,0.43634498408260175,5.028764947405989,202.97771873758262,0.024774960295678605,-0.22521934275964028,0.9779640325261914,-0.2302938604848416,-3.8666616830692675,21.859378466990375,-0.17688798938269376,-2.643127235390505,2.098121376743199,-1.2597583747680567,-1.3456936395513175,3.1500792553480665,-0.42719344602940146,-4.108092158483757,25.108855577780485,-0.16361127977922818,-2.018437315610022,7.901928205562246,-0.25543601607936756,1.4978575969874246,4.691186306020372,0.3192917910280771,-147.95548077022937,1221.6993159813917,-0.12110629736276012,0.9682767168418156,1.2854063782516787,0.7532839263446566,0.9546141947735585,2.3401797705708023,0.40792327104743914,-3.144744241948228,7.463055899534399,-0.42137481789056447,-66.23343072715227,284.82291920124334,-0.23254248878690886,1.3237049135205616,0.825430022335082,1.6036529736620515,8.986001574507547,8.003458579078341,1.1227646601724144,0.6750383277314744,0.48434402378846536,1.3937137672055309,-0.6493547821850552,1.3460363928046728,-0.48241957144446496
2024-06-07__JDG__TT__G2,2024-06-07__JDG__TT__G2,2024-06-07,0.0,-1.6246199180715202,1.2372145438177267,-1.313126016068602,-5.482172415191755,6.761859462395603,-0.8107491193702512,-66.44974543297968,63.362072928598394,-1.0487305940752623,-129.15749454315733,202.97771873758262,-0.6363136540805419,-0.435230509069938,0.9779640325261914,-0.445036882295975,-1.6327849248702222,21.859378466990375,-0.07469493483727999,2.834723779908966,2.098121376743199,1.3510764726265172,1.3251846523829394,3.1500792553480665,0.4206828223290818,-0.008699456541890527,25.108855577780485,-0.0003464696416956284,-0.4074279991237262,7.901928205562246,-0.051560573187233005,-0.12550162078538207,4.691186306020372,-0.02675263480192344,-271.5234986151042,1221.6993159813917,-0.22225067562941092,-0.44925703419428054,1.2854063782516787,-0.34950556671405497,-1.2303841484012032,2.3401797705708023,-0.5257645750593428,-1.8321680769179416,7.463055899534399,-0.24549833956541936,-134.02947463254532,284.82291920124334,-0.47057123962441644,-0.34976161105663417,0.825430022335082,-0.4237320885604529,0.4194123007354378,8.003458579078341,0.05240387567294197,-0.19314655875466946,0.48434402378846536,-0.3987788647933441,0.035532119018839126,1.3460363928046728,0.026397572020493854
2024-06-07__LNG__TES__G1,2024-06-07__LNG__TES__G1,2024-06-07,0.0,-2.054261368526303,1.2372145438177267,-1.6603908500756341,-6.286293995364886,6.761859462395603,-0.9296692870733637,-116.20781582429402,63.362072928598394,-1.8340279700321451,-99.12516295583265,202.97771873758262,-0.48835489473418786,-2.184750193422216,0.9779640325261914,-2.2339757770058157,-1.5370698439890447,21.859378466990375,-0.07031626155308562,-1.8753969793365464,2.098121376743199,-0.8938453734274654,-1.7448779188084873,3.1500792553480665,-0.5539153854401363,8.518587892023604,25.108855577780485,0.3392662611152885,1.7302408642590876,7.901928205562246,0.21896435911386727,0.5606045918147489,4.691186306020372,0.11950164323971983,-85.84019384957745,1221.6993159813917,-0.07026294658302155,8.532293267875996,1.2854063782516787,6.637812581627644,8.066979325956204,2.3401797705708023,3.447160760999056,19.401267468938492,7.463055899534399,2.599640834863377,297.7840477798884,284.82291920124334,1.0455059149365062,3.3360344829696187,0.825430022335082,4.041566639368883,33.74328042073751,8.003458579078341,4.216086816874173,2.1432913791945962,0.48434402378846536,4.425133477020434,-4.915328293210518,1.3460363928046728,-3.651702634329264
2024-06-07__LNG__TES__G2,2024-06-07__LNG__TES__G2,2024-06-07,1.0,-0.07010597301778354,1.2372145438177267,-0.05666431639021821,8.502123544459447,6.761859462395603,1.2573645362458872,69.25412547703172,63.362072928598394,1.0929901940247881,357.7387185966624,202.97771873758262,1.7624531355419735,-0.06990512053078213,0.9779640325261914,-0.07148018406160137,-17.197880665738268,21.859378466990375,-0.7867506345140588,-1.2049439517981178,2.098121376743199,-0.5742963161512468,-0.012388389760698004,3.1500792553480665,-0.003932721948802906,4.252333161797672,25.108855577780485,0.1693559062964531,4.667158336054079,7.901928205562246,0.5906353011576996,0.06024194039726094,4.691186306020372,0.012841512492999429,330.5150557611,1221.6993159813917,0.2705371535917247,-0.23426559693365334,1.2854063782516787,-0.1822500795446538,-0.9894545393470935,2.3401797705708023,-0.42281115706533723,2.777124005621353,7.463055899534399,0.37211615066134773,146.86966577172848,284.82291920124334,0.5156525523576433,0.6571787222732954,0.825430022335082,0.7961643123300436,6.438897604219527,8.003458579078341,0.8045142904265177,0.024809398096806046,0.48434402378846536,0.051222572501625194,-1.2887467431918296,1.3460363928046728,-0.9574375497151164
2024-06-08__AL__NIP__G1,2024-06-08__AL__NIP__G1,2024-06-08,0.0,0.3523090542748637,1.2372145438177267,0.2847596411436355,-2.3433663909605755,6.761859462395603,-0.34655645498640825,15.806302120992427,63.362072928598394,0.24945998672335554,-181.82985288066078,202.97771873758262,-0.8958118808100584,0.7525501466758788,0.9779640325261914,0.7695061905556674,4.7927860762682855,21.859378466990375,0.21925535825506037,1.0023216902013843,2.098121376743199,0.47772317826247745,-0.9633248055267378,3.1500792553480665,-0.30580960719691114,5.0055842871528,25.108855577780485,0.19935532594432748,-2.6260935401764094,7.901928205562246,-0.33233574635519086,-0.19195477965192786,4.691186306020372,-0.040918165728660055,-627.9584318273863,1221.6993159813917,-0.5140040786623039,0.32312210472229985,1.2854063782516787,0.2513771977579497,1.1961424397474083,2.3401797705708023,0.5111324965958304,5.001237189706718,7.463055899534399,0.6701325284038411,88.44581476973542,284.82291920124334,0.31052913405720123,0.5623326280965069,0.825430022335082,0.6812593819235316,4.052233853609238,8.003458579078341,0.5063102791450449,0.2233592196838432,0.48434402378846536,0.4611572509546293,-1.0680572349122102,1.3460363928046728,-0.7934825886870432
2024-06-08__AL__NIP__G2,2024-06-08__AL__NIP__G2,2024-06-08,1.0,,,,,,,,,,,,,1.0701538307857419,0.9779640325261914,1.0942659452980816,5.698836334610576,21.859378466990375,0.2607043966282908,1.0175092679709685,2.098121376743199,0.4849618302772179,1.1427977014599078,3.1500792553480665,0.3627836781363638,-5.536784286612843,25.108855577780485,-0.220511207647444,-2.8721446858701825,7.901928205562246,-0.36347385697260504,2.125410311411689,4.691186306020372,0.4530644744634417,12.465134691625117,1221.6993159813917,0.01020311177911134,8.183668951175173,1.2854063782516787,6.36659559423568,5.656850290790043,2.3401797705708023,2.417270649314095,9.500036229508165,7.463055899534399,1.2729416856115419,383.38492152356946,284.82291920124334,1.3460465936262662,2.765820829883531,0.825430022335082,3.3507594881268608,27.585158161484316,8.003458579078341,3.446654273558655,1.5501146055517006,0.48434402378846536,3.2004346683010487,-4.709212292989372,1.3460363928046728,-3.4985746444807266
2024-06-08__UP__WBG__G1,2024-06-08__UP__WBG__G1,2024-06-08,1.0,-0.7174983547386757,1.2372145438177267,-0.5799299550704493,-2.370542449069628,6.761859462395603,-0.35057547582544885,-48.95579923566879,63.362072928598394,-0.7726356825194236,-81.71465996376429,202.97771873758262,-0.4025794558605158,1.3793642469248972,0.9779640325261914,1.4104433195958423,8.970853908072186,21.859378466990375,0.4103892300153799,0.9032006403830302,2.098121376743199,0.43048043831695804,-0.25725023513684153,3.1500792553480665,-0.08166466067018244,9.124905233747185,25.108855577780485,0.36341381000288414,2.072197719769264,7.901928205562246,0.2622394691046616,0.620335167264848,4.691186306020372,0.13223415029042845,205.78554617835255,1221.6993159813917,0.16844205715594007,5.952366396032801,1.2854063782516787,4.63072368864787,4.655194592409384,2.3401797705708023,1.989245724497564,-0.03174478521371782,7.463055899534399,-0.004253590136194499,47.81163329089907,284.82291920124334,0.1678644164490606,0.7914952606171246,0.825430022335082,0.9588872227966964,6.00306439165854,8.003458579078341,0.750058688039234,0.5145938021267717,0.48434402378846536,1.0624529557498197,-0.6276397697593534,1.3460363928046728,-0.46628702375910297
2024-06-08__UP__WBG__G2,2024-06-08__UP__WBG__G2,2024-06-08,1.0,1.4298024552748165,1.2372145438177267,1.155661567961567,-0.2088165615611821,6.761859462395603,-0.03088152479964105,65.28000534942618,63.362072928598394,1.030269391481552,-19.824301948573293,202.97771873758262,-0.09766737932716414,-0.9218955934586859,0.9779640325261914,-0.9426672353277581,3.735149609395748,21.859378466990375,0.17087171276001495,-0.43257005029970585,2.098121376743199,-0.20617007620459235,-0.49836588360570366,3.1500792553480665,-0.15820736083139475,-1.8335772264556311,25.108855577780485,-0.07302511847864127,-5.670931167227234,7.901928205562246,-0.7176641323533257,-0.5001059900977065,4.691186306020372,-0.1066054193691866,277.36746746018036,1221.6993159813917,0.22703415120629478,-0.34203132142592985,1.2854063782516787,-0.2660878778299351,-0.8180067850482686,2.3401797705708023,-0.3495485457086059,3.2048080602547415,7.463055899534399,0.4294229701578024,76.94156971044276,284.82291920124334,0.27013826575501454,-0.2742801394124461,0.825430022335082,-0.33228717117576745,-1.77049518272338,8.003458579078341,-0.22121623345878957,-0.07278151774230812,0.48434402378846536,-0.15026791681067211,-0.173981898613766,1.3460363928046728,-0.12925487772018604
2024-06-08__UP__WBG__G3,2024-06-08__UP__WBG__G3,2024-06-08,1.0,-0.5869926036418196,1.2372145438177267,-0.47444651546367783,-9.085243106715062,6.761859462395603,-1.3436010928117152,-9.745739593855149,63.362072928598394,-0.15381029990965023,-155.18666050076519,202.97771873758262,-0.7645502210853312,2.230695226378417,0.9779640325261914,2.2809560180452317,2.931882568139514,21.859378466990375,0.13412469336409663,3.4860073558234177,2.098121376743199,1.6614890506218023,2.2678524635331234,3.1500792553480665,0.7199348206074636,-10.47007167200585,25.108855577780485,-0.416987194919545,-4.007028898495552,7.901928205562246,-0.5070950136676705,-2.148804550805787,4.691186306020372,-0.45805132275322874,-524.9871740232783,1221.6993159813917,-0.42971880783270877,0.06449665864360554,1.2854063782516787,0.05017604514712635,0.4908289720490835,2.3401797705708023,0.2097397680647395,-6.728597336559375,7.463055899534399,-0.9015873022459677,-227.680824927098,284.82291920124334,-0.7993767663298612,0.18219828783394476,0.825430022335082,0.22073108824831852,-0.26346283340957655,8.003458579078341,-0.032918618605670066,0.19729451600776504,0.48434402378846536,0.4073429194431699,0.3900248677967397,1.3460363928046728,0.289757825363279
2024-06-10__BLG__LGD__G1,2024-06-10__BLG__LGD__G1,2024-06-10,1.0,1.0766138298223433,1.2372145438177267,0.8701909988135067,-4.926421463608065,6.761859462395603,-0.728560059913263,75.18825286841184,63.362072928598394,1.186644442117538,-125.4758782687266,202.97771873758262,-0.6181756225803828,0.6092098394737944,0.9779640325261914,0.622936218793159,-7.240096670908542,21.859378466990375,-0.33121236043510466,-0.3589984183601054,2.098121376743199,-0.17110461350560446,1.7975975202168852,3.1500792553480665,0.5706513404428359,-8.314608915179534,25.108855577780485,-0.3311424751431078,1.8220770372991772,7.901928205562246,0.23058635301574193,-0.49630009698754307,4.691186306020372,-0.10579413368351825,1235.7747185794028,1221.6993159813917,1.0115211667898685,-0.6380843726150438,1.2854063782516787,-0.4964063404419863,-0.5133127303327747,2.3401797705708023,-0.2193474695579054,1.444394233622301,7.463055899534399,0.19353922301093712,58.30158488770826,284.82291920124334,0.20469414767082272,0.33691909370073514,0.825430022335082,0.40817352944600566,2.424153394117482,8.003458579078341,0.30288819105857745,0.3451618007725219,0.48434402378846536,0.7126362072902583,0.11128609110260435,1.3460363928046728,0.08267681989927704
2024-06-10__BLG__LGD__G2,2024-06-10__BLG__LGD__G2,2024-06-10,0.0,-1.018136134596296,1.2372145438177267,-0.8229254309678261,-8.853292287960052,6.761859462395603,-1.3092982822102621,-78.38735560532723,63.362072928598394,-1.2371336786365383,-320.02429510440913,202.97771873758262,-1.5766474050361232,-1.9528034955620353,0.9779640325261914,-1.9968029843743276,12.330446933888098,21.859378466990375,0.5640803734849006,-1.8464226067521103,2.098121376743199,-0.8800357058381939,-2.847827439966995,3.1500792553480665,-0.9040491699003794,-6.064902030194844,25.108855577780485,-0.2415443336261613,-4.072490244205827,7.901928205562246,-0.5153792369259852,-3.225216721143113,4.691186306020372,-0.687505424693675,-266.6312893358802,1221.6993159813917,-0.2182462457249138,5.786146849036737,1.2854063782516787,4.501410951061017,5.830473921566046,2.3401797705708023,2.491463050584726,6.203304143036668,7.463055899534399,0.8312015071764596,81.72228020805801,284.82291920124334,0.2869231175297151,0.3995424249564139,0.825430022335082,0.4840409605955184,2.613748038465417,8.003458579078341,0.326577277318668,0.1904469821424677,0.48434402378846536,0.3932052004020263,-1.2619830253089859,1.3460363928046728,-0.9375542106445149
2024-06-10__EDG__FPX__G1,2024-06-10__EDG__FPX__G1,2024-06-10,0.0,-0.08516476849473609,1.2372145438177267,-0.06883583779746226,1.2541261028175725,6.761859462395603,0.18547056831357012,12.923763743512154,63.362072928598394,0.20396686759457586,55.54010440976981,202.97771873758262,0.27362660533172894,-0.7396257161890398,0.9779640325261914,-0.7562905539459884,-8.23195597341062,21.859378466990375,-0.37658690109852444,1.2400606325658607,2.098121376743199,0.5910335099188728,0.746892105574315,3.1500792553480665,0.2371025640715898,-8.871729990785823,25.108855577780485,-0.35333070477755885,-3.5458476088530837,7.901928205562246,-0.44873188769612443,-0.13040068304547514,4.691186306020372,-0.02779694660200994,1400.1106833428626,1221.6993159813917,1.1460354146733047,6.095617765275886,1.2854063782516787,4.742168022690767,4.792561132206174,2.3401797705708023,2.0479448393370063,1.7139011709624725,7.463055899534399,0.22965136056639182,112.38649683455412,284.82291920124334,0.39458375314439853,0.2546271676030196,0.825430022335082,0.3084778263878411,2.0790785379981145,8.003458579078341,0.2597724793204411,-0.04081895923731271,0.48434402378846536,-0.08427661528972401,-0.646274672447543,1.3460363928046728,-0.4801312919702267
2024-06-10__EDG__FPX__G2,2024-06-10__EDG__FPX__G2,2024-06-10,1.0,-0.0060731692215822974,1.2372145438177267,-0.004908739832706976,-5.1171092846680075,6.761859462395603,-0.7567605562293886,33.87262925427166,63.362072928598394,0.5345883926154648,-136.4812314566036,202.97771873758262,-0.6723951359442395,-0.03896347820051549,0.9779640325261914,-0.03984138175152187,9.738515119605026,21.859378466990375,0.4455073912006998,0.8549248885755354,2.098121376743199,0.40747141256011415,1.1694059528242313,3.1500792553480665,0.371230526853678,-0.2695172403880264,25.108855577780485,-0.01073395116791298,-0.9965031671257663,7.901928205562246,-0.12610884522026822,-0.5011956073403967,4.691186306020372,-0.10683768833898277,651.7064334583843,1221.6993159813917,0.533442578218541,0.5852041229327405,1.2854063782516787,0.45526743726078056,1.4771727912497816,2.3401797705708023,0.6312216602350248,10.84817922454689,7.463055899534399,1.4535838826612295,174.03941884157985,284.82291920124334,0.6110442892679117,0.1054994432948324,0.825430022335082,0.12781133788306434,0.7239833868156609,8.003458579078341,0.09045880467844296,0.2496718102781732,0.48434402378846536,0.5154833806803305,0.07835298601146157,1.3460363928046728,0.058210110974852826
2024-06-11__AL__IG__G1,2024-06-11__AL__IG__G1,2024-06-11,0.0,-2.68480303402168,1.2372145438177267,-2.170036617659259,-2.6368976653958267,6.761859462395603,-0.3899662940488456,-70.91842874380342,63.362072928598394,-1.1192567469259316,-67.69468364924177,202.97771873758262,-0.3335079521868708,-0.8952924226765386,0.9779640325261914,-0.9154646566083244,-0.3027339307560908,21.859378466990375,-0.013849154831373242,0.21961310685390245,2.098121376743199,0.10467125716222324,-0.7705966858289699,3.1500792553480665,-0.24462763592155629,7.92941252145588,25.108855577780485,0.31580141839166165,-1.6474721873458158,7.901928205562246,-0.2084898693076298,-0.6036188255171764,4.691186306020372,-0.12867080040537504,-616.5563573688435,1221.6993159813917,-0.5046711157146653,-2.7780710847392456,1.2854063782516787,-2.1612378548175006,-1.6281116449933464,2.3401797705708023,-0.695720461200195,5.669727649487605,7.463055899534399,0.7597058049820476,41.65897033784995,284.82291920124334,0.14626270353669416,0.3735486324324362,0.825430022335082,0.452549785899366,6.074648166605172,8.003458579078341,0.7590027920531729,0.19314291591971688,0.48434402378846536,0.398771343636372,-0.4954614808851172,1.3460363928046728,-0.36808894279879417
2024-06-11__AL__IG__G2,2024-06-11__AL__IG__G2,2024-06-11,1.0,1.6384997717503804,1.2372145438177267,1.3243446381981225,7.147050123209159,6.761859462395603,1.0569650413456018,94.30495093932063,63.362072928598394,1.488350129536341,207.1537801736083,202.97771873758262,1.020573984383235,0.6962251743998857,0.9779640325261914,0.7119121351419482,-8.710572465659048,21.859378466990375,-0.3984821471630882,0.44097824498254923,2.098121376743199,0.2101775615524656,1.3679546913601035,3.1500792553480665,0.4342602665559554,-13.96835746409485,25.108855577780485,-0.5563119698750373,-3.772558416891286,7.901928205562246,-0.4774224520052324,-0.009584247489066833,4.691186306020372,-0.002043032363420454,52.137960186232974,1221.6993159813917,0.042676589453333635,-0.5974638627368538,1.2854063782516787,-0.464805067129366,-2.7004334118953004,2.3401797705708023,-1.1539422278205573,-3.7615541839451403,7.463055899534399,-0.5040232487279862,58.41967315162708,284.82291920124334,0.20510875006249607,0.08567028909134855,0.825430022335082,0.10378855019162446,0.3774258710721128,8.003458579078341,0.04715784059917452,0.08315262723897354,0.48434402378846536,0.1716805647936004,-0.783384265075167,1.3460363928046728,-0.5819929440762914
2024-06-11__NIP__UP__G1,2024-06-11__NIP__UP__G1,2024-06-11,1.0,0.6131330127524013,1.2372145438177267,0.4955749350355167,3.464333823707472,6.761859462395603,0.5123344149104375,-30.06021204089592,63.362072928598394,-0.4744196358656165,51.42938333400991,202.97771873758262,0.25337452504885655,-0.34250764511144194,0.9779640325261914,-0.3502248380258617,-4.490539959130928,21.859378466990375,-0.20542851941026258,0.1894473312945486,2.098121376743199,0.09029374711146132,0.9667713025130289,3.1500792553480665,0.30690370534899464,2.352074419954313,25.108855577780485,0.09367509080583654,0.22725620705798022,7.901928205562246,0.028759585304562376,-1.4392928770275928,4.691186306020372,-0.3068078043229047,-104.68998225503395,1221.6993159813917,-0.08569210181250231,-8.920387917923701,1.2854063782516787,-6.939736046992814,-7.631109182517449,2.3401797705708023,-3.260905857565916,-7.834238585721291,7.463055899534399,-1.0497358778291037,-165.04108377277873,284.82291920124334,-0.5794515541662447,-2.7632079406232677,0.825430022335082,-3.3475940034412095,-28.424590711439315,8.003458579078341,-3.551537985616043,-1.483683310095929,0.48434402378846536,-3.063277699212862,4.7592973023440805,1.3460363928046728,3.535783870333174
2024-06-11__NIP__UP__G2,2024-06-11__NIP__UP__G2,2024-06-11,0.0,-0.30036827199013505,1.2372145438177267,-0.24277764168988403,1.9820467932995882,6.761859462395603,0.29312151652969565,-11.149651061967404,63.362072928598394,-0.1759672682831018,94.90518593350026,202.97771873758262,0.4675645487406072,1.685018631280811,0.9779640325261914,1.7229845395680685,7.392357891454935,21.859378466990375,0.33817784729973965,2.534125954167841,2.098121376743199,1.2078065523048405,1.4342031696155049,3.1500792553480665,0.45529099367566217,-9.58235414899162,25.108855577780485,-0.38163243791321455,0.0806237489718491,7.901928205562246,0.010203046227634795,-0.5377098561023246,4.691186306020372,-0.11462127197783424,353.2108620300168,1221.6993159813917,0.28911439756121,1.3823526440152634,1.2854063782516787,1.0754198765339615,1.2744452133659259,2.3401797705708023,0.54459263548904,-9.412138066631343,7.463055899534399,-1.2611639162524062,-357.59121134796555,284.82291920124334,-1.2554860791937228,-0.9975559753769199,0.825430022335082,-1.2085273613231902,-9.06803759681653,8.003458579078341,-1.1330147303449973,-0.6589197645633871,0.48434402378846536,-1.3604346740458433,0.10475399172647037,1.3460363928046728,0.07782398340970273
2024-06-12__LNG__RA__G1,2024-06-12__LNG__RA__G1,2024-06-12,1.0,0.457084963848998,1.2372145438177267,0.3694465092465232,-6.871886263912355,6.761859462395603,-1.0162715279513135,7.890425950466408,63.362072928598394,0.12452916170891108,-211.37324664560634,202.97771873758262,-1.0413618150744712,0.2261119598509973,0.9779640325261914,0.2312065895310441,6.157837723826077,21.859378466990375,0.28170231150088065,-0.8505031688373457,2.098121376743199,-0.405363947434532,-0.9928284493286945,3.1500792553480665,-0.3151756046986785,5.487504587697032,25.108855577780485,0.2185485655508931,1.6093853666179214,7.901928205562246,0.20366992980461773,-0.9746161359725152,4.691186306020372,-0.207754683920157,790.1713024731635,1221.6993159813917,0.646780506045907,-0.9607412587074524,1.2854063782516787,-0.7474216150946524,-1.6477711641719495,2.3401797705708023,-0.7041213161366313,7.802720595889941,7.463055899534399,1.0455126767661027,345.8091359757626,284.82291920124334,1.2141197616098771,-0.1203536828356695,0.825430022335082,-0.14580707482400893,-4.576514955816251,8.003458579078341,-0.5718170886724553,-0.22701732425238896,0.48434402378846536,-0.4687099342462479,1.6681208049816458,1.3460363928046728,1.2392826632444909
2024-06-12__LNG__RA__G2,2024-06-12__LNG__RA__G2,2024-06-12,1.0,-0.15203029483413033,1.2372145438177267,-0.12288100937125655,-3.5058856886209675,6.761859462395603,-0.5184794492755469,-26.506257115002825,63.362072928598394,-0.4183300114966606,-147.73364118859058,202.97771873758262,-0.7278318102084618,0.6931266251462072,0.9779640325261914,0.7087437710894271,5.826158560932129,21.859378466990375,0.26652900050205686,0.7932754164037448,2.098121376743199,0.37808824937804764,-0.20830618302118742,3.1500792553480665,-0.06612726220785467,9.507178154926848,25.108855577780485,0.3786384348278133,-2.369218689353996,7.901928205562246,-0.2998278809795309,0.22755559756912636,4.691186306020372,0.04850703728608234,-55.831665282689556,1221.6993159813917,-0.04570000531770777,7.0023515099690785,1.2854063782516787,5.447573764119192,6.414011001650831,2.3401797705708023,2.740818607823346,4.327604029787697,7.463055899534399,0.5798701642027793,46.48726966581762,284.82291920124334,0.16321463747710951,2.1372213655285712,0.825430022335082,2.5892186114868005,22.89448402229607,8.003458579078341,2.860573455277267,1.1929476209854972,0.48434402378846536,2.463012031494536,-5.223090567280453,1.3460363928046728,-3.8803458174347987
2024-06-12__LNG__RA__G3,2024-06-12__LNG__RA__G3,2024-06-12,0.0,-1.0963638125802868,1.2372145438177267,-0.8861542502102683,-4.6319216317643885,6.761859462395603,-0.6850069825492057,-32.76701841759615,63.362072928598394,-0.5171392977843611,-112.72543877319612,202.97771873758262,-0.555358681331783,-0.006825490596732209,0.9779640325261914,-0.006979278777586981,2.0837428634608273,21.859378466990375,0.09532488635404614,0.029440722491827387,2.098121376743199,0.014031937706858936,-0.04282644554714565,3.1500792553480665,-0.013595350618269745,17.09296639505621,25.108855577780485,0.6807544717182479,-2.280980419246891,7.901928205562246,-0.288661206638157,1.5274124819618136,4.691186306020372,0.32559187734875333,506.6299823895757,1221.6993159813917,0.41469285882992135,-0.3701128344386184,1.2854063782516787,-0.2879342694780701,-0.5490599432590955,2.3401797705708023,-0.23462287621702496,2.019554951511946,7.463055899534399,0.27060693475858943,120.95974886152294,284.82291920124334,0.4246840414951792,0.3900130502628083,0.825430022335082,0.4724962349482466,1.3810313772968712,8.003458579078341,0.17255430150568807,0.020586789551404028,0.48434402378846536,0.042504389516336144,0.696362193586161,1.3460363928046728,0.5173423838807218
2024-06-12__OMG__TES__G1,2024-06-12__OMG__TES__G1,2024-06-12,1.0,0.08920740028430618,1.2372145438177267,0.07210336204557798,-3.0335310248859884,6.761859462395603,-0.4486237244551574,20.262898395275215,63.362072928598394,0.31979537819593973,2.35597135566195,202.97771873758262,0.011607044155919378,1.4680467830614674,0.9779640325261914,1.501124001611122,-7.1631087471254915,21.859378466990375,-0.32769039752214507,-1.0207747934425946,2.098121376743199,-0.4865182339969547,1.055191773357567,3.1500792553480665,0.33497298094742484,-14.369641007830928,25.108855577780485,-0.572293722866975,-2.307934384906549,7.901928205562246,-0.29207226803322545,-0.3037534170273526,4.691186306020372,-0.06474979513982201,-316.26680588743426,1221.6993159813917,-0.25887450495501213,0.3612851593860693,1.2854063782516787,0.2810666606546667,-0.21053581037469016,2.3401797705708023,-0.08996561847798518,-4.9906380471985266,7.463055899534399,-0.6687123137852372,-3.832389921911499,284.82291920124334,-0.013455342425404884,0.1793997825727054,0.825430022335082,0.21734073195504205,1.5627339393949313,8.003458579078341,0.1952573039139272,-0.16630827075281163,0.48434402378846536,-0.34336735712070765,0.4429486775654574,1.3460363928046728,0.3290760568267028
2024-06-12__OMG__TES__G2,2024-06-12__OMG__TES__G2,2024-06-12,0.0,-0.7187819904650325,1.2372145438177267,-0.5809674749535215,-1.1364044123070833,6.761859462395603,-0.16806090847732105,-79.7454126789097,63.362072928598394,-1.2585669586632124,-44.407632671063425,202.97771873758262,-0.21878082347400157,-0.1747762468944538,0.9779640325261914,-0.1787142086695958,3.614686322795663,21.859378466990375,0.16536088447772104,1.03667829524818,2.098121376743199,0.4940981073074293,-0.23212419227525016,3.1500792553480665,-0.0736883423465672,3.419385612220431,25.108855577780485,0.13618245026921452,-3.786015670898113,7.901928205562246,-0.47912548599310395,0.7646907184394758,4.691186306020372,0.16300579545355612,-631.9025255916647,1221.6993159813917,-0.5172324456667348,6.873463635051032,1.2854063782516787,5.347303704137624,6.874852139882385,2.3401797705708023,2.93774405222786,6.906715645724709,7.463055899534399,0.9254539713017064,91.05835740560883,284.82291920124334,0.31970164950654606,2.8057092966016977,0.825430022335082,3.399083897603652,27.257346882760135,8.003458579078341,3.40569557619969,1.6002974163180423,0.48434402378846536,3.304044302552724,-4.985999215464933,1.3460363928046728,-3.7042055756533245
2024-06-13__AL__WBG__G1,2024-06-13__AL__WBG__G1,2024-06-13,0.0,-0.08219316333642013,1.2372145438177267,-0.06643398860217463,7.7052366239198165,6.761859462395603,1.139514290005031,71.57503290799207,63.362072928598394,1.1296194785014253,303.33099851347913,202.97771873758262,1.4944053904321966,0.7013427433685386,0.9779640325261914,0.717145010345506,-0.8856398071714437,21.859378466990375,-0.04051532242755744,0.29519750835122593,2.098121376743199,0.14069603928892122,1.072822600070042,3.1500792553480665,0.3405699261943093,9.043744746324343,25.108855577780485,0.36018146498663745,4.093031121754699,7.901928205562246,0.5179787132076017,0.6727008235849006,4.691186306020372,0.14339670955401823,974.4025871819617,1221.6993159813917,0.7975797101937835,-0.12758470249531761,1.2854063782516787,-0.09925623942570598,-1.7109386203345913,2.3401797705708023,-0.7311138702833071,-5.978256860480787,7.463055899534399,-0.8010466677339356,-56.398487556418786,284.82291920124334,-0.19801246162552544,-0.060725704912294454,0.825430022335082,-0.07356847909654039,-1.4556288258464463,8.003458579078341,-0.1818749518835045,0.09993842475191284,0.48434402378846536,0.20633725927482702,0.060390140156879824,1.3460363928046728,0.044865128175264
2024-06-13__AL__WBG__G2,2024-06-13__AL__WBG__G2,2024-06-13,1.0,-0.6409961402568349,1.2372145438177267,-0.5180957703448236,3.0740253032427667,6.761859462395603,0.4546123541498956,-46.936309537689056,63.362072928598394,-0.7407634666532658,35.86889449913264,202.97771873758262,0.17671345675527994,1.032631886079117,0.9779640325261914,1.0558985768762255,15.370284912463276,21.859378466990375,0.7031436979111775,0.1772271965830008,2.098121376743199,0.0844694277833788,-0.9095195001974905,3.1500792553480665,-0.2887289930640175,0.8089052364139775,25.108855577780485,0.0322159328087365,2.8447940814667625,7.901928205562246,0.36001260039944216,-1.7776130194615352,4.691186306020372,-0.37892603801606034,193.89928596998053,1221.6993159813917,0.15871277267230713,-0.09170633132105621,1.2854063782516787,-0.07134417685215777,0.3799429894483666,2.3401797705708023,0.1623562565022245,-1.3398418025226917,7.463055899534399,-0.17952989245014078,-131.49586475537637,284.82291920124334,-0.4616758534125947,0.11156056106407641,0.825430022335082,0.13515431095439084,0.8006934399468619,8.003458579078341,0.10004341647953545,0.04449194308984494,0.48434402378846536,0.09186001900429666,-0.5846842332728208,1.3460363928046728,-0.43437443595422165
2024-06-13__BLG__WE__G1,2024-06-13__BLG__WE__G1,2024-06-13,1.0,-1.431662022611258,1.2372145438177267,-1.1571645941284572,0.4063003679303705,6.761859462395603,0.06008706778110972,-80.23435410741888,63.362072928598394,-1.266283584685589,-2.526174832508218,202.97771873758262,-0.012445576961718526,-0.6609734019130329,0.9779640325261914,-0.6758660892053224,-1.280544385328895,21.859378466990375,-0.05858100351213683,-2.4236573394309744,2.098121376743199,-1.1551553742985599,-1.7334003630236796,3.1500792553480665,-0.5502718097676367,-12.580488863677715,25.108855577780485,-0.501037903685767,-4.316324297573313,7.901928205562246,-0.546236771462722,-2.8043877961206576,4.691186306020372,-0.5977991525773623,185.93188147136044,1221.6993159813917,0.15219119703755424,0.023371419506414526,1.2854063782516787,0.01818211090261727,-0.8358515780397866,2.3401797705708023,-0.35717393653991564,4.3547759833625825,7.463055899534399,0.5835110253057653,202.7819263513909,284.82291920124334,0.7119578937260882,-0.7131417630519503,0.825430022335082,-0.86396287970196,-4.526934129462063,8.003458579078341,-0.565622164357001,-0.6621001571358145,0.48434402378846536,-1.3670010521775953,-0.4848221186912465,1.3460363928046728,-0.3601847328186375
2024-06-13__BLG__WE__G2,2024-06-13__BLG__WE__G2,2024-06-13,1.0,-0.6841610689760005,1.2372145438177267,-0.5529845404826201,0.4146992671353118,6.761859462395603,0.06132916664600788,-19.32031129724146,63.362072928598394,-0.3049191748207797,88.63291422535656,202.97771873758262,0.436663266982921,0.7744982952836272,0.9779640325261914,0.7919488627144601,7.25490512908128,21.859378466990375,0.3318898022716902,1.1381727858800659,2.098121376743199,0.5424720685962986,1.3668521181920426,3.1500792553480665,0.433910252245625,14.988050650634186,25.108855577780485,0.5969228668061899,4.464690082219189,7.901928205562246,0.5650126653977676,1.835752072637872,4.691186306020372,0.3913192871838616,885.1850623375774,1221.6993159813917,0.724552310076359,-0.17034959869242705,1.2854063782516787,-0.13252576698612442,-0.726986652108156,2.3401797705708023,-0.31065405769095095,4.84954942318214,7.463055899534399,0.6498073763158219,166.72314835274904,284.82291920124334,0.5853572045218475,0.04112519275515014,0.825430022335082,0.04982268856192257,0.7003434349124689,8.003458579078341,0.08750508801758936,-0.03159887557720342,0.48434402378846536,-0.06524042578169242,0.7270196713681418,1.3460363928046728,0.5401184805522277
2024-06-13__BLG__WE__G3,2024-06-13__BLG__WE__G3,2024-06-13,0.0,-0.8279128412189385,1.2372145438177267,-0.6691742965532215,4.307969613440889,6.761859462395603,0.637098271607139,-30.06341475211258,63.362072928598394,-0.4744701820522875,63.38599630395203,202.97771873758262,0.31228056156064754,-2.0624697344726277,0.9779640325261914,-2.1089401623543136,-3.208678758717653,21.859378466990375,-0.1467872756206573,-2.392302782296788,2.098121376743199,-1.1402112711891614,-1.9665340428162552,3.1500792553480665,-0.6242806161771786,4.417477001507081,25.108855577780485,0.17593302139517683,0.44200732627488293,7.901928205562246,0.05593663455802029,-1.7195505994425355,4.691186306020372,-0.36654912440519555,299.42429751832134,1221.6993159813917,0.24508837269234718,6.861841687600188,1.2854063782516787,5.338262253429093,6.579772931537722,2.3401797705708023,2.811651567384183,-1.448673893713753,7.463055899534399,-0.19411266900619933,-2.1422225311548573,284.82291920124334,-0.007521243478724455,1.4588216095422362,0.825430022335082,1.7673452657683497,13.539261014743587,8.003458579078341,1.6916760659523111,1.0309533632120687,0.48434402378846536,2.128551574966384,-0.9715780265888228,1.3460363928046728,-0.7218061190442806
2024-06-14__IG__NIP__G1,2024-06-14__IG__NIP__G1,2024-06-14,0.0,-1.3095085891313314,1.2372145438177267,-1.0584320538768266,0.25355629149044034,6.761859462395603,0.03749800707963885,-57.461539537975455,63.362072928598394,-0.9068759271157673,57.0530185757782,202.97771873758262,0.2810802025440946,0.02629170867338626,0.9779640325261914,0.02688409891862072,6.671243918566404,21.859378466990375,0.3051890804421315,-1.2546645289179317,2.098121376743199,-0.5979939696680032,-1.832790063503496,3.1500792553480665,-0.5818232917691116,-3.139100001853116,25.108855577780485,-0.12501963170361932,-6.603805588826507,7.901928205562246,-0.8357206723869436,-0.11901712224840644,4.691186306020372,-0.02537036244442157,296.2995836889959,1221.6993159813917,0.24253069439467398,-0.2736329504235986,1.2854063782516787,-0.21287644294976354,0.8197243092483184,2.3401797705708023,0.3502824737117963,4.49180380404335,7.463055899534399,0.601871842129943,-4.35492935326738,284.82291920124334,-0.015289954018413893,-0.5907170046508501,0.825430022335082,-0.7156467211272921,-3.232031065514157,8.003458579078341,-0.40382924828694516,-0.24854829475756457,0.48434402378846536,-0.5131637212115067,0.9718922420461791,1.3460363928046728,0.722039556435423
2024-06-14__IG__NIP__G2,2024-06-14__IG__NIP__G2,2024-06-14,0.0,0.38028317116732246,1.2372145438177267,0.30737018546814177,7.8368434225163455,6.761859462395603,1.1589773947716004,47.358705302410954,63.362072928598394,0.7474298482682029,241.36842809308803,202.97771873758262,1.1891375487178513,-0.1953077202797342,0.9779640325261914,-0.19970828586297493,-3.8665813869121166,21.859378466990375,-0.17688431607818517,-1.33682670310208,2.098121376743199,-0.637153827593776,-0.5340381793692495,3.1500792553480665,-0.16953161065105662,-12.215625799530613,25.108855577780485,-0.4865066540043307,0.6710774283251872,7.901928205562246,0.08492577076656282,-2.358530865746549,4.691186306020372,-0.5027577693859634,461.89353754989804,1221.6993159813917,0.37807464662512646,-0.13737544492689224,1.2854063782516787,-0.10687307950086666,-0.6857139848856662,2.3401797705708023,-0.2930175281794197,2.4018815515963183,7.463055899534399,0.3218361569434323,173.30687708515745,284.82291920124334,0.6084723692977603,0.5716343295383108,0.825430022335082,0.6925282840971987,4.573332628538473,8.003458579078341,0.5714194697120126,0.3338917849829348,0.48434402378846536,0.6893676379108624,-1.4128050873702378,1.3460363928046728,-1.0496031498994574
2024-06-14__IG__NIP__G3,2024-06-14__IG__NIP__G3,2024-06-14,0.0,0.005349893331016098,1.2372145438177267,0.004324140088401826,-6.9402382754025815,6.761859462395603,-1.0263799902407011,-5.094037833935715,63.362072928598394,-0.08039569285052281,-161.00823012279534,202.97771873758262,-0.7932310518166868,-0.028248310784076303,0.9779640325261914,-0.028884786106419168,-0.8819437038902862,21.859378466990375,-0.04034623696533107,-0.930618179244636,2.098121376743199,-0.4435480930760501,-0.2540997204875022,3.1500792553480665,-0.08066452277084145,2.350763489900899,25.108855577780485,0.09362288093919634,3.88289670455746,7.901928205562246,0.49138591393912395,-0.9190290726407939,4.691186306020372,-0.19590543133107696,804.863631537534,1221.6993159813917,0.6588066477160789,-0.000705441009543506,1.2854063782516787,-0.0005488073442545488,-0.021708038264026897,2.3401797705708023,-0.00927622281877481,-3.3019258104021247,7.463055899534399,-0.44243610290685625,-97.47668890287116,284.82291920124334,-0.34223611229741774,-0.5022904293011679,0.825430022335082,-0.6085189624691184,-5.8538108624348055,8.003458579078341,-0.7314100614360717,-0.3373435739469226,0.48434402378846536,-0.6964943529475701,0.2380421215527022,1.3460363928046728,0.17684658897677827
2024-06-14__LGD__RNG__G1,2024-06-14__LGD__RNG__G1,2024-06-14,0.0,-0.703209483430018,1.2372145438177267,-0.5683807376523057,1.043553050769372,6.761859462395603,0.15432927913446773,-27.1699981924383,63.362072928598394,-0.4288053800615127,64.81618370301169,202.97771873758262,0.31932659302118743,-0.34995571574809947,0.9779640325261914,-0.35784072447265863,10.577825328883321,21.859378466990375,0.48390327570170905,-0.3911224200898715,2.098121376743199,-0.1864154466990574,0.1294324709811474,3.1500792553480665,0.04108862647591365,-2.0292366952201064,25.108855577780485,-0.08081756685869294,-0.34113789636177216,7.901928205562246,-0.04317146958512889,-1.2507432438734778,4.691186306020372,-0.2666154988670679,364.5803794306084,1221.6993159813917,0.29842071151469873,0.08184833671031733,1.2854063782516787,0.0636750170375105,-1.4521113110032182,2.3401797705708023,-0.6205124532533562,0.8049946731656483,7.463055899534399,0.10786393350637188,27.267293632927476,284.82291920124334,0.09573419728181147,0.13680844006393,0.825430022335082,0.16574182016676484,3.0276351066217444,8.003458579078341,0.37829079746166466,0.3536442386683012,0.48434402378846536,0.7301494209688693,0.15415385529806436,1.3460363928046728,0.11452419978977067
2024-06-14__LGD__RNG__G2,2024-06-14__LGD__RNG__G2,2024-06-14,0.0,-0.44855656444958125,1.2372145438177267,-0.36255328886788146,4.680497734278664,6.761859462395603,0.6921908194213829,-20.25680394736287,63.362072928598394,-0.31969919371941496,105.93201084568398,202.97771873758262,0.5218898457556669,0.7216476120628075,0.9779640325261914,0.7379073771162474,9.884635768873494,21.859378466990375,0.452191965641119,0.32179629922384834,2.098121376743199,0.15337346514713557,-0.16651752217262983,3.1500792553480665,-0.05286135865583861,-1.1091477921080042,25.108855577780485,-0.0441735683451838,0.6782233906130237,7.901928205562246,0.08583010211425528,0.043779053652936106,4.691186306020372,0.009332190508947031,-70.87066681595026,1221.6993159813917,-0.058009909501348864,-1.3390777018548228,1.2854063782516787,-1.04175355183984,-1.9096543047865175,2.3401797705708023,-0.8160285430944407,-5.132189769352948,7.463055899534399,-0.6876793033258439,-86.052092323708,284.82291920124334,-0.3021248860973245,0.16400514268136535,0.825430022335082,0.1986903063291796,1.371716801156225,8.003458579078341,0.17139048277847224,-0.05589362014650345,0.48434402378846536,-0.11540042201592772,-0.3352899384758299,1.3460363928046728,-0.24909407440546844
2024-06-14__LGD__RNG__G3,2024-06-14__LGD__RNG__G3,2024-06-14,0.0,0.06790199873099301,1.2372145438177267,0.05488291758885039,9.230740601260019,6.761859462395603,1.3651184688880338,33.73323438913758,63.362072928598394,0.5323884194060783,288.70202123290966,202.97771873758262,1.422333552698073,-2.2630240810517446,0.9779640325261914,-2.3140132886000067,-10.612918003787783,21.859378466990375,-0.48550865864304343,-0.611527616884807,2.098121376743199,-0.29146422709339187,0.3110561243708796,3.1500792553480665,0.09874546016495367,-4.194716635231245,25.108855577780485,-0.16706123682841315,2.544130866234749,7.901928205562246,0.321963257332641,0.1957951222853893,4.691186306020372,0.04173679486941787,-131.09672646917744,1221.6993159813917,-0.10730686728473814,1.3131444531267782,1.2854063782516787,1.0215784313552219,2.374797994066885,2.3401797705708023,1.014792542495612,2.2587862197065185,7.463055899534399,0.3026623339622988,0.424628245991471,284.82291920124334,0.0014908499838827837,-0.07457699580298316,0.825430022335082,-0.09034915551394043,0.21888120985951787,8.003458579078341,0.02734832452102216,0.09612811796537102,0.48434402378846536,0.19847033260189823,-0.15121195221482076,1.3460363928046728,-0.1123385969982214
2024-06-15__EDG__TT__G1,2024-06-15__EDG__TT__G1,2024-06-15,1.0,-0.6385444559899502,1.2372145438177267,-0.516114155840273,-2.3695470426130996,6.761859462395603,-0.35042826686394124,13.31918857492974,63.362072928598394,0.21020758553356222,-95.32587210458297,202.97771873758262,-0.4696371218862046,0.06176901783966038,0.9779640325261914,0.06316076320244723,1.4620779871325311,21.859378466990375,0.06688561261953478,0.6073985837975968,2.098121376743199,0.2894962612907396,0.9450165924359761,3.1500792553480665,0.2999976241340419,-9.186550184155749,25.108855577780485,-0.36586891783376463,-1.7881955141175077,7.901928205562246,-0.22629859969623356,-0.03903646930139537,4.691186306020372,-0.008321234424235938,-160.6221408334881,1221.6993159813917,-0.13147436410978577,0.2973358755181206,1.2854063782516787,0.23131645309406584,1.5398100603958653,2.3401797705708023,0.657987656235755,2.640009475023284,7.463055899534399,0.3537437152848168,94.63414463278662,284.82291920124334,0.33225607182849715,0.18361597631675064,0.825430022335082,0.22244860121359977,-0.5649734080768809,8.003458579078341,-0.07059114905181316,-0.06400709411330263,0.48434402378846536,-0.13215185656838158,0.7323453276124461,1.3460363928046728,0.5440750246072241
2024-06-15__EDG__TT__G2,2024-06-15__EDG__TT__G2,2024-06-15,0.0,0.07199329344990435,1.2372145438177267,0.05818977445736876,6.418774604907288,6.761859462395603,0.9492616182489565,21.334014200641832,63.362072928598394,0.336700061691206,162.75164509889925,202.97771873758262,0.8018202456373578,0.8433991419127596,0.9779640325261914,0.8624021451300429,2.689804214308566,21.859378466990375,0.12305034634539429,-0.2868839888077801,2.098121376743199,-0.13673367768618647,-1.0644986361097697,3.1500792553480665,-0.337927465277277,-7.1604181505953335,25.108855577780485,-0.28517499904522864,-5.330022795530311,7.901928205562246,-0.6745217094299523,-1.528731499505854,4.691186306020372,-0.32587304658331956,98.1083270792355,1221.6993159813917,0.08030480635910008,-1.289795008235668,1.2854063782516787,-1.0034134159008463,-1.3220900591768654,2.3401797705708023,-0.5649521078896779,-1.0120704642393221,7.463055899534399,-0.13561071258916205,27.958077901119736,284.82291920124334,0.09815950865669726,-0.6609098812647094,0.825430022335082,-0.8006845676759825,-6.12071639090955,8.003458579078341,-0.7647588309072709,-0.36328641208921186,0.48434402378846536,-0.7500570755277852,0.2528618965366842,1.3460363928046728,0.18785651712825613
2024-06-15__FPX__JDG__G1,2024-06-15__FPX__JDG__G1,2024-06-15,0.0,0.3590800264638565,1.2372145438177267,0.29023239180767857,-4.400352280114639,6.761859462395603,-0.6507605864667125,-22.53456223726681,63.362072928598394,-0.35564748500278914,-111.52774149572781,202.97771873758262,-0.5494580471192363,0.593064114672833,0.9779640325261914,0.6064267074466693,2.6894293104694924,21.859378466990375,0.12303319563717588,0.6245347202183602,2.098121376743199,0.2976636287478099,-1.439416774312003,3.1500792553480665,-0.4569460641100254,2.4169784408293253,25.108855577780485,0.09625999628227498,1.7725773404029184,7.901928205562246,0.2243220983497528,1.2190686669883695,4.691186306020372,0.2598635670385393,-713.092783098268,1221.6993159813917,-0.5836892704992234,-0.45580654287570077,1.2854063782516787,-0.35460084529439767,0.07226263151581236,2.3401797705708023,0.030879080977230022,4.35064178116783,7.463055899534399,0.5829570697014592,9.359106583389803,284.82291920124334,0.03285938707733588,0.03671157255735791,0.825430022335082,0.044475639470762364,-1.4046222273792779,8.003458579078341,-0.17550188309204043,-0.15277815290423646,0.48434402378846536,-0.31543248180652594,0.39789304676897785,1.3460363928046728,0.2956032639924716
2024-06-15__FPX__JDG__G2,2024-06-15__FPX__JDG__G2,2024-06-15,1.0,0.02266266938929462,1.2372145438177267,0.01831747871463326,0.48386367558515886,6.761859462395603,0.07155777293483735,44.17834715701167,63.362072928598394,0.697236444734992,69.64130040714463,202.97771873758262,0.3430982498826944,0.2688580947370953,0.9779640325261914,0.27491585669745805,-9.891371625200108,21.859378466990375,-0.45250011054234024,-0.024110977355224605,2.098121376743199,-0.011491692583085052,0.6837738469887173,3.1500792553480665,0.21706553216472388,-7.954665651315885,25.108855577780485,-0.3168071643037376,-2.386502020536298,7.901928205562246,-0.30201511029185324,0.4902688086459275,4.691186306020372,0.10450847017273167,151.74759233278968,1221.6993159813917,0.12421026206982892,-0.7938508206153898,1.2854063782516787,-0.6175869487345952,0.026098364707888067,2.3401797705708023,0.011152285770437432,0.05046499736151233,7.463055899534399,0.006761974086605277,-2.2356641239852024,284.82291920124334,-0.007849312556747822,-0.2806177812362729,0.825430022335082,-0.339965149895174,-2.692712286113,8.003458579078341,-0.33644354163441487,0.018665320545375952,0.48434402378846536,0.0385372402494795,0.4521425825886993,1.3460363928046728,0.33590640572517216
2024-06-16__LNG__RA__G1,2024-06-16__LNG__RA__G1,2024-06-16,0.0,-0.7411427097171286,1.2372145438177267,-0.5990408974576525,6.083628307432857,6.761859462395603,0.8996974044740254,-20.159526953624606,63.362072928598394,-0.31816393788407277,162.9006356127859,202.97771873758262,0.8025542696183112,-0.3560391029249521,0.9779640325261914,-0.36406117916635927,-2.9983638406981896,21.859378466990375,-0.1371660089997517,0.10489664446976832,2.098121376743199,0.04999548435901706,0.12952249096355928,3.1500792553480665,0.04111720352002516,-3.689390519239808,25.108855577780485,-0.1469358235334639,4.62632364265696,7.901928205562246,0.5854676145921992,-1.3245343999775754,4.691186306020372,-0.28234523875816087,851.9470661824432,1221.6993159813917,0.6973459462083169,6.825773526456156,1.2854063782516787,5.3102025411897795,6.355304375010707,2.3401797705708023,2.7157322438217286,5.618042162712722,7.463055899534399,0.7527802934295219,134.54247579033358,284.82291920124334,0.4723723627834157,0.14899219350698312,0.825430022335082,0.18050229452910002,3.2968686794018396,8.003458579078341,0.4119304466808464,0.27294679630949026,0.48434402378846536,0.5635379386672466,-1.7162836437709732,1.3460363928046728,-1.2750638674270678
2024-06-16__LNG__RA__G2,2024-06-16__LNG__RA__G2,2024-06-16,0.0,0.013295775647929275,1.2372145438177267,0.010746531365829723,7.226169279380876,6.761859462395603,1.0686658382803684,23.976425979275348,63.362072928598394,0.3784034279921765,212.38744527140454,202.97771873758262,1.046358415820156,0.9158110815056979,0.9779640325261914,0.9364456305150881,5.075305115554585,21.859378466990375,0.23217974340116795,0.5534723543141915,2.098121376743199,0.2637941239506327,1.755040349063377,3.1500792553480665,0.5571414715811597,-1.2091635397510458,25.108855577780485,-0.04815685397721646,-2.1053503120153856,7.901928205562246,-0.2664349752125606,0.5071882607322058,4.691186306020372,0.10811511620550998,-345.6324952472938,1221.6993159813917,-0.28291126175079806,0.018625026639078612,1.2854063782516787,0.014489590579767073,0.3711820055111268,2.3401797705708023,0.15861253548399612,-8.274982677954082,7.463055899534399,-1.1087926555230119,-366.4431289789395,284.82291920124334,-1.2865647494942716,-0.6429311983139581,0.825430022335082,-0.7789036041983911,-3.18455971126739,8.003458579078341,-0.39789789400474695,-0.2843832550651102,0.48434402378846536,-0.5871501535015519,0.10430622206259343,1.3460363928046728,0.07749132573891995
2024-06-16__OMG__TES__G1,2024-06-16__OMG__TES__G1,2024-06-16,0.0,-1.2255923910078117,1.2372145438177267,-0.9906053938070897,3.823127090245233,6.761859462395603,0.5653957385702646,-96.52421884999853,63.362072928598394,-1.5233753074239644,50.83861811884026,202.97771873758262,0.2504640321340016,-1.2458416773121623,0.9779640325261914,-1.2739122932586004,4.272446996529425,21.859378466990375,0.1954514309512401,0.33997866871070315,2.098121376743199,0.16203948467411775,-1.3712768543961888,3.1500792553480665,-0.43531489461835005,19.55232139379887,25.108855577780485,0.7787021815681267,1.2829425391007305,7.901928205562246,0.1623581413761154,1.4756885842419,4.691186306020372,0.3145661189754873,-123.90346363118454,1221.6993159813917,-0.10141895138103917,-0.29021994784159055,1.2854063782516787,-0.22578052121991665,0.4191639792198032,2.3401797705708023,0.1791160685067775,6.432347571544163,7.463055899534399,0.8618918036046946,56.685548113125606,284.82291920124334,0.19902031786302202,-0.37054193566536586,0.825430022335082,-0.4489072080391778,-3.3043569216961686,8.003458579078341,-0.41286607235875994,0.11096370569356773,0.48434402378846536,0.2291005383427464,-0.6773536523888257,1.3460363928046728,-0.5032205316209357
2024-06-16__OMG__TES__G2,2024-06-16__OMG__TES__G2,2024-06-16,1.0,-0.6055758062994991,1.2372145438177267,-0.4894666974768593,2.3027752182083496,6.761859462395603,0.34055349574494453,24.474925335064484,63.362072928598394,0.3862709002019859,160.50488729877947,202.97771873758262,0.7907512583464152,1.7264280379230748,0.9779640325261914,1.7653269600688288,-6.636616653517152,21.859378466990375,-0.30360498858346086,-0.5826786601601448,2.098121376743199,-0.27771433478756613,0.2930906800186408,3.1500792553480665,0.09304228980231359,5.88244820211694,25.108855577780485,0.23427782081174017,6.179151286031992,7.901928205562246,0.7819800867973388,0.0004813899725419901,4.691186306020372,0.000102615807287039,676.46612932985,1221.6993159813917,0.5537091818969672,-8.169041293123826,1.2854063782516787,-6.355215810441967,-7.895512284722773,2.3401797705708023,-3.373889907999265,-6.304055005556435,7.463055899534399,-0.8447014528255479,-33.0122501145234,284.82291920124334,-0.11590447177213967,-2.000223509715484,0.825430022335082,-2.4232473163620663,-22.688741504584822,8.003458579078341,-2.834866757357648,-1.0811951435443772,0.48434402378846536,-2.232282960372857,5.441377650149885,1.3460363928046728,4.0425159651857445
2024-06-17__AL__NIP__G1,2024-06-17__AL__NIP__G1,2024-06-17,1.0,0.7257177290762913,1.2372145438177267,0.5865734008133412,2.7896366780803916,6.761859462395603,0.4125546058801803,24.404342579359877,63.362072928598394,0.38515694115159016,129.73701068691105,202.97771873758262,0.6391687267678444,1.2219950966186017,0.9779640325261914,1.2495284145917303,-0.3219367066277954,21.859378466990375,-0.01472762331217813,0.1159239015019935,2.098121376743199,0.055251258356977175,0.9315626453422681,3.1500792553480665,0.29572663863427046,-3.05462559197953,25.108855577780485,-0.12165530447462318,-2.0542077324021513,7.901928205562246,-0.25996281148104616,1.2664070415759818,4.691186306020372,0.2699544825146409,297.47014379182656,1221.6993159813917,0.2434888353108226,-0.39743225933785986,1.2854063782516787,-0.30918778440374245,-0.9973875838161206,2.3401797705708023,-0.4262010851293526,-0.05950971923523696,7.463055899534399,-0.00797390667609001,11.093329712352329,284.82291920124334,0.038948163667847625,0.1549051838688098,0.825430022335082,0.1876658129840998,-2.415602341559591,8.003458579078341,-0.30181977152407463,0.12463789434504147,0.48434402378846536,0.25733286856163984,0.5870020013396786,1.3460363928046728,0.4360963554783356
2024-06-17__AL__NIP__G2,2024-06-17__AL__NIP__G2,2024-06-17,1.0,-0.5793607452008631,1.2372145438177267,-0.468277939196517,8.631080917184885,6.761859462395603,1.2764358219434555,7.441865251667878,63.362072928598394,0.11744983694905543,205.4058487335406,202.97771873758262,1.0119625395294478,-0.8514539888441934,0.9779640325261914,-0.8706384794196517,2.941299198649034,21.859378466990375,0.13455547551524322,0.12891548174427925,2.098121376743199,0.06144326144807039,-0.11647958222195243,3.1500792553480665,-0.036976703061516784,4.280759957655505,25.108855577780485,0.1704880484857947,3.1235234422064693,7.901928205562246,0.39528618403817006,-0.44557175057842713,4.691186306020372,-0.09498059265436036,881.0582416423966,1221.6993159813917,0.7211743752295282,-7.105408341083277,1.2854063782516787,-5.527748215314865,-5.025801366539515,2.3401797705708023,-2.1476124535941947,-2.4877309255981928,7.463055899534399,-0.3333394022164558,-157.27690150601273,284.82291920124334,-0.5521918720406623,-2.5799735182443735,0.825430022335082,-3.1256076503471157,-26.01233079457558,8.003458579078341,-3.250135836579198,-1.352299556365689,0.48434402378846536,-2.7920170332054397,5.113148019645232,1.3460363928046728,3.798667144744927
2024-06-17__AL__NIP__G3,2024-06-17__AL__NIP__G3,2024-06-17,1.0,-0.5871605822349535,1.2372145438177267,-0.47458228694987786,0.45579938206797266,6.761859462395603,0.0674073924776749,9.939815678331001,63.362072928598394,0.15687326916622088,76.14837181187664,202.97771873758262,0.3751563073539509,-0.5542334714174357,0.9779640325261914,-0.5667211536038151,5.404144450761692,21.859378466990375,0.2472231409369344,-1.0747839476670862,2.098121376743199,-0.5122598946470485,-0.6891159764647092,3.1500792553480665,-0.21876140307687675,-6.686367779966666,25.108855577780485,-0.26629519186802064,-4.862427780954288,7.901928205562246,-0.6153469177541577,-0.48536893368482925,4.691186306020372,-0.10346398513270566,168.34994045510422,1221.6993159813917,0.1377998154824772,-0.419067930706845,1.2854063782516787,-0.3260195466411839,-1.1577903688165634,2.3401797705708023,-0.4947439887450072,2.9572078922347025,7.463055899534399,0.3962461940252921,289.50486086808894,284.82291920124334,1.0164380755015696,0.06270751302150535,0.825430022335082,0.07596941637123175,1.7062612635769199,8.003458579078341,0.21319046428837077,0.15354078505482538,0.48434402378846536,0.31700704562597787,-0.18628795746804272,1.3460363928046728,-0.13839731233608865
2024-06-17__UP__WBG__G1,2024-06-17__UP__WBG__G1,2024-06-17,0.0,0.35218001490415496,1.2372145438177267,0.2846553429303181,-3.8525107140008377,6.761859462395603,-0.5697412325240387,17.003528908543558,63.362072928598394,0.26835499304685856,-176.9838577309249,202.97771873758262,-0.8719373631733396,-0.17161910370564115,0.9779640325261914,-0.17548593047578614,-5.640255703703545,21.859378466990375,-0.25802451127310533,0.4881933268258045,2.098121376743199,0.23268105437376838,0.19880993198832098,3.1500792553480665,0.06311265614607446,-3.5071312658022933,25.108855577780485,-0.1396770599624138,2.5964072357947465,7.901928205562246,0.3285789037400018,1.0630515797340987,4.691186306020372,0.22660608293551737,-325.03171449426526,1221.6993159813917,-0.26604886323204513,-1.809194987932898,1.2854063782516787,-1.40748763274849,-0.8239354495141988,2.3401797705708023,-0.3520819672888901,-3.0534544491549873,7.463055899534399,-0.4091425926747905,-43.3793536770188,284.82291920124334,-0.15230288927017832,-0.5226570721563233,0.825430022335082,-0.6331929113565006,-7.4334776298948455,8.003458579078341,-0.9287830539341423,-0.5133268522096286,0.48434402378846536,-1.059837155328803,0.39053325642224124,1.3460363928046728,0.29013551815860483
2024-06-17__UP__WBG__G2,2024-06-17__UP__WBG__G2,2024-06-17,1.0,0.22627855088276405,1.2372145438177267,0.18289339477947963,-5.0175616640524545,6.761859462395603,-0.7420386285633029,9.442916916507556,63.362072928598394,0.14903105802926547,-174.4118954825302,202.97771873758262,-0.8592662076804124,1.5206969371115902,0.9779640325261914,1.55496043982622,-4.295889888649853,21.859378466990375,-0.1965238718298034,1.3620812284616512,2.098121376743199,0.649190554163926,1.5728181354574968,3.1500792553480665,0.49929462361704463,-5.089864155857612,25.108855577780485,-0.20271190526301272,-1.3330112299576413,7.901928205562246,-0.16869440300975128,-0.7587419895403338,4.691186306020372,-0.16173773078014014,101.12437055608609,1221.6993159813917,0.08277353449451617,-0.32360224359302237,1.2854063782516787,-0.25175072826574524,-1.378577719155615,2.3401797705708023,-0.5890902687912272,-2.7808881342687606,7.463055899534399,-0.3726205188710611,-53.117088566321286,284.82291920124334,-0.18649162268539024,-0.2825927822002341,0.825430022335082,-0.3423578403932535,-2.6940325992268512,8.003458579078341,-0.33660850943375287,-0.0849731415609154,0.48434402378846536,-0.17543927858754443,0.29760499997934886,1.3460363928046728,0.22109712669961107
2024-06-18__BLG__WE__G1,2024-06-18__BLG__WE__G1,2024-06-18,1.0,0.12516380902676083,1.2372145438177267,0.10116572625699298,5.90277820079551,6.761859462395603,0.8729517909490051,20.77795023254407,63.362072928598394,0.3279240868276878,237.76775168056542,202.97771873758262,1.1713982795154103,-0.589530716958933,0.9779640325261914,-0.6028136971688142,-5.990452946121209,21.859378466990375,-0.2740449679812426,0.4382241555989239,2.098121376743199,0.2088649167734226,0.6095504483004883,3.1500792553480665,0.1935031487739465,6.954760237502661,25.108855577780485,0.2769843467765521,1.942670895277832,7.901928205562246,0.24584767146614864,2.013277062083336,4.691186306020372,0.42916151727721974,624.3030853455015,1221.6993159813917,0.5110120605518932,0.6053713753359222,1.2854063782516787,0.47095682316629156,0.37377509078040205,2.3401797705708023,0.15972060598089316,7.438886288183387,7.463055899534399,0.996761298798014,176.44784952842747,284.82291920124334,0.6195001771759,0.7215511636199015,0.825430022335082,0.8741507698349981,4.015123435315068,8.003458579078341,0.5016734820290604,0.593242472931599,0.48434402378846536,1.2248344543551952,0.7045735077623139,1.3460363928046728,0.5234427449999945
2024-06-18__BLG__WE__G2,2024-06-18__BLG__WE__G2,2024-06-18,0.0,0.39718425869247476,1.2372145438177267,0.32103077000379987,-4.195889421700446,6.761859462395603,-0.6205229233928793,-11.189391746288265,63.362072928598394,-0.17659446814978616,-189.78436901675116,202.97771873758262,-0.93500099056247,-1.1019649828962157,0.9779640325261914,-1.126793848702053,-7.8014199721822735,21.859378466990375,-0.3568911909856873,-0.4743579741554953,2.098121376743199,-0.2260868953181917,-0.6998871280701837,3.1500792553480665,-0.22218072916775577,-7.15669806420685,25.108855577780485,-0.28502684071006273,2.792096373319353,7.901928205562246,0.35334363301482996,-2.1063896331041025,4.691186306020372,-0.44900991917353117,-67.81492078366085,1221.6993159813917,-0.055508683553347496,-0.5090418419087204,1.2854063782516787,-0.3960159639048311,-1.8896841320242572,2.3401797705708023,-0.8074949404713454,-3.5505219720930974,7.463055899534399,-0.47574633556855306,-50.14193747129639,284.82291920124334,-0.17604600583361865,-0.10243181663645551,0.825430022335082,-0.1240949441743583,-1.300543715122032,8.003458579078341,-0.16249769268801625,0.0673320271429052,0.48434402378846536,0.13901665927368348,-0.5323639863469047,1.3460363928046728,-0.39550460424999323
2024-06-18__LGD__RNG__G1,2024-06-18__LGD__RNG__G1,2024-06-18,1.0,0.02144914549440813,1.2372145438177267,0.017336627883142837,-2.969131988603218,6.761859462395603,-0.439099860920719,-8.397997229333043,63.362072928598394,-0.13253980983634783,-151.97809152083454,202.97771873758262,-0.7487427276122604,1.4068157586972028,0.9779640325261914,1.4385133536556443,2.3083956755036326,21.859378466990375,0.10560206793562082,1.039557085196602,2.098121376743199,0.4954701864484424,0.9042425563094705,3.1500792553480665,0.2870538154620942,0.5075776813157802,25.108855577780485,0.020215085451758468,0.7551574384216728,7.901928205562246,0.09556621158920407,0.6693588680142506,4.691186306020372,0.14268431941637416,-2.0774135433022067,1221.6993159813917,-0.0017004294873759422,-1.0623782483399058,1.2854063782516787,-0.8264914814670494,-2.1091793565656154,2.3401797705708023,-0.9012890726604669,-3.2242994752217875,7.463055899534399,-0.4320346901579892,-19.035854050964986,284.82291920124334,-0.0668339964968939,0.3336136465493933,0.825430022335082,0.40416901900006796,2.2356290279300524,8.003458579078341,0.27933283173868445,0.007596177156920625,0.48434402378846536,0.015683400848231298,-0.7206997942186248,1.3460363928046728,-0.5354233084988358
2024-06-18__LGD__RNG__G2,2024-06-18__LGD__RNG__G2,2024-06-18,0.0,1.067914141874584,1.2372145438177267,0.8631593316224251,-2.6662593729931032,6.761859462395603,-0.39430854685937966,35.8622486028579,63.362072928598394,0.5659891853172363,-94.95477131281649,202.97771873758262,-0.4678088385049239,-1.5854082790244668,0.9779640325261914,-1.6211298219213244,-8.872537506118533,21.859378466990375,-0.4058915542189503,-1.4254229878877496,2.098121376743199,-0.6793802895807992,-0.8584263297757557,3.1500792553480665,-0.2725093522040772,3.593670444703328,25.108855577780485,0.14312361988970318,-3.8233495842635925,7.901928205562246,-0.4838501440347376,-0.8776459482251164,4.691186306020372,-0.1870839706397571,542.8705405775246,1221.6993159813917,0.444356915839868,1.0503523454563464,1.2854063782516787,0.8171357681834395,0.970139937686799,2.3401797705708023,0.4145576913915793,10.639547409204315,7.463055899534399,1.4256286066729693,281.121501585395,284.82291920124334,0.9870044917268839,-0.18305823495309737,0.825430022335082,-0.22177290409468672,-1.1966857194829075,8.003458579078341,-0.14952105494618054,0.05165877436011823,0.48434402378846536,0.10665697348566108,-0.07952691656939592,1.3460363928046728,-0.05908224912213587
2024-06-19__IG__NIP__G1,2024-06-19__IG__NIP__G1,2024-06-19,1.0,-0.0384947545408032,1.2372145438177267,-0.031114024337277855,1.1245059818334084,6.761859462395603,0.1663012699074563,29.037083745677762,63.362072928598394,0.4582723062126903,-18.570254207661492,202.97771873758262,-0.09148912615468253,-0.0794810805443209,0.9779640325261914,-0.08127190431237866,-3.8090249275352477,21.859378466990375,-0.17425128344961563,0.684184567985227,2.098121376743199,0.3260937377004907,0.23564286242396415,3.1500792553480665,0.07480535202996817,-0.9093338169737422,25.108855577780485,-0.03621566016584111,2.6374219193796407,7.901928205562246,0.3337693683111123,0.21149516149190184,4.691186306020372,0.04508350396081657,1682.882999650067,1221.6993159813917,1.3774936076809638,-0.8908434237021723,1.2854063782516787,-0.6930436519773485,-1.861902637922089,2.3401797705708023,-0.795623424197245,-2.8803883978603615,7.463055899534399,-0.38595289257945514,26.673994955399962,284.82291920124334,0.09365115327289424,0.6808808973488203,0.825430022335082,0.8248792193715468,5.335525105612724,8.003458579078341,0.6666523461379374,0.6829254249765366,0.48434402378846536,1.4099978144398155,0.020095433718514855,1.3460363928046728,0.014929327985935796
2024-06-19__IG__NIP__G2,2024-06-19__IG__NIP__G2,2024-06-19,0.0,-0.8834564086657686,1.2372145438177267,-0.714068306917363,3.0610531906719416,6.761859462395603,0.4526939305676631,-47.89428406357166,63.362072928598394,-0.7558825192108277,81.92965335249471,202.97771873758262,0.40363865284532957,1.0059689561706886,0.9779640325261914,1.0286348925709132,1.0809422019408998,21.859378466990375,0.04944981185642619,1.6225821319211846,2.098121376743199,0.773349614830299,0.40076652065433116,3.1500792553480665,0.12722422546978843,2.150063038830183,25.108855577780485,0.08562966745099944,0.1665954036737496,7.901928205562246,0.021082877274638378,1.9185638908778744,4.691186306020372,0.4089719223991997,105.24589529131441,1221.6993159813917,0.08614713442859152,-0.18936692359836726,1.2854063782516787,-0.14732055129163094,-1.4991086732932573,2.3401797705708023,-0.6405952446688996,-7.081580272178133,7.463055899534399,-0.9488846685089504,-283.5817460340256,284.82291920124334,-0.9956422953379568,-0.37414470465128735,0.825430022335082,-0.4532719203996722,-1.2964649113265168,8.003458579078341,-0.16198806260177484,-0.17422471879906176,0.48434402378846536,-0.3597120033076944,0.4247729056477727,1.3460363928046728,0.31557288669573585
2024-06-19__JDG__TT__G1,2024-06-19__JDG__TT__G1,2024-06-19,1.0,-1.5038894603209148,1.2372145438177267,-1.2155436195703633,2.754004684257392,6.761859462395603,0.40728505114429686,-122.51504399888677,63.362072928598394,-1.9335706109769515,39.93072616817989,202.97771873758262,0.19672467608663582,-1.5168475915744892,0.9779640325261914,-1.5510243629634741,4.322859199027533,21.859378466990375,0.19775763559781917,0.08052157992280229,2.098121376743199,0.03837792343065877,-0.4270773338006184,3.1500792553480665,-0.13557665176166397,-1.2955324916270499,25.108855577780485,-0.051596634343497025,-3.864154206053751,7.901928205562246,-0.48901402499705193,0.39410398502673427,4.691186306020372,0.08400943286169074,-388.5869392762769,1221.6993159813917,-0.31807084924661183,0.4068738507852636,1.2854063782516787,0.31653299776345223,0.7114760604991943,2.3401797705708023,0.30402611176300515,-0.08334916484860244,7.463055899534399,-0.01116823387127095,-14.01491771934991,284.82291920124334,-0.04920572301360995,-0.4303222488005791,0.825430022335082,-0.5213303560886651,-2.1088040592199846,8.003458579078341,-0.2634865633272592,-0.28949496755023985,0.48434402378846536,-0.5977040195145578,0.47427256137153506,1.3460363928046728,0.3523472408023646
2024-06-19__JDG__TT__G2,2024-06-19__JDG__TT__G2,2024-06-19,1.0,-0.6196214432514795,1.2372145438177267,-0.5008193166887382,3.44251933960955,6.761859462395603,0.509108308098675,11.674028556240728,63.362072928598394,0.1842431573403987,175.3707107013512,202.97771873758262,0.8639899538140303,0.12394373097982392,0.9779640325261914,0.1267363626076319,-10.090192897530457,21.859378466990375,-0.4615955778967813,-0.7486078134167116,2.098121376743199,-0.35679892732412233,-0.5294636881038102,3.1500792553480665,-0.16807942820025304,-3.213075486626252,25.108855577780485,-0.12796582260418782,-3.800315053614508,7.901928205562246,-0.4809350925264464,0.2340418729832745,4.691186306020372,0.049889688412764935,614.765855906918,1221.6993159813917,0.5032055329505285,0.979294599289009,1.2854063782516787,0.7618554365394862,-0.13564597867884842,2.3401797705708023,-0.05796388910834546,-3.359324003555553,7.463055899534399,-0.4501270791282769,24.849049414041474,284.82291920124334,0.08724385452014968,0.2896814635454259,0.825430022335082,0.35094569468196013,0.31585273221779886,8.003458579078341,0.03946452519651155,0.23831609746636073,0.48434402378846536,0.4920378774665471,-0.11658207097662654,1.3460363928046728,-0.0866113167433708
2024-06-19__JDG__TT__G3,2024-06-19__JDG__TT__G3,2024-06-19,0.0,0.1641216535470864,1.2372145438177267,0.13265405075711345,2.607885807161484,6.761859462395603,0.3856757798633363,12.243145394746364,63.362072928598394,0.19322513667312957,-18.590202752400046,202.97771873758262,-0.09158740563463898,-0.32765584565482087,0.9779640325261914,-0.33503840603426255,5.755403097831007,21.859378466990375,0.2632921536735378,0.7427718946560233,2.098121376743199,0.35401743143743003,-0.5413437791445515,3.1500792553480665,-0.1718507895871802,13.183487992170896,25.108855577780485,0.5250532994735143,2.5126537734048817,7.901928205562246,0.3179797879783838,-0.3484779010082315,4.691186306020372,-0.07428351892089602,39.4310547554566,1221.6993159813917,0.03227558058465968,-0.6453679391221012,1.2854063782516787,-0.5020726892044806,-0.6574677371523379,2.3401797705708023,-0.28094741458454614,5.947651507741252,7.463055899534399,0.7969457539727871,204.9220226398777,284.82291920124334,0.7194716720658886,-0.6886634177158579,0.825430022335082,-0.8343076514954346,-3.5258483618985323,8.003458579078341,-0.4405405346352184,-0.5902544717990872,0.48434402378846536,-1.2186652960367301,0.16747056992562115,1.3460363928046728,0.12441747221945362
2024-06-20__EDG__FPX__G1,2024-06-20__EDG__FPX__G1,2024-06-20,0.0,-0.07342742170269378,1.2372145438177267,-0.05934893242297602,4.880440545286191,6.761859462395603,0.7217600204008263,13.358891623874285,63.362072928598394,0.21083419142700704,188.99138802587743,202.97771873758262,0.9310942514785009,-0.4063045255278128,0.9779640325261914,-0.41545915448355397,1.4486610476913881,21.859378466990375,0.06627182852463842,0.10899878348414305,2.098121376743199,0.051950631999519443,-0.13286554074422652,3.1500792553480665,-0.04217846212605323,-12.945132884543106,25.108855577780485,-0.5155604296214192,1.575118486386998,7.901928205562246,0.19933340902095864,-1.2137503798988698,4.691186306020372,-0.25872989090442405,-241.8785344427533,1221.6993159813917,-0.19798532345945272,1.0820444942031457,1.2854063782516787,0.8417911025801541,1.7638548468629338,2.3401797705708023,0.7537258954711884,8.629810682683011,7.463055899534399,1.1563372487782324,167.9748903811119,284.82291920124334,0.589752012451906,-0.08253789154099778,0.825430022335082,-0.09999368730715295,-0.013652365528187715,8.003458579078341,-0.0017058080188067733,0.014393617073283238,0.48434402378846536,0.029717693723162027,0.3453776232951,1.3460363928046728,0.25658843145170984
2024-06-20__EDG__FPX__G2,2024-06-20__EDG__FPX__G2,2024-06-20,1.0,1.0350619886795807,1.2372145438177267,0.8366060334851982,-2.409193393136782,6.761859462395603,-0.35629149795901716,3.1388232230047493,63.362072928598394,0.04953788644200368,-142.7096091634677,202.97771873758262,-0.7030801673600834,0.4624662055023627,0.9779640325261914,0.4728862383839651,-6.744758422247173,21.859378466990375,-0.3085521449697309,-0.1559812751762486,2.098121376743199,-0.0743432684886426,-0.7327739002718578,3.1500792553480665,-0.23262070832252188,19.000466914196565,25.108855577780485,0.7567237024648346,-5.095262838077783,7.901928205562246,-0.6448125142011114,1.985130810582591,4.691186306020372,0.42316170322915914,-138.1389041951879,1221.6993159813917,-0.11307111518774136,-0.9532229930936928,1.2854063782516787,-0.7415726789978444,-1.8808463010457466,2.3401797705708023,-0.8037183813740091,-2.5797873728665692,7.463055899534399,-0.3456743540341379,-48.88924488090106,284.82291920124334,-0.17164786052456057,0.11938952425922977,0.825430022335082,0.14463900801969598,1.1317201794401868,8.003458579078341,0.14140387269507682,-0.05058361170039194,0.48434402378846536,-0.10443714545621928,-0.9741254547257636,1.3460363928046728,-0.7236986579518611
2024-06-20__EDG__FPX__G3,2024-06-20__EDG__FPX__G3,2024-06-20,0.0,0.1540828622811583,1.2372145438177267,0.12454003108116353,-7.553778841106142,6.761859462395603,-1.117115457071999,22.44860745433715,63.362072928598394,0.3542909198274364,-202.13715191230108,202.97771873758262,-0.9958588172811861,1.1077416521933445,0.9779640325261914,1.132700674718324,11.91836417277672,21.859378466990375,0.545228842876099,1.8570725993559662,2.098121376743199,0.8851116693386581,2.0398139830597293,3.1500792553480665,0.6475434965812771,-13.555618732516173,25.108855577780485,-0.5398739958756987,-2.652586932822963,7.901928205562246,-0.33568852160251966,-2.104145831014155,4.691186306020372,-0.4485316176384234,156.62351498538936,1221.6993159813917,0.1282013608490664,-0.36484545185148676,1.2854063782516787,-0.28383643817862947,-0.3323920368818776,2.3401797705708023,-0.14203690632019106,-1.0646218229986317,7.463055899534399,-0.14265224523010817,-33.448317154301776,284.82291920124334,-0.11743548282795735,-1.985869485026007,0.825430022335082,-2.4058575838452647,-14.804837184964043,8.003458579078341,-1.8498047049134887,-1.2095123256659557,0.48434402378846536,-2.497212248007327,-0.523408559236012,1.3460363928046728,-0.38885142569881437
2024-06-20__OMG__RA__G1,2024-06-20__OMG__RA__G1,2024-06-20,0.0,-0.7751224045894727,1.2372145438177267,-0.626505549871808,4.483920223674115,6.761859462395603,0.6631193069733273,-42.329132958668424,63.362072928598394,-0.6680515698770906,124.8432025511438,202.97771873758262,0.6150586513265884,-0.8274664167718999,0.9779640325261914,-0.8461104326342457,-4.341183785828804,21.859378466990375,-0.1985959296046981,-0.7247563142934617,2.098121376743199,-0.345430906379475,-0.9572589428974934,3.1500792553480665,-0.3038839855817329,15.987944767160457,25.108855577780485,0.6367452344010212,3.0774024669253386,7.901928205562246,0.3894495112357024,0.4340378176035511,4.691186306020372,0.09252195431347082,631.5333515205067,1221.6993159813917,0.5169302648714879,-0.8216384678432487,1.2854063782516787,-0.6392047235334715,-1.2847947143602028,2.3401797705708023,-0.5490151575114531,-2.011564150372376,7.463055899534399,-0.2695362205395851,53.96553077774854,284.82291920124334,0.1894704637520705,0.43774334053321917,0.825430022335082,0.5303209216620867,3.6817475958362778,8.003458579078341,0.46001951524321427,0.24820724230697122,0.48434402378846536,0.5124595693490064,-0.268829512822256,1.3460363928046728,-0.1997192011598645
2024-06-20__OMG__RA__G2,2024-06-20__OMG__RA__G2,2024-06-20,0.0,-0.14372138410085888,1.2372145438177267,-0.11616519435034896,3.136175690667173,6.761859462395603,0.4638036688435424,-7.911513487126683,63.362072928598394,-0.12486197178523589,93.1750780912489,202.97771873758262,0.45904091449893725,1.479020466697099,0.9779640325261914,1.5123449382199547,-2.086266103065597,21.859378466990375,-0.09544031687706625,0.9537105657910097,2.098121376743199,0.454554308348497,1.307828810144147,3.1500792553480665,0.41517317151643146,10.776321451233045,25.108855577780485,0.4291840776520786,0.3628837124130868,7.901928205562246,0.045923432490087276,-0.24083199778027353,4.691186306020372,-0.05133710979120468,47.97395964911465,1221.6993159813917,0.039268221715675525,6.062644193991038,1.2854063782516787,4.716515788354213,5.743034185813883,2.3401797705708023,2.4540985286419037,11.026380757339638,7.463055899534399,1.477461703129658,350.4593318458592,284.82291920124334,1.2304463826093772,2.192256654223473,0.825430022335082,2.6558932180931905,23.168084907574983,8.003458579078341,2.8947587825817402,1.310074913197497,0.48434402378846536,2.7048381811591895,-5.379036422971415,1.3460363928046728,-3.9962013326861436
2024-06-21__AL__UP__G1,2024-06-21__AL__UP__G1,2024-06-21,1.0,-1.0205535300335784,1.2372145438177267,-0.8248793309566858,-7.722378496246048,6.761859462395603,-1.1420493722389164,-39.49699047422837,63.362072928598394,-0.623353814440115,-254.75786781489455,202.97771873758262,-1.2551026198552988,1.079461016772381,0.9779640325261914,1.1037828356541688,9.071811272276463,21.859378466990375,0.4150077217871492,0.5797575117725522,2.098121376743199,0.27632206691035727,0.07594431399762192,3.1500792553480665,0.024108691792435136,-6.821694228134696,25.108855577780485,-0.2716847821008066,-2.9344368918859622,7.901928205562246,-0.3713570212474674,-0.9666289542141584,4.691186306020372,-0.20605209111425762,-617.27673212448,1221.6993159813917,-0.5052607655127975,-0.7498659552924725,1.2854063782516787,-0.5833683297449154,0.5592586555803649,2.3401797705708023,0.23898096361331694,-4.157282299121558,7.463055899534399,-0.5570481848236907,-266.341631580376,284.82291920124334,-0.935113056885277,0.4899508895472886,0.825430022335082,0.5935697548188273,4.337838994000691,8.003458579078341,0.5419954897179885,0.3235767678396131,0.48434402378846536,0.6680708006632339,0.16745392937990644,1.3460363928046728,0.12440510960174057
2024-06-21__AL__UP__G2,2024-06-21__AL__UP__G2,2024-06-21,1.0,0.4961968067096114,1.2372145438177267,0.40105930546142077,8.813878628413732,6.761859462395603,1.3034694633865807,41.62887428840651,63.362072928598394,0.656999869280121,305.166394810166,202.97771873758262,1.5034477439430143,-0.4907601051298984,0.9779640325261914,-0.501817640516462,-2.8586302997849913,21.859378466990375,-0.130773625303581,-0.21044507240507215,2.098121376743199,-0.10030161955173203,-0.29379802764040663,3.1500792553480665,-0.0932668388818378,-0.15530973795250702,25.108855577780485,-0.0061854564134133,1.783365545176089,7.901928205562246,0.2256873604892284,-0.861443818931499,4.691186306020372,-0.18363023318765737,367.14672187319377,1221.6993159813917,0.30052134495773475,-6.03335764836236,1.2854063782516787,-4.693731925336007,-5.839946079323614,2.3401797705708023,-2.495510668562228,-3.684245569246528,7.463055899534399,-0.4936644084110331,-119.16162615079224,284.82291920124334,-0.41837091645081753,-0.2519833283210229,0.825430022335082,-0.30527484611395034,-3.42966942603762,8.003458579078341,-0.42852336444642514,-0.2997509334219657,0.48434402378846536,-0.6188789369143597,0.34677753528883315,1.3460363928046728,0.25762845604628387
2024-06-21__AL__UP__G3,2024-06-21__AL__UP__G3,2024-06-21,0.0,0.4732913209758145,1.2372145438177267,0.38254556640580195,-8.127249135731212,6.761859462395603,-1.2019249999210833,-8.699360771754812,63.362072928598394,-0.137296023194537,-286.0384491533845,202.97771873758262,-1.4092110677131755,-0.5239387859513549,0.9779640325261914,-0.5357438850323343,8.049679287837776,21.859378466990375,0.36824829817303434,0.43536230274722243,2.098121376743199,0.20750091013423705,0.12680464340395092,3.1500792553480665,0.040254416752928,-5.181592213928042,25.108855577780485,-0.20636512052537567,-3.914446844518931,7.901928205562246,-0.4953786275082689,-0.7467059739358826,4.691186306020372,-0.15917206566823872,408.95747585331765,1221.6993159813917,0.3347447855367399,0.44289688690846596,1.2854063782516787,0.34455760438442745,0.7022460090461706,2.3401797705708023,0.30008195002597304,6.233235568478904,7.463055899534399,0.835212119160954,170.65710657598117,284.82291920124334,0.5991691485200783,-0.8808561811236371,0.825430022335082,-1.0671469296510827,-5.912886776615771,8.003458579078341,-0.7387913586860003,-0.2658920329753056,0.48434402378846536,-0.5489723645667769,-0.5156134100449421,1.3460363928046728,-0.38306024245773995
2024-06-21__LGD__WE__G1,2024-06-21__LGD__WE__G1,2024-06-21,0.0,,,,,,,,,,,,,,,,,,,,,,,,,,,,,,,,,,,,,,,,,,,,,,,,,,,,,,,,,,,,
2024-06-21__NIP__WBG__G1,2024-06-21__NIP__WBG__G1,2024-06-21,1.0,1.1123658729334345,1.2372145438177267,0.8990881811110791,0.42717193816864807,6.761859462395603,0.06317372867190295,48.84560539696656,63.362072928598394,0.7708965690108222,10.484373401698576,202.97771873758262,0.051652828769843194,-0.4822358423473707,0.9779640325261914,-0.49310131375730526,-12.997464929358415,21.859378466990375,-0.594594414218654,0.23981070853053765,2.098121376743199,0.11429776984828821,0.7675382369027144,3.1500792553480665,0.243656724491264,1.2823029444919598,25.108855577780485,0.05106974666567273,-0.5755160483860635,7.901928205562246,-0.07283234681233945,-0.6323419469565135,4.691186306020372,-0.1347935833099237,193.33475775717704,1221.6993159813917,0.15825068825844468,-0.578916904799037,1.2854063782516787,-0.4503762111482815,-0.3914806534838178,2.3401797705708023,-0.16728650128525338,8.155593700395652,7.463055899534399,1.0927953263902435,341.3183764642324,284.82291920124334,1.1983529142355254,-0.5798558580023747,0.825430022335082,-0.7024885693804024,-5.0767133435814245,8.003458579078341,-0.6343148601452732,-0.6093340256516022,0.48434402378846536,-1.2580577805579458,-0.31993592279836847,1.3460363928046728,-0.23768724740382846
2024-06-21__NIP__WBG__G2,2024-06-21__NIP__WBG__G2,2024-06-21,0.0,0.2811603540641805,1.2372145438177267,0.22725252319138547,10.409362069744667,6.761859462395603,1.5394227857308993,-13.87160263621962,63.362072928598394,-0.2189259564302028,243.2015497433482,202.97771873758262,1.198168695843901,1.1360437814565172,0.9779640325261914,1.1616404919120584,-1.9303518317476716,21.859378466990375,-0.08830771407132924,0.8925989920398116,2.098121376743199,0.4254275164946976,-0.1705909135709991,3.1500792553480665,-0.054154465836664764,-18.386645095856153,25.108855577780485,-0.7322772759045905,-7.673668038477615,7.901928205562246,-0.9711132356230228,-1.8203834892224027,4.691186306020372,-0.3880432330822174,-417.64166683563127,1221.6993159813917,-0.341853073854172,0.7520871095364949,1.2854063782516787,0.5850963066350462,-0.2703169061213728,2.3401797705708023,-0.11551112184185618,6.364693076421222,7.463055899534399,0.8528265511171835,192.83541941277633,284.82291920124334,0.6770361713745766,-1.6920392068728605,0.825430022335082,-2.0498856489379444,-8.224549935964482,8.003458579078341,-1.027624348533488,-0.7110256747109975,0.48434402378846536,-1.468014823708674,-0.7455882240878005,1.3460363928046728,-0.5539134559510672
2024-06-22__BLG__RNG__G1,2024-06-22__BLG__RNG__G1,2024-06-22,1.0,0.6524451831560896,1.2372145438177267,0.5273496493123686,11.067827123956201,6.761859462395603,1.6368020584729832,76.00902733717709,63.362072928598394,1.1995981606099309,349.6536798472474,202.97771873758262,1.722620986674267,0.7831444909760572,0.9779640325261914,0.8007898697084381,-5.766855038925144,21.859378466990375,-0.26381604508186574,-0.18624449221490735,2.098121376743199,-0.08876722076812531,0.7010722969578596,3.1500792553480665,0.22255696367342073,14.340954995210069,25.108855577780485,0.5711512569592982,0.8340092567300523,7.901928205562246,0.1055450175563437,2.05991387758628,4.691186306020372,0.43910288445373247,316.2820087005524,1221.6993159813917,0.25888694894422193,0.5156159598662455,1.2854063782516787,0.40113038760330627,-0.5657418478032241,2.3401797705708023,-0.2417513445618271,5.638389229014479,7.463055899534399,0.7555066650190277,215.63533901220865,284.82291920124334,0.7570856266056475,0.456473963031641,0.825430022335082,0.5530128510802885,4.588959397640913,8.003458579078341,0.5733719714955275,0.042226946223655304,0.48434402378846536,0.08718360703566898,0.18002001593907657,1.3460363928046728,0.13374072436723144
2024-06-22__BLG__RNG__G2,2024-06-22__BLG__RNG__G2,2024-06-22,1.0,-0.06753666987966511,1.2372145438177267,-0.05458763448062126,6.814651180259032,6.761859462395603,1.0078071291410124,33.9749376383927,63.362072928598394,0.5362030554220568,299.891699040214,202.97771873758262,1.4774611687820984,0.09113835680414883,0.9779640325261914,0.0931918358765123,-9.613647683953232,21.859378466990375,-0.439795086519757,-0.7269149780063842,2.098121376743199,-0.3464597613866235,-0.2922831932410297,3.1500792553480665,-0.09278595132451126,-17.574510244510236,25.108855577780485,-0.6999327185636323,-5.320754902982777,7.901928205562246,-0.6733488448918835,-0.5830503497087118,4.691186306020372,-0.12428630785227059,381.90722075383263,1221.6993159813917,0.31260328580477514,0.11958838634251201,1.2854063782516787,0.09303539746688538,-0.6938639566741678,2.3401797705708023,-0.29650015306506633,0.6089734110019052,7.463055899534399,0.08159838779199144,177.38386624049792,284.82291920124334,0.6227864882333426,0.17629920678618172,0.825430022335082,0.21358442076412948,-0.20584968597423625,8.003458579078341,-0.025720088161917277,-0.10769413835243768,0.48434402378846536,-0.2223500460685489,1.1554363691007126,1.3460363928046728,0.8583984184073712
2024-06-22__LGD__WE__G2,2024-06-22__LGD__WE__G2,2024-06-22,1.0,-0.9203135455334719,1.2372145438177267,-0.7438586995873191,1.4788652427672062,6.761859462395603,0.2187068560482053,-45.98400295160883,63.362072928598394,-0.7257338672882993,57.0303894857102,202.97771873758262,0.28096871695790687,1.9100158484720673,0.9779640325261914,1.9530512696740148,-2.3830674741674756,21.859378466990375,-0.10901807518214876,2.309386597660417,2.098121376743199,1.1006920393486064,1.6292297656296382,3.1500792553480665,0.5172026213819804,-9.85483178258827,25.108855577780485,-0.392484291431617,-5.679734636977219,7.901928205562246,-0.7187782235481429,-0.059657434703121126,4.691186306020372,-0.012716915955702847,-30.74045929030511,1221.6993159813917,-0.0251620499930044,-0.8675838358355534,1.2854063782516787,-0.6749485420066441,-0.5110392830951831,2.3401797705708023,-0.21837598595878283,2.8316397472581336,7.463055899534399,0.37942089754598984,55.53770549740295,284.82291920124334,0.19499029592900197,-0.23699759955116972,0.825430022335082,-0.28711981151462107,-2.906221071247927,8.003458579078341,-0.36312060335070756,-0.12029354218688337,0.48434402378846536,-0.2483633283686235,0.1807204436901575,1.3460363928046728,0.13426108714082532
2024-06-23__AL__IG__G1,2024-06-23__AL__IG__G1,2024-06-23,1.0,0.275541857920115,1.2372145438177267,0.22271128042076177,4.53934410819177,6.761859462395603,0.6713158506355164,21.368794951106963,63.362072928598394,0.33724898233582257,202.17412196109353,202.97771873758262,0.9960409557387481,-0.21450186849491004,0.9779640325261914,-0.21933490601481742,-9.305910558641003,21.859378466990375,-0.4257170507833382,-1.5609548311742572,2.098121376743199,-0.7439770189178584,-0.6514681530137514,3.1500792553480665,-0.2068100175885099,6.3064597276501715,25.108855577780485,0.251164751692872,4.4983275538762975,7.901928205562246,0.5692695336614608,0.43609113780344266,4.691186306020372,0.09295965165232072,578.838156262634,1221.6993159813917,0.47379756067380246,-0.3942419471415679,1.2854063782516787,-0.3067058380182851,-0.8069850676333061,2.3401797705708023,-0.3448387739022705,2.7591477150812445,7.463055899534399,0.36970744725976573,261.62717026028497,284.82291920124334,0.9185608028856341,-0.3310543091608338,0.825430022335082,-0.4010684117787409,-2.9014307189937796,8.003458579078341,-0.3625220681539197,-0.3044389977113824,0.48434402378846536,-0.628558120263344,-1.2393251247821162,1.3460363928046728,-0.9207211712000026
2024-06-23__AL__IG__G2,2024-06-23__AL__IG__G2,2024-06-23,0.0,-0.8632203996698244,1.2372145438177267,-0.6977122167461217,5.1822791139731805,6.761859462395603,0.7663984110280196,-50.50577255371445,63.362072928598394,-0.79709784453439,128.41263936489185,202.97771873758262,0.6326440139878832,-0.4491706657916197,0.9779640325261914,-0.4592911309225059,-2.94507147692525,21.859378466990375,-0.13472804575137057,-0.6110356437977771,2.098121376743199,-0.29122974454247724,-0.8109470766543567,3.1500792553480665,-0.25743695744816875,-0.5971491208897532,25.108855577780485,-0.023782409965182837,6.0020816764327805,7.901928205562246,0.7595716843689078,-0.527702340509026,4.691186306020372,-0.11248801339307136,-873.3326689491023,1221.6993159813917,-0.7148507466689566,0.12696992206012148,1.2854063782516787,0.09877796269756682,0.9913870529099569,2.3401797705708023,0.4236369537675262,13.941945152799939,7.463055899534399,1.8681279454897015,228.73871744704104,284.82291920124334,0.8030909776692983,-0.3430245116833892,0.825430022335082,-0.41557017170616967,-1.5722954860981133,8.003458579078341,-0.19645198061700903,-0.2798741919982155,0.48434402378846536,-0.5778405439351614,0.6750872723528172,1.3460363928046728,0.5015367893652424
2024-06-23__LNG__TES__G1,2024-06-23__LNG__TES__G1,2024-06-23,0.0,-0.15480183029073746,1.2372145438177267,-0.1251211489091538,-2.525281341274333,6.761859462395603,-0.3734595464248418,-6.123188979109216,63.362072928598394,-0.09663807699870004,-6.655373933497799,202.97771873758262,-0.032788691990934385,1.4106176897373608,0.9779640325261914,1.442400947704214,-8.162031549007182,21.859378466990375,-0.37338807175805616,2.2881526152934555,2.098121376743199,1.0905715703986865,2.2676814110744417,3.1500792553480665,0.7198805196231025,-6.960104398312893,25.108855577780485,-0.2771971864490269,-4.6931507631170994,7.901928205562246,-0.5939246785219924,-1.1985538498334698,4.691186306020372,-0.25549051266729894,-224.80790273678448,1221.6993159813917,-0.18401246494288465,-0.46412320259062234,1.2854063782516787,-0.3610709028462948,-1.5020705610026646,2.3401797705708023,-0.6418609108715515,-11.038765630130158,7.463055899534399,-1.4791211937321338,-266.4864041677099,284.82291920124334,-0.935621346692964,-0.27844562898968794,0.825430022335082,-0.33733361293107966,-1.9059459992719923,8.003458579078341,-0.23814026677341907,-0.3247941771768297,0.48434402378846536,-0.6705843174279861,0.14437538396604488,1.3460363928046728,0.10725956406397961
2024-06-23__LNG__TES__G2,2024-06-23__LNG__TES__G2,2024-06-23,0.0,0.26162465223479536,1.2372145438177267,0.21146246791200948,3.836926706286203,6.761859462395603,0.5674365402279907,6.864350348508594,63.362072928598394,0.10833531674237667,42.27584785820687,202.97771873758262,0.2082782677471336,-0.5661011693873217,0.9779640325261914,-0.5788562479836523,11.040871066207629,21.859378466990375,0.5050862071762071,0.0872789582355118,2.098121376743199,0.041598602256456625,-0.4026642233787827,3.1500792553480665,-0.1278266554304949,6.100338083182237,25.108855577780485,0.2429556305873599,1.371639149599421,7.901928205562246,0.1735828193239077,0.3150655062822256,4.691186306020372,0.0671611440195301,-7.085891460292487,1221.6993159813917,-0.005800028993877562,-0.016054356637324574,1.2854063782516787,-0.012489703193675913,0.34188092453729624,2.3401797705708023,0.14609167327441408,-3.157033401926615,7.463055899534399,-0.42302148361264325,-139.13051424857917,284.82291920124334,-0.4884807520064596,-0.6434127376519276,0.825430022335082,-0.7794869834571538,-4.378147648637018,8.003458579078341,-0.5470318935678558,-0.24356600733960931,0.48434402378846536,-0.5028770718742539,0.51443679615317,1.3460363928046728,0.3821861108042942
2024-06-23__LNG__TES__G3,2024-06-23__LNG__TES__G3,2024-06-23,1.0,0.9722017533661447,1.2372145438177267,0.785798204867506,-5.475161372237871,6.761859462395603,-0.8097122681969869,32.47053375111085,63.362072928598394,0.512460084366893,-150.45945729520474,202.97771873758262,-0.7412609496733163,-0.36283466956320964,0.9779640325261914,-0.37100985975538175,4.221425094540109,21.859378466990375,0.19311733441083448,-1.3011231024206396,2.098121376743199,-0.620136898039428,-0.9935993441153927,3.1500792553480665,-0.3154203269673856,-0.29127268352790736,25.108855577780485,-0.011600396164023754,0.8947862637791637,7.901928205562246,0.11323643131974845,-0.233897599901713,4.691186306020372,-0.04985893434729065,260.5328422950161,1221.6993159813917,0.213254471598419,-1.0162605914256222,1.2854063782516787,-0.7906136285041937,-1.2297290618462355,2.3401797705708023,-0.5254846451653765,-1.6151993603153016,7.463055899534399,-0.21642597424335192,57.3921963705302,284.82291920124334,0.20150132696476605,-1.1566771785699745,0.825430022335082,-1.4013008322583056,-9.287856441560457,8.003458579078341,-1.1604802085637602,-1.0509075114380502,0.48434402378846536,-2.16974978542781,0.04829354103928374,1.3460363928046728,0.035878305682620626
2024-06-24__EDG__TT__G1,2024-06-24__EDG__TT__G1,2024-06-24,1.0,0.12107544019027916,1.2372145438177267,0.09786123428151551,-4.904997121677528,6.761859462395603,-0.7253916505605882,1.7726343827637834,63.362072928598394,0.027976268339343406,-194.42093421330594,202.97771873758262,-0.9578437203091097,0.3784845502733356,0.9779640325261914,0.38701235492609415,3.407795375552041,21.859378466990375,0.15589625408617466,0.9276137419787958,2.098121376743199,0.4421161283350306,-0.5245867797829495,3.1500792553480665,-0.1665312427809829,4.233327782007123,25.108855577780485,0.16859898693090272,-2.7099858079650687,7.901928205562246,-0.3429524281307763,-0.2715240590960386,4.691186306020372,-0.05787960304794947,-164.19124707847317,1221.6993159813917,-0.1343957918255708,-0.5362343152311997,1.2854063782516787,-0.4171707151397778,-0.6477375407188006,2.3401797705708023,-0.2767895321867842,-2.3780387777899534,7.463055899534399,-0.31864138379251983,66.98961161614511,284.82291920124334,0.23519740464992495,-0.34782516016192844,0.825430022335082,-0.42138610101902557,-0.8839148354019386,8.003458579078341,-0.11044159424663805,-0.1752134300165682,0.48434402378846536,-0.3617533398941073,-0.43475653405381465,1.3460363928046728,-0.32298993800457027
2024-06-24__EDG__TT__G2,2024-06-24__EDG__TT__G2,2024-06-24,0.0,0.09941915772957088,1.2372145438177267,0.08035718450706586,-1.5887339599711154,6.761859462395603,-0.23495515306866538,46.61380971885421,63.362072928598394,0.7356736739927815,-7.298326627019151,202.97771873758262,-0.03595629429897383,0.6699458687109843,0.9779640325261914,0.685040718665002,-2.396269027229266,21.859378466990375,-0.10962200600652217,0.001871284249471472,2.098121376743199,0.0008918851780114772,0.8539421417962982,3.1500792553480665,0.271085836732735,5.189275317676021,25.108855577780485,0.20667111230656965,-1.2097744485694477,7.901928205562246,-0.15309861896989352,0.34551109746562414,4.691186306020372,0.07365109830984944,443.49261537157275,1221.6993159813917,0.36301290277166276,-1.006831899560492,1.2854063782516787,-0.7832784505484279,-0.38359613217918564,2.3401797705708023,-0.16391730801446644,-3.136368391309958,7.463055899534399,-0.4202525095990663,-95.05581158224072,284.82291920124334,-0.33373652483823446,0.4150907288514172,0.825430022335082,0.5028775483591068,3.007516549187187,8.003458579078341,0.37577706483944356,0.250554688045421,0.48434402378846536,0.5173062088790019,0.40448449893519545,1.3460363928046728,0.30050019494064034
2024-06-24__FPX__JDG__G1,2024-06-24__FPX__JDG__G1,2024-06-24,1.0,-0.6512408512076799,1.2372145438177267,-0.5263762280241965,-8.966975442511036,6.761859462395603,-1.32611068985801,-3.577093211210297,63.362072928598394,-0.05645479999978,-188.9673877623776,202.97771873758262,-0.9309760106019611,0.9278811053133689,0.9779640325261914,0.9487876094266374,-3.9611822811807826,21.859378466990375,-0.18121201872004294,0.392115203458431,2.098121376743199,0.1868886237546782,0.12590330278023076,3.1500792553480665,0.03996828416243609,-4.506807686347926,25.108855577780485,-0.1794907574698612,-3.4227512604138504,7.901928205562246,-0.4331538756389442,-0.23834019920223515,4.691186306020372,-0.05080594392305855,472.11749704086594,1221.6993159813917,0.38644328475797696,-0.285201269420023,1.2854063782516787,-0.22187617267915005,-0.6888125935089242,2.3401797705708023,-0.2943416176097,-5.299516719570978,7.463055899534399,-0.7101000020382534,-77.34594021579233,284.82291920124334,-0.27155799175551987,-0.04415898739755342,0.825430022335082,-0.05349809518017747,-0.2704592206879042,8.003458579078341,-0.03379278898276758,0.27873450905452235,0.48434402378846536,0.5754875044948493,-0.4525170411542927,1.3460363928046728,-0.3361845990113283
2024-06-24__FPX__JDG__G2,2024-06-24__FPX__JDG__G2,2024-06-24,0.0,0.8298140660779545,1.2372145438177267,0.6707109931042115,-3.0155531960726236,6.761859462395603,-0.4459650140435268,3.541184463480306,63.362072928598394,0.05588807695074509,-149.0851011163993,202.97771873758262,-0.7344899790437208,-1.3228277627200296,0.9779640325261914,-1.3526329865833953,-0.5194544560059882,21.859378466990375,-0.023763458463695687,0.4817613913601875,2.098121376743199,0.2296154870184452,0.4433155229741348,3.1500792553480665,0.14073150111699323,4.9190296564036515,25.108855577780485,0.1959081506227024,1.142345880497274,7.901928205562246,0.1445654410182725,-0.5278863884114173,4.691186306020372,-0.11252724608415474,-12.29450734029166,1221.6993159813917,-0.01006344782992043,-1.2542132604343994,1.2854063782516787,-0.9757321154794465,-0.4688129764065678,2.3401797705708023,-0.20033194969473142,-0.9070432151118837,7.463055899534399,-0.12153775956987167,-46.526180326284816,284.82291920124334,-0.16335125099276232,-0.6149730965959912,0.825430022335082,-0.7450326919580497,-2.8382380117107147,8.003458579078341,-0.3546263942070861,-0.5516747034984351,0.48434402378846536,-1.139011812660587,-0.7383043964176217,1.3460363928046728,-0.5485021444161018
2024-06-25__AL__WBG__G1,2024-06-25__AL__WBG__G1,2024-06-25,0.0,-0.2081571007901708,1.2372145438177267,-0.1682464319417229,-3.4892333768636377,6.761859462395603,-0.5160167673184233,-32.14957067844432,63.362072928598394,-0.507394545113424,-155.27520498632265,202.97771873758262,-0.7649864486952972,-0.9862161456356047,0.9779640325261914,-1.0084370226286106,10.25173752794477,21.859378466990375,0.4689857524741639,-0.5912869774792711,2.098121376743199,-0.2818172019103545,-0.5845815681806092,3.1500792553480665,-0.18557672211307397,9.173045562223237,25.108855577780485,0.3653310748662572,3.815002475407667,7.901928205562246,0.4827938059382067,0.5010127010493273,4.691186306020372,0.10679869900022099,-533.3177005992942,1221.6993159813917,-0.43653761051207773,1.188561531044348,1.2854063782516787,0.924657467472255,1.6319817349466668,2.3401797705708023,0.6973742180389781,0.5720842981673862,7.463055899534399,0.07665549196108595,-177.3579142320358,284.82291920124334,-0.6226953719410029,-0.17141909428856605,0.825430022335082,-0.20767222172439603,-0.43173964480776306,8.003458579078341,-0.05394412760406309,0.14933098244199128,0.48434402378846536,0.30831530233127913,-0.7413983818064285,1.3460363928046728,-0.5508007324087875
2024-06-25__AL__WBG__G2,2024-06-25__AL__WBG__G2,2024-06-25,1.0,-0.8182582458638246,1.2372145438177267,-0.6613708095995073,-3.0435513540824637,6.761859462395603,-0.45010561383341374,-26.24442709536504,63.362072928598394,-0.4141977285172109,11.18104190761585,202.97771873758262,0.0550850700366086,0.6374384244595932,0.9779640325261914,0.6518008346505186,2.7708186220304043,21.859378466990375,0.1267565086289201,0.25384645330401767,2.098121376743199,0.12098743911117789,-0.4437310275070103,3.1500792553480665,-0.14086340395730026,-18.786248820015402,25.108855577780485,-0.748192127420086,-2.787244843018989,7.901928205562246,-0.3527296651882201,-1.886173435039245,4.691186306020372,-0.4020673897669039,160.30935407628914,1221.6993159813917,0.13121833813608563,0.12662265354552993,1.2854063782516787,0.09850780047470493,-0.07983822066075774,2.3401797705708023,-0.034116262155800936,6.367788201462009,7.463055899534399,0.8532412772920542,376.5750768238248,284.82291920124334,1.3221375462261022,1.2666413745180471,0.825430022335082,1.534521165602444,10.12265555172258,8.003458579078341,1.2647849910036382,0.7561316552454447,0.48434402378846536,1.5611426113787854,-0.0694183842431233,1.3460363928046728,-0.051572404016562705
2024-06-25__IG__UP__G1,2024-06-25__IG__UP__G1,2024-06-25,1.0,-0.6896355468572448,1.2372145438177267,-0.5574093781017398,6.196528160151587,6.761859462395603,0.9163939709510466,-32.98671237491641,63.362072928598394,-0.5206065762949703,162.39654286275368,202.97771873758262,0.8000707815257071,0.9009069761581623,0.9779640325261914,0.9212057141051561,-6.352426194900914,21.859378466990375,-0.2906041410962122,1.149243287871176,2.098121376743199,0.5477484538604862,1.57149545028242,3.1500792553480665,0.49887473425935885,7.842027517413186,25.108855577780485,0.31232117213783483,1.1823839483802097,7.901928205562246,0.14963231353020953,0.5497512120701478,4.691186306020372,0.11718807547177491,-287.26146088242217,1221.6993159813917,-0.2351327015490159,-0.9962673497107417,1.2854063782516787,-0.7750596165596895,-0.9311671313728596,2.3401797705708023,-0.39790393250079353,9.865867369717595,7.463055899534399,1.3219606258573617,307.9092764478678,284.82291920124334,1.081055120951336,0.0746956353851771,0.825430022335082,0.09049288597594597,1.4308294591014956,8.003458579078341,0.17877637101357943,0.025225559328566183,0.48434402378846536,0.05208179725117459,0.28741096634532326,1.3460363928046728,0.2135237608417839
2024-06-25__IG__UP__G2,2024-06-25__IG__UP__G2,2024-06-25,0.0,-0.14302594515807954,1.2372145438177267,-0.11560309428116182,-0.6398051649700243,6.761859462395603,-0.09461969357814182,17.735290679960258,63.362072928598394,0.27990388540542166,-67.27212280364728,202.97771873758262,-0.33142614317777963,0.6788978179702712,0.9779640325261914,0.6941943682961785,-1.7682623855745732,21.859378466990375,-0.08089261583316251,-0.13246939080205067,2.098121376743199,-0.06313711357851093,0.2692818425151122,3.1500792553480665,0.08548412125625607,-5.536211939508007,25.108855577780485,-0.22048841301706876,3.132932342269708,7.901928205562246,0.3964768932711275,0.5130959955328347,4.691186306020372,0.10937444234519476,516.2046457907459,1221.6993159813917,0.42253002732799955,1.2886037874082472,1.2854063782516787,1.0024866895979048,-0.03384726633827029,2.3401797705708023,-0.014463526392456627,6.305093411667887,7.463055899534399,0.8448405923397483,157.17166964941998,284.82291920124334,0.5518224078959987,0.4051749224279697,0.825430022335082,0.4908646652045624,2.8210576920553336,8.003458579078341,0.3524797825467621,0.37170445720131196,0.48434402378846536,0.7674373410382174,-0.6451983920202604,1.3460363928046728,-0.4793317001958555
2024-06-26__LNG__OMG__G1,2024-06-26__LNG__OMG__G1,2024-06-26,1.0,-0.9639265355605318,1.2372145438177267,-0.7791096227146519,2.591002126891965,6.761859462395603,0.38317888121193505,-45.99706042985315,63.362072928598394,-0.7259399444798229,112.55415617329243,202.97771873758262,0.5545148320653457,1.8796221961152844,0.9779640325261914,1.9219728043445614,-3.5733736000231744,21.859378466990375,-0.16347095330035735,1.5809638918782234,2.098121376743199,0.7535136698423984,0.8764121307509782,3.1500792553480665,0.27821898482206747,-17.421224206395244,25.108855577780485,-0.693827859202946,-1.1972213813463348,7.901928205562246,-0.15151001106205797,-1.4191960004930264,4.691186306020372,-0.3025238405364289,-190.92203948867666,1221.6993159813917,-0.15627580111971584,-0.41143080743698945,1.2854063782516787,-0.3200781436283561,-0.058579098427163245,2.3401797705708023,-0.025031868975179637,-4.140071579192149,7.463055899534399,-0.5547420627933893,-178.8913765031208,284.82291920124334,-0.6280792865150179,0.16939578094176078,0.825430022335082,0.20522100134127852,-1.255910645454044,8.003458579078341,-0.15692097061839247,0.07528462964969251,0.48434402378846536,0.15543595154716117,1.4075411093682018,1.3460363928046728,1.0456924279312751
2024-06-26__LNG__OMG__G2,2024-06-26__LNG__OMG__G2,2024-06-26,1.0,-0.5834938458361698,1.2372145438177267,-0.47161858639090404,0.9866167142173374,6.761859462395603,0.14590906152295802,-7.300756684554415,63.362072928598394,-0.11522281756088838,21.854408162542768,202.97771873758262,0.1076690002764687,-0.48413151879856464,0.9779640325261914,-0.49503970254232876,-6.9851703249349555,21.859378466990375,-0.31955025692669775,0.5156284046938353,2.098121376743199,0.24575706851485807,0.550670782994199,3.1500792553480665,0.1748116677533198,24.56036962160759,25.108855577780485,0.9781556378533675,-0.891673858630579,7.901928205562246,-0.11284255217104716,3.283034457827254,4.691186306020372,0.6998301802219699,-342.0115037467553,1221.6993159813917,-0.27994736429239125,6.72376663718538,1.2854063782516787,5.2308449064066975,5.6066825052149305,2.3401797705708023,2.395833080812549,3.9195121819789485,7.463055899534399,0.5251885701452279,143.23622542234864,284.82291920124334,0.5028957126102921,0.6630119329297357,0.825430022335082,0.8032311786079047,7.079721946264662,8.003458579078341,0.88458270780446,0.41488691326073646,0.48434402378846536,0.8565937356299458,-1.3967147122115033,1.3460363928046728,-1.037649265672506
2024-06-26__LNG__OMG__G3,2024-06-26__LNG__OMG__G3,2024-06-26,1.0,0.38513678390314166,1.2372145438177267,0.3112931985276465,-5.944793873962858,6.761859462395603,-0.8791654171249679,3.479666279643709,63.362072928598394,0.05491717779889724,-189.64561242752882,202.97771873758262,-0.93431738553724,-0.8390635944881781,0.9779640325261914,-0.8579689115476701,0.007681746836965431,21.859378466990375,0.00035141650972140165,-2.3602810130097502,2.098121376743199,-1.1249491636772329,-0.11686605861247612,3.1500792553480665,-0.0370993908533175,-9.203935589351403,25.108855577780485,-0.366561319144107,2.407083999054553,7.901928205562246,0.3046197879576272,-1.5780520383422196,4.691186306020372,-0.33638649139356425,220.58639690021698,1221.6993159813917,0.18055702727676717,0.05235129617898693,1.2854063782516787,0.040727396671856285,0.36753376221977163,2.3401797705708023,0.15705357758756605,5.675008886181033,7.463055899534399,0.7604134555821331,234.63622541446614,284.82291920124334,0.8237968533174315,0.7077586573170387,0.825430022335082,0.8574413102561167,6.251342657076002,8.003458579078341,0.7810800561069232,0.4008612060207428,0.48434402378846536,0.827635644700701,-0.06824288066057527,1.3460363928046728,-0.05069909723561312
2024-06-26__RA__TES__G1,2024-06-26__RA__TES__G1,2024-06-26,1.0,1.05382002846848,1.2372145438177267,0.8517675305118334,-1.729693362009808,6.761859462395603,-0.25580139839162097,64.57117001092075,63.362072928598394,1.0190823312331108,2.9565519744103312,202.97771873758262,0.014565894119968807,1.9359393407798517,0.9779640325261914,1.9795588557794415,-7.095222570167394,21.859378466990375,-0.32458481179128695,1.8359608856174212,2.098121376743199,0.8750494756494056,1.3158693092493174,3.1500792553480665,0.4177256458832415,7.585049093307553,25.108855577780485,0.3020865991970248,4.141209673428396,7.901928205562246,0.5240757751301236,0.6059507007769538,4.691186306020372,0.12916787611513936,1148.536511214134,1221.6993159813917,0.9401139013910309,1.2483311772958583,1.2854063782516787,0.9711560695985355,0.5869943588804638,2.3401797705708023,0.2508329126801977,3.8056606262129407,7.463055899534399,0.5099332187123438,145.13598776467063,284.82291920124334,0.509565689664736,0.3990827494452227,0.825430022335082,0.48348406910640185,1.7532214814566203,8.003458579078341,0.21905795414269053,-0.053928946864484795,0.48434402378846536,-0.11134407130409153,0.5011405122465931,1.3460363928046728,0.37230801679468273
2024-06-26__RA__TES__G2,2024-06-26__RA__TES__G2,2024-06-26,0.0,0.2729464408650033,1.2372145438177267,0.22061349150428655,8.771246838839506,6.761859462395603,1.2971647208070327,1.6767465442887328,63.362072928598394,0.026462936585349605,148.34658607699663,202.97771873758262,0.7308515745904761,-0.22988941120170825,0.9779640325261914,-0.23506915232733688,14.544973142911957,21.859378466990375,0.6653881993711748,0.06909809592970362,2.098121376743199,0.032933301077013824,-0.2733423664948531,3.1500792553480665,-0.0867731436463514,0.9911158612896358,25.108855577780485,0.03947275967025521,-1.1228869037921498,7.901928205562246,-0.1421028807752085,-0.006338990200902117,4.691186306020372,-0.001351254978194339,-401.7623678824835,1221.6993159813917,-0.32885535933274396,0.6789265942097167,1.2854063782516787,0.5281800973736009,0.8505044586903203,2.3401797705708023,0.3634353676373772,1.3098710696914537,7.463055899534399,0.17551401353688906,-15.08135856924082,284.82291920124334,-0.05294994714113947,-0.5933752702053257,0.825430022335082,-0.7188671786610489,-3.570950946526544,8.003458579078341,-0.4461759207057514,0.14511389682806985,0.48434402378846536,0.2996085222327946,-1.1507322610959303,1.3460363928046728,-0.8549036358478909
2024-06-27__BLG__LGD__G1,2024-06-27__BLG__LGD__G1,2024-06-27,1.0,-1.0821469477242136,1.2372145438177267,-0.874663233202671,4.650126040377383,6.761859462395603,0.6876992014605887,-49.49627588731238,63.362072928598394,-0.7811656534962675,121.71215106558373,202.97771873758262,0.5996330593472913,0.21769414585975433,0.9779640325261914,0.22259911000849017,7.478907613384962,21.859378466990375,0.3421372333408999,0.47944704994108633,2.098121376743199,0.2285124334288383,-0.30218779453589617,3.1500792553480665,-0.09593018908735901,10.684719178904075,25.108855577780485,0.42553587200618587,6.376796008634489,7.901928205562246,0.8069922980511898,1.8183611418421246,4.691186306020372,0.3876121380846498,-752.8119298425402,1221.6993159813917,-0.6162006635991322,7.366599007741287,1.2854063782516787,5.730945015860124,6.338931324917176,2.3401797705708023,2.7087357543626953,1.015347135575091,7.463055899534399,0.13604976476039407,90.36991107445999,284.82291920124334,0.3172845465196712,0.6612716792383684,0.825430022335082,0.8011228816766309,6.159483989417261,8.003458579078341,0.769602686008264,0.3696323701537729,0.48434402378846536,0.7631592191503707,-1.6119100866041247,1.3460363928046728,-1.1975225169974408
2024-06-27__BLG__LGD__G2,2024-06-27__BLG__LGD__G2,2024-06-27,1.0,0.7185949240005236,1.2372145438177267,0.5808162753784404,7.895567485863712,6.761859462395603,1.1676619962468815,26.346076606924782,63.362072928598394,0.4158019927916771,272.1698166349188,202.97771873758262,1.3408851818159666,-0.3740060450254772,0.9779640325261914,-0.3824329424738003,-2.1175077940396108,21.859378466990375,-0.09686952903842662,0.021830458631654892,2.098121376743199,0.010404759452373374,0.4039458405993104,3.1500792553480665,0.12823350767445021,-9.439826632176526,25.108855577780485,-0.3759560537109478,-6.602311193391298,7.901928205562246,-0.8355315545909808,0.012743163613747832,4.691186306020372,0.00271640477825178,669.4617686164976,1221.6993159813917,0.5479758884294231,0.33715927270635504,1.2854063782516787,0.2622976018427213,-0.42703349736239105,2.3401797705708023,-0.1824788506651269,3.158384603705109,7.463055899534399,0.423202535666337,-12.582945747220265,284.82291920124334,-0.04417813614975125,1.06027524301623,0.825430022335082,1.284511018275993,7.877677699547675,8.003458579078341,0.9842840613752247,0.5420782970580409,0.48434402378846536,1.1191986506189238,1.8111555110068025,1.3460363928046728,1.345546208960054
2024-06-27__BLG__LGD__G3,2024-06-27__BLG__LGD__G3,2024-06-27,1.0,-1.0032432712944201,1.2372145438177267,-0.8108880269954186,-0.26291123837786046,6.761859462395603,-0.03888149420414331,-60.048132883064,63.362072928598394,-0.9476983495005417,-32.5828075936318,202.97771873758262,-0.1605240596640661,1.5214370999265308,0.9779640325261914,1.5557172795805299,6.757546042895683,21.859378466990375,0.3091371396475451,0.23336918672729112,2.098121376743199,0.11122763348510555,-0.04535333305202549,3.1500792553480665,-0.014397516690257847,2.0653039759619958,25.108855577780485,0.08225400346544015,-1.006541650734004,7.901928205562246,-0.12737922911603528,-0.018842573640973193,4.691186306020372,-0.004016589492555931,-406.2473545073738,1221.6993159813917,-0.3325264644586533,-0.2107888189618219,1.2854063782516787,-0.163986003603404,-0.028379581401136278,2.3401797705708023,-0.01212708939327542,1.4383039856673534,7.463055899534399,0.19272317028121352,-17.95295477115053,284.82291920124334,-0.06303198758887017,-0.613760391066819,0.825430022335082,-0.7435635134363344,-5.721409583623462,8.003458579078341,-0.7148670555642797,-0.270604357627249,0.48434402378846536,-0.5587016369253207,-0.24286499658956373,1.3460363928046728,-0.18042960610738884
2024-06-27__RNG__WE__G1,2024-06-27__RNG__WE__G1,2024-06-27,1.0,-0.042658061196921615,1.2372145438177267,-0.0344790860493798,7.935070115317636,6.761859462395603,1.1735039726783103,-4.5658995396102,63.362072928598394,-0.07206044967460239,228.666369858407,202.97771873758262,1.1265589649644092,1.2525850635180964,0.9779640325261914,1.2808076177146448,0.7706663998998948,21.859378466990375,0.03525563939560454,1.791132947748821,2.098121376743199,0.8536837353258195,0.43511713564217436,3.1500792553480665,0.13812890478058512,3.6709446853422776,25.108855577780485,0.14620118896974374,1.1260626541590568,7.901928205562246,0.1425047763483391,0.5157539230920207,4.691186306020372,0.10994102120589704,-101.9805054828502,1221.6993159813917,-0.08347430833867243,-0.35694026912372046,1.2854063782516787,-0.27768649469649515,-0.41671408449974123,2.3401797705708023,-0.1780691858253749,0.061905103006804296,7.463055899534399,0.008294872173715625,42.80596782397322,284.82291920124334,0.15028975826007404,-0.5227151398742387,0.825430022335082,-0.6332632597155327,-6.511369066585857,8.003458579078341,-0.8135693074038979,-0.13429174580972503,0.48434402378846536,-0.27726463412242286,0.5788516351633071,1.3460363928046728,0.4300412739330978
2024-06-27__RNG__WE__G2,2024-06-27__RNG__WE__G2,2024-06-27,1.0,0.6085176472715075,1.2372145438177267,0.491844489274504,-1.8029142135506184,6.761859462395603,-0.26662990512405205,5.577276626732214,63.362072928598394,0.08802231809863341,-94.53172267628065,202.97771873758262,-0.4657246263210311,-1.1672670872618385,0.9779640325261914,-1.1935673039829031,3.9972319523332516,21.859378466990375,0.18286118132353346,-2.074241402387891,2.098121376743199,-0.9886179306698126,-0.9988213925664251,3.1500792553480665,-0.31707807789045067,8.26490464269834,25.108855577780485,0.3291629237315482,0.975776183004907,7.901928205562246,0.12348581689621421,-0.08329619173295022,4.691186306020372,-0.017755887006697255,-595.0604808484375,1221.6993159813917,-0.48707605265649917,0.9007299989605304,1.2854063782516787,0.7007350464921405,0.2811928438261795,2.3401797705708023,0.12015859943913336,2.5216033705393173,7.463055899534399,0.33787808460855145,137.24313493192403,284.82291920124334,0.4818542511780796,1.2758709215259998,0.825430022335082,1.5457026535259812,9.57912052447002,8.003458579078341,1.1968724811843343,0.8010884517053647,0.48434402378846536,1.6539623870590958,0.4993169733477405,1.3460363928046728,0.3709532707017433
2024-06-27__RNG__WE__G3,2024-06-27__RNG__WE__G3,2024-06-27,0.0,-1.135409087928089,1.2372145438177267,-0.9177132421279729,3.5373285153359504,6.761859462395603,0.5231294752395319,-24.642608384902644,63.362072928598394,-0.388917326359487,89.93913521461963,202.97771873758262,0.4430985594423683,-0.5254706828404316,0.9779640325261914,-0.5373102977752517,-4.262506745402561,21.859378466990375,-0.19499669475244386,-1.741415098380429,2.098121376743199,-0.8299873819007318,-1.3024076954104018,3.1500792553480665,-0.41345222655811126,-1.3167347895312602,25.108855577780485,-0.05244104945409879,4.532357221243561,7.901928205562246,0.5735760348312398,-0.06912545398004522,4.691186306020372,-0.014735172456519481,-53.549748522561515,1221.6993159813917,-0.04383218340080086,1.3171943342515338,1.2854063782516787,1.0247290909774376,1.304103310662466,2.3401797705708023,0.5572660569911345,-0.029006282243738468,7.463055899534399,-0.0038866489475040847,27.37562036645886,284.82291920124334,0.09611452739518453,0.08222579661198637,0.825430022335082,0.09961558796200293,3.666871321230836,8.003458579078341,0.45816078472068755,-0.11713567630473887,0.48434402378846536,-0.24184345983060443,0.49154351676293473,1.3460363928046728,0.36517820336233703
2024-06-28__EDG__JDG__G1,2024-06-28__EDG__JDG__G1,2024-06-28,1.0,-0.6547301278156672,1.2372145438177267,-0.5291964937615798,-0.5280686141053419,6.761859462395603,-0.07809516582633781,8.940858698814566,63.362072928598394,0.1411074187516315,35.179482483393485,202.97771873758262,0.17331696566931026,0.43107469314439406,0.9779640325261914,0.44078742982341673,-11.705207236530228,21.859378466990375,-0.5354775625815976,0.49737638007586327,2.098121376743199,0.2370578501945694,0.9410369240275411,3.1500792553480665,0.29873426952532095,-8.583464458733395,25.108855577780485,-0.34185007318609395,-4.208685977640403,7.901928205562246,-0.5326149941558408,1.190617780959558,4.691186306020372,0.25379881537272975,631.2215149928606,1221.6993159813917,0.5166750166910955,-0.9205133266350796,1.2854063782516787,-0.7161257529788708,-1.1876808473544855,2.3401797705708023,-0.5075167107987105,-10.57224898506728,7.463055899534399,-1.416611065329926,-153.25563380724702,284.82291920124334,-0.5380733885424788,-0.8688294605732683,0.825430022335082,-1.0525766987960004,-6.995861914219489,8.003458579078341,-0.8741047349707632,-0.6166394980361511,0.48434402378846536,-1.273140979570515,-0.6951988569165461,1.3460363928046728,-0.516478116159904
2024-06-28__EDG__JDG__G2,2024-06-28__EDG__JDG__G2,2024-06-28,0.0,0.4379866441166138,1.2372145438177267,0.35400997530721323,-4.031231235062183,6.761859462395603,-0.5961719052738322,-10.26864350419521,63.362072928598394,-0.16206293240601255,-196.7015426021884,202.97771873758262,-0.96907947757267,-1.065958439345943,0.9779640325261914,-1.0899760256176592,4.910442734899803,21.859378466990375,0.2246377918602407,0.20578833000346108,2.098121376743199,0.09808213871818815,-0.6738936031419338,3.1500792553480665,-0.2139290267280737,-1.8705984305962247,25.108855577780485,-0.07449954659630213,0.7083239562309487,7.901928205562246,0.08963937005818179,-1.7551405505591635,4.691186306020372,-0.3741356795339908,-270.9019374698332,1221.6993159813917,-0.221741907934585,-0.32822712081309646,1.2854063782516787,-0.25534871385251273,0.6043163277175978,2.3401797705708023,0.2582348916448009,-3.994386188746521,7.463055899534399,-0.5352211891880015,-181.45426494744675,284.82291920124334,-0.6370774684117386,-0.2116833231833546,0.825430022335082,-0.2564518626699036,-1.2333139797117383,8.003458579078341,-0.15409760835623085,-0.21138574961094503,0.48434402378846536,-0.4364362989786108,0.13653117569367623,1.3460363928046728,0.10143193378097234
2024-06-28__FPX__TT__G1,2024-06-28__FPX__TT__G1,2024-06-28,1.0,-0.4968689687516319,1.2372145438177267,-0.4016025915891931,-1.542977178115546,6.761859462395603,-0.22818826071558676,-1.5995315533137386,63.362072928598394,-0.025244305530722096,-36.14420463735485,202.97771873758262,-0.17806981319961354,-0.6289534665866316,0.9779640325261914,-0.6431246983974218,-1.237707250445439,21.859378466990375,-0.05662133512593475,0.8908658330780064,2.098121376743199,0.4246014641247231,1.0667818405918892,3.1500792553480665,0.3386522736304112,10.576110554441783,25.108855577780485,0.421210361438795,6.6549903271747795,7.901928205562246,0.8421981713643126,1.1146294969753203,4.691186306020372,0.23760072328488688,9.404275481020491,1221.6993159813917,0.007697700530975848,-0.021613172249217882,1.2854063782516787,-0.016814258743881344,0.30782292616307316,2.3401797705708023,0.13153809741287248,5.100037366746836,7.463055899534399,0.6833710951694626,102.65235096604681,284.82291920124334,0.3604076206139491,-0.0348942402274246,0.825430022335082,-0.04227396267311523,-2.4545734285454586,8.003458579078341,-0.30668905168983457,-0.07227553830584754,0.48434402378846536,-0.14922324945246765,0.1757671214877785,1.3460363928046728,0.1305811580178624
2024-06-28__FPX__TT__G2,2024-06-28__FPX__TT__G2,2024-06-28,0.0,-1.0820597243431314,1.2372145438177267,-0.8745927334570784,4.6819806293390585,6.761859462395603,0.6924101222402804,-30.206276043312755,63.362072928598394,-0.47672486347829585,146.1796119506252,202.97771873758262,0.7201756534638964,0.3740099637635801,0.9779640325261914,0.3824369495067438,5.731029676070023,21.859378466990375,0.26217714389945934,0.8140531434556948,2.098121376743199,0.3879912594609019,-0.1273606960316096,3.1500792553480665,-0.0404309368992686,14.077231038945882,25.108855577780485,0.5606480325114928,1.9727633996942977,7.901928205562246,0.24965591925395256,0.9663899610554312,4.691186306020372,0.20600114598179178,-362.31927415154223,1221.6993159813917,-0.2965699244612583,-0.8013583784471106,1.2854063782516787,-0.6234275545680018,-0.5159272344648826,2.3401797705708023,-0.2204646927079231,2.2460777564998544,7.463055899534399,0.30095948439572817,29.28725887359235,284.82291920124334,0.10282620111084902,-0.22256790211462807,0.825430022335082,-0.269638402352507,-0.5467296592040896,8.003458579078341,-0.06831166619911257,0.019204566034349613,0.48434402378846536,0.03965059016016047,-0.9232384981352642,1.3460363928046728,-0.6858936483269287
2024-06-29__IG__WBG__G1,2024-06-29__IG__WBG__G1,2024-06-29,0.0,-1.2322225445525987,1.2372145438177267,-0.9959643254644855,-0.8427586944807715,6.761859462395603,-0.12463414457715644,-18.905875275222115,63.362072928598394,-0.29837841634613815,51.54436744237273,202.97771873758262,0.2539410114026863,1.2542908383787985,0.9779640325261914,1.2825518261515212,-1.1039888930977781,21.859378466990375,-0.05050412774822361,1.9845645119381317,2.098121376743199,0.9458764340613262,0.620831807410962,3.1500792553480665,0.19708444137476855,16.065166636109723,25.108855577780485,0.6398207176955333,0.9820064245385858,7.901928205562246,0.12427426252406079,0.8306027749885216,4.691186306020372,0.17705598195206973,-309.11833946385536,1221.6993159813917,-0.2530232563505343,0.41690286690280054,1.2854063782516787,0.3243352060650552,-0.31979845763646964,2.3401797705708023,-0.13665545057806214,-5.9019333007808115,7.463055899534399,-0.7908198182368164,-214.68250427878172,284.82291920124334,-0.7537402682589467,-0.33858687037197877,0.825430022335082,-0.41019402131766514,-3.7736560227618767,8.003458579078341,-0.47150310256161027,-0.281568196772638,0.48434402378846536,-0.5813380605632301,1.270375587419867,1.3460363928046728,0.9437892247353152
2024-06-29__IG__WBG__G2,2024-06-29__IG__WBG__G2,2024-06-29,1.0,1.0999123716088377,1.2372145438177267,0.8890224319481091,4.1283712620470325,6.761859462395603,0.6105377780280941,27.44794457098476,63.362072928598394,0.43319201644055033,74.03941458101235,202.97771873758262,0.3647662151133304,-0.3707027515563519,0.9779640325261914,-0.3790552210223569,11.478190405480163,21.859378466990375,0.5250922343341566,-0.6787563113812318,2.098121376743199,-0.3235065403738881,-0.6887988857949687,3.1500792553480665,-0.2186607419368305,-4.904708084083495,25.108855577780485,-0.19533777131149035,1.56060423687833,7.901928205562246,0.1974966107997785,-0.6625380481418937,4.691186306020372,-0.14123035490218744,-110.10996506683506,1221.6993159813917,-0.09012853124850538,1.2316678897595725,1.2854063782516787,0.9581926404022989,0.4861069990703726,2.3401797705708023,0.20772198677275874,-5.229482224468889,7.463055899534399,-0.7007158453790086,-138.41672528663366,284.82291920124334,-0.48597467222383123,-0.17848309787739947,0.825430022335082,-0.216230179200782,-2.1343507992160724,8.003458579078341,-0.2666785254710887,-0.09649632795301932,0.48434402378846536,-0.19923055510768187,-0.5060680105683453,1.3460363928046728,-0.37596876080379604
2024-06-29__NIP__UP__G1,2024-06-29__NIP__UP__G1,2024-06-29,0.0,-1.2214715438497086,1.2372145438177267,-0.9872746506890496,-3.3242489508090074,6.761859462395603,-0.4916175022090425,-95.60895501850928,63.362072928598394,-1.5089303283577702,-17.604245007700456,202.97771873758262,-0.08672993780036498,0.3212747740720081,0.9779640325261914,0.3285135596741327,8.690417289646618,21.859378466990375,0.3975601092780299,0.317350063264751,2.098121376743199,0.15125431518315732,-0.2016094735324785,3.1500792553480665,-0.06400137685069923,-2.7947861841234953,25.108855577780485,-0.11130678832251877,0.11747150905616266,7.901928205562246,0.01486618090345245,0.3315577496042872,4.691186306020372,0.0706767238176116,-103.9180646374766,1221.6993159813917,-0.08506026253189714,-0.7097480356975989,1.2854063782516787,-0.5521580533192121,-0.7593521172492821,2.3401797705708023,-0.32448438462472523,-7.096210086289343,7.463055899534399,-0.95084496632098,-158.10105403964735,284.82291920124334,-0.5550854331805183,-0.29165762591286715,0.825430022335082,-0.3533397922067307,-2.4229778163212146,8.003458579078341,-0.3027413073535181,0.06843745213357133,0.48434402378846536,0.1412989682401712,0.17717702276027758,1.3460363928046728,0.13162860386151862
2024-06-29__NIP__UP__G2,2024-06-29__NIP__UP__G2,2024-06-29,1.0,0.2461830865617758,1.2372145438177267,0.19898156614013962,10.48658212167863,6.761859462395603,1.550842727382077,-10.922487658297996,63.362072928598394,-0.1723821046420664,290.8969662441897,202.97771873758262,1.4331472765595772,-0.734019480659601,0.9779640325261914,-0.7505580018168418,-4.025270546741467,21.859378466990375,-0.184143861577589,-1.8282717014230805,2.098121376743199,-0.8713846826518321,-1.2633165483020026,3.1500792553480665,-0.40104265475687473,7.798929351906544,25.108855577780485,0.31060471940438855,4.942366715861787,7.901928205562246,0.6254632998208598,1.116369237382215,4.691186306020372,0.23797157618275816,375.8864379996007,1221.6993159813917,0.30767508238307867,-0.9707312118153268,1.2854063782516787,-0.755193433801234,-1.1447914096748733,2.3401797705708023,-0.4891893071130752,-9.151925300665802,7.463055899534399,-1.2262971358608785,-103.86452040791892,284.82291920124334,-0.3646634910369321,-0.7865086378160022,0.825430022335082,-0.952845987773792,-6.2187159265875565,8.003458579078341,-0.7770034777015378,-0.8920488212888475,0.48434402378846536,-1.8417631594754327,-0.17466132581612293,1.3460363928046728,-0.12975963873647642
2024-07-05__AL__FPX__G1,2024-07-05__AL__FPX__G1,2024-07-05,1.0,-0.03033218810527405,1.2372145438177267,-0.0245164945242094,-3.4532669538426575,6.761859462395603,-0.5106977544193848,-12.480205966485357,63.362072928598394,-0.19696650050547718,-75.85465892167093,202.97771873758262,-0.37370928700814426,1.1266233386151558,0.9779640325261914,1.152007792860409,-0.21091754146418396,21.859378466990375,-0.009648834807167713,0.755983723680167,2.098121376743199,0.36031440875895865,0.6472224269148321,3.1500792553480665,0.2054622023727829,-8.052903961581151,25.108855577780485,-0.32071966067572294,-3.5046364226014717,7.901928205562246,-0.44351655544250174,-0.9142562451954257,4.691186306020372,-0.19488802845755643,494.2893161280856,1221.6993159813917,0.4045916284453602,-0.7915959115230198,1.2854063782516787,-0.6158327118051036,-0.6020945872510843,2.3401797705708023,-0.25728550324948835,-0.9746720937219031,7.463055899534399,-0.13059957961498464,172.95045782672833,284.82291920124334,0.6072209978906513,0.1920296357946123,0.825430022335082,0.232641650966031,1.1437429446128888,8.003458579078341,0.14290606872092176,0.043242171964891885,0.48434402378846536,0.08927968667182515,0.05245226826051308,1.3460363928046728,0.038967913180495556
2024-07-05__AL__FPX__G2,2024-07-05__AL__FPX__G2,2024-07-05,0.0,-1.22185961473211,1.2372145438177267,-0.9875883154213919,-5.4469798760459724,6.761859462395603,-0.8055445548363486,-57.060372147198734,63.362072928598394,-0.9005445783150827,-170.13914542374846,202.97771873758262,-0.8382158674543732,-0.36794812905173213,0.9779640325261914,-0.3762385328862747,2.464880849997243,21.859378466990375,0.11276078782197063,0.5493671140603773,2.098121376743199,0.2618374982078642,0.9067756129177256,3.1500792553480665,0.2878579399297025,6.685887767257704,25.108855577780485,0.2662760746012715,2.7422731905310513,7.901928205562246,0.3470384407646601,0.938443307089389,4.691186306020372,0.20004387927232203,-436.58360258716186,1221.6993159813917,-0.3573576546362362,0.24155433068296794,1.2854063782516787,0.18792044823292775,1.7257670200831434,2.3401797705708023,0.7374503037482036,2.9026501352709246,7.463055899534399,0.38893581736620736,8.555424646441907,284.82291920124334,0.030037697248511533,1.7611120592737914,0.825430022335082,2.1335665992922563,9.930461997000116,8.003458579078341,1.240771181372504,1.276951604372404,0.48434402378846536,2.6364503435676974,1.4561455403300663,1.3460363928046728,1.081801700394048
2024-07-05__EDG__RNG__G1,2024-07-05__EDG__RNG__G1,2024-07-05,1.0,0.27411606082886575,1.2372145438177267,0.22155885625475946,1.0626495121955841,6.761859462395603,0.15715342221349343,-8.14898930255265,63.362072928598394,-0.12860988912287818,53.48692609315924,202.97771873758262,0.2635113162287427,0.5431987584885851,0.9779640325261914,0.5554378126234666,3.035003926770102,21.859378466990375,0.13884218128667514,0.14414268985873946,2.098121376743199,0.06870080194391916,0.43579993219243196,3.1500792553480665,0.13834566006772372,-7.148856153255707,25.108855577780485,-0.28471452418036136,-0.945014098184938,7.901928205562246,-0.11959283278819217,0.49182888345695464,4.691186306020372,0.1048410245367463,259.09547352818487,1221.6993159813917,0.2120779392497043,-0.14868264694430877,1.2854063782516787,-0.11566966975600881,0.758636834637155,2.3401797705708023,0.32417873190715646,5.331307217466087,7.463055899534399,0.7143597173697943,102.22752186399805,284.82291920124334,0.3589160654338091,0.43832592432206363,0.825430022335082,0.5310267150876795,2.552449764721217,8.003458579078341,0.3189183052031046,0.22512557561614277,0.48434402378846536,0.4648041469596371,0.40412753622194764,1.3460363928046728,0.30023499969780687
2024-07-05__EDG__RNG__G2,2024-07-05__EDG__RNG__G2,2024-07-05,0.0,1.3454459604248488,1.2372145438177267,1.0874790307541329,1.312284085755234,6.761859462395603,0.19407145312346713,51.20544977925488,63.362072928598394,0.8081403685895351,60.123114467670916,202.97771873758262,0.29620548770279015,1.0752040915246717,0.9779640325261914,1.0994299957200935,-3.503316458474515,21.859378466990375,-0.16026605255491527,-0.33126320121800745,2.098121376743199,-0.15788554799754304,-0.7693815984233243,3.1500792553480665,-0.24424190371566004,18.557785526339913,25.108855577780485,0.7390932147329323,1.4970329471691244,7.901928205562246,0.18945157672576313,0.3428340098563867,4.691186306020372,0.07308043518458862,-633.0126002781352,1221.6993159813917,-0.5181410773333328,0.19509278118865936,1.2854063782516787,0.15177505940102112,0.737570832182957,2.3401797705708023,0.3151768621716575,4.624295059244517,7.463055899534399,0.6196247893451027,92.2392230817585,284.82291920124334,0.32384761386684163,1.481200170875208,0.825430022335082,1.7944566302887486,11.029550372552748,8.003458579078341,1.3780978417614356,0.9359971951259478,0.48434402378846536,1.9325009015365433,0.4436714523559395,1.3460363928046728,0.3296130216943549
2024-07-05__EDG__RNG__G3,2024-07-05__EDG__RNG__G3,2024-07-05,1.0,-0.47661485141634063,1.2372145438177267,-0.38523186505209167,-2.8019730756770898,6.761859462395603,-0.4143790146601756,-9.658038636720676,63.362072928598394,-0.15242617606873396,-83.24100078378194,202.97771873758262,-0.4100992014857547,1.0029509011921283,0.9779640325261914,1.0255488364460186,9.26968329771735,21.859378466990375,0.4240597639889734,0.3186115583972935,2.098121376743199,0.1518555647320519,-0.4477866598033775,3.1500792553480665,-0.14215087347160288,-4.960762105958473,25.108855577780485,-0.19757021155429225,-1.9353525057504335,7.901928205562246,-0.2449215192143356,0.9670978534919623,4.691186306020372,0.20615204433445886,314.0191415802568,1221.6993159813917,0.25703471976733516,-0.0901387472737234,1.2854063782516787,-0.07012465370809044,0.8330881751621853,2.3401797705708023,0.3559930863627187,-1.728119249488664,7.463055899534399,-0.2315564885478063,-92.35539114044502,284.82291920124334,-0.3242554745074265,-0.7362625539984387,0.825430022335082,-0.8919734466916539,-5.977698646082061,8.003458579078341,-0.7468893404182643,-0.767090944785418,0.48434402378846536,-1.583769641701615,0.1822928844062961,1.3460363928046728,0.13542928701739948
2024-07-06__JDG__WBG__G1,2024-07-06__JDG__WBG__G1,2024-07-06,0.0,-1.0640341621863856,1.2372145438177267,-0.8600232736351273,-0.9918327072296407,6.761859462395603,-0.14668044582485404,-25.100347961500916,63.362072928598394,-0.39614151502973305,19.648251990376025,202.97771873758262,0.09680004295928656,2.411290668104754,0.9779640325261914,2.465620536427693,-4.56660111393721,21.859378466990375,-0.2089080854666157,2.1081695654951105,2.098121376743199,1.0047886571647489,0.7588381542112539,3.1500792553480665,0.24089486384447892,-0.7615782119430747,25.108855577780485,-0.03033105906610722,-2.858015484517505,7.901928205562246,-0.3616857871247087,0.7559889718610275,4.691186306020372,0.1611508819719987,469.84803908120114,1221.6993159813917,0.38458566076808043,0.4082772038228839,1.2854063782516787,0.31762475517932226,-0.5795250864088253,2.3401797705708023,-0.24764116246774864,8.7735418762726,7.463055899534399,1.1755962729990652,338.4562704923634,284.82291920124334,1.1883041935432201,-0.23980993880067247,0.825430022335082,-0.2905269275223849,-4.669934334926062,8.003458579078341,-0.5834894633732679,-0.014731234701257812,0.48434402378846536,-0.0304147539000867,0.08907650706931669,1.3460363928046728,0.06617684437704387
2024-07-06__JDG__WBG__G2,2024-07-06__JDG__WBG__G2,2024-07-06,1.0,0.030648793148841946,1.2372145438177267,0.024772395806043394,2.0597856423813674,6.761859462395603,0.3046181822053783,0.21203455993298803,63.362072928598394,0.0033463955136936656,5.596123853025233,202.97771873758262,0.02757013853668332,-0.7957864298854149,0.9779640325261914,-0.8137166497965791,2.914456468578763,21.859378466990375,0.13332750241057179,-0.5331218413078922,2.098121376743199,-0.25409473118313913,-0.526575350137708,3.1500792553480665,-0.16716251887351494,-1.5173001321244115,25.108855577780485,-0.06042888203308756,-0.34454099705735786,7.901928205562246,-0.04360213665478451,-0.9073484618925782,4.691186306020372,-0.19341552632702277,452.0280241471591,1221.6993159813917,0.3699994080900711,-8.134337832637147,1.2854063782516787,-6.328217785478177,-6.484470334240193,2.3401797705708023,-2.7709271077629363,-11.470091536730493,7.463055899534399,-1.5369159971761817,-386.40248101599957,284.82291920124334,-1.3566411043850846,-2.5803213433911836,0.825430022335082,-3.126029036431959,-26.03085455234177,8.003458579078341,-3.2524503054139773,-1.609139951892336,0.48434402378846536,-3.322300989707531,5.049890105459355,1.3460363928046728,3.7516714858397386
2024-07-06__RA__TT__G1,2024-07-06__RA__TT__G1,2024-07-06,0.0,-0.9167698962437383,1.2372145438177267,-0.7409944862273747,-3.421439546810163,6.761859462395603,-0.5059908535287949,-43.26648056718824,63.362072928598394,-0.6828450819956505,-69.91487536031315,202.97771873758262,-0.34444605767914716,0.45931231408162,0.9779640325261914,0.4696612852252659,9.496405433473015,21.859378466990375,0.43443161082470066,0.3430149568314036,2.098121376743199,0.16348663006199235,-0.22211639668034877,3.1500792553480665,-0.07051134532310706,3.2269661901112556,25.108855577780485,0.12851904188129723,-0.04194790055316844,7.901928205562246,-0.0053085644608965735,-0.2768857542930254,4.691186306020372,-0.05902253229959244,-238.7757926324708,1221.6993159813917,-0.19544562996273468,0.7818029435977003,1.2854063782516787,0.6082141403770795,0.7498434480603571,2.3401797705708023,0.3204211646767185,6.74885038264728,7.463055899534399,0.9043010757519916,185.6030650653688,284.82291920124334,0.6516437122905343,-0.02818285910671081,0.825430022335082,-0.034143203180059346,1.652992379396629,8.003458579078341,0.20653473201984782,0.13262621900190785,0.48434402378846536,0.27382591435445724,-0.2495696025979388,1.3460363928046728,-0.1854106014677072
2024-07-06__RA__TT__G2,2024-07-06__RA__TT__G2,2024-07-06,1.0,1.3617863701887414,1.2372145438177267,1.1006864381824863,0.16862386711795452,6.761859462395603,0.02493749583501671,56.043284351802924,63.362072928598394,0.88449258171311,-31.986633674583743,202.97771873758262,-0.1575869199631235,-0.24884334444521894,0.9779640325261914,-0.2544501451165684,-7.255658356444272,21.859378466990375,-0.331924260128288,-0.11112050877144952,2.098121376743199,-0.05296188153902434,0.8564342867428896,3.1500792553480665,0.2718769737021377,-5.758292376625576,25.108855577780485,-0.22933311832770778,3.523120478409286,7.901928205562246,0.4458557381062496,-1.0980896833965534,4.691186306020372,-0.2340750031420265,640.5853468500488,1221.6993159813917,0.5243396128212829,0.6648025909299413,1.2854063782516787,0.5171921385997951,0.2157057979994086,2.3401797705708023,0.09217484423085613,-7.994739124006102,7.463055899534399,-1.0712418827337191,-315.93422891876503,284.82291920124334,-1.1092303551116596,-0.36700084644794506,0.825430022335082,-0.4446172199946246,-5.169836718348449,8.003458579078341,-0.6459502502971091,-0.39139857517782595,0.48434402378846536,-0.8080986816306527,0.7352790682508275,1.3460363928046728,0.5462545633437138
2024-07-07__LNG__NIP__G1,2024-07-07__LNG__NIP__G1,2024-07-07,0.0,0.7250845514186679,1.2372145438177267,0.586061624461365,5.164881220900476,6.761859462395603,0.7638254663230145,20.42319997665328,63.362072928598394,0.32232530771748136,114.33922250328436,202.97771873758262,0.5633092274911083,-1.739787926781208,0.9779640325261914,-1.7789878665570937,-3.022827905323652,21.859378466990375,-0.13828516540867014,-1.7748911085088004,2.098121376743199,-0.8459426047702073,-0.029264366543494624,3.1500792553480665,-0.009290038402612404,18.944086843823058,25.108855577780485,0.7544782768239314,6.825136382087411,7.901928205562246,0.8637303884326286,1.2289799998173523,4.691186306020372,0.26197632276165084,306.5560898234597,1221.6993159813917,0.25092597299710934,-0.7207326459995755,1.2854063782516787,-0.5607036790000893,-0.7283824890331374,2.3401797705708023,-0.3112505231189789,-6.40957519346577,7.463055899534399,-0.8588404563638858,-134.62851956264694,284.82291920124334,-0.47267445845834444,1.5692998284373552,0.825430022335082,1.9011883318825653,16.582747337569913,8.003458579078341,2.071947408957808,1.246819883704171,0.48434402378846536,2.5742390702226188,-1.2124139756259993,1.3460363928046728,-0.9007283022797392
2024-07-07__LNG__NIP__G2,2024-07-07__LNG__NIP__G2,2024-07-07,1.0,0.03266173332939992,1.2372145438177267,0.0263993881200476,1.7338990290850802,6.761859462395603,0.25642336731550824,6.908683439336357,63.362072928598394,0.10903499539995537,63.0199250671601,202.97771873758262,0.310477057031849,0.09777151175613685,0.9779640325261914,0.09997444540893478,3.6051692117098213,21.859378466990375,0.1649255056463954,-0.101901973368129,2.098121376743199,-0.04856817433419011,0.3694695962275083,3.1500792553480665,0.11728894703563161,-3.779175831965759,25.108855577780485,-0.1505116658840632,-0.24114303401081472,7.901928205562246,-0.030516982339081417,-0.27136887943204346,4.691186306020372,-0.05784652407372135,-52.639310051091385,1221.6993159813917,-0.04308696036693713,-7.491014862934932,1.2854063782516787,-5.8277360078045355,-6.550131589624506,2.3401797705708023,-2.798985305749196,-10.514252388847126,7.463055899534399,-1.4088399070765605,-318.4186088137543,284.82291920124334,-1.1179528971501793,-0.3843753837454513,0.825430022335082,-0.4656662681008552,-7.528840718418671,8.003458579078341,-0.9406982872881173,-0.30579966139291526,0.48434402378846536,-0.6313674062365744,1.2047366892900548,1.3460363928046728,0.895024681877376
2024-07-07__UP__iG__G1,2024-07-07__UP__iG__G1,2024-07-07,0.0,0.08935185874172547,1.2372145438177267,0.07222012299167273,-2.459877688463246,6.761859462395603,-0.3637871118671024,-11.290398027792662,63.362072928598394,-0.17818858076703128,-49.04359491171897,202.97771873758262,-0.24162058266850375,-0.8203133937618929,0.9779640325261914,-0.8387962416641146,5.43114625907549,21.859378466990375,0.24845839138649878,-2.215092203590043,2.098121376743199,-1.0557497637618305,-0.8105164279443215,3.1500792553480665,-0.2573002470550592,-0.9098178150681946,25.108855577780485,-0.03623493615688248,4.0385134774799525,7.901928205562246,0.5110794304050715,0.5930777165336725,4.691186306020372,0.12642379803777057,106.1832001282284,1221.6993159813917,0.08691434844261743,0.18946013250148752,1.2854063782516787,0.14739306441447222,-0.548560469307322,2.3401797705708023,-0.2344094422985625,6.219590800834322,7.463055899534399,0.8333838110255257,139.1981131192323,284.82291920124334,0.4887180884911967,-0.5790116612428129,0.825430022335082,-0.7014658349099028,-4.430415188834829,8.003458579078341,-0.5535625119437443,-0.22941216768986172,0.48434402378846536,-0.4736544331465168,-0.09228892108514763,1.3460363928046728,-0.06856341553249846
2024-07-07__UP__iG__G2,2024-07-07__UP__iG__G2,2024-07-07,1.0,0.23955566461438416,1.2372145438177267,0.1936248423416808,-2.4498357022270625,6.761859462395603,-0.36230201966621634,-0.8360704310809979,63.362072928598394,-0.013195124137242588,-35.888308458292784,202.97771873758262,-0.17680910251967835,0.5563819514241217,0.9779640325261914,0.5689180419742881,-0.08223928985545115,21.859378466990375,-0.0037621969086377707,-0.5193565150130368,2.098121376743199,-0.24753394786209065,0.07644105032499082,3.1500792553480665,0.02426638184700615,7.96147209817623,25.108855577780485,0.3170782418352556,-2.2402940577834904,7.901928205562246,-0.28351229168271025,3.6575016121912056,4.691186306020372,0.7796537152753207,-611.2162567263944,1221.6993159813917,-0.5003000723914656,-0.1569532513668026,1.2854063782516787,-0.12210389797223621,0.578832360296353,2.3401797705708023,0.2473451485353278,-5.776660975377215,7.463055899534399,-0.7740341596132821,-153.98103726761917,284.82291920124334,-0.5406202462878442,-0.2719879566161856,0.825430022335082,-0.3295102186088817,-0.2834934119169574,8.003458579078341,-0.03542135861572051,-0.2078197142690641,0.48434402378846536,-0.4290737058544201,0.07312730500060027,1.3460363928046728,0.054327840661416146
2024-07-08__AL__LGD__G1,2024-07-08__AL__LGD__G1,2024-07-08,0.0,-0.6367864811389206,1.2372145438177267,-0.5146932434860643,-2.689488398861908,6.761859462395603,-0.3977438478387458,-24.546762506295465,63.362072928598394,-0.3874046568292064,-121.29213860191095,202.97771873758262,-0.5975638053216977,0.10744018596113136,0.9779640325261914,0.10986096883607539,8.199646477346988,21.859378466990375,0.37510884010816453,-0.26853895433702846,2.098121376743199,-0.127990129324042,-0.982233755471984,3.1500792553480665,-0.31181229551354794,11.452657044066214,25.108855577780485,0.45612021433907046,5.415096646800741,7.901928205562246,0.6852879222189185,-0.031055930756163974,4.691186306020372,-0.006620057723192754,-337.0229625614665,1221.6993159813917,-0.27586408363900217,-0.15718116687676797,1.2854063782516787,-0.1222812079160109,-0.39507428735305794,2.3401797705708023,-0.16882212362453258,-1.0710938644864463,7.463055899534399,-0.14351945575455402,-40.69942920143194,284.82291920124334,-0.1428937993216119,-1.0356489258903152,0.825430022335082,-1.2546765239820314,-8.770861961723895,8.003458579078341,-1.0958838331178187,-0.6558759141140198,0.48434402378846536,-1.354150206775882,-0.2480860675468488,1.3460363928046728,-0.1843084515133149
2024-07-08__AL__LGD__G2,2024-07-08__AL__LGD__G2,2024-07-08,1.0,0.6810954698107041,1.2372145438177267,0.5505067190709713,0.43708137067930153,6.761859462395603,0.06463921772861483,66.64032591257313,63.362072928598394,1.0517383946060375,12.460411247749391,202.97771873758262,0.06138807384307346,-0.31978359387638733,0.9779640325261914,-0.3269887810306991,-7.022994179444453,21.859378466990375,-0.32128058301242285,0.14850204000531164,2.098121376743199,0.07077854068542143,1.209303834828118,3.1500792553480665,0.3838961984460604,-2.041470878389383,25.108855577780485,-0.08130481258935289,1.5158482620162452,7.901928205562246,0.19183268067616002,-0.8415893985631273,4.691186306020372,-0.1793979527278915,600.054003822718,1221.6993159813917,0.4911634110636551,0.6413361429340991,1.2854063782516787,0.49893609900263663,-0.6448749407897907,2.3401797705708023,-0.27556629338189836,3.1886016609016963,7.463055899534399,0.42725142040664665,158.71360963363588,284.82291920124334,0.5572360873257526,-0.41840963697038625,0.825430022335082,-0.5068983666094072,-3.760945606194511,8.003458579078341,-0.46991498726699543,-0.3920854846042907,0.48434402378846536,-0.8095169049894722,-0.32205395344282195,1.3460363928046728,-0.23926077772012988
2024-07-08__EDG__WE__G1,2024-07-08__EDG__WE__G1,2024-07-08,0.0,0.39418049194263016,1.2372145438177267,0.31860292566830456,-2.0709245643349927,6.761859462395603,-0.30626549835683864,17.59883321516753,63.362072928598394,0.27775027116377765,-17.725681199002338,202.97771873758262,-0.08732821130279116,-0.026407295417160803,0.9779640325261914,-0.027002289999007275,-1.9803381557327242,21.859378466990375,-0.09059443607368693,0.7457830014038862,2.098121376743199,0.35545257496444244,1.6718147112898343,3.1500792553480665,0.5307213073227266,-2.244301110512666,25.108855577780485,-0.08938284798275957,-2.7285864733010534,7.901928205562246,-0.345306367890562,0.18555997590462425,4.691186306020372,0.03955501321946543,412.76822702359067,1221.6993159813917,0.3378640073594129,-0.7646483564586362,1.2854063782516787,-0.5948684980310736,-0.23691641605067915,2.3401797705708023,-0.10123851072961854,5.697246456645992,7.463055899534399,0.7633931421588691,183.04492525186345,284.82291920124334,0.6426622026153371,0.4236560561262035,0.825430022335082,0.5132543418682187,2.782954899610914,8.003458579078341,0.34771899228250897,0.4382574833264483,0.48434402378846536,0.9048456406106373,-0.2706575563453324,1.3460363928046728,-0.20107729383459133
2024-07-08__EDG__WE__G2,2024-07-08__EDG__WE__G2,2024-07-08,1.0,0.5734220091274249,1.2372145438177267,0.46347785718727164,3.149297951311407,6.761859462395603,0.46574429756802,11.645990683372872,63.362072928598394,0.1838006548917028,72.49867683672863,202.97771873758262,0.35717554089413217,-1.0424177863708461,0.9779640325261914,-1.065904967663482,-6.019337451459464,21.859378466990375,-0.27536634608266,-0.6481478512547767,2.098121376743199,-0.3089180395000892,0.01366060375507061,3.1500792553480665,0.004336589117651286,-7.296499656742014,25.108855577780485,-0.2905946606584581,-1.902076980987264,7.901928205562246,-0.2407104558274672,-0.5181089740769105,4.691186306020372,-0.11044303718421183,288.76343874311885,1221.6993159813917,0.2363621185093264,0.24914655064955404,1.2854063782516787,0.19382691811558278,-0.9378634264616714,2.3401797705708023,-0.4007653760153382,-0.4855033444998007,7.463055899534399,-0.06505421987739234,-86.88302463202967,284.82291920124334,-0.3050422507101674,-0.1539094166913646,0.825430022335082,-0.18645945273048556,-0.824086263392168,8.003458579078341,-0.10296625543613576,-0.3573053882411674,0.48434402378846536,-0.7377083911100908,-0.1332619703336313,1.3460363928046728,-0.09900317111990463
2024-07-09__FPX__JDG__G1,2024-07-09__FPX__JDG__G1,2024-07-09,1.0,0.9256577746474051,1.2372145438177267,0.7481782614782425,6.989726066710116,6.761859462395603,1.033698655212087,47.77745057137895,63.362072928598394,0.7540386166213328,188.7816007831584,202.97771873758262,0.9300607033482419,-0.2360515079275629,0.9779640325261914,-0.2413700900100854,-5.784054912978959,21.859378466990375,-0.26460288690781003,-0.41941966888148485,2.098121376743199,-0.19990238583343603,0.16200799108248498,3.1500792553480665,0.051429797957507586,6.050408904022547,25.108855577780485,0.2409671219109483,2.382466493396585,7.901928205562246,0.30150440878659646,-0.3937241308414601,4.691186306020372,-0.08392846099668191,-7.189130361123496,1221.6993159813917,-0.005884533339092468,0.8226955890180268,1.2854063782516787,0.6400271252036843,0.950212697970855,2.3401797705708023,0.40604243480689955,-6.807901236706957,7.463055899534399,-0.9122134975457155,-228.89543041581703,284.82291920124334,-0.8036411895998032,0.45681050625547215,0.825430022335082,0.553420569247797,3.0973621238002735,8.003458579078341,0.3870029070799604,0.5558307957642528,0.48434402378846536,1.1475926632148252,-0.9692406629789971,1.3460363928046728,-0.7200696415717229
2024-07-09__FPX__JDG__G2,2024-07-09__FPX__JDG__G2,2024-07-09,1.0,0.11130508740859035,1.2372145438177267,0.08996418446629897,1.684952591183933,6.761859462395603,0.2491847621751995,-10.538693961754348,63.362072928598394,-0.16632495289895682,3.558961530948636,202.97771873758262,0.01753375461873253,-0.2234599436145448,0.9779640325261914,-0.22849481953084064,3.2032951485862355,21.859378466990375,0.1465409918622575,-0.5932502526219743,2.098121376743199,-0.28275293147716396,-0.46589903701318436,3.1500792553480665,-0.1479006879974571,-1.3539868381666196,25.108855577780485,-0.05392467131955342,1.7832184399501685,7.901928205562246,0.22566874412073235,0.1473795196909924,4.691186306020372,0.03141625138306775,-441.0444456044027,1221.6993159813917,-0.361008997446399,-0.3235470259874731,1.2854063782516787,-0.2517077709850547,-0.32206332328332365,2.3401797705708023,-0.13762326711400502,3.475910597814938,7.463055899534399,0.4657489075330232,185.2503101203539,284.82291920124334,0.6504052061170645,1.9493148846743646,0.825430022335082,2.361572114360204,14.475257698066606,8.003458579078341,1.8086250770736751,1.1883102107907861,0.48434402378846536,2.4534374308133144,1.4800362252778605,1.3460363928046728,1.0995506017808174
2024-07-09__FPX__JDG__G3,2024-07-09__FPX__JDG__G3,2024-07-09,1.0,0.4205183521720359,1.2372145438177267,0.339890938384451,-2.6893287957692564,6.761859462395603,-0.39772024440984644,28.86536856302365,63.362072928598394,0.4555622436783166,-127.93590296808327,202.97771873758262,-0.6302953010482318,1.0407571723291973,0.9779640325261914,1.0642069375842682,1.5177384901703874,21.859378466990375,0.06943191102301458,1.013686436270767,2.098121376743199,0.48313980514533045,0.8861217311998111,3.1500792553480665,0.2813013191315976,0.17328813332205328,25.108855577780485,0.006901474497066533,-2.2467941078444866,7.901928205562246,-0.28433488195046674,-0.3409947351008542,4.691186306020372,-0.0726883649824093,325.3502555205859,1221.6993159813917,0.2663095992592271,0.3056498067224389,1.2854063782516787,0.23778438796435294,0.10857823849246628,2.3401797705708023,0.04639737231324337,-7.784395352083543,7.463055899534399,-1.0430572159471532,-161.38203064080722,284.82291920124334,-0.5666047891327769,0.3688669269837406,0.825430022335082,0.4468779546717833,3.590824755922931,8.003458579078341,0.44865907304756353,0.4302217776387296,0.48434402378846536,0.8882547698613835,-0.18944135481059554,1.3460363928046728,-0.1407400387413204
2024-07-09__OMG__RNG__G1,2024-07-09__OMG__RNG__G1,2024-07-09,1.0,-0.5608410601539182,1.2372145438177267,-0.4533090963465493,1.02700472046185,6.761859462395603,0.15188197481643995,-9.451398311497314,63.362072928598394,-0.149164914048551,39.9357228622934,202.97771873758262,0.19674929304518662,0.7845613291279907,0.9779640325261914,0.8022386312743538,2.0244607230441716,21.859378466990375,0.09261290907645796,-0.29016898346544906,2.098121376743199,-0.13829936074361043,-0.927915675555951,3.1500792553480665,-0.294568899944875,6.160257061082618,25.108855577780485,0.24534199882817434,-1.3520786871452266,7.901928205562246,-0.1711074159198345,2.0258727544225783,4.691186306020372,0.4318464862451136,85.85376474893614,1221.6993159813917,0.07027405479857841,-0.4730978828189407,1.2854063782516787,-0.36805287632813766,-0.9475496467863529,2.3401797705708023,-0.4049044666558953,4.507090905092124,7.463055899534399,0.60392021202107,220.46919771607634,284.82291920124334,0.7740570792557794,0.3999396862471398,0.825430022335082,0.4845222379887548,2.1183531098905064,8.003458579078341,0.26467967870145115,0.018977579201574724,0.48434402378846536,0.03918194317995732,-0.7690042591782262,1.3460363928046728,-0.5713097297957596
2024-07-09__OMG__RNG__G2,2024-07-09__OMG__RNG__G2,2024-07-09,0.0,0.03247113007988123,1.2372145438177267,0.026245329879774817,-10.597584040632498,6.761859462395603,-1.5672586116747473,-20.696991826268004,63.362072928598394,-0.3266463760259975,-305.2327091612592,202.97771873758262,-1.503774451481058,1.0490122717548287,0.9779640325261914,1.07264803634657,4.7149244281520595,21.859378466990375,0.21569342511629933,2.8623662946444703,2.098121376743199,1.3642513546266852,0.849240473901764,3.1500792553480665,0.2695932817774916,2.295597058676833,25.108855577780485,0.09142579040051826,2.716401652021524,7.901928205562246,0.3437643620129401,-0.5215290238711194,4.691186306020372,-0.11117207432792593,-258.3226141776425,1221.6993159813917,-0.21144532913050415,-0.4629557350274567,1.2854063782516787,-0.36016265571552636,0.0201203720263905,2.3401797705708023,0.00859778538453799,8.445953146323017,7.463055899534399,1.1317015614405859,193.71934618348394,284.82291920124334,0.6801395970752999,-0.5535483812282584,0.825430022335082,-0.6706173698951996,-4.693839217102976,8.003458579078341,-0.5864762820034768,-0.2800014542335696,0.48434402378846536,-0.5781032951333851,0.9294666995215568,1.3460363928046728,0.6905207124928916
2024-07-10__LNG__WBG__G1,2024-07-10__LNG__WBG__G1,2024-07-10,1.0,-0.192357596757617,1.2372145438177267,-0.15547622054929192,2.7772839923940644,6.761859462395603,0.4107277882824165,16.03492250794352,63.362072928598394,0.2530681449286681,123.37814809964823,202.97771873758262,0.607840842133591,-1.025104439791372,0.9779640325261914,-1.0482015263300513,-1.0452669289830254,21.859378466990375,-0.04781777682945997,-1.7981790326897062,2.098121376743199,-0.8570420165295226,-1.0230064490383355,3.1500792553480665,-0.3247556779867816,7.339062133214043,25.108855577780485,0.2922897787272631,2.3274878248072532,7.901928205562246,0.294546782723504,0.9009427976273745,4.691186306020372,0.19205005872845063,-169.4975363385522,1221.6993159813917,-0.13873915944993026,0.9799224389654366,1.2854063782516787,0.7623438728804083,0.18143419739408628,2.3401797705708023,0.07752999241585597,-2.6207088905521694,7.463055899534399,-0.3511575653021845,-55.28271142664653,284.82291920124334,-0.19409502362937014,0.4851036545082046,0.825430022335082,0.5876973864344025,0.5001261908718249,8.003458579078341,0.06248875076213207,0.14377039712006034,0.48434402378846536,0.2968346737528394,1.3800027565108994,1.3460363928046728,1.0252335959519332
2024-07-10__LNG__WBG__G2,2024-07-10__LNG__WBG__G2,2024-07-10,1.0,0.8779402864388155,1.2372145438177267,0.709609809564564,3.329450664180925,6.761859462395603,0.4923867747192999,16.23701781529121,63.362072928598394,0.2562576760601053,77.01102398828874,202.97771873758262,0.37940629192135744,-1.028224490301139,0.9779640325261914,-1.0513918760930767,1.971280949744994,21.859378466990375,0.09018009649916206,-0.7376049594131828,2.098121376743199,-0.35155478421526903,-0.5548848733791818,3.1500792553480665,-0.17614944014112746,-0.9489470394255903,25.108855577780485,-0.037793319519987205,-2.4284289789997295,7.901928205562246,-0.3073210245025144,0.04316218411216255,4.691186306020372,0.009200695111186659,59.87780965732307,1221.6993159813917,0.04901190401355941,-0.0752031984584729,1.2854063782516787,-0.05850534214356155,0.5487889844384952,2.3401797705708023,0.23450709079394666,-4.440300488660345,7.463055899534399,-0.594970740332606,-190.27715753840448,284.82291920124334,-0.6680542331493653,0.228711076306245,0.825430022335082,0.2770807858168919,2.7071188131605552,8.003458579078341,0.3382435790938674,0.2190452055009351,0.48434402378846536,0.45225034787722257,-0.5741668556441493,1.3460363928046728,-0.4265608509194426
2024-07-10__LNG__WBG__G3,2024-07-10__LNG__WBG__G3,2024-07-10,1.0,-1.5072587989245827,1.2372145438177267,-1.2182669434248883,-5.941336251475452,6.761859462395603,-0.8786540752381254,-30.807662386484424,63.362072928598394,-0.48621613019171434,-141.6487449305763,202.97771873758262,-0.697853661543273,0.12944341506691082,0.9779640325261914,0.1323599625362312,-3.058348156056738,21.859378466990375,-0.13991010864124107,-0.282375871461916,2.098121376743199,-0.13458503402467525,0.21735794481684367,3.1500792553480665,0.06900076417031692,-1.168048408437528,25.108855577780485,-0.04651937872277171,-3.484321119511808,7.901928205562246,-0.4409456259186883,0.500283287843371,4.691186306020372,0.10664321315871125,125.43215047744108,1221.6993159813917,0.10267023050103874,0.7744764724816768,1.2854063782516787,0.6025144133955926,-0.2239002372876122,2.3401797705708023,-0.09567647085357421,-1.1092017200166353,7.463055899534399,-0.1486256550028227,-33.33099837363784,284.82291920124334,-0.11702358205613377,1.2589734882989392,0.825430022335082,1.5252316114039406,9.514933794245131,8.003458579078341,1.1888526080793738,0.8998293515501827,0.48434402378846536,1.8578271838365734,0.36963694561827865,1.3460363928046728,0.2746112014377878
2024-07-10__TT__iG__G1,2024-07-10__TT__iG__G1,2024-07-10,1.0,-0.28519922049697044,1.2372145438177267,-0.23051700402738196,8.733470647439285,6.761859462395603,1.2915780643520076,9.633018715297794,63.362072928598394,0.15203130387040478,229.82188792955958,202.97771873758262,1.132251797028177,0.21693353919758795,0.9779640325261914,0.22182136577749076,5.709920963591031,21.859378466990375,0.26121148462670335,0.7299388288624904,2.098121376743199,0.34790097896745875,-0.7732879457654103,3.1500792553480665,-0.24548198238840305,13.213482259996837,25.108855577780485,0.5262478687177579,-1.4625447272034116,7.901928205562246,-0.18508704509449564,2.1418600249623143,4.691186306020372,0.4565709883750724,438.59006032640957,1221.6993159813917,0.3590000045265556,0.41887650803309207,1.2854063782516787,0.3258706267913435,0.06007210696960641,2.3401797705708023,0.02566985752769603,-7.834705467929535,7.463055899534399,-1.0497984369405413,-300.89683395724387,284.82291920124334,-1.0564347621485077,-0.037094230955859064,0.825430022335082,-0.044939225631382605,0.5529306359603723,8.003458579078341,0.06908645323901873,0.2401671733230779,0.48434402378846536,0.49585968994691154,-1.3723384547824882,1.3460363928046728,-1.0195396220925284
2024-07-10__TT__iG__G2,2024-07-10__TT__iG__G2,2024-07-10,0.0,-0.1590683573676186,1.2372145438177267,-0.12856964023970702,-0.7697633427902666,6.761859462395603,-0.11383898663261584,12.644755202677743,63.362072928598394,0.19956346783924553,39.05214954015344,202.97771873758262,0.19239623733403624,-1.9082714764806719,0.9779640325261914,-1.9512675944572337,-7.249670602328877,21.859378466990375,-0.33165033862358856,-2.147745267055832,2.098121376743199,-1.023651094360692,-0.3355036811819305,3.1500792553480665,-0.10650639157917556,-4.072595094220745,25.108855577780485,-0.1621975529473013,1.9393335534335243,7.901928205562246,0.24542532626948976,0.19916298690052425,4.691186306020372,0.04245470792541818,-209.43044840549967,1221.6993159813917,-0.17142552630950647,-0.841128477669983,1.2854063782516787,-0.6543672394459313,-0.03197013584031794,2.3401797705708023,-0.013661395838459087,4.464162784088025,7.463055899534399,0.5981681292509685,118.8236977718916,284.82291920124334,0.41718446566005296,0.4445347955409882,0.825430022335082,0.5385486897299218,5.265013871748522,8.003458579078341,0.6578422518071652,0.06976582001848897,0.48434402378846536,0.1440415748938483,0.48025482751844173,1.3460363928046728,0.3567915944131077
2024-07-11__AL__NIP__G1,2024-07-11__AL__NIP__G1,2024-07-11,0.0,-0.5889555365586956,1.2372145438177267,-0.4760330885767337,8.983265583951209,6.761859462395603,1.328519811065223,-0.8731899030804016,63.362072928598394,-0.01378095521406676,193.6608394758366,202.97771873758262,0.9540990002558348,-1.804284640439044,0.9779640325261914,-1.8449377845119657,-1.9301898161161404,21.859378466990375,-0.08830030234988602,-2.5582212965045663,2.098121376743199,-1.2192907929782215,-1.1284835574730598,3.1500792553480665,-0.35823962121510095,9.162707619500715,25.108855577780485,0.3649193499161187,7.883602137783228,7.901928205562246,0.9976806843870333,-0.07547121835632087,4.691186306020372,-0.01608787145622301,-229.48738221377593,1221.6993159813917,-0.18784276869434588,0.13515356801322476,1.2854063782516787,0.10514454040014241,0.13679819312962493,2.3401797705708023,0.058456250410201416,6.794366885669355,7.463055899534399,0.910399984501423,160.89788966316132,284.82291920124334,0.5649049927213651,-0.8588348917133235,0.825430022335082,-1.0404683958736425,-4.639611556616586,8.003458579078341,-0.5797007545018267,-0.7167521173854183,0.48434402378846536,-1.4798378886585926,-0.10335503522713907,1.3460363928046728,-0.07678466867237856
2024-07-11__AL__NIP__G2,2024-07-11__AL__NIP__G2,2024-07-11,1.0,-0.2753360627163426,1.2372145438177267,-0.22254494303129013,-12.495315205402168,6.761859462395603,-1.8479108338439902,-23.398838715020418,63.362072928598394,-0.3692877657601321,-284.8481242262592,202.97771873758262,-1.4033467544838014,0.7816154482508733,0.9779640325261914,0.7992263754378564,5.937596638638837,21.859378466990375,0.27162695297938994,2.0862761430385532,2.098121376743199,0.9943538881068347,1.0579554898479588,3.1500792553480665,0.3358503289088616,-19.302536764128696,25.108855577780485,-0.7687541128897936,-5.389308048734797,7.901928205562246,-0.6820243396943129,-2.279555066570162,4.691186306020372,-0.4859228416747986,82.75743786558371,1221.6993159813917,0.06773961212490734,-0.9904635120911109,1.2854063782516787,-0.7705444428351347,-1.288406980742991,2.3401797705708023,-0.5505587418482764,-0.4690200120283947,7.463055899534399,-0.0628455629298037,30.32964692661153,284.82291920124334,0.10648597698942887,-0.4021313454500475,0.825430022335082,-0.48717740740158794,-5.508551945364985,8.003458579078341,-0.6882713520244126,-0.27995615898746706,0.48434402378846536,-0.5780097765797139,1.1041133466992985,1.3460363928046728,0.8202694461546207
2024-07-11__RA__UP__G1,2024-07-11__RA__UP__G1,2024-07-11,1.0,0.7407409941043452,1.2372145438177267,0.5987162041454882,1.5572643903843488,6.761859462395603,0.2303011721470275,31.09704848970034,63.362072928598394,0.4907833118711212,-21.118456526100374,202.97771873758262,-0.10404322481010785,2.3285729372857187,0.9779640325261914,2.3810390554258962,1.9350636681532194,21.859378466990375,0.08852326622882133,2.159043467166274,2.098121376743199,1.0290360043333788,0.9556302290257377,3.1500792553480665,0.30336694673201137,4.500081711694442,25.108855577780485,0.1792228848714954,4.501351600658104,7.901928205562246,0.569652230937422,-0.058159444937476046,4.691186306020372,-0.012397595990856708,569.5900655207572,1221.6993159813917,0.46622770235160316,-0.7388524727209305,1.2854063782516787,-0.5748002424926688,-1.2838876126619034,2.3401797705708023,-0.5486275371576297,-3.0789254866226514,7.463055899534399,-0.412555542329409,51.58768346784473,284.82291920124334,0.18112195265533806,-0.24194804740624587,0.825430022335082,-0.2931172210147774,-2.3341645782951304,8.003458579078341,-0.2916444514065913,-0.07836839900619785,0.48434402378846536,-0.16180283714533375,0.45546757528932247,1.3460363928046728,0.3383766139960546
2024-07-11__RA__UP__G2,2024-07-11__RA__UP__G2,2024-07-11,0.0,0.7925665437598113,1.2372145438177267,0.6406050649138761,1.6963045302018394,6.761859462395603,0.2508635810566357,10.773805181252044,63.362072928598394,0.1700355514466407,26.394613757621016,202.97771873758262,0.1300370000793436,-1.4537948462983303,0.9779640325261914,-1.4865509480876,0.965516656932607,21.859378466990375,0.04416944490078613,-2.2484473894848698,2.098121376743199,-1.0716473997932436,-1.187799630285419,3.1500792553480665,-0.3770696407714773,-5.316356461828633,25.108855577780485,-0.21173232024166413,-3.5452124782759213,7.901928205562246,-0.4486515110487716,1.4644313433080542,4.691186306020372,0.3121664618738834,-865.2169325394708,1221.6993159813917,-0.7082077566166384,-0.4733060850999813,1.2854063782516787,-0.36821485009969307,-0.18231519807349983,2.3401797705708023,-0.07790645934973248,-1.1751121745536963,7.463055899534399,-0.15745721764857623,153.30663845851393,284.82291920124334,0.538252463496246,-0.6808763875303643,0.825430022335082,-0.8248737557793944,-5.607015717727094,8.003458579078341,-0.7005740033202973,-0.49770314727658427,0.48434402378846536,-1.0275797682066266,0.21006620541268184,1.3460363928046728,0.15606268186575195
2024-07-12__BLG__TES__G1,2024-07-12__BLG__TES__G1,2024-07-12,1.0,0.100700796248816,1.2372145438177267,0.08139309011433807,8.823140381480645,6.761859462395603,1.3048391682360698,28.233726478172457,63.362072928598394,0.4455934714193312,182.2333509753645,202.97771873758262,0.8977997743346549,-1.1173377740858053,0.9779640325261914,-1.1425130111243331,-4.002505746630746,21.859378466990375,-0.18310244134216566,-2.56371026576241,2.098121376743199,-1.2219069269648213,-1.3828234064524105,3.1500792553480665,-0.4389803733110337,4.89243585994506,25.108855577780485,0.194849010538955,6.175590406991855,7.901928205562246,0.7815294526613571,0.14419218654296095,4.691186306020372,0.030736821434930527,-344.7071390908904,1221.6993159813917,-0.2821538281142714,-6.702457280012928,1.2854063782516787,-5.2142670046978745,-6.6542069051197075,2.3401797705708023,-2.8434585006425186,-9.157895319912257,7.463055899534399,-1.227097078743108,-232.21043108411698,284.82291920124334,-0.8152800024662598,-3.1998450707805324,0.825430022335082,-3.8765747642103543,-33.769594767599216,8.003458579078341,-4.2193746884004435,-1.7964666206951116,0.48434402378846536,-3.7090638541993304,4.877439248590246,1.3460363928046728,3.623554051813793
2024-07-12__BLG__TES__G2,2024-07-12__BLG__TES__G2,2024-07-12,1.0,-0.5477393435573887,1.2372145438177267,-0.4427194164302261,-3.306390252718291,6.761859462395603,-0.4889764098366055,0.08428966107089764,63.362072928598394,0.0013302857031776165,-60.294329958512776,202.97771873758262,-0.29704900634642856,-0.7363927483985861,0.9779640325261914,-0.7529847427125309,7.582611564991026,21.859378466990375,0.3468813731168101,-1.1534443915445465,2.098121376743199,-0.5497507697024685,-1.6609696040804343,3.1500792553480665,-0.5272785038605012,-3.2427134460372855,25.108855577780485,-0.12914620130121143,-5.054219380361179,7.901928205562246,-0.6396184082240909,1.059640788502704,4.691186306020372,0.22587901939938068,115.35478540997195,1221.6993159813917,0.09442158459660412,7.595814004454731,1.2854063782516787,5.909265912870382,7.04392642100979,2.3401797705708023,3.009992437161886,14.826120336677413,7.463055899534399,1.9866015409318902,387.4196914154858,284.82291920124334,1.3602124826953956,2.7625517023375172,0.825430022335082,3.346798978456694,30.6514723959046,8.003458579078341,3.8297778720629654,1.3836651769183852,0.48434402378846536,2.85677587042309,-5.245781008219179,1.3460363928046728,-3.897203031848023
2024-07-12__BLG__TES__G3,2024-07-12__BLG__TES__G3,2024-07-12,0.0,-0.2361640155489937,1.2372145438177267,-0.19088348568613414,-11.870709970594717,6.761859462395603,-1.7555390319884157,-33.13496968341474,63.362072928598394,-0.5229464193478571,-301.9895919710743,202.97771873758262,-1.4877967510990764,-1.8138505819308,0.9779640325261914,-1.8547192605091658,0.13920937181354986,21.859378466990375,0.006368404557126999,-2.9914939187304483,2.098121376743199,-1.425795726641065,-2.08111092745548,3.1500792553480665,-0.6606533036490935,-1.0855759488143377,25.108855577780485,-0.04323478233473178,3.40779798184629,7.901928205562246,0.43126151768703613,-1.9403166504778513,4.691186306020372,-0.41360886357868765,101.3138747406295,1221.6993159813917,0.0829286497359748,-7.517960927868018,1.2854063782516787,-5.848699062310833,-6.885542948191397,2.3401797705708023,-2.942312420810089,-14.142977957645694,7.463055899534399,-1.89506500459993,-374.40302958511904,284.82291920124334,-1.3145115895890063,-2.5939860944667545,0.825430022335082,-3.1425837220517394,-30.711787558060625,8.003458579078341,-3.8373140083500394,-1.2752677880488814,0.48434402378846536,-2.6329738624626535,4.895842883721757,1.3460363928046728,3.6372265064052396
2024-07-12__EDG__OMG__G1,2024-07-12__EDG__OMG__G1,2024-07-12,0.0,-0.020832227576377704,1.2372145438177267,-0.016837993735590202,-13.607707717405194,6.761859462395603,-2.0124206633782316,-26.206350413356972,63.362072928598394,-0.41359679045367814,-393.7734443535879,202.97771873758262,-1.9399835847139937,0.5599533370038232,0.9779640325261914,0.5725698960395363,23.176001492688194,21.859378466990375,1.0602314456220514,2.206323177565128,2.098121376743199,1.0515703001985437,0.17006213143007454,3.1500792553480665,0.05398660276713604,3.0493157853225057,25.108855577780485,0.12144383301073648,0.5179991349047377,7.901928205562246,0.06555350237004312,0.8054305711557248,4.691186306020372,0.17169013271375594,-851.8505880031814,1221.6993159813917,-0.6972669757301307,-0.3320831018835335,1.2854063782516787,-0.2583485263132765,0.4235231826445762,2.3401797705708023,0.1809788320503433,-4.988865904963525,7.463055899534399,-0.6684748585093553,-182.30025787811303,284.82291920124334,-0.6400477101678043,1.5588958592954518,0.825430022335082,1.8885840453215015,12.963126060736016,8.003458579078341,1.619690326746027,1.3631530854159826,0.48434402378846536,2.814425705778142,0.38302240819105826,1.3460363928046728,0.2845555481879839
2024-07-12__EDG__OMG__G2,2024-07-12__EDG__OMG__G2,2024-07-12,0.0,0.9165505279317498,1.2372145438177267,0.7408171781478855,4.856979890576428,6.761859462395603,0.7182904642276053,10.648472906490667,63.362072928598394,0.1680575184216704,140.09165552049177,202.97771873758262,0.6901824284044951,-0.4644123125726729,0.9779640325261914,-0.47487619406293574,-10.055063022596585,21.859378466990375,-0.4599884931674585,-1.5307214620912717,2.098121376743199,-0.7295672926701858,-0.12189936443093474,3.1500792553480665,-0.03869722500688019,-1.5234298846384604,25.108855577780485,-0.06067300913999346,2.595102995255708,7.901928205562246,0.32841385030746534,-1.8748085993869932,4.691186306020372,-0.3996447971670163,744.6220122192553,1221.6993159813917,0.6094969538487488,0.10890000434136482,1.2854063782516787,0.08472022658644064,-0.5966915447548828,2.3401797705708023,-0.2549766890911344,4.069145245320321,7.463055899534399,0.5452384056691548,165.85989317841006,284.82291920124334,0.5823263558326723,-0.09013184122712214,0.825430022335082,-0.10919366826333468,-0.8276272086777681,8.003458579078341,-0.10340868227050828,-0.23914971349334646,0.48434402378846536,-0.4937589977135671,-0.5137840351630718,1.3460363928046728,-0.3817011606880586
2024-07-12__EDG__OMG__G3,2024-07-12__EDG__OMG__G3,2024-07-12,0.0,-1.2043398495576874,1.2372145438177267,-0.9734276744061966,-7.89383743671814,6.761859462395603,-1.1674061422322664,-34.420524041709314,63.362072928598394,-0.5432354389235617,-236.61396232938114,202.97771873758262,-1.1657139642483163,-0.21228339777237526,0.9779640325261914,-0.21706644993637847,8.560112600220506,21.859378466990375,0.39159906680548934,1.3805171092737645,2.098121376743199,0.6579774014024223,-0.20043615270860782,3.1500792553480665,-0.06362890353930387,2.5334373544689015,25.108855577780485,0.10089815705549927,0.8797528270342099,7.901928205562246,0.11133392924033578,1.1779953124794713,4.691186306020372,0.25110813865131903,-475.4373699037676,1221.6993159813917,-0.3891607069720652,0.6253511401066518,1.2854063782516787,0.48650035054039503,0.05280464368487614,2.3401797705708023,0.02256434389553434,-0.00871325957400515,7.463055899534399,-0.00116751884533384,-75.85668623398442,284.82291920124334,-0.2663292904250382,-0.33249820769973537,0.825430022335082,-0.4028176779194984,-3.284007902034922,8.003458579078341,-0.4103235444106661,-0.16066835682015967,0.48434402378846536,-0.3317229432098606,1.3497758721670046,1.3460363928046728,1.0027773963652986
2024-07-12__JDG__LGD__G1,2024-07-12__JDG__LGD__G1,2024-07-12,0.0,0.983715533627632,1.2372145438177267,0.7951044088826598,1.036132838813403,6.761859462395603,0.15323191665601454,2.846066296402398,63.362072928598394,0.044917505377263696,-5.637481498387331,202.97771873758262,-0.027773893142930578,-0.43300802744625155,0.9779640325261914,-0.442764324944977,3.813804083740777,21.859378466990375,0.17446991528281777,0.8712020856747671,2.098121376743199,0.41522939525914904,0.6397520215013928,3.1500792553480665,0.20309070551940706,5.151530687397788,25.108855577780485,0.20516787259665653,-1.1781706103002918,7.901928205562246,-0.14909910980611746,-0.1494182779005131,4.691186306020372,-0.031850844605748135,-9.491486157552309,1221.6993159813917,-0.007769085261506189,-0.26849062324895456,1.2854063782516787,-0.2088759001944868,0.2960550227135954,2.3401797705708023,0.12650946731836596,-8.969797581396652,7.463055899534399,-1.201893232511232,-250.26156550117003,284.82291920124334,-0.8786566942166951,-0.20324467535475899,0.825430022335082,-0.24622853982370949,-1.5945425604877386,8.003458579078341,-0.19923166284940022,-0.3635764580416545,0.48434402378846536,-0.7506559171348981,-0.19915739608765648,1.3460363928046728,-0.1479582938425521
2024-07-12__JDG__LGD__G2,2024-07-12__JDG__LGD__G2,2024-07-12,1.0,-0.033923695645968976,1.2372145438177267,-0.02741939010989891,-1.6051907600492221,6.761859462395603,-0.23738892113732446,37.603138196165844,63.362072928598394,0.5934644474948872,-40.561568971426254,202.97771873758262,-0.19983261721466675,0.44357482077794863,0.9779640325261914,0.45356920342248436,-9.002237161941878,21.859378466990375,-0.41182491824784245,-0.2882014323251063,2.098121376743199,-0.1373615931652498,0.8266923232856982,3.1500792553480665,0.26243532109449486,-4.285065982613098,25.108855577780485,-0.17065954275293724,-2.6200798819829387,7.901928205562246,-0.33157470964668206,0.035713092395121215,4.691186306020372,0.007612804619693889,522.4019824302832,1221.6993159813917,0.4276027457566632,0.3132573573786903,1.2854063782516787,0.24370278456372416,0.07425020895318823,2.3401797705708023,0.03172840743199406,5.803327199789887,7.463055899534399,0.7776072563713057,192.70462766833873,284.82291920124334,0.6765769676547875,-0.2186536222451121,0.825430022335082,-0.26489629821103344,-1.0279793312428325,8.003458579078341,-0.1284418720536866,-0.015320397643234118,0.48434402378846536,-0.03163116557573059,0.8268402593060227,1.3460363928046728,0.6142773326550578
2024-07-13__NIP__WBG__G1,2024-07-13__NIP__WBG__G1,2024-07-13,1.0,0.2541750930668556,1.2372145438177267,0.20544123805827488,-12.147152467546999,6.761859462395603,-1.7964216409226945,-19.893873189134865,63.362072928598394,-0.3139713073715504,-339.99106565486693,202.97771873758262,-1.6750166771723538,0.7110899071149923,0.9779640325261914,0.7271117917970633,10.831769673335202,21.859378466990375,0.495520455632885,0.36101627658378277,2.098121376743199,0.17206635827609285,-0.4662132351542887,3.1500792553480665,-0.14800043089783904,4.770270019905361,25.108855577780485,0.18998356237881034,-1.5120631907412267,7.901928205562246,-0.1913536747047633,-2.1172269742676337,4.691186306020372,-0.4513200680668877,382.38375739086956,1221.6993159813917,0.3129933462970855,-7.259611797453319,1.2854063782516787,-5.64771287319615,-6.311405796385792,2.3401797705708023,-2.6969736166349034,-4.213099384390045,7.463055899534399,-0.5645273031018817,-259.8651119663168,284.82291920124334,-0.912374298327914,-2.707820390851017,0.825430022335082,-3.2804926366721685,-27.994409361428616,8.003458579078341,-3.497788560662961,-1.1520515756969454,0.48434402378846536,-2.3785762609591643,4.777107894124459,1.3460363928046728,3.5490157403210256
2024-07-13__NIP__WBG__G2,2024-07-13__NIP__WBG__G2,2024-07-13,0.0,-0.6354419086943697,1.2372145438177267,-0.5136064704890149,1.758280950601332,6.761859462395603,0.26002916806396287,-8.466134071267277,63.362072928598394,-0.13361516671325524,67.52297534918745,202.97771873758262,0.33266200564517,-2.170296190222958,0.9779640325261914,-2.21919610419694,0.30324024004730177,21.859378466990375,0.01387231693860394,-2.155001168021027,2.098121376743199,-1.0271093773691682,-0.8982464599484716,3.1500792553480665,-0.2851503413043108,10.587493982471088,25.108855577780485,0.42166372449792283,6.529756028883838,7.901928205562246,0.8263495988153726,-0.034120527317582194,4.691186306020372,-0.007273324446839732,-203.79549746779728,1221.6993159813917,-0.1668131385808914,7.628951021429575,1.2854063782516787,5.935045301985073,6.665221434840941,2.3401797705708023,2.848165201022142,6.070009973343062,7.463055899534399,0.8133409747581791,213.59299721046682,284.82291920124334,0.7499150597134226,3.1657049181177936,0.825430022335082,3.8352143697752643,31.0622936051743,8.003458579078341,3.881108325501328,1.5583940529398808,0.48434402378846536,3.2175287788659097,-4.745858925257334,1.3460363928046728,-3.5258002122575647
2024-07-13__RA__iG__G1,2024-07-13__RA__iG__G1,2024-07-13,1.0,-0.5255976889409899,1.2372145438177267,-0.424823056554181,-1.6368184367260294,6.761859462395603,-0.24206628424658955,-30.34028874768501,63.362072928598394,-0.478839893748979,-84.11769569033748,202.97771873758262,-0.41441836965696566,0.374298842893384,0.9779640325261914,0.3827323375014021,-0.9354459252428171,21.859378466990375,-0.04279380055849364,-0.16773335208068474,2.098121376743199,-0.07994450368574213,0.7831956829962561,3.1500792553480665,0.24862721566111884,25.617633878436763,25.108855577780485,1.0202628621928769,12.6859098294648,7.901928205562246,1.6054193222251425,1.4308127521898673,4.691186306020372,0.3050001329841708,133.7193370581906,1221.6993159813917,0.10945355800688177,-0.47251273550927664,1.2854063782516787,-0.3675976530895252,-1.1096093226174482,2.3401797705708023,-0.47415538858000233,-2.1056346922436653,7.463055899534399,-0.2821410476416213,-125.32665496303832,284.82291920124334,-0.4400160453185721,0.025451368385671636,0.825430022335082,0.03083403421605313,0.23357730570363344,8.003458579078341,0.029184542433902273,-0.017375504039001566,0.48434402378846536,-0.03587422846443904,-0.8033034093048599,1.3460363928046728,-0.5967913028263321
2024-07-13__RA__iG__G2,2024-07-13__RA__iG__G2,2024-07-13,0.0,-0.925074330163099,1.2372145438177267,-0.7477066827891277,2.625067217114797,6.761859462395603,0.38821670924939256,-38.47951520484861,63.362072928598394,-0.6072957026029562,36.509735805446155,202.97771873758262,0.1798706569994349,-0.9404013754021703,0.9779640325261914,-0.9615899793196184,-8.646163187914553,21.859378466990375,-0.39553561897633166,-1.2362592604842106,2.098121376743199,-0.5892217127978914,-1.0683771680083938,3.1500792553480665,-0.33915871387547997,-11.342801819762975,25.108855577780485,-0.4517450559576867,-0.97387540033154,7.901928205562246,-0.12324527023679475,-0.639479308002147,4.691186306020372,-0.13631502352964672,-544.7840856042426,1221.6993159813917,-0.44592321370065924,0.3820041006449735,1.2854063782516787,0.29718524034345345,0.9147966457535297,2.3401797705708023,0.39090853888624943,-5.802991065309968,7.463055899534399,-0.777562216586075,-179.99554519541437,284.82291920124334,-0.6319559713390953,-0.39326689462349007,0.825430022335082,-0.4764382292186787,-1.5238706764500805,8.003458579078341,-0.19040149592728572,-0.4849674788450682,0.48434402378846536,-1.0012851480371041,0.09039693581129349,1.3460363928046728,0.0671578191620203
2024-07-13__RNG__WE__G1,2024-07-13__RNG__WE__G1,2024-07-13,1.0,0.8332516035144675,1.2372145438177267,0.6734894397974253,0.4397646586302706,6.761859462395603,0.06503604460280005,24.802343710103685,63.362072928598394,0.39143831904954707,15.33006411333156,202.97771873758262,0.07552584654685673,-1.5552432137551255,0.9779640325261914,-1.5902850940771993,5.688685253874965,21.859378466990375,0.2602400156173413,-2.4783615480219225,2.098121376743199,-1.1812283094129845,-0.9760389398693861,3.1500792553480665,-0.30984573748948474,6.266722405006391,25.108855577780485,0.2495821498519365,2.3161054755545116,7.901928205562246,0.2931063307836499,0.1647237313621277,4.691186306020372,0.035113441569628166,-413.3313537920673,1221.6993159813917,-0.33832494464623075,0.6011438666839641,1.2854063782516787,0.46766797581448305,-0.4406270455496184,2.3401797705708023,-0.18828761055161708,1.0393724832475328,7.463055899534399,0.1392690015953619,-5.092171127154074,284.82291920124334,-0.017878375530860264,1.8602804961987243,0.825430022335082,2.253707997230503,14.896267270404316,8.003458579078341,1.8612285253922323,1.0375111399216665,0.48434402378846536,2.1420910486628495,0.4432258518039198,1.3460363928046728,0.32928197550321514
2024-07-13__RNG__WE__G2,2024-07-13__RNG__WE__G2,2024-07-13,1.0,0.9209630975721552,1.2372145438177267,0.7443837108045877,0.4664921723038695,6.761859462395603,0.06898873097103218,26.841380594584223,63.362072928598394,0.4236190347057027,7.7821004204086535,202.97771873758262,0.03833967802214771,1.1110554272898074,0.9779640325261914,1.1360891139633376,3.6904051120194055,21.859378466990375,0.16882478835194056,-0.46103820308170995,2.098121376743199,-0.21973847102157804,-0.2677893845049817,3.1500792553480665,-0.08501033713358279,5.494883666102332,25.108855577780485,0.21884244904106487,2.4646382927034054,7.901928205562246,0.3119033629114928,0.0535078103828317,4.691186306020372,0.011406027278885917,-440.9699994835744,1221.6993159813917,-0.3609480609133311,0.9944914755960959,1.2854063782516787,0.7736780513495525,0.06903174396722278,2.3401797705708023,0.02949846645837748,-0.24370653004521614,7.463055899534399,-0.0326550545340771,59.81225365784121,284.82291920124334,0.20999803532517855,-0.08048186446995498,0.825430022335082,-0.09750283463090333,-0.7649670780951325,8.003458579078341,-0.09557955163474748,-0.2901296307376531,0.48434402378846536,-0.5990143729944987,0.3862244866961131,1.3460363928046728,0.28693444087118253
2024-07-14__AL__JDG__G1,2024-07-14__AL__JDG__G1,2024-07-14,0.0,0.9771307820184933,1.2372145438177267,0.7897821740933847,-6.3818913542746,6.761859462395603,-0.9438070172796221,13.966319904258569,63.362072928598394,0.22042081387672016,-161.53027274920044,202.97771873758262,-0.7958029726515451,-0.8064958490599441,0.9779640325261914,-0.8246673676835627,-0.9723572185385336,21.859378466990375,-0.0444823797494746,0.5943490196049446,2.098121376743199,0.28327662208508547,0.9248508613518673,3.1500792553480665,0.2935959678429451,-0.13054852321814536,25.108855577780485,-0.005199301800690969,1.9978742817962498,7.901928205562246,0.2528337358919802,-0.08498745829075371,4.691186306020372,-0.018116406944929744,-7.169696331016553,1221.6993159813917,-0.0058686259633275685,-1.035140549133775,1.2854063782516787,-0.8053015461461728,-0.5557037186735663,2.3401797705708023,-0.23746187716003772,-9.625962896000175,7.463055899534399,-1.2898150215899753,-192.08764957110702,284.82291920124334,-0.6744107863067563,0.026501418409054178,0.825430022335082,0.03210615750070026,-0.7344753778159543,8.003458579078341,-0.09176973664437932,-0.2499404513377208,0.48434402378846536,-0.5160380288058471,0.27655022707646637,1.3460363928046728,0.20545508509257093
2024-07-14__AL__JDG__G2,2024-07-14__AL__JDG__G2,2024-07-14,0.0,-0.5631698635848696,1.2372145438177267,-0.45519139037574113,-2.644062682706389,6.761859462395603,-0.39102591622685545,-34.73486693509352,63.362072928598394,-0.5481964964441605,-104.82060976344485,202.97771873758262,-0.5164143626155666,1.0701783271000203,0.9779640325261914,1.094290993549771,-1.359768155552743,21.859378466990375,-0.06220524958661864,0.23721686343609605,2.098121376743199,0.11306150016107011,0.016190518645420315,3.1500792553480665,0.005139716239906196,1.7071085583404013,25.108855577780485,0.06798830337224787,2.55671627952173,7.901928205562246,0.32355595867930986,0.18975438089463914,4.691186306020372,0.040449116293250625,-279.5644780445063,1221.6993159813917,-0.2288324747002903,0.9119730656022114,1.2854063782516787,0.7094817417670447,0.9928764698991834,2.3401797705708023,0.42427340758680243,4.054246205225986,7.463055899534399,0.5432420333655664,16.305570089859998,284.82291920124334,0.05724809674143921,-0.911872950298577,0.825430022335082,-1.1047233816327344,-7.5331019862362325,8.003458579078341,-0.9412307155181169,-0.45850103415168286,0.48434402378846536,-0.9466413643839362,-0.23035427048281676,1.3460363928046728,-0.17113511980736193
2024-07-14__AL__JDG__G3,2024-07-14__AL__JDG__G3,2024-07-14,0.0,0.06563401248854994,1.2372145438177267,0.05304978006178324,8.826007794311423,6.761859462395603,1.3052632250243936,-26.210160589986117,63.362072928598394,-0.4136569238488293,258.32708642589097,202.97771873758262,1.2726869075082041,-1.873396512590734,0.9779640325261914,-1.915606847160521,-3.0279287621940085,21.859378466990375,-0.13851851406699137,-2.797373248356397,2.098121376743199,-1.3332745884435047,-1.2662959082789245,3.1500792553480665,-0.4019884592238764,-8.177408150746103,25.108855577780485,-0.3256782372950633,-4.0494262156909215,7.901928205562246,-0.5124604524222376,0.051536513895896086,4.691186306020372,0.010985814578274756,9.391521667572846,1221.6993159813917,0.007687261126393748,0.2987871854535449,1.2854063782516787,0.23244551922514584,0.30216873736913996,2.3401797705708023,0.1291219640675181,1.0998535402311447,7.463055899534399,0.14737306107096165,56.44320081275248,284.82291920124334,0.19816944778486295,0.4465402994046661,0.825430022335082,0.5409783341331628,4.844452700326286,8.003458579078341,0.6052948293747942,-0.0075821614628734935,0.48434402378846536,-0.015654463430979638,0.6786766172951992,1.3460363928046728,0.504203390576746
2024-07-14__LNG__TES__G1,2024-07-14__LNG__TES__G1,2024-07-14,1.0,0.5919535201568351,1.2372145438177267,0.47845625858386803,1.5502358647328442,6.761859462395603,0.22926173548745846,-6.13476256733145,63.362072928598394,-0.096820734975383,-50.42294439008799,202.97771873758262,-0.2484161535328937,-1.1636814627626197,0.9779640325261914,-1.1899008901746746,5.983792747928675,21.859378466990375,0.2737402842091075,-0.7514594838166744,2.098121376743199,-0.3581580808375553,-1.4146623308081585,3.1500792553480665,-0.44908771083098836,-8.041155073462768,25.108855577780485,-0.3202517425894497,-9.312686866093394,7.901928205562246,-1.1785333206399902,-0.48717917800856725,4.691186306020372,-0.10384986704396826,98.06675202611098,1221.6993159813917,0.08027077584721665,0.029385853109481275,1.2854063782516787,0.022861120611778238,1.021714866418801,2.3401797705708023,0.43659655667095776,-5.156281008376013,7.463055899534399,-0.69090736916366,-198.77741502769686,284.82291920124334,-0.6978982410799296,0.4974992140649528,0.825430022335082,0.602714461418672,4.577182188501041,8.003458579078341,0.5719004567057661,0.4382816076965079,0.48434402378846536,0.904895448844179,-0.13738803316349113,1.3460363928046728,-0.10206851154203254
2024-07-14__LNG__TES__G2,2024-07-14__LNG__TES__G2,2024-07-14,0.0,-0.9022074451220794,1.2372145438177267,-0.7292241433841843,-2.705999343173545,6.761859462395603,-0.40018562320566714,-35.024837809095004,63.362072928598394,-0.5527729071583717,-19.284410485847445,202.97771873758262,-0.09500752353893359,1.6187641510913755,0.9779640325261914,1.6552372500578363,-3.5676382649779015,21.859378466990375,-0.16320857919893633,1.9713258902158124,2.098121376743199,0.9395666868944955,1.2167607527943782,3.1500792553480665,0.38626341367925965,7.9061759445236675,25.108855577780485,0.31487598489530816,6.121073673463613,7.901928205562246,0.7746302851150486,0.5329939561018247,4.691186306020372,0.11361600408020674,451.03093497557694,1221.6993159813917,0.3691832586843026,0.7339539448984524,1.2854063782516787,0.5709893667303555,0.5363141952142989,2.3401797705708023,0.22917639609673593,-6.592266581608595,7.463055899534399,-0.8833198875945686,-211.14608496109054,284.82291920124334,-0.7413240648326477,-0.9842523157366827,0.825430022335082,-1.1924101337411661,-7.348138538031392,8.003458579078341,-0.9181202785405442,-0.9139252358146079,0.48434402378846536,-1.8869301653313963,-0.5166150012673185,1.3460363928046728,-0.38380434602256697
2024-07-14__TT__UP__G1,2024-07-14__TT__UP__G1,2024-07-14,0.0,-0.07737697300869684,1.2372145438177267,-0.06254122282519305,-3.316564291418757,6.761859462395603,-0.4904810310509956,15.526644987898123,63.362072928598394,0.24504635068282057,-152.04623896854037,202.97771873758262,-0.7490784661740785,0.1365281151780673,0.9779640325261914,0.13960429119372514,-6.127703801425042,21.859378466990375,-0.2803237763761055,0.3872085765825659,2.098121376743199,0.1845500438270949,1.0341828333492393,3.1500792553480665,0.32830364610344437,1.6665267360788647,25.108855577780485,0.06637206799586484,6.478431354486339,7.901928205562246,0.8198543907386702,-0.37198518568213323,4.691186306020372,-0.07929446458143999,139.1717875845183,1221.6993159813917,0.11391656330658168,0.29715334832467555,1.2854063782516787,0.23117445360306146,0.6958515215892298,2.3401797705708023,0.29734947416882757,3.5025975002493155,7.463055899534399,0.4693247750084598,48.325146815299036,284.82291920124334,0.16966733850335716,0.48182179040055617,0.825430022335082,0.5837214465692345,3.398902874890794,8.003458579078341,0.4246792079484962,0.1820698342600311,0.48434402378846536,0.375909373107442,0.38458033056388885,1.3460363928046728,0.2857129620764528
2024-07-14__TT__UP__G2,2024-07-14__TT__UP__G2,2024-07-14,1.0,-0.28012119357332566,1.2372145438177267,-0.22641260447548553,-1.278499195424608,6.761859462395603,-0.1890750633697134,-27.21958663256288,63.362072928598394,-0.4295880002797281,-47.03968732795562,202.97771873758262,-0.23174803317709122,-0.28015515879555153,0.9779640325261914,-0.2864674599580313,4.91937976716639,21.859378466990375,0.22504663385322055,-0.4885096634242885,2.098121376743199,-0.23283182565479107,-1.1914586607850532,3.1500792553480665,-0.378231208161204,2.043396903565352,25.108855577780485,0.08138151959391132,0.3184885442132064,7.901928205562246,0.04030516294540062,1.1513056199877592,4.691186306020372,0.24541881295386492,-344.3880474465453,1221.6993159813917,-0.28189264138861003,0.2654269849630104,1.2854063782516787,0.20649250148542456,0.1752262040650301,2.3401797705708023,0.07487720874754902,-9.08447801148943,7.463055899534399,-1.2172596475924213,-284.43023178014687,284.82291920124334,-0.9986212892529189,0.7461710110724349,0.825430022335082,0.9039774261955571,6.050843127189346,8.003458579078341,0.7560284483733404,0.6808877214840132,0.48434402378846536,1.4057906823491733,0.18031323630869167,1.3460363928046728,0.13395856405815126
2024-07-15__BLG__LGD__G1,2024-07-15__BLG__LGD__G1,2024-07-15,1.0,0.12836321507217896,1.2372145438177267,0.1037516993005789,-0.6518344860305305,6.761859462395603,-0.0963986893334379,28.76534944482063,63.362072928598394,0.4539837107799817,-41.504617816487325,202.97771873758262,-0.20447868795721072,-1.9504865009997898,0.9779640325261914,-1.9944337845714877,-3.520923202338537,21.859378466990375,-0.1610715074348495,-2.890104550396284,2.098121376743199,-1.3774718683866456,-1.1500417449645275,3.1500792553480665,-0.3650833158971228,-3.67824479474541,25.108855577780485,-0.14649192739427208,-4.209917818679067,7.901928205562246,-0.5327708853321115,0.708962508602986,4.691186306020372,0.15112645527778193,630.2097574293475,1221.6993159813917,0.5158468607369668,0.19226899215182058,1.2854063782516787,0.1495782546489903,0.8666457006099186,2.3401797705708023,0.3703328014265034,-3.9999809385336036,7.463055899534399,-0.535970848457976,-24.603899034924666,284.82291920124334,-0.08638314296314578,-0.47293418286491473,0.825430022335082,-0.5729542143049332,-5.0040685517076255,8.003458579078341,-0.6252381863448959,-0.3580239913541672,0.48434402378846536,-0.7391920506455578,1.5042554248715927,1.3460363928046728,1.1175435637320956
2024-07-15__BLG__LGD__G2,2024-07-15__BLG__LGD__G2,2024-07-15,0.0,-1.7441621752748677,1.2372145438177267,-1.4097480297514169,-6.034677947386653,6.761859462395603,-0.89245821929438,-67.87041444866082,63.362072928598394,-1.0711520352875887,-200.88409785665095,202.97771873758262,-0.9896854596473033,0.02699856313401572,0.9779640325261914,0.02760687983319348,7.533514688778936,21.859378466990375,0.3446353406397112,-0.0663949731755018,2.098121376743199,-0.03164494784072752,-1.158890022680216,3.1500792553480665,-0.3678922213847421,4.527942215825888,25.108855577780485,0.18033247359550367,-0.6387851333819441,7.901928205562246,-0.080839136464586,-1.4300445569819384,4.691186306020372,-0.3048363801519308,29.13812590215815,1221.6993159813917,0.023850488820893696,-1.102470610383234,1.2854063782516787,-0.8576818750509567,-1.3455713035480237,2.3401797705708023,-0.5749860525602987,-2.8551461054513965,7.463055899534399,-0.3825705932416945,-75.84128423762604,284.82291920124334,-0.26627521473356125,-0.8015458416281613,0.825430022335082,-0.9710633837829946,-6.831362008722749,8.003458579078341,-0.8535511351341681,-0.6912671833764872,0.48434402378846536,-1.4272205750551776,-0.6009891623622874,1.3460363928046728,-0.44648771689026817
2024-07-15__OMG__iG__G1,2024-07-15__OMG__iG__G1,2024-07-15,0.0,-1.2516708156098133,1.2372145438177267,-1.0116837133709795,-4.9475111965601855,6.761859462395603,-0.7316789845153612,-42.721834847519915,63.362072928598394,-0.6742493134877877,-204.69517712395435,202.97771873758262,-1.0084613098846127,1.6222634170973977,0.9779640325261914,1.6588153595910404,8.379922922312446,21.859378466990375,0.3833559381210652,1.2692015682097484,2.098121376743199,0.6049225642309104,0.06687099386973516,3.1500792553480665,0.021228346089343136,-14.776718442501036,25.108855577780485,-0.5885062267461976,-6.995467794123972,7.901928205562246,-0.8852860626997002,-1.6189704915596455,4.691186306020372,-0.34510890014601664,-871.9448905969023,1221.6993159813917,-0.7137148056621064,-0.8384148741489135,1.2854063782516787,-0.6522561550014337,-0.38290728256053796,2.3401797705708023,-0.16362295057537013,1.1581510204359304,7.463055899534399,0.15518453577758257,1.4234284004679694,284.82291920124334,0.004997590781887348,1.0242598671900813,0.825430022335082,1.240878812977646,8.941369374540848,8.003458579078341,1.1171880467684594,0.7471988944212589,0.48434402378846536,1.54269964121195,0.9422729007179562,1.3460363928046728,0.7000347135636313
2024-07-15__OMG__iG__G2,2024-07-15__OMG__iG__G2,2024-07-15,0.0,0.5136507051110986,1.2372145438177267,0.41516670856405957,-2.41313019283227,6.761859462395603,-0.356873704545116,-6.80411632670382,63.362072928598394,-0.10738468463597418,-81.60907661135536,202.97771873758262,-0.40205928373253336,1.7529376294375325,0.9779640325261914,1.792433851044246,-9.183374079943917,21.859378466990375,-0.4201113802801052,1.749211147056446,2.098121376743199,0.8337031082865866,2.1028872635332645,3.1500792553480665,0.6675662500861924,15.450220598070324,25.108855577780485,0.61532951730437,7.178723914931883,7.901928205562246,0.9084773766232564,1.5302443615315076,4.691186306020372,0.32619553680316477,767.0304473234775,1221.6993159813917,0.6278389753206028,0.5200453141571089,1.2854063782516787,0.40457626349121956,0.16790333497530696,2.3401797705708023,0.07174801924996291,4.767238292201824,7.463055899534399,0.6387782320806424,165.08564236124664,284.82291920124334,0.579607997293913,0.07342470848648475,0.825430022335082,0.08895317294808207,-1.2309560389288947,8.003458579078341,-0.15380299316394483,0.03537347810576952,0.48434402378846536,0.0730336358761036,-0.5014178959991522,1.3460363928046728,-0.37251409112370354
2024-07-15__OMG__iG__G3,2024-07-15__OMG__iG__G3,2024-07-15,0.0,0.3082394043137944,1.2372145438177267,0.24913961504447918,10.092947410543395,6.761859462395603,1.4926287619617116,12.555058244109034,63.362072928598394,0.19814784248156253,232.6900949943203,202.97771873758262,1.1463824467786463,0.957249977845807,0.9779640325261914,0.9788182051592631,5.318056501854372,21.859378466990375,0.24328487960443315,1.1885662819999965,2.098121376743199,0.5664904464938517,0.4440196194058732,3.1500792553480665,0.14095501809899488,-18.167508453559137,25.108855577780485,-0.7235498118873347,-10.84692633960056,7.901928205562246,-1.3726934344040063,-0.8646548504473595,4.691186306020372,-0.18431471481382045,-1138.0397627683064,1221.6993159813917,-0.931521976766105,-0.09609792428574337,1.2854063782516787,-0.07476067580726747,-0.24661983464463688,2.3401797705708023,-0.10538495049016358,-4.60336141608397,7.463055899534399,-0.6168198203568784,-159.8770579155705,284.82291920124334,-0.5613209000266145,-0.07235261576967078,0.825430022335082,-0.08765434519893703,1.4459522213027896,8.003458579078341,0.18066589916723264,-0.03036487734013349,0.48434402378846536,-0.06269265884601131,0.4663573822871392,1.3460363928046728,0.34646688478349996
2024-07-16__EDG__RA__G1,2024-07-16__EDG__RA__G1,2024-07-16,1.0,-0.9816498798373852,1.2372145438177267,-0.7934348099186243,-4.449932855941345,6.761859462395603,-0.658092973182238,-28.87276516088741,63.362072928598394,-0.45567897909124033,-152.43604233368706,202.97771873758262,-0.750998890571646,-0.24566512850649236,0.9779640325261914,-0.25120031937329323,-1.496757707455032,21.859378466990375,-0.06847210414711316,-1.1299343646903104,2.098121376743199,-0.5385455001172266,-1.1650240940913927,3.1500792553480665,-0.3698394960298127,5.879402795090471,25.108855577780485,0.23415653265124445,2.512292295287356,7.901928205562246,0.31793404242585827,0.4495004566850316,4.691186306020372,0.09581805785246972,-363.61400214558836,1221.6993159813917,-0.2976297007712305,-1.4250609631486348,1.2854063782516787,-1.108645389204863,-0.10538275239750305,2.3401797705708023,-0.045031885452079305,-2.930924570886372,7.463055899534399,-0.3927244037318307,-61.14726029393,284.82291920124334,-0.2146851814128092,-0.2818661299784804,0.825430022335082,-0.34147750975133256,-2.463370195629011,8.003458579078341,-0.30778817226346095,-0.26291653747121657,0.48434402378846536,-0.5428290259177799,-0.17000687419450244,1.3460363928046728,-0.12630174696727212
2024-07-16__EDG__RA__G2,2024-07-16__EDG__RA__G2,2024-07-16,1.0,0.10383619185993709,1.2372145438177267,0.08392732566188549,3.3762325150099812,6.761859462395603,0.4993052627728795,5.953665353026338,63.362072928598394,0.09396260229321753,121.68000328185065,202.97771873758262,0.5994746784975377,0.4735558551634549,0.9779640325261914,0.4842257539006359,6.456761366988573,21.859378466990375,0.2953771572856797,0.09118446774315458,2.098121376743199,0.04346003300565111,-0.4490965812525105,3.1500792553480665,-0.14256671095603174,5.228527026396925,25.108855577780485,0.2082343738035364,4.619086588136923,7.901928205562246,0.5845517553973405,0.15538814927698041,4.691186306020372,0.033123416129124734,-494.0003411874655,1221.6993159813917,-0.40435509320579394,0.5484113261016947,1.2854063782516787,0.4266439849190889,0.6530417839011058,2.3401797705708023,0.27905612767761523,2.3359087807029866,7.463055899534399,0.3129962443203023,165.8452484043047,284.82291920124334,0.5822749387132389,0.26756117194722284,0.825430022335082,0.32414722091533765,2.529943135194493,8.003458579078341,0.31610619260300377,0.2396047502434815,0.48434402378846536,0.49469848656508003,0.3654940030625262,1.3460363928046728,0.27153332070587144
2024-07-16__EDG__RA__G3,2024-07-16__EDG__RA__G3,2024-07-16,1.0,1.2368577307794117,1.2372145438177267,0.9997107916723946,3.042055843787086,6.761859462395603,0.4498844453689512,37.883964064295526,63.362072928598394,0.5978965288760324,79.40396673749598,202.97771873758262,0.3911954811599641,0.2588951229308165,0.9779640325261914,0.2647284047181747,-4.432388462776103,21.859378466990375,-0.20276826565316766,-0.3116724303979659,2.098121376743199,-0.14854826098454654,0.6407096897722515,3.1500792553480665,0.20339471944706267,5.352434778017525,25.108855577780485,0.21316919635257467,-0.3903681677330866,7.901928205562246,-0.04940162808068472,0.4019914654368133,4.691186306020372,0.08569077276469499,467.91622057803335,1221.6993159813917,0.3830044054818444,-0.885481428767573,1.2854063782516787,-0.6888722157266151,-1.1151716818225417,2.3401797705708023,-0.47653228154273564,4.948803190486743,7.463055899534399,0.6631067211608002,211.21039234589944,284.82291920124334,0.7415498450639698,-0.21505034823717306,0.825430022335082,-0.2605309740222894,-0.17141164100892325,8.003458579078341,-0.02141719331687593,-0.09439605997937361,0.48434402378846536,-0.1948942496425864,-0.968687018878466,1.3460363928046728,-0.719658327515003
2024-07-16__FPX__NIP__G1,2024-07-16__FPX__NIP__G1,2024-07-16,0.0,-0.6249087435418224,1.2372145438177267,-0.5050928649130255,-2.1564273858042995,6.761859462395603,-0.31891036465433314,-66.17170879560956,63.362072928598394,-1.044342533203337,-17.62144464867515,202.97771873758262,-0.08681467439607081,0.32458220620266154,0.9779640325261914,0.3318955130371379,4.817134995302041,21.859378466990375,0.22036924710403363,0.4954250192992298,2.098121376743199,0.23612779921267077,0.1604073100943153,3.1500792553480665,0.05092165820917828,-6.835311035564949,25.108855577780485,-0.2722270930335276,-4.5819642943064665,7.901928205562246,-0.5798538780986771,0.17105110011332325,4.691186306020372,0.03646221925392046,708.4150739626037,1221.6993159813917,0.5798604158288106,-0.015372040762752448,1.2854063782516787,-0.011958886359949501,0.2643125169134457,2.3401797705708023,0.11294534176048983,-6.219583582969388,7.463055899534399,-0.8333828438796189,-213.48960383250744,284.82291920124334,-0.7495520503815672,-0.9617712241247443,0.825430022335082,-1.1651745549906352,-10.252501314252477,8.003458579078341,-1.2810086954213282,-0.7974138063726119,0.48434402378846536,-1.646375552979517,-0.047257922082149406,1.3460363928046728,-0.03510892218505191
2024-07-16__FPX__NIP__G2,2024-07-16__FPX__NIP__G2,2024-07-16,0.0,1.8082179400978298,1.2372145438177267,1.4615221649399406,5.184758686676682,6.761859462395603,0.7667651108020377,39.36792047049414,63.362072928598394,0.6213167914114863,126.99706236018721,202.97771873758262,0.625669962813524,-0.0012129646792331528,0.9779640325261914,-0.0012402945288339517,-9.81440088154504,21.859378466990375,-0.44897893356788404,-0.9256890031949219,2.098121376743199,-0.4411987658373952,-0.3549942487651747,3.1500792553480665,-0.11269371571168106,9.092593679872081,25.108855577780485,0.36212695116982613,0.8396525163252662,7.901928205562246,0.10625917981323174,1.5644303488314755,4.691186306020372,0.3334828150698193,-92.74828861048039,1221.6993159813917,-0.07591744328681906,-7.059175562091501,1.2854063782516787,-5.491780801579729,-5.683529740310529,2.3401797705708023,-2.4286712427451653,-15.306178083090074,7.463055899534399,-2.0509260868753376,-369.7265834706058,284.82291920124334,-1.2980928052046279,-2.6998499276578243,0.825430022335082,-3.2708365140192486,-29.74082035273085,8.003458579078341,-3.71599557152455,-1.4511649535611277,0.48434402378846536,-2.9961388726787352,5.64746263819063,1.3460363928046728,4.195620915421441
2024-07-16__FPX__NIP__G3,2024-07-16__FPX__NIP__G3,2024-07-16,1.0,-1.3210934131829557,1.2372145438177267,-1.0677956802146242,-8.386347837609891,6.761859462395603,-1.2402426646110887,-44.48123816388204,63.362072928598394,-0.7020167650132028,-179.4877246066847,202.97771873758262,-0.8842730366600497,0.874810419199302,0.9779640325261914,0.8945211639516092,-3.1407417051787263,21.859378466990375,-0.14367936244125906,0.32852259633743586,2.098121376743199,0.15657933015679645,0.5517063212492599,3.1500792553480665,0.17514040168106745,-3.0868839793513203,25.108855577780485,-0.12294004586744059,0.7823420703510848,7.901928205562246,0.09900646411769755,0.6103514775964163,4.691186306020372,0.13010597057447054,464.36697729892035,1221.6993159813917,0.3800992362394791,-0.3131502078285475,1.2854063782516787,-0.2436194261265814,-0.5446244550709665,2.3401797705708023,-0.23272751486549692,-7.965934262236136,7.463055899534399,-1.0673822227903838,-227.27847077072863,284.82291920124334,-0.7979641196366629,-0.0711384952806835,0.825430022335082,-0.08618345247000539,-2.8088657894583733,8.003458579078341,-0.35095645348181237,0.025520063236014634,0.48434402378846536,0.05268984294790724,-0.17088661934201177,1.3460363928046728,-0.1269553284741545
2024-07-17__TES__WBG__G1,2024-07-17__TES__WBG__G1,2024-07-17,1.0,-1.019493217469015,1.2372145438177267,-0.8240223157261047,-2.672813441046266,6.761859462395603,-0.3952778167947194,-33.32484355721431,63.362072928598394,-0.525943068005752,-3.7632998621789966,202.97771873758262,-0.018540457874117094,0.7377056535229274,0.9779640325261914,0.7543272294893331,-4.378491607227943,21.859378466990375,-0.20030264874809728,-0.5896983114235148,2.098121376743199,-0.2810600172611815,-0.08151453530947972,3.1500792553480665,-0.02587697096640251,7.444142708121468,25.108855577780485,0.2964747791306831,6.751036179069402,7.901928205562246,0.8543529059102783,-0.06618294223481946,4.691186306020372,-0.014107930022296163,418.53359832014314,1221.6993159813917,0.3425831483267646,0.5185213375751339,1.2854063782516787,0.4033906653627509,0.42765354156493274,2.3401797705708023,0.1827438063516017,1.575102024917669,7.463055899534399,0.2110531979216098,94.8701211812106,284.82291920124334,0.3330845744934416,0.4533547946226397,0.825430022335082,0.549234015145364,3.542584140510705,8.003458579078341,0.44263160268483054,0.1472247106784228,0.48434402378846536,0.3039666011779286,-0.0305826364803643,1.3460363928046728,-0.022720495466058893
2024-07-17__TES__WBG__G2,2024-07-17__TES__WBG__G2,2024-07-17,0.0,-0.11971705625268392,1.2372145438177267,-0.09676329791595416,-2.8251520563199364,6.761859462395603,-0.4178069145365116,-15.18673870775757,63.362072928598394,-0.23968184382460775,-106.0354034914526,202.97771873758262,-0.5223992250407544,-0.9166142820831329,0.9779640325261914,-0.9372669283639081,-6.742502459092918,21.859378466990375,-0.3084489415298683,-0.8845059107885369,2.098121376743199,-0.42157021944616363,-1.5632278069623244,3.1500792553480665,-0.4962501524551146,0.20476385693314825,25.108855577780485,0.008155045065427208,1.459180057676246,7.901928205562246,0.18466124154201669,-0.016828741621394805,4.691186306020372,-0.0035873096774025346,-429.97959299167445,1221.6993159813917,-0.35195206137470864,0.003915473496137523,1.2854063782516787,0.0030460953954248157,0.4709179391393441,2.3401797705708023,0.20123143693060971,-11.676643329956544,7.463055899534399,-1.5645925640316396,-430.6359309516084,284.82291920124334,-1.5119426858180514,0.3044428578935596,0.825430022335082,0.3688289507611596,4.488198658820529,8.003458579078341,0.5607823235033292,0.49247692009427757,0.48434402378846536,1.0167894701223643,-1.8777544262755619,1.3460363928046728,-1.3950239691060708
2024-07-17__TT__WE__G1,2024-07-17__TT__WE__G1,2024-07-17,0.0,0.20504570252992682,1.2372145438177267,0.16573159265135717,-6.699970329018839,6.761859462395603,-0.9908471738331558,46.0435757158524,63.362072928598394,0.7266740632217641,-210.18891844686203,202.97771873758262,-1.0355270456215704,1.0505609233653486,0.9779640325261914,1.074231581319052,3.26906432479268,21.859378466990375,0.1495497312597213,1.2938434861884858,2.098121376743199,0.6166673119405209,1.0383889245960527,3.1500792553480665,0.3296388791470065,-0.9631206993128103,25.108855577780485,-0.03835780798417966,4.009930603055331,7.901928205562246,0.5074622283673081,1.2955507126272767,4.691186306020372,0.27616691215135436,-319.9754903495783,1221.6993159813917,-0.26191018190972104,1.0067412747887374,1.2854063782516787,0.7832079477854225,-0.023622072496799262,2.3401797705708023,-0.010094122981378705,7.008070389986852,7.463055899534399,0.9390348330888469,210.92978486491643,284.82291920124334,0.7405646452746244,1.3948021444462886,0.825430022335082,1.6897864348501206,9.753672900594907,8.003458579078341,1.2186820966887568,0.8452418725866644,0.48434402378846536,1.7451234782497085,0.5721933382508535,1.3460363928046728,0.42509468259169386
2024-07-17__TT__WE__G2,2024-07-17__TT__WE__G2,2024-07-17,1.0,0.46979194749840314,1.2372145438177267,0.37971713970610727,-1.174595789733111,6.761859462395603,-0.17370896608490102,9.218469846040477,63.362072928598394,0.1454887644054803,16.901369589448564,202.97771873758262,0.08326711725454056,0.5203086033176323,0.9779640325261914,0.5320319091303478,7.7666745985111305,21.859378466990375,0.3553016960174696,0.6700992901882685,2.098121376743199,0.3193804601752673,-0.4257253265099976,3.1500792553480665,-0.13514745403302664,-1.8872777104317606,25.108855577780485,-0.07516382534527137,-2.8587845602742377,7.901928205562246,-0.3617831147186071,-1.5427289619734372,4.691186306020372,-0.32885682479435363,-45.57745227979168,1221.6993159813917,-0.037306603716866844,-0.42694940577750273,1.2854063782516787,-0.3321510464318398,0.4964809793143594,2.3401797705708023,0.21215496920490498,-4.88571773815228,7.463055899534399,-0.6546536900257437,-93.99593121300995,284.82291920124334,-0.3300153342525825,-0.4187628788585043,0.825430022335082,-0.5073263150127987,-4.103048375652257,8.003458579078341,-0.5126593487618706,0.06844332324412328,0.48434402378846536,0.14131108999277234,-0.1654064671333444,1.3460363928046728,-0.12288400605921873
2024-07-18__AL__WBG__G1,2024-07-18__AL__WBG__G1,2024-07-18,1.0,-0.40684819711426634,1.2372145438177267,-0.328841808646243,-0.1444952222422735,6.761859462395603,-0.021369151736544634,-12.890461046962344,63.362072928598394,-0.20344127405754392,-127.05545227057729,202.97771873758262,-0.6259576294129201,0.15309528257749072,0.9779640325261914,0.1565447408503234,-2.4559132489290505,21.859378466990375,-0.11235054739946758,0.616925884238448,2.098121376743199,0.2940371310447908,0.7905146350817134,3.1500792553480665,0.2509506333178695,-5.374117342102728,25.108855577780485,-0.21403273882485083,1.9323748455762662,7.901928205562246,0.2445446922273169,-3.6610518618808614,4.691186306020372,-0.7804105065646174,716.9685059868075,1221.6993159813917,0.5868616737531727,-0.03407742277431858,1.2854063782516787,-0.02651099048510855,0.6151938983128318,2.3401797705708023,0.2628830670045962,-4.045227592776186,7.463055899534399,-0.5420335992652766,-206.76816203741407,284.82291920124334,-0.7259533814600342,-0.24482491688196228,0.825430022335082,-0.29660251463456155,0.32011290912476653,8.003458579078341,0.03999681712163154,-0.11665667084941678,0.48434402378846536,-0.24085448413807975,-0.40604946334427794,1.3460363928046728,-0.3016628405086224
2024-07-18__AL__WBG__G2,2024-07-18__AL__WBG__G2,2024-07-18,0.0,1.1609859251410368,1.2372145438177267,0.9383861453587425,1.466119234238338,6.761859462395603,0.2168218706067352,48.466597238774625,63.362072928598394,0.7649149441255787,98.4270919424876,202.97771873758262,0.48491574380546754,0.5744169297178043,0.9779640325261914,0.5873593744287791,-1.1084330045333104,21.859378466990375,-0.05070743230415775,-0.1632483423364235,2.098121376743199,-0.07780687349125219,-0.47337753770507307,3.1500792553480665,-0.1502747547150247,1.8738083940213528,25.108855577780485,0.07462738847612588,4.546416346526378,7.901928205562246,0.5753552364561948,0.15146408555429058,4.691186306020372,0.032286940527808644,247.19620222971196,1221.6993159813917,0.20233800477231265,-0.5271869162473521,1.2854063782516787,-0.41013216912166395,-1.214078756043783,2.3401797705708023,-0.5187969969292809,-2.5330373133580864,7.463055899534399,-0.33941015691788656,-32.712401815480575,284.82291920124334,-0.11485171836721368,0.6721436375578609,0.825430022335082,0.8142941316361206,5.370534005705302,8.003458579078341,0.6710265670291247,0.32167310551510453,0.48434402378846536,0.6641404158527976,0.31758895659365827,1.3460363928046728,0.23594363595792356
2024-07-18__BLG__LNG__G1,2024-07-18__BLG__LNG__G1,2024-07-18,0.0,0.5132747069033234,1.2372145438177267,0.41486280177137985,9.520591126129096,6.761859462395603,1.4079839681808703,35.57943079035664,63.362072928598394,0.5615256664491518,268.2247429819646,202.97771873758262,1.3214491882593609,-1.5063111419973767,0.9779640325261914,-1.5402505119292549,3.5493637899485293,21.859378466990375,0.16237257765291951,-1.6924502116831874,2.098121376743199,-0.8066499030005511,-0.6874397535643528,3.1500792553480665,-0.218229282380107,8.213790177589644,25.108855577780485,0.3271272091640466,1.605729586340665,7.901928205562246,0.20320728578666283,1.3447490700451254,4.691186306020372,0.2866543120798779,392.2399247057766,1221.6993159813917,0.32106093476006337,0.09428387137710637,1.2854063782516787,0.07334940888961188,-0.5984495763637376,2.3401797705708023,-0.25572792661558685,3.100517061827574,7.463055899534399,0.4154486698367538,128.14022375113927,284.82291920124334,0.4498943542205137,1.3320175681128275,0.825430022335082,1.613723657180524,12.775034723399664,8.003458579078341,1.5961890726348626,1.0493081519837755,0.48434402378846536,2.1664476776828705,-0.5496232379431163,1.3460363928046728,-0.4083268718099228
2024-07-18__BLG__LNG__G2,2024-07-18__BLG__LNG__G2,2024-07-18,0.0,-0.5066289170526623,1.2372145438177267,-0.40949123181021213,-4.131021051290393,6.761859462395603,-0.6109296508355998,-22.930593109743995,63.362072928598394,-0.3618977676706744,-191.661267346228,202.97771873758262,-0.9442478100257261,1.0830492993519538,0.9779640325261914,1.1074519674331487,-1.402675436796585,21.859378466990375,-0.0641681269550561,1.5557517953771374,2.098121376743199,0.7414971655714601,0.9108382073084074,3.1500792553480665,0.28914761957636687,4.541448492957123,25.108855577780485,0.18087038248392304,2.8028358198866705,7.901928205562246,0.35470272473635,-0.5593760556129155,4.691186306020372,-0.11923976151944472,-130.4171168425299,1221.6993159813917,-0.10675058504965698,0.08422829376075569,1.2854063782516787,0.06552653671189995,1.0179510416920827,2.3401797705708023,0.4349882088142235,-9.144300174924275,7.463055899534399,-1.2252754197137055,-257.55992225442867,284.82291920124334,-0.9042808846719504,0.1661659897123675,0.825430022335082,0.20130814715722276,1.0141940437439843,8.003458579078341,0.1267194559706612,0.19572902926881008,0.48434402378846536,0.40411074679337167,-0.8875825061505509,1.3460363928046728,-0.659404048427762
2024-07-18__BLG__LNG__G3,2024-07-18__BLG__LNG__G3,2024-07-18,1.0,-0.4741884728254995,1.2372145438177267,-0.38327070428025556,-4.314745101959275,6.761859462395603,-0.6381002870370738,-35.410200037071206,63.362072928598394,-0.5588548139534438,-182.04596293281003,202.97771873758262,-0.896876579203698,0.7307652298464706,0.9779640325261914,0.7472304280234064,11.061107847916617,21.859378466990375,0.5060119782732113,0.7565805898043436,2.098121376743199,0.3605988850749222,0.010734116726910603,3.1500792553480665,0.0034075692861115824,-5.751041018902228,25.108855577780485,-0.22904432151607737,2.1814580719583745,7.901928205562246,0.27606651682260386,-2.0183484949620283,4.691186306020372,-0.43024257257257836,-102.81169775778899,1221.6993159813917,-0.08415466582384523,0.05495946352066916,1.2854063782516787,0.04275645561909033,0.2989233363296613,2.3401797705708023,0.12773514768124078,-9.019145527168309,7.463055899534399,-1.2085055291124727,-266.99725881064603,284.82291920124334,-0.9374149335383456,1.1634499655410901,0.825430022335082,1.4095059842187394,6.646415750136285,8.003458579078341,0.8304428459300934,0.9490885030802971,0.48434402378846536,1.9595297906783193,0.06518593537301598,1.3460363928046728,0.04842802712723397
2024-07-18__RNG__UP__G1,2024-07-18__RNG__UP__G1,2024-07-18,0.0,0.5642997130146084,1.2372145438177267,0.45610460993185203,2.9628907513156655,6.761859462395603,0.4381768549932436,10.40085375188562,63.362072928598394,0.16414951574353706,67.92604864130811,202.97771873758262,0.3346478063165037,-0.6739715097103085,0.9779640325261914,-0.6891570631818664,2.320473610301306,21.859378466990375,0.10615459664833714,-0.95892512179379,2.098121376743199,-0.4570396524164034,-0.9282093463006482,3.1500792553480665,-0.2946621263775028,9.841895549330744,25.108855577780485,0.39196908544374365,-0.12481369821115607,7.901928205562246,-0.015795345030843667,1.7352159402754905,4.691186306020372,0.36988843699517704,-257.15941186624013,1221.6993159813917,-0.2104932108021773,0.6000593234866631,1.2854063782516787,0.46682424081213997,-0.0021094466049405014,2.3401797705708023,-0.0009014032725454702,7.8212241313563915,7.463055899534399,1.0479920274819743,170.15016805299558,284.82291920124334,0.5973893109893508,-0.009446300205274927,0.825430022335082,-0.011444081879249045,-4.348650041862932,8.003458579078341,-0.5433462865522103,-0.0686353405761928,0.48434402378846536,-0.14170753740657582,0.6142390885963067,1.3460363928046728,0.4563313707923422
2024-07-18__RNG__UP__G2,2024-07-18__RNG__UP__G2,2024-07-18,0.0,-0.35623206964716747,1.2372145438177267,-0.28793048343696653,-2.327127336344187,6.761859462395603,-0.34415488892234974,-57.94967532592034,63.362072928598394,-0.914579838267649,-33.84949977920439,202.97771873758262,-0.16676460757843928,1.4791809596644745,0.9779640325261914,1.5125090473261473,0.18349290964576426,21.859378466990375,0.00839424147070849,2.2999054007085995,2.098121376743199,1.0961731432837665,1.2803369235874857,3.1500792553480665,0.40644581083729103,-2.0774370420034245,25.108855577780485,-0.08273722204625619,3.5341695565931204,7.901928205562246,0.44725401413434374,0.28992759392589207,4.691186306020372,0.0618026045461492,-19.935317657049033,1221.6993159813917,-0.016317695671882477,-0.7104122804966195,1.2854063782516787,-0.5526748115160757,-0.1679729222747639,2.3401797705708023,-0.07177775511495763,-6.992117248497827,7.463055899534399,-0.9368972182074677,-142.0767870565403,284.82291920124334,-0.4988249785380864,0.4761445406237397,0.825430022335082,0.5768435250673796,4.093992903320391,8.003458579078341,0.511527904010711,0.18984957563580895,0.48434402378846536,0.3919717687008271,0.6336518987355078,1.3460363928046728,0.4707535631051067
2024-07-18__RNG__UP__G3,2024-07-18__RNG__UP__G3,2024-07-18,0.0,-0.10537782765671277,1.2372145438177267,-0.08517337838445199,-10.798208549035182,6.761859462395603,-1.5969286277181731,-18.304083383916804,63.362072928598394,-0.28888074914566964,-296.4402112919446,202.97771873758262,-1.4604568997779355,3.5287807596982974,0.9779640325261914,3.608289296993644,6.92731200932046,21.859378466990375,0.3169034152950829,4.596870266736222,2.098121376743199,2.1909447788606555,1.783046798825229,3.1500792553480665,0.5660321814969796,5.641577772882734,25.108855577780485,0.22468477429096154,5.721110168096512,7.901928205562246,0.7240143538706175,0.15082799458806484,4.691186306020372,0.03215134778236242,140.7019786376388,1221.6993159813917,0.11516907366805207,-0.08329677878704622,1.2854063782516787,-0.06480185207925342,0.45168531112488,2.3401797705708023,0.19301300002337327,-7.048805214381662,7.463055899534399,-0.9444930286973183,-201.45123741863847,284.82291920124334,-0.7072859068936653,0.5007964658572308,0.825430022335082,0.6067090432832478,5.5924094536269,8.003458579078341,0.6987490095215685,0.19639468846583985,0.48434402378846536,0.40548509599556454,0.2469274262232961,1.3460363928046728,0.18344767206562176
2024-07-19__EDG__iG__G1,2024-07-19__EDG__iG__G1,2024-07-19,1.0,-0.9064448888025094,1.2372145438177267,-0.7326491275767967,2.0931662359792025,6.761859462395603,0.30955478120553115,-15.085429101816374,63.362072928598394,-0.23808294404655816,62.1641801164983,202.97771873758262,0.3062611019419596,0.5037443058083966,0.9779640325261914,0.5150943940267164,-3.5174034729739247,21.859378466990375,-0.16091049054185275,-0.24453134148641098,2.098121376743199,-0.11654770198199002,0.5644995821386942,3.1500792553480665,0.17920165087232678,0.3578705569538201,25.108855577780485,0.014252762002333054,3.3336227750095198,7.901928205562246,0.42187454332834945,0.08801104888569533,4.691186306020372,0.01876093260500333,-335.27828267664313,1221.6993159813917,-0.27443600730256434,-1.9354764975933865,1.2854063782516787,-1.5057300357384649,-1.550542600376673,2.3401797705708023,-0.6625738574881436,8.34741652771896,7.463055899534399,1.118498309752902,325.3467327253811,284.82291920124334,1.1422772173514177,-0.08724731774397299,0.825430022335082,-0.10569910190333882,-0.36049297109101275,8.003458579078341,-0.04504214302941807,-0.19567793056741212,0.48434402378846536,-0.40400524617111216,0.2579512094022771,1.3460363928046728,0.19163747662670552
2024-07-19__EDG__iG__G2,2024-07-19__EDG__iG__G2,2024-07-19,0.0,-2.1926088764902705,1.2372145438177267,-1.7722125198366387,-14.41716775658197,6.761859462395603,-2.1321303266696265,-90.25125012698084,63.362072928598394,-1.4243733598222081,-267.0471755298146,202.97771873758262,-1.3156477266325752,-0.9101476577302625,0.9779640325261914,-0.9306546016060011,-6.347219420375069,21.859378466990375,-0.2903659470279081,-1.0661128111333156,2.098121376743199,-0.508127086842372,-0.7266372074394694,3.1500792553480665,-0.2306726015014433,-0.7609202582367232,25.108855577780485,-0.03030485501717678,4.612232126279256,7.901928205562246,0.5836843138296735,0.608873849108396,4.691186306020372,0.12979099093464164,-170.26367788636145,1221.6993159813917,-0.139366270832543,0.7834986749355597,1.2854063782516787,0.6095333574335164,0.12150284404035006,2.3401797705708023,0.05192028135959507,5.497985719238908,7.463055899534399,0.7366935283023118,85.69120332222815,284.82291920124334,0.3008578216306557,0.7938811353171409,0.825430022335082,0.9617776820058339,4.430415416726028,8.003458579078341,0.5535625404178307,0.6227664119307681,0.48434402378846536,1.2857908749832794,0.830528806700066,1.3460363928046728,0.617017633491989
2024-07-19__FPX__LGD__G1,2024-07-19__FPX__LGD__G1,2024-07-19,1.0,0.1340458962326636,1.2372145438177267,0.10834482067613918,13.181777582067491,6.761859462395603,1.949430582807003,17.137657011120496,63.362072928598394,0.2704718445679764,414.45989999400194,202.97771873758262,2.0418984927500006,0.8569738045696784,0.9779640325261914,0.8762826645815962,-2.494833539037927,21.859378466990375,-0.11413103207276994,0.3748118179940967,2.098121376743199,0.17864154262340817,0.2671085802894777,3.1500792553480665,0.08479421431755353,-2.5605285850970034,25.108855577780485,-0.10197710824326764,-2.7200837398728765,7.901928205562246,-0.34423033529054936,-0.5742017843989489,4.691186306020372,-0.12240009766014986,197.0500609029867,1221.6993159813917,0.16129178281761128,0.823000021479082,1.2854063782516787,0.6402639625411745,-0.5322070243305461,2.3401797705708023,-0.2274213304473626,3.229824913592548,7.463055899534399,0.4327750621590529,195.1440419050606,284.82291920124334,0.6851416373625423,-0.48840688450500824,0.825430022335082,-0.5916992108236276,-3.4492108460047177,8.003458579078341,-0.43096498606942685,-0.2926682953807531,0.48434402378846536,-0.604255811469995,0.20772913836259121,1.3460363928046728,0.15432642471377123
2024-07-19__FPX__LGD__G2,2024-07-19__FPX__LGD__G2,2024-07-19,1.0,-0.05312591082696283,1.2372145438177267,-0.04293989927012235,-11.949210687283243,6.761859462395603,-1.7671483689638068,-8.178340659451976,63.362072928598394,-0.12907312138595722,-361.3445237248858,202.97771873758262,-1.780217672126999,0.02205047909412805,0.9779640325261914,0.02254730829912112,-9.101734577824743,21.859378466990375,-0.41637662183270935,0.6175616531422286,2.098121376743199,0.2943401490721603,1.5115277707898498,3.1500792553480665,0.47983786070962636,-2.1000249855304745,25.108855577780485,-0.08363682268944274,-2.8167302031437025,7.901928205562246,-0.3564610780315493,0.5458746209149359,4.691186306020372,0.11636171939124985,410.31405872119296,1221.6993159813917,0.3358551920410402,0.12394240987639016,1.2854063782516787,0.09642266877677952,1.3114747016770103,2.3401797705708023,0.5604159807522576,-1.8425003177988977,7.463055899534399,-0.2468827911406982,-165.93571912221796,284.82291920124334,-0.5825925771878719,0.11277672044206044,0.825430022335082,0.13662767377342278,2.819848184316214,8.003458579078341,0.3523286594321679,0.06892491919938637,0.48434402378846536,0.14230541414520426,-0.29075719363505925,1.3460363928046728,-0.21600974474358592
2024-07-19__FPX__LGD__G3,2024-07-19__FPX__LGD__G3,2024-07-19,0.0,0.2856185322965876,1.2372145438177267,0.23085591974963623,0.25835717392455493,6.761859462395603,0.038208001386799355,-1.2567791157903798,63.362072928598394,-0.019834879729578016,82.94017031434356,202.97771873758262,0.40861711532463657,0.9457359816778661,0.9779640325261914,0.9670447819948387,-2.1866655513810684,21.859378466990375,-0.10003328569702218,0.24663761783677174,2.098121376743199,0.11755158830135248,0.3363671656231313,3.1500792553480665,0.10678050664012831,3.289206161625053,25.108855577780485,0.1309978473705474,1.9412514245117052,7.901928205562246,0.24566803549002172,-0.3206614353586765,4.691186306020372,-0.06835400388877247,90.07127581851249,1221.6993159813917,0.07372622262003312,0.4537632171713426,1.2854063782516787,0.35301121251421447,-0.9115558032705735,2.3401797705708023,-0.3895236704505663,3.2766050603825825,7.463055899534399,0.439043290770971,165.23922991908057,284.82291920124334,0.5801472360522454,0.11660522605726564,0.825430022335082,0.1412658634120611,1.8578041643778604,8.003458579078341,0.2321251386380839,0.029674376075613518,0.48434402378846536,0.06126701962065293,-0.30783871230345383,1.3460363928046728,-0.22869997070588452
2024-07-19__JDG__NIP__G1,2024-07-19__JDG__NIP__G1,2024-07-19,0.0,-0.662375582856308,1.2372145438177267,-0.5353760597061273,-0.4853396023779233,6.761859462395603,-0.07177604522853114,-21.97304335537251,63.362072928598394,-0.34678541898949755,-60.955379715763456,202.97771873758262,-0.3003057665371791,-1.4454581325894251,0.9779640325261914,-1.4780263961541116,4.236036577865406,21.859378466990375,0.19378576524837773,-0.6893919831652866,2.098121376743199,-0.32857567833359275,-1.1354778004659627,3.1500792553480665,-0.36045995924649815,10.180891311125208,25.108855577780485,0.40547012882038436,5.372919181878704,7.901928205562246,0.6799503060716683,-0.14043829578618627,4.691186306020372,-0.02993662086481959,-707.9120922868408,1221.6993159813917,-0.5794487092257442,-0.10386322596749231,1.2854063782516787,-0.08080179694375166,0.5417367133004731,2.3401797705708023,0.2314935325138733,-8.737732798830237,7.463055899534399,-1.1707980947291667,-222.55687079063455,284.82291920124334,-0.7813868021344127,0.115810731045352,0.825430022335082,0.1403033420257603,2.9614395217821325,8.003458579078341,0.370019926073415,-0.20967986958532503,0.48434402378846536,-0.4329142641855683,-0.132564113702756,1.3460363928046728,-0.09848471848656344
2024-07-19__JDG__NIP__G2,2024-07-19__JDG__NIP__G2,2024-07-19,1.0,-1.0810359364584494,1.2372145438177267,-0.8737652399052898,-6.4006802967821415,6.761859462395603,-0.9465856819107589,-39.67397328571616,63.362072928598394,-0.6261470123346036,-172.53587203582708,202.97771873758262,-0.8500236984575847,0.951216090056632,0.9779640325261914,0.972648365146079,6.271951421326975,21.859378466990375,0.28692266543056194,0.3156161223236609,2.098121376743199,0.1504278901088575,-0.39614840583812994,3.1500792553480665,-0.12575819462553905,-1.985994734734824,25.108855577780485,-0.07909538726236881,1.3990495366372464,7.901928205562246,0.17705164147160943,0.19231323115055066,4.691186306020372,0.040994575276017665,802.7188760999952,1221.6993159813917,0.6570510967325209,0.5406421607225163,1.2854063782516787,0.4205998579670983,0.1921917906173647,2.3401797705708023,0.08212689935508122,-7.287392719194148,7.463055899534399,-0.9764621678884413,-282.45309015726923,284.82291920124334,-0.99167963715034,-0.15273969237146057,0.825430022335082,-0.18504234543956383,-3.2554714324302836,8.003458579078341,-0.40675802760850277,0.2000540071683239,0.48434402378846536,0.41304028604141546,0.16018063194798238,1.3460363928046728,0.11900162120624433
2024-07-20__BLG__JDG__G1,2024-07-20__BLG__JDG__G1,2024-07-20,1.0,0.07087548673954114,1.2372145438177267,0.05728628862909187,6.784957859974973,6.761859462395603,1.0034158346963562,22.44871265255324,63.362072928598394,0.35429258009847187,185.35368475736163,202.97771873758262,0.9131725639493536,0.8679316504343157,0.9779640325261914,0.8874874065715342,2.532775592903448,21.859378466990375,0.11586676541885219,-0.12263978680673304,2.098121376743199,-0.05845216092547475,0.9421558132681938,3.1500792553480665,0.29908946340927134,-4.2731834009473175,25.108855577780485,-0.1701863001092919,2.0070198159610264,7.901928205562246,0.253991115808563,-0.36498037538752826,4.691186306020372,-0.07780127962896208,-532.1205782636587,1221.6993159813917,-0.4355577275580679,7.033073790681238,1.2854063782516787,5.471474576602426,6.432176541416563,2.3401797705708023,2.748581059337423,4.330100780022679,7.463055899534399,0.5802047121324806,208.04494557878996,284.82291920124334,0.7304361089753401,2.4792234910777213,0.825430022335082,3.003550174385481,26.409169067927653,8.003458579078341,3.299719178561638,1.7352884648129034,0.48434402378846536,3.582752747699912,-5.929077924377678,1.3460363928046728,-4.40483894137855
2024-07-20__BLG__JDG__G2,2024-07-20__BLG__JDG__G2,2024-07-20,1.0,0.006079158898396386,1.2372145438177267,0.0049135810884154245,8.61146876369137,6.761859462395603,1.2735354140449808,-34.30154703700231,63.362072928598394,-0.541357706751457,229.74968693262497,202.97771873758262,1.1318960880517044,-2.3170632475685125,0.9779640325261914,-2.369270035742774,9.157284397740455,21.859378466990375,0.4189178568206282,-2.146058758945589,2.098121376743199,-1.0228472765620082,-2.105531173470061,3.1500792553480665,-0.668405565190088,3.7298464989335827,25.108855577780485,0.1485470470301792,-1.0432653245877468,7.901928205562246,-0.13202666050885167,0.5040756334635121,4.691186306020372,0.1074516109848382,262.97682790157813,1221.6993159813917,0.21525495205428166,0.11822912687996201,1.2854063782516787,0.09197794324221868,0.6975254667763231,2.3401797705708023,0.2980647801008069,-7.738085837527311,7.463055899534399,-1.0368520489251625,-206.21763981923868,284.82291920124334,-0.7240205236065075,0.024245367116228156,0.825430022335082,0.029372977826348037,0.8250884819479367,8.003458579078341,0.10309147860317575,-0.32211761661050353,0.48434402378846536,-0.6650581729754416,0.6515340441478497,1.3460363928046728,0.48403859181822567
2024-07-20__BLG__JDG__G3,2024-07-20__BLG__JDG__G3,2024-07-20,0.0,-0.6114599112506127,1.2372145438177267,-0.49422262297465636,-7.923494739705916,6.761859462395603,-1.1717921101404638,-34.7644974213876,63.362072928598394,-0.5486641340143491,-235.70743438664152,202.97771873758262,-1.1612478191762778,1.6989577494858317,0.9779640325261914,1.7372377262786551,-6.027290148483999,21.859378466990375,-0.27573015773781445,0.24903287421695097,2.098121376743199,0.11869320730638748,1.0898887040533136,3.1500792553480665,0.34598759895178827,-2.097608875844898,25.108855577780485,-0.08354059729271501,1.1983478648638908,7.901928205562246,0.15165256909924754,-0.419991421382897,4.691186306020372,-0.08952774510706633,-213.1239556633595,1221.6993159813917,-0.17444878023665597,0.13308796364250242,1.2854063782516787,0.10353757563109632,-0.22988268946879842,2.3401797705708023,-0.09823287686135754,-11.259192159730873,7.463055899534399,-1.5086568830037066,-310.1837976977106,284.82291920124334,-1.0890408590662168,0.585280149284868,0.825430022335082,0.7090600346339718,5.133349777075011,8.003458579078341,0.6413913541206584,0.6324657382663905,0.48434402378846536,1.3058165299590565,-0.6712378797158589,1.3460363928046728,-0.4986769931533872
2024-07-20__LGD__TES__G1,2024-07-20__LGD__TES__G1,2024-07-20,1.0,-0.3733286721591398,1.2372145438177267,-0.30174909620610185,-4.247900121098546,6.761859462395603,-0.6282146969346943,-7.473243560460389,63.362072928598394,-0.11794505919869126,-98.19696762556498,202.97771873758262,-0.48378200204691324,-0.02839187989108627,0.9779640325261914,-0.029031590033180343,-8.060774415692038,21.859378466990375,-0.36875586646293096,-0.5360149227452702,2.098121376743199,-0.25547362188534345,0.5661677206946476,3.1500792553480665,0.17973120517594215,1.2054077610992948,25.108855577780485,0.04800727414110896,-2.401605830694571,7.901928205562246,-0.3039265182234304,0.469078802843816,4.691186306020372,0.09999148877339219,532.7624078720936,1221.6993159813917,0.4360830856388277,1.2831070509491465,1.2854063782516787,0.9982104293615764,1.3795353161505588,2.3401797705708023,0.589499466664736,12.38201295847291,7.463055899534399,1.6591074039976021,339.3617835442344,284.82291920124334,1.1914834076711815,0.7797345145635148,0.825430022335082,0.9446392169241529,6.398598760924671,8.003458579078341,0.7994791124642024,0.223958687733113,0.48434402378846536,0.4623949390072098,-0.22113205384675716,1.3460363928046728,-0.16428373760553192
2024-07-20__LGD__TES__G2,2024-07-20__LGD__TES__G2,2024-07-20,0.0,-1.5324604445876915,1.2372145438177267,-1.2386365918576447,-5.033452448277147,6.761859462395603,-0.7443886895136975,-55.950950960184855,63.362072928598394,-0.8830353473472948,-175.6172112316757,202.97771873758262,-0.865204375429581,-0.41954317625481696,0.9779640325261914,-0.4289960911701421,13.885768048312713,21.859378466990375,0.6352315750445463,0.3902020898267615,2.098121376743199,0.1859768019978181,-1.4927997779801103,3.1500792553480665,-0.47389261763909063,-1.5091981666939347,25.108855577780485,-0.060106208421671636,1.1243072471199582,7.901928205562246,0.14228262717521528,-0.6821279709235384,4.691186306020372,-0.14540625356146805,-448.19833055651185,1221.6993159813917,-0.3668646812899369,-1.2808208502741039,1.2854063782516787,-0.9964318487234661,-1.8372457856302837,2.3401797705708023,-0.7850871217876704,-11.958257949338073,7.463055899534399,-1.602327050472323,-374.75896096358986,284.82291920124334,-1.3157612480723169,-0.48222571489106736,0.825430022335082,-0.5842107963508413,-3.7112577500199038,8.003458579078341,-0.4637066900070836,-0.03055191679951985,0.48434402378846536,-0.06307882872533281,-0.11559107168169902,1.3460363928046728,-0.08587508214823625
2024-07-20__OMG__WE__G1,2024-07-20__OMG__WE__G1,2024-07-20,0.0,0.13201740293429332,1.2372145438177267,0.10670525729649485,-10.180763127959985,6.761859462395603,-1.5056156784922958,-12.96933915773144,63.362072928598394,-0.20468615298713802,-275.2829660246409,202.97771873758262,-1.356222576450939,-0.5141027411497268,0.9779640325261914,-0.5256862199068025,5.325359811941453,21.859378466990375,0.2436189837860322,-1.9146097164165568,2.098121376743199,-0.9125348157186621,-2.9516088567710117,3.1500792553480665,-0.9369948120400745,-3.9024684423717417,25.108855577780485,-0.15542198945949387,-0.949517259705086,7.901928205562246,-0.1201627140669283,-0.8807894769422973,4.691186306020372,-0.18775406298783848,558.2371844457033,1221.6993159813917,0.45693500576312923,0.45067093936732405,1.2854063782516787,0.35060553330594324,-0.3869040848424703,2.3401797705708023,-0.16533085379899906,0.14880819960757918,7.463055899534399,0.019939309268412912,-9.109372202103941,284.82291920124334,-0.0319825813023322,-0.8752004741225488,0.825430022335082,-1.0602951069692932,-5.449739120764349,8.003458579078341,-0.6809229267566225,-0.6778347008805785,0.48434402378846536,-1.399487281976533,-0.10028338907416057,1.3460363928046728,-0.07450267697630966
2024-07-20__OMG__WE__G2,2024-07-20__OMG__WE__G2,2024-07-20,1.0,0.07274145482150285,1.2372145438177267,0.05879448830479576,-6.876235848938229,6.761859462395603,-1.0169147806552201,-15.548015519121009,63.362072928598394,-0.24538362706753877,-165.31117485466933,202.97771873758262,-0.8144301506017013,1.3869743988044476,0.9779640325261914,1.418224939210495,-6.30443851927393,21.859378466990375,-0.28840885116588955,2.238848678027246,2.098121376743199,1.067072494361596,2.245628420330876,3.1500792553480665,0.712879748545564,-3.3365731167709,25.108855577780485,-0.13288431141557935,2.1848752837489656,7.901928205562246,0.27649896967072424,-0.6928544144122037,4.691186306020372,-0.14769276287967406,22.23651819204828,1221.6993159813917,0.018201301975833858,-0.5255695312252424,1.2854063782516787,-0.4088739026378434,0.08754651343364728,2.3401797705708023,0.0374101499057671,3.710904448888769,7.463055899534399,0.49723652101865695,93.69461630733372,284.82291920124334,0.3289574316601109,-0.0907902836713852,0.825430022335082,-0.10999136356002993,-1.2462607363909726,8.003458579078341,-0.1557152533947687,-0.03756520488919035,0.48434402378846536,-0.07755877121511776,0.17191640415594556,1.3460363928046728,0.1277203776618209
2024-07-21__FPX__LNG__G1,2024-07-21__FPX__LNG__G1,2024-07-21,0.0,-0.36376552426929454,1.2372145438177267,-0.2940195231841401,-0.5136838287744538,6.761859462395603,-0.07596782448132108,-33.090095808080605,63.362072928598394,-0.5222382058606423,-13.065125451557208,202.97771873758262,-0.06436728853023033,-0.02187177756610037,0.9779640325261914,-0.022364580367053778,4.976858841926173,21.859378466990375,0.22767612637136733,-0.472990985570771,2.098121376743199,-0.22543536583646234,-0.3899376848328959,3.1500792553480665,-0.12378658739594872,-6.004688442489297,25.108855577780485,-0.23914623208302563,-3.1523765949541627,7.901928205562246,-0.39893759016914165,-1.4610889508279978,4.691186306020372,-0.3114539786021609,-21.412891708292108,1221.6993159813917,-0.01752713733294021,0.4270889580402546,1.2854063782516787,0.33225961299611584,0.13439103400128616,2.3401797705708023,0.05742762939142788,0.5536785268910478,7.463055899534399,0.07418924099662035,-18.755715417462852,284.82291920124334,-0.06585044280920542,1.1840983136780814,0.825430022335082,1.4345212157502352,9.321937595451217,8.003458579078341,1.1647385113082198,0.7997538576223273,0.48434402378846536,1.651206925523436,0.7674295346186266,1.3460363928046728,0.5701398332029773
2024-07-21__FPX__LNG__G2,2024-07-21__FPX__LNG__G2,2024-07-21,1.0,-0.22969243533611916,1.2372145438177267,-0.18565272355643692,-1.7689574201867053,6.761859462395603,-0.2616080929241767,14.181554838174065,63.362072928598394,0.223817718690127,-119.28785128577147,202.97771873758262,-0.5876893850221167,-0.44922121849695174,0.9779640325261914,-0.4593428226534479,0.6831042181493245,21.859378466990375,0.03124993640285504,0.19472788055752943,2.098121376743199,0.0928105446641272,-0.007293538486944584,3.1500792553480665,-0.002315350053244497,7.327412410032785,25.108855577780485,0.2918258100417449,2.0594461020266266,7.901928205562246,0.26062573435572695,1.5634149225091116,4.691186306020372,0.33326636105591523,-18.245960808901145,1221.6993159813917,-0.014934903011965142,-1.068279483045643,1.2854063782516787,-0.8310824265678654,-0.6889557196221006,2.3401797705708023,-0.29440277789055364,-8.347704070158095,7.463055899534399,-1.1185368385277736,-208.9465628827204,284.82291920124334,-0.733601645313825,-0.008439847168634884,0.825430022335082,-0.010224775832581618,-0.3238567062223936,8.003458579078341,-0.04046458947190537,0.09913066660710901,0.48434402378846536,0.20466952634658162,-0.4523906152139556,1.3460363928046728,-0.3360906744732635
2024-07-21__UP__WE__G1,2024-07-21__UP__WE__G1,2024-07-21,0.0,-0.04262148287644596,1.2372145438177267,-0.034449521014686825,11.83108724096548,6.761859462395603,1.7496792941470938,19.46666418950292,63.362072928598394,0.3072289617830307,256.463751015967,202.97771873758262,1.2635069077903385,-1.5096138441876272,0.9779640325261914,-1.5436276287794548,-1.628182075878641,21.859378466990375,-0.07448436852186686,-2.5313861181707082,2.098121376743199,-1.2065007009267212,-1.1556090669537649,3.1500792553480665,-0.3668506746746604,5.286372040007109,25.108855577780485,0.2105381431301481,-2.088781900561287,7.901928205562246,-0.26433821997430357,-0.0034907028993229616,4.691186306020372,-0.0007440979589203815,177.8633125529949,1221.6993159813917,0.1455868150867633,-0.17022683579530984,1.2854063782516787,-0.13243026193520105,-0.8058833205625611,2.3401797705708023,-0.3443679781908451,3.359067593280116,7.463055899534399,0.4500927218563321,186.83722872061844,284.82291920124334,0.6559768033717494,0.07597190511164564,0.825430022335082,0.09203907177698127,0.7361850380611159,8.003458579078341,0.09198335179771011,-0.03834464627632661,0.48434402378846536,-0.0791680401223104,-0.430620871377446,1.3460363928046728,-0.3199174656509224
2024-07-21__UP__WE__G2,2024-07-21__UP__WE__G2,2024-07-21,1.0,-0.8571559449234138,1.2372145438177267,-0.6928105205326249,-2.3833643189945732,6.761859462395603,-0.35247168027927495,-21.776802275659804,63.362072928598394,-0.34368828110329375,-63.843693222070726,202.97771873758262,-0.31453547366977175,0.5220846508548407,0.9779640325261914,0.5338479735888292,0.259927438356371,21.859378466990375,0.011890888245427313,0.03226357948486225,2.098121376743199,0.015377358271610086,-0.3055758838023941,3.1500792553480665,-0.0970057455785772,-4.460677217745804,25.108855577780485,-0.17765353846073498,1.9171917860523138,7.901928205562246,0.24262325517960645,-0.09409427870791376,4.691186306020372,-0.020057668255360244,-145.5915929543183,1221.6993159813917,-0.11917137951263654,-0.6735138500322861,1.2854063782516787,-0.5239691800651967,0.5527168390718913,2.3401797705708023,0.2361855314865595,-2.6536693878512594,7.463055899534399,-0.3555740527741139,-73.8704617819136,284.82291920124334,-0.25935574893242436,0.6601968947877426,0.825430022335082,0.7998207929235509,5.637171887482388,8.003458579078341,0.704341895124752,0.6285533942193011,0.48434402378846536,1.2977389326783253,0.7692470357469077,1.3460363928046728,0.5714900937068806
2024-07-22__EDG__TT__G1,2024-07-22__EDG__TT__G1,2024-07-22,0.0,0.5201346785322656,1.2372145438177267,0.42040748771007574,4.42350011338937,6.761859462395603,0.6541838800119523,12.20177757554336,63.362072928598394,0.19257225685657525,117.04765023432759,202.97771873758262,0.5766527005311286,0.005404233894982902,0.9779640325261914,0.005525999105533631,4.582197928186716,21.859378466990375,0.209621592191409,0.20885522826554848,2.098121376743199,0.09954387340825326,-0.5830979448029932,3.1500792553480665,-0.18510574256418874,1.9086926448901664,25.108855577780485,0.07601670904358189,-2.514247231866314,7.901928205562246,-0.31818144233644996,-0.6120310189148102,4.691186306020372,-0.1304639910944013,416.7088570683674,1221.6993159813917,0.341089539198551,-1.0006055083274017,1.2854063782516787,-0.7784345455433401,-1.1175653597591797,2.3401797705708023,-0.47755514181350617,0.8278484073654866,7.463055899534399,0.11092618192648832,37.23425461672093,284.82291920124334,0.13072773283278202,0.2915050759602926,0.825430022335082,0.35315497972882914,4.228599656535344,8.003458579078341,0.5283464750155332,0.22925359014911817,0.48434402378846536,0.4733270269939704,-1.0795198195651192,1.3460363928046728,-0.801998388258573
2024-07-22__EDG__TT__G2,2024-07-22__EDG__TT__G2,2024-07-22,0.0,-0.1976719182769413,1.2372145438177267,-0.1597716091304325,-1.8072573658500914,6.761859462395603,-0.26727220650303296,8.523174616011488,63.362072928598394,0.1345153983693164,-132.31400646994206,202.97771873758262,-0.6518646807196508,0.18520559662007585,0.9779640325261914,0.18937854673767773,-3.328628758766385,21.859378466990375,-0.15227462260733032,-0.08120049093279036,2.098121376743199,-0.03870150370296009,0.6674153915921535,3.1500792553480665,0.2118725040287609,0.01641445908072825,25.108855577780485,0.0006537318427814772,2.857188604129984,7.901928205562246,0.36158114427534743,0.48154329284370245,4.691186306020372,0.10264848990909409,-376.75134766062274,1221.6993159813917,-0.30838303862812194,-6.528255465570109,1.2854063782516787,-5.07874435453248,-5.491302879764568,2.3401797705708023,-2.346529357398815,-3.039213710865482,7.463055899534399,-0.40723442843576485,-114.1728273706043,284.82291920124334,-0.4008554764129755,-2.1084102369594575,0.825430022335082,-2.5543142672235946,-23.836343544632022,8.003458579078341,-2.978255004491065,-1.2118421882236743,0.48434402378846536,-2.5020225845304416,5.731330823950934,1.3460363928046728,4.257928386379251
2024-07-22__EDG__TT__G3,2024-07-22__EDG__TT__G3,2024-07-22,0.0,-0.3805956719907915,1.2372145438177267,-0.3076227694459543,-3.840604937750017,6.761859462395603,-0.5679805075997326,-28.53322377951082,63.362072928598394,-0.4503202311790553,-114.74962573028859,202.97771873758262,-0.5653311401795296,-0.36127950957210153,0.9779640325261914,-0.36941965975907826,3.2476088620967403,21.859378466990375,0.14856820922116848,-0.5785389505774852,2.098121376743199,-0.2757412803897166,-0.9853109324446612,3.1500792553480665,-0.31278915220393,3.143959470067202,25.108855577780485,0.12521316772542232,-1.499818128314569,7.901928205562246,-0.18980404522718733,-0.6538647063355905,4.691186306020372,-0.1393814963423997,142.74626231683084,1221.6993159813917,0.11684238530110029,-0.5840974084134825,1.2854063782516787,-0.4544064537796033,-0.6890020125827228,2.3401797705708023,-0.2944225596788686,-13.631969300400932,7.463055899534399,-1.82659324240867,-305.4871130082081,284.82291920124334,-1.0725510179881743,0.5536617897712919,0.825430022335082,0.6707547630146302,5.11672853270079,8.003458579078341,0.6393145966622126,0.47495794668403635,0.48434402378846536,0.9806190284954208,-0.0014328429094110362,1.3460363928046728,-0.0010644896769364564
2024-07-22__RA__RNG__G1,2024-07-22__RA__RNG__G1,2024-07-22,1.0,0.9108388944399968,1.2372145438177267,0.7362006555699938,9.287973738735802,6.761859462395603,1.3735825798814612,56.8948881485461,63.362072928598394,0.8979328582688116,261.99554658252674,202.97771873758262,1.2907601234324864,0.46664843687402335,0.9779640325261914,0.477162701480869,2.2354657395008104,21.859378466990375,0.10226574559797383,0.15179741272022085,2.098121376743199,0.07234917009743143,0.7250300864014778,3.1500792553480665,0.2301624173449403,0.7604767789710962,25.108855577780485,0.03028719275269838,1.2793067434901282,7.901928205562246,0.16189802644518905,0.35991008878189845,4.691186306020372,0.07672046867964805,-512.7794582983006,1221.6993159813917,-0.4197264017182969,-0.013609931407440712,1.2854063782516787,-0.010588029629915452,0.7428818091870966,2.3401797705708023,0.31744633514183496,-6.77131436544979,7.463055899534399,-0.9073111000764627,-111.13249907753391,284.82291920124334,-0.3901810254561416,-0.23144029538387478,0.825430022335082,-0.2803872027115575,-4.639650078088415,8.003458579078341,-0.5797055676043917,-0.2710212062402928,0.48434402378846536,-0.5595622808724461,0.7720190899228854,1.3460363928046728,0.5735495121084762
2024-07-22__RA__RNG__G2,2024-07-22__RA__RNG__G2,2024-07-22,1.0,0.8292138152755033,1.2372145438177267,0.6702258304294855,9.293755362197775,6.761859462395603,1.3744376143049197,54.919405582355466,63.362072928598394,0.8667551766730864,279.9367820743498,202.97771873758262,1.3791502950977221,-0.5607172832344283,0.9779640325261914,-0.5733510550842843,2.3406710117387632,21.859378466990375,0.1070785662179197,0.1687998932594006,2.098121376743199,0.08045283493969471,-0.9002930461918996,3.1500792553480665,-0.28580003467004433,-0.05885822357045356,25.108855577780485,-0.002344122018783556,1.0117308551969906,7.901928205562246,0.12803593007196562,0.30606474284355123,4.691186306020372,0.06524249041405086,-464.50146137690473,1221.6993159813917,-0.380209315762415,0.27215269667106945,1.2854063782516787,0.2117248595859412,0.21816052354151338,2.3401797705708023,0.09322379120665153,-5.72990271769379,7.463055899534399,-0.7677688639961011,-160.58545582871125,284.82291920124334,-0.5638080520881137,0.2895664033882044,0.825430022335082,0.35080630065131657,4.5738045649494765,8.003458579078341,0.5714784362634571,0.031147138161131016,0.48434402378846536,0.06430774888013371,-0.30690152616280564,1.3460363928046728,-0.22800371505529266
2024-07-23__BLG__WBG__G1,2024-07-23__BLG__WBG__G1,2024-07-23,1.0,-0.4524970343643684,1.2372145438177267,-0.36573823908490494,-5.098772495154396,6.761859462395603,-0.7540487597326128,-30.339043246417532,63.362072928598394,-0.4788202368597667,-196.29703945740533,202.97771873758262,-0.967086632519006,0.20046527699193017,0.9779640325261914,0.20498204979180726,1.4801700281617372,21.859378466990375,0.06771326836596285,0.1284554548814505,2.098121376743199,0.061224004998623995,0.44318395687490764,3.1500792553480665,0.1406897351654738,12.765411674484888,25.108855577780485,0.508402747649662,-1.3439856250746551,7.901928205562246,-0.17008322779310783,0.9092084174685926,4.691186306020372,0.19381200496978074,-248.09520957217458,1221.6993159813917,-0.20307387106115032,0.36623812890137053,1.2854063782516787,0.2849198900659043,0.9447009126400729,2.3401797705708023,0.4036871529414573,3.4704344768167275,7.463055899534399,0.4650151437319524,29.53629085874411,284.82291920124334,0.10370054080575772,0.4689002207503874,0.825430022335082,0.5680671165276828,5.717451187740892,8.003458579078341,0.714372469961209,0.27999827759786045,0.48434402378846536,0.5780967365118382,-1.156424140694357,1.3460363928046728,-0.8591322550741122
2024-07-23__BLG__WBG__G2,2024-07-23__BLG__WBG__G2,2024-07-23,1.0,0.6243264318298278,1.2372145438177267,0.5046222018059345,9.478944210236923,6.761859462395603,1.4018248768887944,53.69716646634464,63.362072928598394,0.847465417985766,290.6523856398354,202.97771873758262,1.4319423137455773,-2.140416096334225,0.9779640325261914,-2.1886427685510337,4.809816623069182,21.859378466990375,0.22003445387516313,-2.5130327426963035,2.098121376743199,-1.1977531771035905,-1.6628624135933292,3.1500792553480665,-0.5278793804602899,-8.652801901986244,25.108855577780485,-0.34461154673380645,0.5615379739933921,7.901928205562246,0.07106340228891446,-0.13640024607957812,4.691186306020372,-0.029075847366940712,229.99582573819532,1221.6993159813917,0.18825894599538234,7.67102391755861,1.2854063782516787,5.967776478762866,6.8756256457690945,2.3401797705708023,2.938074584764678,8.259309798545317,7.463055899534399,1.1066925938968246,255.51044048716778,284.82291920124334,0.8970852496935126,2.4897268120232647,0.825430022335082,3.016274824491107,27.153344425126924,8.003458579078341,3.3927008885142445,1.2092514340767482,0.48434402378846536,2.4966735997784943,-4.628389680258998,1.3460363928046728,-3.4385297949376037
2024-07-23__BLG__WBG__G3,2024-07-23__BLG__WBG__G3,2024-07-23,0.0,-0.4357357032240934,1.2372145438177267,-0.35219061496715914,-5.180451747932295,6.761859462395603,-0.766128164983895,-32.73375163269833,63.362072928598394,-0.5166142710162142,-199.87483867541698,202.97771873758262,-0.984713193811729,0.5070343509998931,0.9779640325261914,0.5184585686976635,2.1690010093317653,21.859378466990375,0.09922518672623583,0.05537413766634813,2.098121376743199,0.026392234447402626,0.4428523178006267,3.1500792553480665,0.1405844556019713,-4.875625841186512,25.108855577780485,-0.1941795249052116,-6.383265548137157,7.901928205562246,-0.8078110271658613,-0.3982655703373066,4.691186306020372,-0.08489653990711431,-239.5747140393791,1221.6993159813917,-0.19609957270936917,-0.8423000233137774,1.2854063782516787,-0.6552786591745063,-0.05717320469138798,2.3401797705708023,-0.024431106096749373,10.869286403012854,7.463055899534399,1.4564121042264815,358.07747355853905,284.82291920124334,1.2571933231550934,-0.9201690007925869,0.825430022335082,-1.1147739494809612,-6.567125196858235,8.003458579078341,-0.8205358110416658,-0.6800658176640424,0.48434402378846536,-1.4040937436389496,-1.0273620620309138,1.3460363928046728,-0.7632492734026128
2024-07-23__NIP__TES__G1,2024-07-23__NIP__TES__G1,2024-07-23,1.0,-0.718354726299709,1.2372145438177267,-0.5806221315996827,-4.893315520708217,6.761859462395603,-0.7236640785359545,-27.199297027104194,63.362072928598394,-0.4292677834023331,-85.78324044218283,202.97771873758262,-0.422623924207478,0.5856090991467049,0.9779640325261914,0.5988037196319914,-0.9120866749157415,21.859378466990375,-0.041725186037100195,0.057641932135165774,2.098121376743199,0.027473102986795363,0.7483150907489282,3.1500792553480665,0.23755429388774207,0.20299991526888306,25.108855577780485,0.00808479329355536,2.8761381770543153,7.901928205562246,0.3639792387699162,-0.503793534054437,4.691186306020372,-0.10739147708041852,224.81567860558192,1221.6993159813917,0.18401882974041656,0.8582842011490275,1.2854063782516787,0.6677137658229454,0.12847807184352433,2.3401797705708023,0.0549009176808964,1.5830470117637567,7.463055899534399,0.21211777332992315,10.3774060107678,284.82291920124334,0.03643458891382611,-0.7905041648650615,0.825430022335082,-0.9576865219201296,-8.616741965746677,8.003458579078341,-1.0766271611181124,-0.9052003016541657,0.48434402378846536,-1.8689162832186055,-0.04393698294894932,1.3460363928046728,-0.03264172539620164
2024-07-23__NIP__TES__G2,2024-07-23__NIP__TES__G2,2024-07-23,0.0,0.4718488302951167,1.2372145438177267,0.3813796493690287,12.856564564635057,6.761859462395603,1.9013353848594818,27.346486660104688,63.362072928598394,0.4315907760677304,293.7906161981335,202.97771873758262,1.4474032744971086,-0.7167163972943467,0.9779640325261914,-0.7328650549427,6.2966393821469495,21.859378466990375,0.28805206440811554,-0.5137617468242013,2.098121376743199,-0.24486738834637736,0.00723963010963935,3.1500792553480665,0.0022982367186830327,7.7586361804740775,25.108855577780485,0.3089999800046613,1.6067619736390668,7.901928205562246,0.203337935818009,-0.0160811921012618,4.691186306020372,-0.003427957796659327,-958.7820504823169,1221.6993159813917,-0.7847938008603474,-7.462709179607019,1.2854063782516787,-5.805715219837368,-6.215686686007274,2.3401797705708023,-2.656071173720132,-15.452044265391894,7.463055899534399,-2.0704711853873055,-454.39474052838614,284.82291920124334,-1.595358759075045,-2.8561368159108436,0.825430022335082,-3.460176245655328,-28.926096588116025,8.003458579078341,-3.6141991225558345,-1.3065776072964848,0.48434402378846536,-2.697617489856001,5.056151021273816,1.3460363928046728,3.7563228542548583
2024-07-24__JDG__LNG__G1,2024-07-24__JDG__LNG__G1,2024-07-24,1.0,1.013148927987312,1.2372145438177267,0.8188944384427931,6.630608900039238,6.761859462395603,0.9805894305145325,46.21900019960822,63.362072928598394,0.7294426671022731,144.0586378684472,202.97771873758262,0.7097263584135821,0.027429804223777943,0.9779640325261914,0.028047837408791333,1.021021503481137,21.859378466990375,0.04670862249420076,0.7292786125991917,2.098121376743199,0.34758630892217596,0.6146721591664255,3.1500792553480665,0.1951290473069257,2.7104245922102805,25.108855577780485,0.10794695424756257,-1.1165210256496074,7.901928205562246,-0.14129727014811486,-0.09693184382341169,4.691186306020372,-0.020662539672849027,72.36689732533438,1221.6993159813917,0.05923462207062577,-0.2271107613693104,1.2854063782516787,-0.17668387875461755,-0.6752410510487863,2.3401797705708023,-0.2885422611536483,-2.18185352901396,7.463055899534399,-0.29235386496250354,-42.230966438964856,284.82291920124334,-0.14827095519253267,0.34612751746451753,0.825430022335082,0.4193294268070382,3.7966900659744525,8.003458579078341,0.4743811133749326,-0.06552866039789418,0.48434402378846536,-0.13529334911988983,-0.30404720676166086,1.3460363928046728,-0.225883180056486
2024-07-24__JDG__LNG__G2,2024-07-24__JDG__LNG__G2,2024-07-24,1.0,0.28688303625444256,1.2372145438177267,0.2318779760632459,-6.658369083024244,6.761859462395603,-0.9846948365842655,2.6366531983887285,63.362072928598394,0.04161248259266145,-136.97834113412728,202.97771873758262,-0.6748442208889632,-0.10661240129963723,0.9779640325261914,-0.10901453298820475,1.2825013528853475,21.859378466990375,0.058670528814509106,0.07541206107808662,2.098121376743199,0.03594264181822637,0.059740398848650234,3.1500792553480665,0.018964722802609753,2.0423955981480404,25.108855577780485,0.08134164101902641,2.83783377227876,7.901928205562246,0.359131763706663,0.33890272962068835,4.691186306020372,0.07224242127057304,531.5172128641158,1221.6993159813917,0.43506385366360284,0.5711633184556497,1.2854063782516787,0.4443442041172241,-0.33276804959432127,2.3401797705708023,-0.14219758310087924,-1.792189106344999,7.463055899534399,-0.2401414233431356,81.86942940345921,284.82291920124334,0.28743975149757567,-0.9825744676747674,0.825430022335082,-1.1903774404978607,-6.131124072213446,8.003458579078341,-0.766059228716626,-0.4687601898381115,0.48434402378846536,-0.967822867615214,-1.1153641476296947,1.3460363928046728,-0.8286279070640561
2024-07-24__JDG__LNG__G3,2024-07-24__JDG__LNG__G3,2024-07-24,1.0,0.33259641852479405,1.2372145438177267,0.26882657608591604,-1.8346150953946712,6.761859462395603,-0.2713180944205259,6.832636667731492,63.362072928598394,0.1078348015475483,-107.02374307337527,202.97771873758262,-0.5272684273512367,-0.05151574229164968,0.9779640325261914,-0.05267646651800918,1.588885199056591,21.859378466990375,0.07268665615398416,0.46597090637874317,2.098121376743199,0.22208947940493554,0.5193548426134722,3.1500792553480665,0.1648703526622011,-2.465157476894639,25.108855577780485,-0.09817880273672534,-3.177221857573521,7.901928205562246,-0.4020817922966259,-0.21116859841774183,4.691186306020372,-0.04501389193024577,-541.6526417330567,1221.6993159813917,-0.4433600266482811,-0.9868892334491779,1.2854063782516787,-0.7677637845765874,-0.6768215107153708,2.3401797705708023,-0.2892176190945645,11.566382587267995,7.463055899534399,1.549818357674533,500.4459660712133,284.82291920124334,1.7570424659561115,0.12231935658713056,0.825430022335082,0.14818846551356687,1.4969627231794078,8.003458579078341,0.18703945567396676,-0.20680231229710877,0.48434402378846536,-0.42697313307678036,0.6731082616478705,1.3460363928046728,0.5000665399386472
2024-07-24__OMG__UP__G1,2024-07-24__OMG__UP__G1,2024-07-24,1.0,0.015820882243204437,1.2372145438177267,0.01278749068604917,0.5745890197746313,6.761859462395603,0.08497498920157617,-35.99384492870735,63.362072928598394,-0.5680660795489141,-20.714849997744977,202.97771873758262,-0.10205479707095898,1.7818663630548244,0.9779640325261914,1.822014390895007,1.1524298132983972,21.859378466990375,0.05272015223664833,2.4036958144937586,2.098121376743199,1.1456413797105982,1.1757196212484105,3.1500792553480665,0.37323481497092836,-4.283740061529258,25.108855577780485,-0.17060673584475594,2.310044033396103,7.901928205562246,0.2923392469487123,-0.004579098552308203,4.691186306020372,-0.000976106527750806,-70.55283323608327,1221.6993159813917,-0.057749752541736005,0.2341649788892859,1.2854063782516787,0.18217180238048794,0.4847768012041094,2.3401797705708023,0.207153570057695,-4.774687795560165,7.463055899534399,-0.6397764159962449,-220.81312527595992,284.82291920124334,-0.7752645928914116,-0.23492721600861177,0.825430022335082,-0.28461156614155403,-1.2577155006288692,8.003458579078341,-0.15714647999430575,-0.01362653924246926,0.48434402378846536,-0.02813395115714158,0.48024603213086614,1.3460363928046728,0.356785060131354
2024-07-24__OMG__UP__G2,2024-07-24__OMG__UP__G2,2024-07-24,0.0,-1.3308067847764153,1.2372145438177267,-1.0756466740386161,-8.205605469161714,6.761859462395603,-1.2135129843029353,-46.03885585848303,63.362072928598394,-0.7265995729616334,-279.07600210645455,202.97771873758262,-1.3749095342447177,1.88525783236072,0.9779640325261914,1.9277354196303844,0.9034100406314565,21.859378466990375,0.04132825645831743,2.493464709245515,2.098121376743199,1.1884267270987234,1.3251690110976386,3.1500792553480665,0.42067785696819165,-5.369421875913687,25.108855577780485,-0.21384573444356825,2.4958818953444784,7.901928205562246,0.3158572837614898,-0.2604918902445199,4.691186306020372,-0.055527923583486245,-89.91085937155349,1221.6993159813917,-0.07359491662294426,0.32484593191105837,1.2854063782516787,0.25271827236038674,0.30855690376504796,2.3401797705708023,0.13185173882519627,2.954085936576078,7.463055899534399,0.3958278727260375,-63.84852230205763,284.82291920124334,-0.22416918644379139,-0.8049609154714812,0.825430022335082,-0.9752007056801761,-6.942117944591352,8.003458579078341,-0.867389642691341,-0.6101072581292588,0.48434402378846536,-1.2596542302780411,-0.2553030515368544,1.3460363928046728,-0.18967010344704602
2024-07-24__OMG__UP__G3,2024-07-24__OMG__UP__G3,2024-07-24,1.0,-0.0924366151176148,1.2372145438177267,-0.07471342853677651,7.968978085591605,6.761859462395603,1.178518564514764,7.995189638177976,63.362072928598394,0.1261825748820598,221.33918593206442,202.97771873758262,1.0904605008777328,-1.8050550399412915,0.9779640325261914,-1.8457255422299053,-4.761817876754662,21.859378466990375,-0.21783865749462078,-2.481210472930819,2.098121376743199,-1.1825861543797394,-0.8513284412356599,3.1500792553480665,-0.2702561116626512,4.887048053728051,25.108855577780485,0.19463443261899604,-2.612510574475291,7.901928205562246,-0.33061680337965044,0.255306802597965,4.691186306020372,0.05442264099545129,163.0631880388798,1221.6993159813917,0.13347243939022638,0.1123838066957834,1.2854063782516787,0.08743049759729869,0.3287187153819815,2.3401797705708023,0.1404672320684878,-9.463392629676928,7.463055899534399,-1.2680316868905723,-166.86067310362603,284.82291920124334,-0.5858400475134853,-0.3140643302494821,0.825430022335082,-0.3804852516458829,-1.9394339190928562,8.003458579078341,-0.2423244473130952,-0.24718934204050114,0.48434402378846536,-0.5103579677706352,-0.3241594218230368,1.3460363928046728,-0.24082497526134958
2024-07-25__LGD__WBG__G1,2024-07-25__LGD__WBG__G1,2024-07-25,1.0,0.9205729611217315,1.2372145438177267,0.7440683765426046,10.180264036618862,6.761859462395603,1.505541868725901,48.95916835845378,63.362072928598394,0.7726888550653346,258.3971356512647,202.97771873758262,1.2730320154612558,-1.8073512729033254,0.9779640325261914,-1.8480735126436352,-3.343004513084523,21.859378466990375,-0.15293226956111722,-2.4497658201862826,2.098121376743199,-1.1675991102048682,-0.8608778565835804,3.1500792553480665,-0.2732875948547724,-9.099756754739495,25.108855577780485,-0.3624122319768284,-2.7729152026941506,7.901928205562246,-0.3509162295129483,-1.0196356001858558,4.691186306020372,-0.21735128735476414,456.500238881703,1221.6993159813917,0.37366005901487803,1.1697768695726705,1.2854063782516787,0.9100436868222426,1.4526852656226197,2.3401797705708023,0.6207577140582561,10.512108419772833,7.463055899534399,1.4085526294766233,218.2095263226488,284.82291920124334,0.7661234782947649,0.4741531456492032,0.825430022335082,0.5744309734178148,5.698404479846893,8.003458579078341,0.7119926606167865,0.1918639824327948,0.48434402378846536,0.3961308014110829,-0.785102366462322,1.3460363928046728,-0.5832693583841994
2024-07-25__LGD__WBG__G2,2024-07-25__LGD__WBG__G2,2024-07-25,0.0,-0.6011742119228956,1.2372145438177267,-0.4859090357593049,0.894846070688267,6.761859462395603,0.1323372577214111,-25.272988860607654,63.362072928598394,-0.3988661875096977,97.9961330041724,202.97771873758262,0.4827925603404431,1.7513486759437464,0.9779640325261914,1.790809096128744,4.208943583201204,21.859378466990375,0.19254634330114845,2.5109610946591943,2.098121376743199,1.1967657952139197,0.9084937424090871,3.1500792553480665,0.28840336396721533,7.236070617848789,25.108855577780485,0.28818797843037525,2.370565382309742,7.901928205562246,0.2999983068237409,0.8051660808820227,4.691186306020372,0.1716337524721564,-550.92521649368,1221.6993159813917,-0.45094992592360705,-0.409525299446452,1.2854063782516787,-0.3185957279967225,-0.8145830585013343,2.3401797705708023,-0.34808552772726453,-9.154491896405926,7.463055899534399,-1.226641042623841,-251.10105730346982,284.82291920124334,-0.8816041108140203,-1.1998324776193594,0.825430022335082,-1.453582970779465,-10.080217068192937,8.003458579078341,-1.2594824736222072,-0.9037886585276371,0.48434402378846536,-1.8660017428451194,-0.3176976481871918,1.3460363928046728,-0.2360243852700263
2024-07-25__RA__WE__G1,2024-07-25__RA__WE__G1,2024-07-25,1.0,0.8045566500644847,1.2372145438177267,0.6502962673600361,2.900077637358649,6.761859462395603,0.4288875308040895,28.114422032471168,63.362072928598394,0.443710571471395,122.80319638070193,202.97771873758262,0.605008256765652,0.5057714586409272,0.9779640325261914,0.5171672215462181,-2.4012874051449558,21.859378466990375,-0.10985158150399993,0.04722432231599072,2.098121376743199,0.02250789698420473,0.7405173687407736,3.1500792553480665,0.23507888965163856,-0.9988004376857447,25.108855577780485,-0.039778810101994466,1.6962490947139095,7.901928205562246,0.2146626539655535,0.4042918868255345,4.691186306020372,0.08618114358953265,-261.0946104251666,1221.6993159813917,-0.21371429679627416,-0.45172358335219265,1.2854063782516787,-0.3514244518859037,-0.32729187466401655,2.3401797705708023,-0.13985751817975392,1.2557131913364223,7.463055899534399,0.16825721795244025,49.01192482934664,284.82291920124334,0.1720785841066336,0.30911275930446,0.825430022335082,0.3744864815354327,3.635784405074048,8.003458579078341,0.4542765999066539,0.3008551363113565,0.48434402378846536,0.6211587226769013,-0.7973529789458134,1.3460363928046728,-0.5923706007040471
2024-07-25__RA__WE__G2,2024-07-25__RA__WE__G2,2024-07-25,1.0,-0.9177454542286174,1.2372145438177267,-0.7417829971620731,-3.507222624686701,6.761859462395603,-0.5186771664679037,-34.19297787021259,63.362072928598394,-0.5396442343213711,-148.33808169772828,202.97771873758262,-0.7308096764980189,0.9365899783788088,0.9779640325261914,0.9576927060055447,-0.6977610545078363,21.859378466990375,-0.031920442003466665,0.5264540410398872,2.098121376743199,0.25091674674242453,0.024711754197374702,3.1500792553480665,0.007844801463524677,-6.204650976545651,25.108855577780485,-0.24711005685684292,1.4000087045511194,7.901928205562246,0.17717302548922348,-0.5436126818197176,4.691186306020372,-0.1158795516695911,-357.78205650195036,1221.6993159813917,-0.29285606656961066,0.6448336406791846,1.2854063782516787,0.5016570245273076,0.2886510832436535,2.3401797705708023,0.12334563503538555,-6.425636695768027,7.463055899534399,-0.8609925908737084,-162.07925702568036,284.82291920124334,-0.5690527184791249,1.3008531476607628,0.825430022335082,1.5759683274088094,9.035277142635437,8.003458579078341,1.1289214437034638,0.9054705113050694,0.48434402378846536,1.8694741699267008,0.8179096013523548,1.3460363928046728,0.6076425556411299
2024-07-25__RA__WE__G3,2024-07-25__RA__WE__G3,2024-07-25,1.0,1.1797007345170032,1.2372145438177267,0.9535127006865372,2.5733649829482044,6.761859462395603,0.3805705541040562,58.291021125963255,63.362072928598394,0.9199670640776434,104.83398674128028,202.97771873758262,0.5164802662913628,1.045839039663715,0.9779640325261914,1.069403306744207,4.27320449588143,21.859378466990375,0.19548608423831756,1.8879846276151717,2.098121376743199,0.8998448558304721,1.3329594064027583,3.1500792553480665,0.4231509353260822,4.682816109813096,25.108855577780485,0.1865005718323728,0.39939547082329696,7.901928205562246,0.05054404569230493,0.0836911243942966,4.691186306020372,0.01784007308488679,58.34732811240647,1221.6993159813917,0.047759155875254686,-1.5086764813173072,1.2854063782516787,-1.1736952088833532,-0.03675915377766614,2.3401797705708023,-0.01570782660892478,7.602764761064982,7.463055899534399,1.0187199244775018,217.5356940539608,284.82291920124334,0.7637576846001708,0.06208748997925628,0.825430022335082,0.07521826572935854,-0.07677208431087479,8.003458579078341,-0.009592362346848472,0.10650344608584117,0.48434402378846536,0.21989169054074123,-0.3281952681022471,1.3460363928046728,-0.2438232918763145
2024-07-25__RNG__iG__G1,2024-07-25__RNG__iG__G1,2024-07-25,0.0,-0.651102169151887,1.2372145438177267,-0.5262641359505995,-1.2559322435813378,6.761859462395603,-0.1857376753876971,-11.362623320069929,63.362072928598394,-0.17932846284157727,0.3188532164307958,202.97771873758262,0.001570877911344267,0.3208834876175972,0.9779640325261914,0.32811345696964217,-2.2667590232620967,21.859378466990375,-0.10369731797213669,0.264072981965338,2.098121376743199,0.12586157265776082,-0.33010081489017873,3.1500792553480665,-0.10479123962945014,-28.131489624503395,25.108855577780485,-1.1203811506652883,-3.0263390946542614,7.901928205562246,-0.38298737130218674,-2.7298949096160587,4.691186306020372,-0.5819198278680293,-166.71239478001596,1221.6993159813917,-0.13645943192628895,-0.5571920411194622,1.2854063782516787,-0.43347506055031043,0.10941006530514485,2.3401797705708023,0.04675282639744887,-1.2703779514215903,7.463055899534399,-0.17022219829261195,-9.782783618815074,284.82291920124334,-0.034346897405247406,0.298907310985721,0.825430022335082,0.3621227006226817,5.034277355236846,8.003458579078341,0.629012654527154,0.614620321473921,0.48434402378846536,1.2689720989935318,0.48135299696659395,1.3460363928046728,0.357607448009763
2024-07-25__RNG__iG__G2,2024-07-25__RNG__iG__G2,2024-07-25,0.0,0.6655533535153424,1.2372145438177267,0.5379445455895399,4.305295095045349,6.761859462395603,0.6367027416475349,24.737913767457542,63.362072928598394,0.3904214656126039,98.73961693313623,202.97771873758262,0.48645544476896574,0.25557988491037253,0.9779640325261914,0.2613384695873855,-3.340320168245782,21.859378466990375,-0.15280946896456804,1.434842645070031,2.098121376743199,0.6838698547685568,1.7633510979761433,3.1500792553480665,0.5597797373518989,17.416326642031862,25.108855577780485,0.6936328059416312,-4.062785661241509,7.901928205562246,-0.5141511086155611,2.335031842688889,4.691186306020372,0.4977485848182309,431.5485836377318,1221.6993159813917,0.3532363304450508,-0.4133547184547215,1.2854063782516787,-0.3215748761431086,-1.8392462813791184,2.3401797705708023,-0.7859419684619068,-4.58806822621759,7.463055899534399,-0.614770634604679,-97.28366497999434,284.82291920124334,-0.3415584142991652,0.6969849702210205,0.825430022335082,0.8443891147309954,2.972609309691329,8.003458579078341,0.3714155460298642,0.3921495355673048,0.48434402378846536,0.8096491474196991,-0.3611610916946013,1.3460363928046728,-0.2683143080758459
2024-07-25__RNG__iG__G3,2024-07-25__RNG__iG__G3,2024-07-25,1.0,-0.718184662496439,1.2372145438177267,-0.5804846747077774,-4.409333701055273,6.761859462395603,-0.6520888334766267,-32.258393978426795,63.362072928598394,-0.5091120283527685,-88.87411663718996,202.97771873758262,-0.43785158662778273,-0.12601628318703106,0.9779640325261914,-0.1288556124154226,4.266334998722002,21.859378466990375,0.19517182567622976,0.2705060015401912,2.098121376743199,0.12892765671756615,-0.131749996121874,3.1500792553480665,-0.041824329998638825,-24.78940797965879,25.108855577780485,-0.9872774533905146,-7.350185475566313,7.901928205562246,-0.9301760727484681,-2.6045962179833757,4.691186306020372,-0.5552104505912187,-528.9194502971236,1221.6993159813917,-0.4329375018429185,-0.1542579565274167,1.2854063782516787,-0.12000705701349529,0.7885743850816063,2.3401797705708023,0.336971568606327,-7.927311910722711,7.463055899534399,-1.0622070845014293,-226.64172921255465,284.82291920124334,-0.7957285496982461,0.21672235987338206,0.825430022335082,0.2625565965043219,0.9462686380996388,8.003458579078341,0.1182324504484608,0.14478103558959532,0.48434402378846536,0.29892128230644843,1.2232843312137351,1.3460363928046728,0.9088041221981487
2024-07-26__AL__TES__G1,2024-07-26__AL__TES__G1,2024-07-26,0.0,-0.9471265182974884,1.2372145438177267,-0.7655307298960223,-4.965737592051632,6.761859462395603,-0.7343744550286626,-27.102541020209117,63.362072928598394,-0.42774074994373595,-147.2660494169939,202.97771873758262,-0.7255281496283685,-0.7654887526685208,0.9779640325261914,-0.7827363220658095,7.265415739310825,21.859378466990375,0.3323706306614172,0.18934252495498072,2.098121376743199,0.0902437946679196,-0.6720283372417826,3.1500792553480665,-0.2133368939095576,-20.918060842669178,25.108855577780485,-0.8330949192318117,-7.727554383768641,7.901928205562246,-0.9779326266716157,-0.2833390403705227,4.691186306020372,-0.06039815123282402,-77.93225276650108,1221.6993159813917,-0.06379004365743465,-1.129043879112153,1.2854063782516787,-0.8783549077241176,-1.2777998212729003,2.3401797705708023,-0.5460261178717519,5.765455642071554,7.463055899534399,0.772532719458597,241.65843389072927,284.82291920124334,0.8484515000407413,0.8124404638114768,0.825430022335082,0.9842620907476243,5.240404393518077,8.003458579078341,0.6547673967413914,0.8475066448087163,0.48434402378846536,1.7497994264081869,0.3135845111382185,1.3460363928046728,0.23296864768728132
2024-07-26__AL__TES__G2,2024-07-26__AL__TES__G2,2024-07-26,1.0,-1.094634884877971,1.2372145438177267,-0.8847568156961652,2.2872235905498837,6.761859462395603,0.3382535920801244,-39.862075005645636,63.362072928598394,-0.6291156923077598,71.50742641063027,202.97771873758262,0.3522919978758152,0.560572048183964,0.9779640325261914,0.5732025476779519,-5.618882316784152,21.859378466990375,-0.2570467439512255,-0.06794629911195926,2.098121376743199,-0.0323843355683707,0.06955544615654397,3.1500792553480665,0.02208053145263706,0.7874545726197653,25.108855577780485,0.03136162613301178,-0.10709373456606386,7.901928205562246,-0.013552859280323534,-0.44629588897438577,4.691186306020372,-0.09513495408755859,351.53553423533145,1221.6993159813917,0.2877430881306499,-0.7585086332328146,1.2854063782516787,-0.5900920175707137,-1.3824700233682243,2.3401797705708023,-0.5907535181698894,-8.971086281510967,7.463055899534399,-1.2020659097575217,-228.8817402803695,284.82291920124334,-0.8035931241722111,0.9575559105430358,0.825430022335082,1.1600677520384228,8.7049409351022,8.003458579078341,1.087647266671726,0.5513991124431652,0.48434402378846536,1.138442815268781,0.20263781882126963,1.3460363928046728,0.15054397441295672
2024-07-26__BLG__NIP__G1,2024-07-26__BLG__NIP__G1,2024-07-26,0.0,-0.6586127793666972,1.2372145438177267,-0.5323347113263618,-3.0228523213680614,6.761859462395603,-0.447044469222472,-10.249028043822193,63.362072928598394,-0.16175335509648314,-21.512614995442902,202.97771873758262,-0.10598510527783658,0.4869820914637666,0.9779640325261914,0.49795450273496816,8.545592207999775,21.859378466990375,0.3909348031084041,0.8980840736714839,2.098121376743199,0.42804179757404365,0.3920060567277952,3.1500792553480665,0.12444319666531184,-9.277697374675135,25.108855577780485,-0.36949899912548084,-1.6811518966826533,7.901928205562246,-0.21275208280773686,-0.47919904362118704,4.691186306020372,-0.10214877649549686,452.836937193372,1221.6993159813917,0.37066152931332885,0.9864924679787119,1.2854063782516787,0.7674551155295765,0.7365477319718003,2.3401797705708023,0.3147396736330528,4.436818851253747,7.463055899534399,0.5945042240707757,45.089782169365435,284.82291920124334,0.1583081240003683,-0.817349977239699,0.825430022335082,-0.99020990866987,-4.103278022198197,8.003458579078341,-0.512688042171723,-0.6286774662599255,0.48434402378846536,-1.297995097260453,-0.08304990649836519,1.3460363928046728,-0.06169955377340457
2024-07-26__BLG__NIP__G2,2024-07-26__BLG__NIP__G2,2024-07-26,0.0,-1.1591396229114999,1.2372145438177267,-0.9368938409346971,1.9717201977211758,6.761859462395603,0.2915943339390697,-30.024822914502465,63.362072928598394,-0.473861113642475,-14.418337400472979,202.97771873758262,-0.07103408895869733,-1.1901028101655333,0.9779640325261914,-1.2169175487710093,-1.349201803026105,21.859378466990375,-0.06172187115665936,-2.2745053586765103,2.098121376743199,-1.0840670610486984,-0.6306945331403977,3.1500792553480665,-0.2002153856460109,-1.7483389110887657,25.108855577780485,-0.06963036750291204,-4.4805252408633045,7.901928205562246,-0.5670166264852662,-0.22932412097115584,4.691186306020372,-0.048884025729873506,-458.5301161380969,1221.6993159813917,-0.3753215785296874,6.981859650585354,1.2854063782516787,5.431631845836758,6.738293759482474,2.3401797705708023,2.8793902779736587,4.698421680307629,7.463055899534399,0.6295572636731138,200.02550308539253,284.82291920124334,0.7022802200892516,3.019900714380239,0.825430022335082,3.6585742874518674,33.12451723732069,8.003458579078341,4.138774852303962,1.6699135363552047,0.48434402378846536,3.4477768002929436,-5.6492102613443915,1.3460363928046728,-4.19691926208187
2024-07-26__BLG__NIP__G3,2024-07-26__BLG__NIP__G3,2024-07-26,1.0,1.1601579768967474,1.2372145438177267,0.9377169424470698,-2.052437769138244,6.761859462395603,-0.3035315177756719,33.761386400689844,63.362072928598394,0.5328327232270673,3.482647877921181,202.97771873758262,0.017157784028826818,-1.427878400039896,0.9779640325261914,-1.4600505667892123,8.267949650359142,21.859378466990375,0.37823350213781176,-1.427470235619186,2.098121376743199,-0.6803560418792015,-1.163025641609706,3.1500792553480665,-0.3692050828340556,-12.565918046597602,25.108855577780485,-0.5004575978070434,-7.6852164691791,7.901928205562246,-0.9725747053984487,-0.2556933086099056,4.691186306020372,-0.05450503080142739,495.75611211915896,1221.6993159813917,0.40579224791914165,-0.019110144632252357,1.2854063782516787,-0.014866994663002979,-0.4495180557214944,2.3401797705708023,-0.19208689404445056,-6.235381162037466,7.463055899534399,-0.8354996144309815,-132.73831393364094,284.82291920124334,-0.4660380345790075,-0.5462791560018174,0.825430022335082,-0.6618107888124134,-5.88922641566657,8.003458579078341,-0.7358350919971486,-0.29846553685685895,0.48434402378846536,-0.6162250507341063,0.8170486062881519,1.3460363928046728,0.6070029039726061
2024-07-26__OMG__TT__G1,2024-07-26__OMG__TT__G1,2024-07-26,0.0,-0.035557330960932276,1.2372145438177267,-0.028739802970153095,-7.485726860910045,6.761859462395603,-1.1070513658984897,-12.180402243619824,63.362072928598394,-0.19223490470570306,-186.64055837691444,202.97771873758262,-0.9195125387072557,-1.4919858269872366,0.9779640325261914,-1.5256024268406334,-3.7108808451020963,21.859378466990375,-0.1697614907461513,-2.16454674008682,2.098121376743199,-1.03165895568338,-1.9896861242533597,3.1500792553480665,-0.6316302960457464,-2.8476991053087346,25.108855577780485,-0.11341412925305175,3.1931329489963822,7.901928205562246,0.40409536278162356,0.19667124067597186,4.691186306020372,0.04192355321723702,21.402796446242206,1221.6993159813917,0.017518874037782736,1.0508337540052022,1.2854063782516787,0.8175102864544569,1.3993090096817724,2.3401797705708023,0.5979491102905105,10.584070796819383,7.463055899534399,1.4181951094972485,270.36726347681645,284.82291920124334,0.9492468628781239,1.0839731250227178,0.825430022335082,1.3132207243147218,8.694676678378812,8.003458579078341,1.0863647891853376,0.7158543358365588,0.48434402378846536,1.4779842894580943,0.43082826137364094,1.3460363928046728,0.3200715401196582
2024-07-26__OMG__TT__G2,2024-07-26__OMG__TT__G2,2024-07-26,1.0,-0.7690365836852013,1.2372145438177267,-0.6215865841065605,-5.061685795676368,6.761859462395603,-0.7485640710608669,8.140448385549576,63.362072928598394,0.12847509370862614,-179.77608357324618,202.97771873758262,-0.8856936801027601,1.2774552525015723,0.9779640325261914,1.3062381680475474,7.932897914168365,21.859378466990375,0.36290590618767343,1.593543351909247,2.098121376743199,0.759509249590492,-1.0641017060706504,3.1500792553480665,-0.3378014589514237,-3.178641999728839,25.108855577780485,-0.12659445442616077,-4.917927368758459,7.901928205562246,-0.6223704668597487,-2.468246836088767,4.691186306020372,-0.5261454457214223,548.0612924893063,1221.6993159813917,0.4486057124460634,-0.37263877866436523,1.2854063782516787,-0.2898993618437156,-1.0159478443127625,2.3401797705708023,-0.4341322076862288,4.997610980657541,7.463055899534399,0.6696466405032138,114.96974663397032,284.82291920124334,0.40365342280999633,-0.2870790510454344,0.825430022335082,-0.34779290246846967,-2.236199733109835,8.003458579078341,-0.27940413904949724,0.025404499841742645,0.48434402378846536,0.05245124569058833,-0.09256378944500554,1.3460363928046728,-0.06876762112242281
2024-07-27__EDG__UP__G1,2024-07-27__EDG__UP__G1,2024-07-27,1.0,0.8579100822528831,1.2372145438177267,0.6934200645471967,-0.8502811706418072,6.761859462395603,-0.12574663073431247,19.91713811497567,63.362072928598394,0.3143384816825905,2.6544806818595816,202.97771873758262,0.013077694858782511,-0.8729320216488015,0.9779640325261914,-0.8926004433859173,1.2890855091455364,21.859378466990375,0.05897173389995682,-0.40148082204610347,2.098121376743199,-0.19135243325000909,-0.7760512782434441,3.1500792553480665,-0.24635920844426062,7.093091015173613,25.108855577780485,0.2824935891923682,2.575844992711211,7.901928205562246,0.3259767236206126,0.4420340179644402,4.691186306020372,0.09422646957565771,-504.52065740429407,1221.6993159813917,-0.41296630880573587,0.12832650677586344,1.2854063782516787,0.0998333360668928,-0.013822412345881219,2.3401797705708023,-0.0059065575273955185,13.996976093243653,7.463055899534399,1.8755017255887314,351.36775992070227,284.82291920124334,1.2336358312471527,-0.2493159444962867,0.825430022335082,-0.302043341902744,-3.114759129792688,8.003458579078341,-0.3891765928242967,-0.19904168648195952,0.48434402378846536,-0.4109502043090872,0.6268379624045828,1.3460363928046728,0.4656913439072231
2024-07-27__EDG__UP__G2,2024-07-27__EDG__UP__G2,2024-07-27,0.0,0.9923826567962761,1.2372145438177267,0.8021097550504744,4.628829930825628,6.761859462395603,0.6845497561754946,30.263915268897165,63.362072928598394,0.4776345437019792,132.528029878246,202.97771873758262,0.6529190989512708,0.10299249688759904,0.9779640325261914,0.10531306689111172,2.9928305140121267,21.859378466990375,0.13691287616519807,-0.10986825532669187,2.098121376743199,-0.05236503673214446,-0.2988210260019346,3.1500792553480665,-0.09486140091021793,0.21395437030757591,25.108855577780485,0.008521071823593513,-4.116192330074703,7.901928205562246,-0.5209097959492316,0.09910542062034633,4.691186306020372,0.0211258715875959,523.2521228060075,1221.6993159813917,0.42829861286889576,0.03930984281091021,1.2854063782516787,0.0305816221969853,0.4523773691067774,2.3401797705708023,0.19330872845196326,-9.215285436645537,7.463055899534399,-1.2347869727779317,-290.3573791127417,284.82291920124334,-1.0194312273309605,-0.08289270839787788,0.825430022335082,-0.10042354376672283,-1.9582374273602525,8.003458579078341,-0.24467386984489006,-0.06570970719460267,0.48434402378846536,-0.1356671462847546,0.2319981353409073,1.3460363928046728,0.1723563822083011
2024-07-27__FPX__TES__G1,2024-07-27__FPX__TES__G1,2024-07-27,0.0,-0.2897202155998704,1.2372145438177267,-0.23417117336391433,8.419997042398128,6.761859462395603,1.2452189880616196,24.767059085087567,63.362072928598394,0.39088144609971465,249.05280986419456,202.97771873758262,1.2269958012444893,-2.066501733372581,0.9779640325261914,-2.1130630080245094,0.21321164988614782,21.859378466990375,0.009753783276790476,-2.1545879521892353,2.098121376743199,-1.0269124318352127,-1.3677753579961627,3.1500792553480665,-0.434203336779758,-3.1333704423318807,25.108855577780485,-0.12479144291678682,-4.964689651951229,7.901928205562246,-0.6282882980597364,-0.5688098009043285,4.691186306020372,-0.12125071198379868,36.27641287865066,1221.6993159813917,0.029693405222066767,-0.7134576149555194,1.2854063782516787,-0.5550439705161134,-0.9188087698030323,2.3401797705708023,-0.392622989368006,-2.4211734913748515,7.463055899534399,-0.32442114859474036,-21.63710776394612,284.82291920124334,-0.07596687706403084,0.14504495639176795,0.825430022335082,0.1757202630711004,1.3533867820144465,8.003458579078341,0.16910022080355147,0.2766015987902557,0.48434402378846536,0.5710838043234645,-0.18624259295349255,1.3460363928046728,-0.13836361006690007
2024-07-27__FPX__TES__G2,2024-07-27__FPX__TES__G2,2024-07-27,1.0,-0.008308616914598943,1.2372145438177267,-0.006715577537088408,-2.7906631246882156,6.761859462395603,-0.4127064053166715,-2.9309147977312477,63.362072928598394,-0.04625661087157665,3.851228909138513,202.97771873758262,0.018973653434069163,1.1713582919312495,0.9779640325261914,1.1977506894142238,-1.0476427917238311,21.859378466990375,-0.04792646531004532,0.09683155889386441,2.098121376743199,0.046151530514712276,0.05563443131515067,3.1500792553480665,0.01766127425505969,0.020419496416060667,25.108855577780485,0.0008132388009309209,3.585788716992088,7.901928205562246,0.4537864898192223,-0.6912967000566761,4.691186306020372,-0.1473607116836946,95.91347331066342,1221.6993159813917,0.07850824828784309,0.30290375913930845,1.2854063782516787,0.2356480632243585,0.5797796065267882,2.3401797705708023,0.24774992334689253,0.09766776879475714,7.463055899534399,0.013086831590531003,42.829709477577694,284.82291920124334,0.15037311409951176,0.1606205668665477,0.825430022335082,0.19458993243574033,2.857534984692883,8.003458579078341,0.35703747316506723,-0.06822047668081899,0.48434402378846536,-0.14085099119468575,-0.10888519677404496,1.3460363928046728,-0.08089314409547432
2024-07-27__LGD__LNG__G1,2024-07-27__LGD__LNG__G1,2024-07-27,1.0,0.013679327494358517,1.2372145438177267,0.011056543512335495,-4.0167232588502095,6.761859462395603,-0.5940263454397221,-21.86152621541629,63.362072928598394,-0.3450254207280472,-93.97129137494278,202.97771873758262,-0.4629635779554154,1.9877768112086205,0.9779640325261914,2.0325642994350974,-3.0290546811981187,21.859378466990375,-0.13857002143049224,2.5229827453700047,2.098121376743199,1.2024955137680258,1.1994378857730343,3.1500792553480665,0.38076423092290484,-8.016650941093062,25.108855577780485,-0.3192758266892653,-4.142316257202484,7.901928205562246,-0.5242158148274306,-0.6243736115168215,4.691186306020372,-0.1330950078918273,165.03208738938253,1221.6993159813917,0.13508404653703854,-0.008126545124296669,1.2854063782516787,-0.006322155342962033,-0.447720544472471,2.3401797705708023,-0.1913187861821742,-11.4045021955144,7.463055899534399,-1.5281274615802405,-279.8286466673892,284.82291920124334,-0.982465338357161,0.1458967315353945,0.825430022335082,0.17675217866498846,2.1645692507617156,8.003458579078341,0.27045419913409274,0.18241541836140573,0.48434402378846536,0.3766228812150954,-0.9878789882073686,1.3460363928046728,-0.73391645246123
2024-07-27__LGD__LNG__G2,2024-07-27__LGD__LNG__G2,2024-07-27,1.0,1.0503352162483868,1.2372145438177267,0.8489508731900703,-7.56937907624469,6.761859462395603,-1.1194225492140661,24.905636134447718,63.362072928598394,0.3930685122856528,-260.8879994922583,202.97771873758262,-1.2853036275584548,-1.4613868682410587,0.9779640325261914,-1.494314029271717,1.442897217409282,21.859378466990375,0.06600815085296388,-2.6446786970723934,2.098121376743199,-1.2604978271942286,-1.6833179411919996,3.1500792553480665,-0.5343730333010205,-2.8875630113883872,25.108855577780485,-0.1150017724799014,-1.3222670420332214,7.901928205562246,-0.16733471126297417,-0.22974665989619325,4.691186306020372,-0.04897409651525766,571.9893802974585,1221.6993159813917,0.46819161830322176,0.04400656404191139,1.2854063782516787,0.03423549980066712,-0.1271119069634672,2.3401797705708023,-0.05431713163443474,14.674787963108187,7.463055899534399,1.9663240091367533,405.60872459333154,284.82291920124334,1.424073330568854,0.22943532012726253,0.825430022335082,0.2779581987095752,4.31657516872793,8.003458579078341,0.5393386604977415,0.032960358776888965,0.48434402378846536,0.06805140376807958,0.21069236373329048,1.3460363928046728,0.15652786828921672
2024-07-27__LGD__LNG__G3,2024-07-27__LGD__LNG__G3,2024-07-27,0.0,0.011475831596253983,1.2372145438177267,0.009275531376563973,8.365586772308898,6.761859462395603,1.2371723461068176,12.400288366448024,63.362072928598394,0.1957052160322544,263.70685290368885,202.97771873758262,1.2991911291772278,1.5894925697981694,0.9779640325261914,1.6253061376768605,-6.469978828574455,21.859378466990375,-0.29598181587655326,2.772780256131931,2.098121376743199,1.3215531595616297,1.5508354577669166,3.1500792553480665,0.4923161735749357,-3.963861134271916,25.108855577780485,-0.15786705069555595,-5.033969150705499,7.901928205562246,-0.6370557138327736,-0.48172264333856063,4.691186306020372,-0.1026867212742387,-89.62989667059628,1221.6993159813917,-0.07336493965803001,-0.015253748501070419,1.2854063782516787,-0.011866859300136819,-0.7701538657522917,2.3401797705708023,-0.3291001598839907,-2.5394022304140655,7.463055899534399,-0.3402630134807752,-99.79075248600293,284.82291920124334,-0.35036068170179274,-0.061042565355845735,0.825430022335082,-0.07395235180664876,-0.6482051382060234,8.003458579078341,-0.08099061809476511,0.08935117849149665,0.48434402378846536,0.1844783658405464,-0.9671212195905543,1.3460363928046728,-0.7184950616976626
2024-07-28__AL__LNG__G1,2024-07-28__AL__LNG__G1,2024-07-28,1.0,1.0888746168626886,1.2372145438177267,0.8801009834573398,1.9203624157268955,6.761859462395603,0.28399911923745114,40.191438291535235,63.362072928598394,0.6343138063445691,109.90909435633995,202.97771873758262,0.5414835406488685,-1.1091408490477317,0.9779640325261914,-1.1341313975027294,-2.9561551753748176,21.859378466990375,-0.13523509118083052,-2.073315730479923,2.098121376743199,-0.9881767400518445,-0.7983646125174064,3.1500792553480665,-0.2534426261559458,6.834556683713892,25.108855577780485,0.27219704977573445,4.138327487895527,7.901928205562246,0.5237110305901649,1.1402783838297497,4.691186306020372,0.24306818497022892,177.459453161124,1221.6993159813917,0.14525624324616607,-0.10811858915511152,1.2854063782516787,-0.08411231410711745,-0.47294005377641213,2.3401797705708023,-0.20209552173230425,-8.714614845734229,7.463055899534399,-1.1677004427338495,-256.73484543672043,284.82291920124334,-0.9013840784137839,0.43132163331351414,0.825430022335082,0.5225410987017883,6.730592087138817,8.003458579078341,0.8409603397926945,0.3265353511633602,0.48434402378846536,0.6741792216822123,-1.3948319575403527,1.3460363928046728,-1.0362505269144189
2024-07-28__AL__LNG__G2,2024-07-28__AL__LNG__G2,2024-07-28,1.0,0.384888048896352,1.2372145438177267,0.31109215432962245,8.426564976130704,6.761859462395603,1.2461903085686166,24.537690799902407,63.362072928598394,0.38726148433136043,200.2784255630765,202.97771873758262,0.9867015247880611,0.26464268483239817,0.9779640325261914,0.2706054675071531,-0.9352337773960642,21.859378466990375,-0.042784095440968534,0.36585559044816307,2.098121376743199,0.1743728557035175,-0.46992419757104775,3.1500792553480665,-0.1491784841904365,6.9141227052381,25.108855577780485,0.27536589266102207,4.500542935181038,7.901928205562246,0.5695498932100101,-1.1362014350813183,4.691186306020372,-0.24219911953274378,-458.4488834755196,1221.6993159813917,-0.3752550869949471,1.3172338301414115,1.2854063782516787,1.0247598173374584,1.669494865117045,2.3401797705708023,0.713404231891809,3.012617160329661,7.463055899534399,0.4036706675139527,-15.12333517652496,284.82291920124334,-0.053097325053192625,-1.0780710360510604,0.825430022335082,-1.3060704127660223,-7.5659021328676985,8.003458579078341,-0.9453289615712622,-0.9961052204620335,0.48434402378846536,-2.056602569529188,-0.14157034109110178,1.3460363928046728,-0.10517563765158006
2024-07-28__AL__LNG__G3,2024-07-28__AL__LNG__G3,2024-07-28,0.0,0.4210161195153326,1.2372145438177267,0.34029326710217844,-4.423458063201728,6.761859462395603,-0.6541776612814897,7.281302391066731,63.362072928598394,0.11491578383737727,-84.85683828045933,202.97771873758262,-0.4180598658323953,0.9687054901091496,0.9779640325261914,0.990531826692082,2.7409839866759853,21.859378466990375,0.12539166497453036,1.004056457056432,2.098121376743199,0.47854999698109796,0.4485874446832856,3.1500792553480665,0.14240508441703786,0.068743261715845,25.108855577780485,0.0027378093264779644,-2.4922622924886397,7.901928205562246,-0.3153992180459313,-0.15612963044825356,4.691186306020372,-0.03328147444632763,-89.07874604544531,1221.6993159813917,-0.07291380522790462,-0.9016560132248763,1.2854063782516787,-0.7014554517737761,-1.130296055333929,2.3401797705708023,-0.4829951897511892,-10.501835506430169,7.463055899534399,-1.4071761273969854,-243.14424575387682,284.82291920124334,-0.8536681162530101,0.050714954592386174,0.825430022335082,0.061440572525269764,2.1212427708908734,8.003458579078341,0.2650407301907247,0.1520339692821191,0.48434402378846536,0.31389600762889014,-0.7557752822270682,1.3460363928046728,-0.5614816395644819
2024-07-28__FPX__WBG__G1,2024-07-28__FPX__WBG__G1,2024-07-28,0.0,-1.0708398168326019,1.2372145438177267,-0.86552405697092,-10.54935449077885,6.761859462395603,-1.5601260258839187,-45.96229833018265,63.362072928598394,-0.7253913181878604,-284.1426817186583,202.97771873758262,-1.3998712867895495,1.4031139259386372,0.9779640325261914,1.4347281132478116,-3.6111068527531387,21.859378466990375,-0.16519713463075353,2.3133138129313053,2.098121376743199,1.1025638154253594,2.5321505497935464,3.1500792553480665,0.8038368373296437,4.468439164051453,25.108855577780485,0.17796267027171989,-4.67670594962318,7.901928205562246,-0.5918435647754475,0.454148416248656,4.691186306020372,0.09680884318258423,380.49292823390226,1221.6993159813917,0.3114456421028659,-0.3548152536472333,1.2854063782516787,-0.2760333102567283,-0.1265653546148613,2.3401797705708023,-0.054083580297085446,-7.150592759393053,7.463055899534399,-0.958131882907011,-204.88780169214624,284.82291920124334,-0.7193515239131091,0.7165936996875812,0.825430022335082,0.8681448604395698,4.397395673304466,8.003458579078341,0.5494368566312994,0.39504496837162084,0.48434402378846536,0.8156271851038037,0.13130936569305263,1.3460363928046728,0.09755253932392598
2024-07-28__FPX__WBG__G2,2024-07-28__FPX__WBG__G2,2024-07-28,1.0,-0.0028653155759972293,1.2372145438177267,-0.002315938876063267,7.640324944700719,6.761859462395603,1.1299146125819184,-24.654259425230578,63.362072928598394,-0.3891012067094431,228.72845692917065,202.97771873758262,1.1268648461756274,0.4669361706187125,0.9779640325261914,0.47745691828322834,-10.12640649161375,21.859378466990375,-0.4632522394748457,1.5616114146145286,2.098121376743199,0.7442899574993012,-0.36226816157584274,3.1500792553480665,-0.11500283555023715,4.532359423710368,25.108855577780485,0.1805083958988868,4.13613240767927,7.901928205562246,0.5234332401722613,-0.7771143376445231,4.691186306020372,-0.16565408433963486,797.3251734992002,1221.6993159813917,0.6526361784905087,0.2731740744474358,1.2854063782516787,0.21251945419746082,0.4691320308082432,2.3401797705708023,0.20046828719723878,9.34401721667578,7.463055899534399,1.252036175318284,267.88420319917304,284.82291920124334,0.940528953954611,-0.30185809008960396,0.825430022335082,-0.3656975348899175,2.6930866765591617,8.003458579078341,0.336490320210912,0.10142943561537598,0.48434402378846536,0.20941566576241868,-0.6936898877506614,1.3460363928046728,-0.5153570706570443
2024-07-28__WE__iG__G1,2024-07-28__WE__iG__G1,2024-07-28,1.0,-0.9391567955321776,1.2372145438177267,-0.7590890691804462,-2.8528790232063983,6.761859462395603,-0.42190740833413704,-49.491414843955965,63.362072928598394,-0.7810889349948831,-28.58011078317577,202.97771873758262,-0.14080417703049,0.1294593654187537,0.9779640325261914,0.1323762722725841,2.4760974468994874,21.859378466990375,0.11327391295066801,0.3217562789229511,2.098121376743199,0.15335439080650567,-0.0406552218405849,3.1500792553480665,-0.012906090811991938,-12.582448433789473,25.108855577780485,-0.5011159466705476,-8.76196774342597,7.901928205562246,-1.1088390588539232,-0.882357960201837,4.691186306020372,-0.18808840974426128,-124.1073827514025,1221.6993159813917,-0.10158586570879848,-0.6133570306859042,1.2854063782516787,-0.4771693714098246,0.4867963374654103,2.3401797705708023,0.20801655307451908,4.9144133493191795,7.463055899534399,0.6584987111147146,49.646781598415146,284.82291920124334,0.17430753663833273,0.004835811103330645,0.825430022335082,0.005858528420279748,0.5478150745563823,8.003458579078341,0.06844728447038242,0.04639504479292844,0.48434402378846536,0.09578924633112611,0.40011075412008346,1.3460363928046728,0.29725084626838794
2024-07-28__WE__iG__G2,2024-07-28__WE__iG__G2,2024-07-28,1.0,0.29428415862595436,1.2372145438177267,0.2378600560722586,-3.8863271783048994,6.761859462395603,-0.5747422916988212,12.190012664582355,63.362072928598394,0.19238657936479583,-135.98539449961697,202.97771873758262,-0.6699523212470024,-1.5076391058694787,0.9779640325261914,-1.5416083967491976,5.83163010064176,21.859378466990375,0.26677930677071804,-1.6599801810980601,2.098121376743199,-0.7911741467028994,-1.2486350248664302,3.1500792553480665,-0.39638197241056095,-3.6663943657197464,25.108855577780485,-0.14601996528046757,-4.176012227048421,7.901928205562246,-0.5284800861173098,1.563987982863054,4.691186306020372,0.3333885178398081,-377.1050235984943,1221.6993159813917,-0.30867253370514747,-0.34598953336333693,1.2854063782516787,-0.26916722217195277,0.32140022382291633,2.3401797705708023,0.13733991316599117,-2.295132815000848,7.463055899534399,-0.30753253605021225,-56.57671379061105,284.82291920124334,-0.19863820562838286,1.0321617966260281,0.825430022335082,1.2504519077876675,10.143656018918584,8.003458579078341,1.2674089146942007,0.9240006322323355,0.48434402378846536,1.9077322711090494,0.23888975135870538,1.3460363928046728,0.1774763113088132
2024-07-29__OMG__RA__G1,2024-07-29__OMG__RA__G1,2024-07-29,1.0,-0.8706640559192733,1.2372145438177267,-0.7037286754680027,-0.46780101880706937,6.761859462395603,-0.06918229404594015,-44.609554195188764,63.362072928598394,-0.7040418886139758,-40.69372890513648,202.97771873758262,-0.20048372283296362,0.06697547900533696,0.9779640325261914,0.06848453347287062,-7.6582057741583895,21.859378466990375,-0.3503395778330747,0.2877778619480118,2.098121376743199,0.13715971248288847,0.7389316975896087,3.1500792553480665,0.2345755148095301,-6.281472688065691,25.108855577780485,-0.25016960324765797,-4.105628546827877,7.901928205562246,-0.5195729346623207,0.6777435713336013,4.691186306020372,0.144471650164944,-9.8937174695677,1221.6993159813917,-0.008098324466623563,1.073740824547066,1.2854063782516787,0.8353311508196674,1.3094052245230579,2.3401797705708023,0.5595316571222299,-4.669801704806179,7.463055899534399,-0.6257223772603846,-189.49165390636358,284.82291920124334,-0.6652963665019554,1.6455285062574339,0.825430022335082,1.9935384807834795,11.715807969445272,8.003458579078341,1.4638429611203756,1.177899751449044,0.48434402378846536,2.43194353941269,0.7690404136836317,1.3460363928046728,0.571336589751953
2024-07-29__OMG__RA__G2,2024-07-29__OMG__RA__G2,2024-07-29,0.0,0.22737481543715177,1.2372145438177267,0.18377946880260815,-10.309642486911697,6.761859462395603,-1.524675426866052,-0.7516792371046108,63.362072928598394,-0.011863236010103851,-297.90759517346225,202.97771873758262,-1.4676861852552519,-0.3374671992745233,0.9779640325261914,-0.3450708236498071,7.100752145458685,21.859378466990375,0.3248377730109612,-0.18835392763748615,2.098121376743199,-0.08977261275381737,-1.5946028084987214,3.1500792553480665,-0.5062102166417746,3.1651851831828424,25.108855577780485,0.1260585153839224,1.9345981261437721,7.901928205562246,0.2448260514384246,-0.30272418304333826,4.691186306020372,-0.06453039780672182,389.89137726613126,1221.6993159813917,0.31913857349898955,0.24794506065678412,1.2854063782516787,0.1928922027770073,0.9454641284315848,2.3401797705708023,0.40401328834138445,2.4162956230879686,7.463055899534399,0.3237675466789909,35.55515985627176,284.82291920124334,0.12483250937512348,-1.0438924933809508,0.825430022335082,-1.2646635092873755,-7.289746071474312,8.003458579078341,-0.9108243753151787,-0.8003693012886011,0.48434402378846536,-1.65247759753625,-0.6636210588995262,1.3460363928046728,-0.4930182938802103
2024-07-29__RNG__TT__G1,2024-07-29__RNG__TT__G1,2024-07-29,0.0,-0.015492094396943656,1.2372145438177267,-0.012521742451714652,6.34592682659364,6.761859462395603,0.9384882846791835,7.688894097899265,63.362072928598394,0.12134852319644311,143.41744497656452,202.97771873758262,0.7065674260306998,0.3341380087190764,0.9779640325261914,0.34166662161320954,-5.840765918205989,21.859378466990375,-0.2671972425853199,-0.2920323123097752,2.098121376743199,-0.13918745424329396,0.1714453515884462,3.1500792553480665,0.054425709090228376,10.23771907098579,25.108855577780485,0.4077333844045064,4.937988190357277,7.901928205562246,0.6249091914011806,1.3850751841475137,4.691186306020372,0.29525045447876197,-264.0054529340872,1221.6993159813917,-0.21609691457174512,0.5451480613583701,1.2854063782516787,0.42410528411610837,1.66595932600384,2.3401797705708023,0.7118934344535655,-5.952460328230153,7.463055899534399,-0.7975901039427304,-249.104616656345,284.82291920124334,-0.8745947007366495,-0.7398381623997135,0.825430022335082,-0.8963052543224838,-9.874309440092937,8.003458579078341,-1.2337551458253306,-0.492824400502488,0.48434402378846536,-1.017506893428363,0.2960542570993656,1.3460363928046728,0.21994504661010325
2024-07-29__RNG__TT__G2,2024-07-29__RNG__TT__G2,2024-07-29,0.0,-0.3697314332300845,1.2372145438177267,-0.29884156813063395,6.037731069463245,6.761859462395603,0.8929097403060263,5.684970895593722,63.362072928598394,0.08972198261692027,144.6340449030945,202.97771873758262,0.7125611869622092,-1.6836232655285714,0.9779640325261914,-1.7215577342060862,-5.162754201722521,21.859378466990375,-0.23618027261564048,-1.831006736220452,2.098121376743199,-0.8726882456983389,-2.0082591000909775,3.1500792553480665,-0.6375263286328798,7.170749826478364,25.108855577780485,0.28558647440855417,2.058324312456673,7.901928205562246,0.260483770344057,0.960505114271343,4.691186306020372,0.20474669878107227,-333.0047975995361,1221.6993159813917,-0.27257508698812527,0.5730160876254295,1.2854063782516787,0.4457855908722152,1.516404729688304,2.3401797705708023,0.6479861507957063,-6.504517011083458,7.463055899534399,-0.871562028622515,-251.98884452982838,284.82291920124334,-0.884721090394636,-0.4487578016268148,0.825430022335082,-0.5436648120606284,-5.823521315378038,8.003458579078341,-0.7276255046756493,-0.4268146641422288,0.48434402378846536,-0.8812202937562076,0.4371078400923416,1.3460363928046728,0.32473677360594067
2024-07-30__AL__BLG__G1,2024-07-30__AL__BLG__G1,2024-07-30,1.0,-0.20730665798577874,1.2372145438177267,-0.16755904742845706,4.466548179309807,6.761859462395603,0.6605501849896783,17.52413255762042,63.362072928598394,0.27657132210299895,147.578878965022,202.97771873758262,0.7270693510392059,-1.2891811116201541,0.9779640325261914,-1.3182282277414943,1.5199902972587722,21.859378466990375,0.06953492433552809,0.16606776517784283,2.098121376743199,0.0791506572822605,0.2333387613892326,3.1500792553480665,0.07407391001961947,5.156889719207037,25.108855577780485,0.20538130453023135,4.01486836425385,7.901928205562246,0.5080871088325803,-0.5680834944784721,4.691186306020372,-0.12109588840109406,65.24262144581087,1221.6993159813917,0.053403174200845206,1.2964757109430067,1.2854063782516787,1.0086107586424333,0.9040453912028426,2.3401797705708023,0.38631434057221714,-5.054835776459747,7.463055899534399,-0.6773143826325517,-163.18746034463902,284.82291920124334,-0.5729435686894087,-0.27062214336028134,0.825430022335082,-0.3278555518724166,-1.726595149725398,8.003458579078341,-0.215731101365071,-0.2375348519030327,0.48434402378846536,-0.4904248835779813,-0.2447901736319622,1.3460363928046728,-0.18185986135340923
2024-07-30__AL__BLG__G2,2024-07-30__AL__BLG__G2,2024-07-30,0.0,0.7109061917473891,1.2372145438177267,0.5746017299085305,-4.683496648447608,6.761859462395603,-0.6926343237181105,15.554711723310277,63.362072928598394,0.24548930864918672,-107.16514725783406,202.97771873758262,-0.5279650761491521,-0.709013793959147,0.9779640325261914,-0.7249889008073083,7.0630927566884765,21.859378466990375,0.32311497073164314,-0.3143394268223041,2.098121376743199,-0.14981939581152362,0.2744605553875885,3.1500792553480665,0.08712811520329412,-1.3752449979993173,25.108855577780485,-0.05477131121997444,-1.412797058477807,7.901928205562246,-0.1787914092527335,0.24526849212910218,4.691186306020372,0.052282818000965375,-100.1224120351323,1221.6993159813917,-0.08195339937040932,-0.9479408813230918,1.2854063782516787,-0.7374633889315424,-0.8992540776698057,2.3401797705708023,-0.3842669288537335,6.477244931638523,7.463055899534399,0.8679077513187153,299.38910529257805,284.82291920124334,1.0511411970674371,-0.5233878899847992,0.825430022335082,-0.6340782885820967,-6.7899497840774075,8.003458579078341,-0.8483768446618833,-0.3741489618462164,0.48434402378846536,-0.7724843726475935,1.2048955751085266,1.3460363928046728,0.8951427215539267
2024-07-30__AL__BLG__G3,2024-07-30__AL__BLG__G3,2024-07-30,1.0,0.00843537814764872,1.2372145438177267,0.006818034407827862,-1.3505388452068772,6.761859462395603,-0.19972888419061016,-2.5030979860717935,63.362072928598394,-0.039504672604190494,-38.6951384270385,202.97771873758262,-0.19063736885538501,1.102417802038234,0.9779640325261914,1.1272568705146517,2.8986797237414237,21.859378466990375,0.1326057644096755,1.7517113089870655,2.098121376743199,0.8348947270207142,1.1236900832001444,3.1500792553480665,0.35671792212036285,0.3526990934491607,25.108855577780485,0.014046800273703973,-0.8516143573772119,7.901928205562246,-0.10777296723662776,-0.021632150928414973,4.691186306020372,-0.004611231553396652,54.757986141087486,1221.6993159813917,0.04482116456967908,0.1675522146383308,1.2854063782516787,0.1303495043464148,0.9561738017223469,2.3401797705708023,0.4085897182588689,-5.41347047243746,7.463055899534399,-0.725369047203056,-134.85702441305932,284.82291920124334,-0.4734767283397533,-1.0488041894032758,0.825430022335082,-1.2706139713967715,-5.97400075912671,8.003458579078341,-0.7464273043551326,-0.8939834371959599,0.48434402378846536,-1.8457574524114477,0.10502343296264982,1.3460363928046728,0.07802415707324266
2024-07-30__LGD__NIP__G1,2024-07-30__LGD__NIP__G1,2024-07-30,1.0,1.1127871176407966,1.2372145438177267,0.8994286591381029,12.492622289448704,6.761859462395603,1.847512583100953,54.43665093694801,63.362072928598394,0.8591361923899732,307.56147771879165,202.97771873758262,1.5152474769960906,-0.6721424201745707,0.9779640325261914,-0.6872867616118674,0.7046927746960989,21.859378466990375,0.0322375470795156,-0.8041733742176653,2.098121376743199,-0.3832823972193365,-0.21641302279753516,3.1500792553480665,-0.06870079656863304,9.453875110903297,25.108855577780485,0.3765155566370669,3.110470103084225,7.901928205562246,0.39363426603401286,0.5309115663479558,4.691186306020372,0.11317211011093452,-39.90031088962449,1221.6993159813917,-0.03265968175230815,-7.287951737089523,1.2854063782516787,-5.669760311320203,-5.926476516991393,2.3401797705708023,-2.5324866315972008,-12.895139080638415,7.463055899534399,-1.7278628924084594,-338.6192333819239,284.82291920124334,-1.1888763486543514,-2.086300921789905,0.825430022335082,-2.527529091271512,-24.867985490199636,8.003458579078341,-3.107154505434933,-1.1258839695719152,0.48434402378846536,-2.324549472533939,5.796185685891103,1.3460363928046728,4.306110451964393
2024-07-30__LGD__NIP__G2,2024-07-30__LGD__NIP__G2,2024-07-30,1.0,-0.6976397707778563,1.2372145438177267,-0.5638789249487771,-9.40637856072296,6.761859462395603,-1.3910932668655591,-44.59553101701033,63.362072928598394,-0.7038205704450938,-247.76197500117092,202.97771873758262,-1.2206363108300118,1.2035351270284975,0.9779640325261914,1.2306525151718704,14.161362692522786,21.859378466990375,0.6478391902161593,-0.8633364665811953,2.098121376743199,-0.41148051045587974,-0.8069860587256432,3.1500792553480665,-0.2561795234758156,-13.315710936570731,25.108855577780485,-0.5303192877510069,-4.550872017549853,7.901928205562246,-0.5759191077473144,-0.6950863303761396,4.691186306020372,-0.14816853070098265,-393.8036597181357,1221.6993159813917,-0.3223409019259801,-0.2709423595087763,1.2854063782516787,-0.21078326147255605,-0.7702404635080526,2.3401797705708023,-0.32913716461321935,-10.476525341450845,7.463055899534399,-1.4037847335861058,-277.0510652908314,284.82291920124334,-0.972713379580124,-0.8950684472598742,0.825430022335082,-1.0843649233436772,-7.153528078267598,8.003458579078341,-0.8938044863708029,-0.5653694902209272,0.48434402378846536,-1.1672866705612088,-0.7759975193576576,1.3460363928046728,-0.5765051725203185
2024-07-30__LGD__NIP__G3,2024-07-30__LGD__NIP__G3,2024-07-30,0.0,0.7729013107768452,1.2372145438177267,0.624710313929513,0.6013126284261965,6.761859462395603,0.08892709806276636,-8.995236859563988,63.362072928598394,-0.14196563183365118,140.02460762901217,202.97771873758262,0.6898521069703677,-1.968334343936502,0.9779640325261914,-2.012683765238597,-6.487424423814829,21.859378466990375,-0.296779898698013,-0.8721989697949404,2.098121376743199,-0.41570452680115216,-0.14239503856470792,3.1500792553480665,-0.04520362245468379,6.497157996614838,25.108855577780485,0.2587596124295182,-0.15877535330306003,7.901928205562246,-0.02009323915371154,0.4754250626965444,4.691186306020372,0.10134429339165675,422.52285661775346,1221.6993159813917,0.3458484839475351,0.6030162119534666,1.2854063782516787,0.4691245920601818,1.566922675351961,2.3401797705708023,0.6695733488014974,-7.618940230688008,7.463055899534399,-1.020887329850498,-229.3553182885753,284.82291920124334,-0.8052558344901559,0.39712007246552083,0.825430022335082,0.48110630897067347,3.4238827695885448,8.003458579078341,0.42780034505813436,0.1221245584165691,0.48434402378846536,0.252143724862354,0.25184948420564623,1.3460363928046728,0.1871043743301066
2024-07-31__BLG__FPX__G1,2024-07-31__BLG__FPX__G1,2024-07-31,0.0,-0.2579917515209882,1.2372145438177267,-0.20852611560706108,-9.844633090508262,6.761859462395603,-1.4559059810915544,-42.02574035761751,63.362072928598394,-0.663263333283181,-282.63940720738407,202.97771873758262,-1.3924651807734916,0.26542295489619416,0.9779640325261914,0.2714033181846773,-1.183895348238707,21.859378466990375,-0.054159604577362096,0.40509053987505794,2.098121376743199,0.1930728847684556,0.6676759986358043,3.1500792553480665,0.2119552343157777,-12.353208956299966,25.108855577780485,-0.4919861212330815,-0.1526582630718174,7.901928205562246,-0.019319112978683703,-0.5299464656852555,4.691186306020372,-0.11296638379907702,-281.50187604701597,1221.6993159813917,-0.2304182969853487,-0.21810303391363028,1.2854063782516787,-0.16967619573670006,-0.8027152260143318,2.3401797705708023,-0.3430141962146533,-13.177005903734887,7.463055899534399,-1.7656311724699523,-362.17133238027134,284.82291920124334,-1.2715666707032462,0.927860537139829,0.825430022335082,1.1240921555322474,5.339529873816119,8.003458579078341,0.667152725775496,0.9118109647208765,0.48434402378846536,1.882564948409802,-0.1511448130815527,1.3460363928046728,-0.11228871789855674
2024-07-31__BLG__FPX__G2,2024-07-31__BLG__FPX__G2,2024-07-31,1.0,1.7125287043620894,1.2372145438177267,1.3841797517978716,1.4534482002030522,6.761859462395603,0.21494797301512522,56.601105704402585,63.362072928598394,0.8932962921665945,84.56085760039394,202.97771873758262,0.41660167288172056,0.49851063235559057,0.9779640325261914,0.5097427983369536,0.85357250796865,21.859378466990375,0.039048341205550736,0.4567152501466758,2.098121376743199,0.21767807979609363,0.011657950962168151,3.1500792553480665,0.003700842523734371,3.4345486953764492,25.108855577780485,0.13678634408289922,-0.7944652985868501,7.901928205562246,-0.10054067531098837,-0.2809082610897802,4.691186306020372,-0.059879992582960895,462.5449878367508,1221.6993159813917,0.37860787953914854,0.3469519406672781,1.2854063782516787,0.2699159399093989,0.4284729953217443,2.3401797705708023,0.1830939732135453,-6.279422646460603,7.463055899534399,-0.841400880496082,-114.25826632966766,284.82291920124334,-0.40115544861676794,-0.3609112044668539,0.825430022335082,-0.43723969017527753,1.880858810350226,8.003458579078341,0.2350057236831602,-0.13366805374164414,0.48434402378846536,-0.27597693209711355,0.10786572633329605,1.3460363928046728,0.08013575767649476
2024-07-31__JDG__TES__G1,2024-07-31__JDG__TES__G1,2024-07-31,0.0,-0.39433565966142137,1.2372145438177267,-0.3187283425526677,-9.603706551490179,6.761859462395603,-1.4202757665436594,-43.476290900228264,63.362072928598394,-0.6861563740672525,-284.6397889153491,202.97771873758262,-1.40232035951208,2.001102483521767,0.9779640325261914,2.0461902184300995,9.34374224382266,21.859378466990375,0.4274477350984528,1.993710345311687,2.098121376743199,0.9502354902703123,0.9611557452508626,3.1500792553480665,0.3051210341765277,-11.688825258911677,25.108855577780485,-0.4655259877208203,-0.7824204932166872,7.901928205562246,-0.09901638863911026,-0.8920908608737737,4.691186306020372,-0.19016312986030656,-423.0628219828783,1221.6993159813917,-0.3462904628842664,-0.28724581950932304,1.2854063782516787,-0.22346675798610613,-0.7938525473619187,2.3401797705708023,-0.33922701927350984,-0.5081201507389999,7.463055899534399,-0.06808472152620197,-57.99772843316305,284.82291920124334,-0.203627321818709,0.043208012335275825,0.825430022335082,0.052346000048609294,1.4245176815179335,8.003458579078341,0.17798773985711533,0.428920699545734,0.48434402378846536,0.8855685069101947,-0.4525839539709615,1.3460363928046728,-0.33623430997554554
2024-07-31__JDG__TES__G2,2024-07-31__JDG__TES__G2,2024-07-31,1.0,-0.23712407702977778,1.2372145438177267,-0.19165947131416916,-4.82572672817512,6.761859462395603,-0.7136684873951766,-14.78028747145271,63.362072928598394,-0.23326710372688172,-132.77169310161133,202.97771873758262,-0.6541195421510483,-2.274408309655361,0.9779640325261914,-2.3256540203490856,-1.1622250755958987,21.859378466990375,-0.05316825563831594,-2.801867375477748,2.098121376743199,-1.3354165641314657,-2.119351110460363,3.1500792553480665,-0.6727927349984886,9.630569556938,25.108855577780485,0.38355269293546224,0.08757463656158393,7.901928205562246,0.011082690604205777,0.5596003807926353,4.691186306020372,0.11928757994260424,627.3739945605886,1221.6993159813917,0.5135256980504184,-0.3836732126221314,1.2854063782516787,-0.29848374850934567,-0.8987760189407084,2.3401797705708023,-0.38406264603288937,8.762089381035171,7.463055899534399,1.1740617147889916,322.01316694477634,284.82291920124334,1.1305732232407983,0.08463073740972549,0.825430022335082,0.10252914552485745,0.6356240858215472,8.003458579078341,0.07941866633313392,-0.3251844368897219,0.48434402378846536,-0.671390064764543,0.09311575002605821,1.3460363928046728,0.0691776844564752
