match_id,canonical_match_key,Date,y_blue_win,delta__TOP__CSM,unc__TOP__CSM,z__TOP__CSM,delta__TOP__DMG%,unc__TOP__DMG%,z__TOP__DMG%,delta__TOP__GPM,unc__TOP__GPM,z__TOP__GPM,delta__TOP__DPM,unc__TOP__DPM,z__TOP__DPM,delta__JUNGLE__CSM,unc__JUNGLE__CSM,z__JUNGLE__CSM,delta__JUNGLE__KP%,unc__JUNGLE__KP%,z__JUNGLE__KP%,delta__JUNGLE__GOLD%,unc__JUNGLE__GOLD%,z__JUNGLE__GOLD%,delta__JUNGLE__Kills,unc__JUNGLE__Kills,z__JUNGLE__Kills,delta__MID__KP%,unc__MID__KP%,z__MID__KP%,delta__MID__DMG%,unc__MID__DMG%,z__MID__DMG%,delta__MID__Assists,unc__MID__Assists,z__MID__Assists,delta__MID__GD@15,unc__MID__GD@15,z__MID__GD@15,delta__ADCARRY__CSM,unc__ADCARRY__CSM,z__ADCARRY__CSM,delta__ADCARRY__GOLD%,unc__ADCARRY__GOLD%,z__ADCARRY__GOLD%,delta__ADCARRY__DMG%,unc__ADCARRY__DMG%,z__ADCARRY__DMG%,delta__ADCARRY__DPM,unc__ADCARRY__DPM,z__ADCARRY__DPM,delta__SUPPORT__VSPM,unc__SUPPORT__VSPM,z__SUPPORT__VSPM,delta__SUPPORT__VS%,unc__SUPPORT__VS%,z__SUPPORT__VS%,delta__SUPPORT__WPM,unc__SUPPORT__WPM,z__SUPPORT__WPM,delta__SUPPORT__GOLD%,unc__SUPPORT__GOLD%,z__SUPPORT__GOLD%,blue_team_raw,red_team_raw,y_blue_win_from_conditions,actual_delta_GD15_sum,actual_delta_KP15_mean,actual_delta_Tower15,actual_delta_FirstTower,actual_delta_FirstDragon,actual_delta_NumberDragon,actual_delta_NumberVB,actual_delta_Herald,actual_delta_TeamJGShare,actual_delta_MiniTF_count,actual_delta_MiniTF_WR,actual_delta_TeamFight_WR,y_blue_win_ts_source,blue_rwts_ADCARRY_mu,blue_rwts_ADCARRY_sigma,blue_rwts_ADCARRY_conservative,blue_rwts_ADCARRY_games,blue_rwts_ADCARRY_weight,blue_rwts_JUNGLE_mu,blue_rwts_JUNGLE_sigma,blue_rwts_JUNGLE_conservative,blue_rwts_JUNGLE_games,blue_rwts_JUNGLE_weight,blue_rwts_MID_mu,blue_rwts_MID_sigma,blue_rwts_MID_conservative,blue_rwts_MID_games,blue_rwts_MID_weight,blue_rwts_SUPPORT_mu,blue_rwts_SUPPORT_sigma,blue_rwts_SUPPORT_conservative,blue_rwts_SUPPORT_games,blue_rwts_SUPPORT_weight,blue_rwts_TOP_mu,blue_rwts_TOP_sigma,blue_rwts_TOP_conservative,blue_rwts_TOP_games,blue_rwts_TOP_weight,blue_rwts_mu,blue_rwts_sigma,blue_rwts_conservative,blue_rwts_games,red_rwts_ADCARRY_mu,red_rwts_ADCARRY_sigma,red_rwts_ADCARRY_conservative,red_rwts_ADCARRY_games,red_rwts_ADCARRY_weight,red_rwts_JUNGLE_mu,red_rwts_JUNGLE_sigma,red_rwts_JUNGLE_conservative,red_rwts_JUNGLE_games,red_rwts_JUNGLE_weight,red_rwts_MID_mu,red_rwts_MID_sigma,red_rwts_MID_conservative,red_rwts_MID_games,red_rwts_MID_weight,red_rwts_SUPPORT_mu,red_rwts_SUPPORT_sigma,red_rwts_SUPPORT_conservative,red_rwts_SUPPORT_games,red_rwts_SUPPORT_weight,red_rwts_TOP_mu,red_rwts_TOP_sigma,red_rwts_TOP_conservative,red_rwts_TOP_games,red_rwts_TOP_weight,red_rwts_mu,red_rwts_sigma,red_rwts_conservative,red_rwts_games,delta_rwts_mu,delta_rwts_sigma,delta_rwts_conservative,delta_rwts_games,delta_rwts_mu_TOP,delta_rwts_sigma_TOP,delta_rwts_conservative_TOP,delta_rwts_games_TOP,delta_rwts_mu_JUNGLE,delta_rwts_sigma_JUNGLE,delta_rwts_conservative_JUNGLE,delta_rwts_games_JUNGLE,delta_rwts_mu_MID,delta_rwts_sigma_MID,delta_rwts_conservative_MID,delta_rwts_games_MID,delta_rwts_mu_ADCARRY,delta_rwts_sigma_ADCARRY,delta_rwts_conservative_ADCARRY,delta_rwts_games_ADCARRY,delta_rwts_mu_SUPPORT,delta_rwts_sigma_SUPPORT,delta_rwts_conservative_SUPPORT,delta_rwts_games_SUPPORT,rwts_implied_p_blue
2024-06-01__IG__UP__G1,2024-06-01__IG__UP__G1,2024-06-01,0.0,-0.15442912702508238,1.2372145438177267,-0.1248199053081358,-0.04526708476618424,6.761859462395603,-0.006694471886535639,-0.3092786235419567,63.362072928598394,-0.00488113163547136,-4.187809734067514,202.97771873758262,-0.020631869051843103,0.37232522524104716,0.9779640325261914,0.38071425138717907,0.048191856829419066,21.859378466990375,0.0022046305981463514,-0.0001449317268260586,2.098121376743199,-6.907687007801146e-05,-0.009229036182507144,3.1500792553480665,-0.0029297781117920713,0.22284117319884444,25.108855577780485,0.00887500283051689,0.03569362100492768,7.901928205562246,0.004517076789273509,0.009367060043959263,4.691186306020372,0.001996735460112235,15.692279112144377,1221.6993159813917,0.012844632794685758,-0.0043281966273962524,1.2854063782516787,-0.0033671789197936325,-0.15057108023745158,2.3401797705708023,-0.06434164494084156,-2.9847662786761227,7.463055899534399,-0.39993883456286317,-49.11829209544874,284.82291920124334,-0.17245203462117414,-0.09072340077096186,0.825430022335082,-0.10991033571080501,-0.9645901715918157,8.003458579078341,-0.12052165217568271,-0.0017247295408424623,0.48434402378846536,-0.003560952329708929,-0.16874850250839124,1.3460363928046728,-0.12536687569784238,UP,IG,0.0,-2724.0,0.13160000000000005,1.0,-1.0,-1.0,-4.0,2.0,-1.0,-5.400000000000006,0.0,-1.0,-0.6666666666666667,0.0,25.0,8.333333333333334,0.0,0.0,1.1,25.0,8.333333333333334,0.0,0.0,1.15,25.0,8.333333333333334,0.0,0.0,1.15,25.0,8.333333333333334,0.0,0.0,0.9,25.0,8.333333333333334,0.0,0.0,1.0,25.0,8.333333333333334,0.0,0.0,25.0,8.333333333333334,0.0,0.0,1.1,25.0,8.333333333333334,0.0,0.0,1.15,25.0,8.333333333333334,0.0,0.0,1.15,25.0,8.333333333333334,0.0,0.0,0.9,25.0,8.333333333333334,0.0,0.0,1.0,25.0,8.333333333333334,0.0,0.0,0.0,0.0,0.0,0.0,0.0,0.0,0.0,0.0,0.0,0.0,0.0,0.0,0.0,0.0,0.0,0.0,0.0,0.0,0.0,0.0,0.0,0.0,0.0,0.0,0.5
2024-06-01__IG__UP__G2,2024-06-01__IG__UP__G2,2024-06-01,1.0,0.9841672752201598,1.2372145438177267,0.7954695365233406,2.826110609471737,6.761859462395603,0.41794867332569857,41.83653163706077,63.362072928598394,0.6602771822810855,124.46827166738848,202.97771873758262,0.6132114984260629,-0.5490120769931783,0.9779640325261914,-0.561382113606884,-7.749674592163657,21.859378466990375,-0.35452399753004704,-0.15485044734544573,2.098121376743199,-0.07380429714772482,-0.005235569283410957,3.1500792553480665,-0.0016620431414476628,-18.285121872192157,25.108855577780485,-0.7282339526513191,0.444923279002456,7.901928205562246,0.05630565238287254,-4.031776417367749,4.691186306020372,-0.8594362480887564,591.0801779726394,1221.6993159813917,0.48381804733516304,0.8556714326291015,1.2854063782516787,0.6656811273270626,1.2344438126544617,2.3401797705708023,0.5274993402981274,-3.2384379695851386,7.463055899534399,-0.4339291543907667,-49.23764943220681,284.82291920124334,-0.17287109266844694,0.25040132392358494,0.825430022335082,0.30335826634576746,2.9620881979345413,8.003458579078341,0.370100975542835,-0.2693461279931042,0.48434402378846536,-0.5561038407834236,0.31944388298707516,1.3460363928046728,0.23732170049263301,IG,UP,1.0,6504.0,-0.0361999999999999,2.0,1.0,-1.0,0.0,6.0,1.0,-3.4000000000000057,0.0,,-1.0,1.0,25.6875,8.25,0.9375,1.0,1.1,25.71875,8.25,0.96875,1.0,1.15,25.71875,8.25,0.96875,1.0,1.15,25.5625,8.25,0.8125,1.0,0.9,25.625,8.25,0.875,1.0,1.0,25.66804245283019,8.25,0.9180424528301888,1.0,24.3125,8.25,-0.4375,1.0,1.1,24.28125,8.25,-0.46875,1.0,1.15,24.28125,8.25,-0.46875,1.0,1.15,24.4375,8.25,-0.3125,1.0,0.9,24.375,8.25,-0.375,1.0,1.0,24.33195754716981,8.25,-0.4180424528301887,1.0,1.3360849056603783,0.0,1.3360849056603774,0.0,1.25,0.0,1.25,0.0,1.4375,0.0,1.4375,0.0,1.4375,0.0,1.4375,0.0,1.375,0.0,1.375,0.0,1.125,0.0,1.125,0.0,0.5333525221050094
2024-06-01__IG__UP__G3,2024-06-01__IG__UP__G3,2024-06-01,1.0,-0.4235776891558487,1.2372145438177267,-0.34236369828396895,-3.541155937080905,6.761859462395603,-0.5236955061072553,-26.47828013001714,63.362072928598394,-0.4178884699994992,-84.44857767435974,202.97771873758262,-0.41604850908532276,0.23704849398185956,0.9779640325261914,0.2423895396030032,1.229089391353412,21.859378466990375,0.05622709433309611,0.04820206484274436,2.098121376743199,0.022973905324610185,0.08582021255936922,3.1500792553480665,0.02724381780866296,5.306751193869033,25.108855577780485,0.21134977522493487,0.8182370734635427,7.901928205562246,0.10354902608942351,0.5553901786771069,4.691186306020372,0.11839010946426173,203.5951479289974,1221.6993159813917,0.16664914606979225,0.02288961974480408,1.2854063782516787,0.017807288282363016,-0.7674907860750366,2.3401797705708023,-0.3279621795575369,-1.5447896145347464,7.463055899534399,-0.2069915364883687,-13.558371715309022,284.82291920124334,-0.047602811268591984,-0.16466464570819772,0.825430022335082,-0.19948928650921535,-1.0673314931397186,8.003458579078341,-0.13335876599287205,0.14030402405431586,0.48434402378846536,0.28967784773936844,-1.1144635819823048,1.3460363928046728,-0.827958857562011,UP,IG,1.0,3192.0,-0.30000000000000004,1.0,1.0,1.0,-3.0,6.0,1.0,-1.2000000000000028,0.0,-1.0,0.6000000000000001,1.0,23.677276120715444,8.164748416926336,-0.8169691300635655,2.0,1.1,23.617152308020692,8.164748416926336,-0.877092942758317,2.0,1.15,23.617152308020692,8.164748416926336,-0.877092942758317,2.0,1.15,23.917771371494453,8.164748416926336,-0.5764738792845563,2.0,0.9,23.79752374610495,8.164748416926336,-0.6967215046740591,2.0,1.0,23.71471170220463,8.164748416926336,-0.7795335485743793,2.0,26.322723879284556,8.164748416926336,1.8284786285055468,2.0,1.1,26.382847691979308,8.164748416926336,1.8886024412002982,2.0,1.15,26.382847691979308,8.164748416926336,1.8886024412002982,2.0,1.15,26.082228628505547,8.164748416926336,1.5879833777265375,2.0,0.9,26.20247625389505,8.164748416926336,1.7082310031160404,2.0,1.0,26.28528829779537,8.164748416926336,1.7910430470163607,2.0,-2.5705765955907367,0.0,-2.5705765955907403,0.0,-2.4049525077900995,0.0,-2.4049525077900995,0.0,-2.765695383958615,0.0,-2.765695383958615,0.0,-2.765695383958615,0.0,-2.765695383958615,0.0,-2.6454477585691123,0.0,-2.6454477585691123,0.0,-2.164457257011094,0.0,-2.164457257011094,0.0,0.43608713771088753
2024-06-01__NIP__WBG__G1,2024-06-01__NIP__WBG__G1,2024-06-01,1.0,-1.314056457736121,1.2372145438177267,-1.0621079441673382,2.979220153609713,6.761859462395603,0.44059178242111047,-33.54435261495604,63.362072928598394,-0.5294074283735817,179.83730511347414,202.97771873758262,0.8859952971487448,0.5350596446879745,0.9779640325261914,0.5471153128101692,-3.401491462599779,21.859378466990375,-0.15560786927809805,1.2938068831817127,2.098121376743199,0.6166498663390733,0.9476601144914145,3.1500792553480665,0.3008368161041355,-0.3219837327245614,25.108855577780485,-0.012823512362147689,-0.0387608189817783,7.901928205562246,-0.00490523490826698,-0.013735900439363569,4.691186306020372,-0.0029280221707915577,-1.3497489088180146,1221.6993159813917,-0.001104812690043088,0.0077490652580785024,1.2854063782516787,0.006028489791787441,0.07766642788272549,2.3401797705708023,0.0331882172776685,-0.6952178425220978,7.463055899534399,-0.09315456814559067,-18.489009372113856,284.82291920124334,-0.0649140503125603,-0.15396373825983112,0.825430022335082,-0.1865252626734083,-1.4215891027896248,8.003458579078341,-0.17762182575467342,-0.1583756958646474,0.48434402378846536,-0.3269894147478988,-0.39820351449957414,1.3460363928046728,-0.29583391711715884,WBG,NIP,1.0,-1420.0,,1.0,1.0,-1.0,-4.0,2.0,-1.0,-10.799999999999997,0.0,-1.0,0.0,1.0,25.0,8.333333333333334,0.0,0.0,1.1,25.0,8.333333333333334,0.0,0.0,1.15,25.0,8.333333333333334,0.0,0.0,1.15,25.0,8.333333333333334,0.0,0.0,0.9,25.0,8.333333333333334,0.0,0.0,1.0,25.0,8.333333333333334,0.0,0.0,25.0,8.333333333333334,0.0,0.0,1.1,25.0,8.333333333333334,0.0,0.0,1.15,25.0,8.333333333333334,0.0,0.0,1.15,25.0,8.333333333333334,0.0,0.0,0.9,25.0,8.333333333333334,0.0,0.0,1.0,25.0,8.333333333333334,0.0,0.0,0.0,0.0,0.0,0.0,0.0,0.0,0.0,0.0,0.0,0.0,0.0,0.0,0.0,0.0,0.0,0.0,0.0,0.0,0.0,0.0,0.0,0.0,0.0,0.0,0.5
2024-06-01__NIP__WBG__G2,2024-06-01__NIP__WBG__G2,2024-06-01,1.0,0.2114120769723744,1.2372145438177267,0.17087732047078194,0.1649759985525261,6.761859462395603,0.024398018780481923,46.07229627637457,63.362072928598394,0.7271273400598066,-50.183929494139875,202.97771873758262,-0.24723861101119662,-0.2731369400505237,0.9779640325261914,-0.2792911105880554,2.1192582366838053,21.859378466990375,0.09694960645539254,0.07876884823985719,2.098121376743199,0.03754254237644888,-0.07374509952724262,3.1500792553480665,-0.023410546255779183,10.662683095625113,25.108855577780485,0.42465825007184166,3.42004071880093,7.901928205562246,0.4328108528729325,1.3008636583670246,4.691186306020372,0.277299449693168,-135.02910170991896,1221.6993159813917,-0.11052564230252053,0.23000450640944692,1.2854063782516787,0.17893510672257304,-1.3059978276616775,2.3401797705708023,-0.5580756170999246,-5.998934223414931,7.463055899534399,-0.8038172968759209,22.230983516952847,284.82291920124334,0.07805194715806373,0.6348240095006572,0.825430022335082,0.7690818400607091,1.4945480247753977,8.003458579078341,0.1867377488457943,0.03417985819491731,0.48434402378846536,0.07056923580543516,0.8715393332058472,1.3460363928046728,0.6474852317362916,NIP,WBG,1.0,164.0,0.4,0.0,-1.0,1.0,4.0,-4.0,1.0,0.0,0.0,,1.0,1.0,24.3125,8.25,-0.4375,1.0,1.1,24.28125,8.25,-0.46875,1.0,1.15,24.28125,8.25,-0.46875,1.0,1.15,24.4375,8.25,-0.3125,1.0,0.9,24.375,8.25,-0.375,1.0,1.0,24.33195754716981,8.25,-0.4180424528301887,1.0,25.6875,8.25,0.9375,1.0,1.1,25.71875,8.25,0.96875,1.0,1.15,25.71875,8.25,0.96875,1.0,1.15,25.5625,8.25,0.8125,1.0,0.9,25.625,8.25,0.875,1.0,1.0,25.66804245283019,8.25,0.9180424528301888,1.0,-1.3360849056603783,0.0,-1.3360849056603774,0.0,-1.25,0.0,-1.25,0.0,-1.4375,0.0,-1.4375,0.0,-1.4375,0.0,-1.4375,0.0,-1.375,0.0,-1.375,0.0,-1.125,0.0,-1.125,0.0,0.4666474778949906
2024-06-01__NIP__WBG__G3,2024-06-01__NIP__WBG__G3,2024-06-01,0.0,0.2991240256026435,1.2372145438177267,0.24177195889377875,2.9054963082956924,6.761859462395603,0.4296888887982655,-21.62024203398147,63.362072928598394,-0.3412173985710275,13.203453910457881,202.97771873758262,0.06504878430759697,0.6681904247960313,0.9779640325261914,0.6832457220582027,-2.399484387900557,21.859378466990375,-0.1097690989592817,1.5689449792150896,2.098121376743199,0.7477852562873273,1.2700797198560514,3.1500792553480665,0.403189638644846,1.1680584715273028,25.108855577780485,0.04651977950126768,0.5932885561788304,7.901928205562246,0.07508148209695534,1.8708834859872852,4.691186306020372,0.3988080978106144,-602.2887771486231,1221.6993159813917,-0.49299264457049446,-0.9108762656725737,1.2854063782516787,-0.7086284714745329,0.3299623176268227,2.3401797705708023,0.14099864496636316,-3.4173147927243086,7.463055899534399,-0.4578974592753683,-152.34904068334254,284.82291920124334,-0.5348903823319395,-0.8258392732071629,0.825430022335082,-1.0004945911421235,-5.765427585871713,8.003458579078341,-0.7203669274401016,-0.2277887511534471,0.48434402378846536,-0.47030265609362887,0.226961224511518,1.3460363928046728,0.16861435330456157,WBG,NIP,0.0,-586.0,0.2,0.0,-1.0,-1.0,-3.0,6.0,1.0,0.20000000000000284,0.0,,0.0,0.0,24.961473879284554,8.170251583073663,0.45071913006356823,2.0,1.1,24.95972269197931,8.170251583073663,0.44896794275832264,2.0,1.15,24.95972269197931,8.170251583073663,0.44896794275832264,2.0,1.15,24.968478628505547,8.170251583073663,0.45772387928456126,2.0,0.9,24.964976253895053,8.170251583073663,0.4542215046740665,2.0,1.0,24.962564241191597,8.170251583073663,0.45180949197061115,2.0,25.038526120715446,8.170251583073663,0.5277713714944596,2.0,1.1,25.04027730802069,8.170251583073663,0.5295225587997052,2.0,1.15,25.04027730802069,8.170251583073663,0.5295225587997052,2.0,1.15,25.031521371494453,8.170251583073663,0.5207666222734666,2.0,0.9,25.035023746104947,8.170251583073663,0.5242689968839613,2.0,1.0,25.037435758808403,8.170251583073663,0.5266810095874168,2.0,-0.07487151761680622,0.0,-0.07487151761680566,0.0,-0.07004749220989481,0.0,-0.07004749220989481,0.0,-0.08055461604138259,0.0,-0.08055461604138259,0.0,-0.08055461604138259,0.0,-0.08055461604138259,0.0,-0.0770522414308914,0.0,-0.0770522414308914,0.0,-0.06304274298890533,0.0,-0.06304274298890533,0.0,0.49812822080350105
2024-06-02__RA__TES__G1,2024-06-02__RA__TES__G1,2024-06-02,0.0,-0.2656334334634032,1.2372145438177267,-0.21470263188233735,-3.62906225399896,6.761859462395603,-0.5366958212434407,-9.071267267478902,63.362072928598394,-0.14316556742920306,-19.72138695563433,202.97771873758262,-0.09716035326995937,-0.20610630424805,0.9779640325261914,-0.21075017755558673,-0.979153006544891,21.859378466990375,-0.04479326634241836,0.8466873193616138,2.098121376743199,0.4035452501468862,0.7779554114140901,3.1500792553480665,0.24696367976444786,-8.439550306002104,25.108855577780485,-0.3361184640112403,-6.143633817196413,7.901928205562246,-0.7774853023071693,-1.2002724274637346,4.691186306020372,-0.25585685438809513,230.46672152289347,1221.6993159813917,0.18864438926947832,5.709367099150783,1.2854063782516787,4.441679109479102,5.7657401212457735,2.3401797705708023,2.4638011702999463,6.948774455675437,7.463055899534399,0.9310895721710166,175.26681309201354,284.82291920124334,0.6153536132842741,3.044130365779709,0.825430022335082,3.6879282258717323,29.743807994470924,8.003458579078341,3.7163688653121367,1.9403576239771243,0.48434402378846536,4.006147536729031,-3.8697345074466227,1.3460363928046728,-2.8749086229940795,RA,TES,0.0,-9042.0,-0.10000000000000009,-2.0,-1.0,-1.0,-4.0,-3.0,-1.0,-18.599999999999994,0.0,,-0.6000000000000001,0.0,25.0,8.333333333333334,0.0,0.0,1.1,25.0,8.333333333333334,0.0,0.0,1.15,25.0,8.333333333333334,0.0,0.0,1.15,25.0,8.333333333333334,0.0,0.0,0.9,25.0,8.333333333333334,0.0,0.0,1.0,25.0,8.333333333333334,0.0,0.0,25.0,8.333333333333334,0.0,0.0,1.1,25.0,8.333333333333334,0.0,0.0,1.15,25.0,8.333333333333334,0.0,0.0,1.15,25.0,8.333333333333334,0.0,0.0,0.9,25.0,8.333333333333334,0.0,0.0,1.0,25.0,8.333333333333334,0.0,0.0,0.0,0.0,0.0,0.0,0.0,0.0,0.0,0.0,0.0,0.0,0.0,0.0,0.0,0.0,0.0,0.0,0.0,0.0,0.0,0.0,0.0,0.0,0.0,0.0,0.5
2024-06-02__RA__TES__G2,2024-06-02__RA__TES__G2,2024-06-02,1.0,1.0270216111626551,1.2372145438177267,0.8301072648938216,4.0597730417552675,6.761859462395603,0.6003929043393723,135.56643087191662,63.362072928598394,2.1395516665802963,133.5246905425068,202.97771873758262,0.6578292963145543,1.7523425249596638,0.9779640325261914,1.7918253380012679,-20.38588102341079,21.859378466990375,-0.9325919362988002,1.4045243737228787,2.098121376743199,0.6694196626905268,2.2790638106598293,3.1500792553480665,0.7234938877479504,0.41210886353989906,25.108855577780485,0.016412888506623015,4.7430858614971925,7.901928205562246,0.6002440338441006,1.9283242695653682,4.691186306020372,0.41105249988434256,989.9852815413274,1221.6993159813917,0.8103346443602917,1.4332022250542078,1.2854063782516787,1.114978993666233,-0.7475834584450958,2.3401797705708023,-0.31945543175399643,3.185920888125736,7.463055899534399,0.42689221468008604,422.9698375633577,284.82291920124334,1.4850273891739676,0.24841514271866405,0.825430022335082,0.3009520311169265,-2.8533643288009714,8.003458579078341,-0.35651636652977986,-0.06202798215985572,0.48434402378846536,-0.12806569514162297,0.9377239881390445,1.3460363928046728,0.6966552290090208,TES,RA,1.0,15622.0,-0.07499999999999996,3.0,1.0,-1.0,1.0,6.0,1.0,24.799999999999997,0.0,0.0,,1.0,25.6875,8.25,0.9375,1.0,1.1,25.71875,8.25,0.96875,1.0,1.15,25.71875,8.25,0.96875,1.0,1.15,25.5625,8.25,0.8125,1.0,0.9,25.625,8.25,0.875,1.0,1.0,25.66804245283019,8.25,0.9180424528301888,1.0,24.3125,8.25,-0.4375,1.0,1.1,24.28125,8.25,-0.46875,1.0,1.15,24.28125,8.25,-0.46875,1.0,1.15,24.4375,8.25,-0.3125,1.0,0.9,24.375,8.25,-0.375,1.0,1.0,24.33195754716981,8.25,-0.4180424528301887,1.0,1.3360849056603783,0.0,1.3360849056603774,0.0,1.25,0.0,1.25,0.0,1.4375,0.0,1.4375,0.0,1.4375,0.0,1.4375,0.0,1.375,0.0,1.375,0.0,1.125,0.0,1.125,0.0,0.5333525221050094
2024-06-02__RNG__WE__G1,2024-06-02__RNG__WE__G1,2024-06-02,1.0,-0.27621290261533193,1.2372145438177267,-0.22325366343443317,4.28029051854749,6.761859462395603,0.6330048575168411,-15.23639022694391,63.362072928598394,-0.2404654595762369,163.39458846731685,202.97771873758262,0.8049878020038832,-0.20249164183880808,0.9779640325261914,-0.2070540715711991,0.0891436595820636,21.859378466990375,0.004078050784409436,0.014100957322700225,2.098121376743199,0.006720750647818918,0.012589104325651634,3.1500792553480665,0.003996439234930098,-3.577163776505216,25.108855577780485,-0.14246621567270992,-2.5492742425747252,7.901928205562246,-0.3226141586766262,-1.350589537238811,4.691186306020372,-0.2878992990762808,368.9129137155029,1221.6993159813917,0.30196702952001564,0.5991141985889072,1.2854063782516787,0.46608896815559014,-0.47793315731350816,2.3401797705708023,-0.2042291618339098,-4.57058519247504,7.463055899534399,-0.6124280243341287,7.426498449365226,284.82291920124334,0.02607408997884717,0.48690133195100627,0.825430022335082,0.5898752515668713,4.326368737010945,8.003458579078341,0.5405623273615833,0.19442275886187943,0.48434402378846536,0.4014137635628778,0.6190577083249593,1.3460363928046728,0.4599112265633712,WE,RNG,1.0,5904.0,0.0,2.0,1.0,-1.0,-2.0,6.0,1.0,6.599999999999994,0.0,,1.0,1.0,25.0,8.333333333333334,0.0,0.0,1.1,25.0,8.333333333333334,0.0,0.0,1.15,25.0,8.333333333333334,0.0,0.0,1.15,25.0,8.333333333333334,0.0,0.0,0.9,25.0,8.333333333333334,0.0,0.0,1.0,25.0,8.333333333333334,0.0,0.0,25.0,8.333333333333334,0.0,0.0,1.1,25.0,8.333333333333334,0.0,0.0,1.15,25.0,8.333333333333334,0.0,0.0,1.15,25.0,8.333333333333334,0.0,0.0,0.9,25.0,8.333333333333334,0.0,0.0,1.0,25.0,8.333333333333334,0.0,0.0,0.0,0.0,0.0,0.0,0.0,0.0,0.0,0.0,0.0,0.0,0.0,0.0,0.0,0.0,0.0,0.0,0.0,0.0,0.0,0.0,0.0,0.0,0.0,0.0,0.5
2024-06-02__RNG__WE__G2,2024-06-02__RNG__WE__G2,2024-06-02,0.0,-0.562416174332701,1.2372145438177267,-0.45458220852708525,0.9617161703234736,6.761859462395603,0.14222656259646552,-22.710279018053484,63.362072928598394,-0.35842070200614484,-83.60333202247676,202.97771873758262,-0.411884280356299,0.7320924910632716,0.9779640325261914,0.7485875943562073,7.698036523648227,21.859378466990375,0.35216171324867446,0.7819164414524842,2.098121376743199,0.3726743731060198,-0.5662848254730899,3.1500792553480665,-0.17976838034893766,-15.718574175034654,25.108855577780485,-0.6260171237325259,-8.120828008095277,7.901928205562246,-1.027701944276968,-6.1013979319058835,4.691186306020372,-1.3006084673011749,312.7732986201256,1221.6993159813917,0.2560149574225305,0.10174835221308243,1.2854063782516787,0.07915650239340732,0.9083346018694947,2.3401797705708023,0.3881471949912396,6.109334286639992,7.463055899534399,0.8186101712585279,180.19788910609435,284.82291920124334,0.6326663913802107,0.13811570332390533,0.825430022335082,0.16732555427004236,1.3691905909542825,8.003458579078341,0.17107484300082582,0.30393610462609044,0.48434402378846536,0.6275198251212604,0.1516551979594496,1.3460363928046728,0.11266789375253018,RNG,WE,0.0,7414.0,,1.0,1.0,-1.0,-2.0,0.0,-1.0,7.400000000000006,1.0,,-0.6666666666666667,0.0,24.3125,8.25,-0.4375,1.0,1.1,24.28125,8.25,-0.46875,1.0,1.15,24.28125,8.25,-0.46875,1.0,1.15,24.4375,8.25,-0.3125,1.0,0.9,24.375,8.25,-0.375,1.0,1.0,24.33195754716981,8.25,-0.4180424528301887,1.0,25.6875,8.25,0.9375,1.0,1.1,25.71875,8.25,0.96875,1.0,1.15,25.71875,8.25,0.96875,1.0,1.15,25.5625,8.25,0.8125,1.0,0.9,25.625,8.25,0.875,1.0,1.0,25.66804245283019,8.25,0.9180424528301888,1.0,-1.3360849056603783,0.0,-1.3360849056603774,0.0,-1.25,0.0,-1.25,0.0,-1.4375,0.0,-1.4375,0.0,-1.4375,0.0,-1.4375,0.0,-1.375,0.0,-1.375,0.0,-1.125,0.0,-1.125,0.0,0.4666474778949906
2024-06-03__IG__WBG__G1,2024-06-03__IG__WBG__G1,2024-06-03,1.0,0.0460735565017778,1.2372145438177267,0.03723971682380157,-0.42815018881444544,6.761859462395603,-0.06331840048984975,0.2560695723190065,63.362072928598394,0.004041369804396977,81.01741758903245,202.97771873758262,0.39914438734347235,0.3613047697797933,0.9779640325261914,0.3694454891158054,4.77188520532107,21.859378466990375,0.2182992070990416,1.0483042250258379,2.098121376743199,0.49963921868707356,0.664712626268642,3.1500792553480665,0.2110145051511378,0.7291593088754524,25.108855577780485,0.02903992488135463,-2.2382107296505964,7.901928205562246,-0.28324864364452895,-0.034762182121736984,4.691186306020372,-0.007410103211424836,-401.4726978991525,1221.6993159813917,-0.32861825517846915,0.4990748758964312,1.2854063782516787,0.3882620283191761,0.37882364638393184,2.3401797705708023,0.1618779417162425,0.24573563102506313,7.463055899534399,0.03292694057315762,59.136279062758035,284.82291920124334,0.20762472002244392,0.11901484365836223,0.825430022335082,0.14418508686731718,1.4777928789323198,8.003458579078341,0.18464426093878006,0.2905187071896467,0.48434402378846536,0.5998176773186564,-1.109707076254395,1.3460363928046728,-0.8244251476120974,WBG,IG,1.0,-1600.0,-0.06640000000000001,0.0,1.0,1.0,-1.0,-1.0,1.0,6.200000000000003,0.0,1.0,1.0,1.0,24.28995145332663,8.088396138173493,0.024763038806149495,3.0,1.1,24.257676519386933,8.088396138173493,-0.007511895133546886,3.0,1.15,25.0,8.333333333333334,0.0,0.0,1.15,24.41905118908543,8.088396138173493,0.15386277456494923,3.0,0.9,24.354501321206033,8.088396138173493,0.08931290668555292,3.0,1.0,24.471117356101356,8.141542888066667,0.04648869190135712,2.349056603773585,25.56302978209075,8.088319257169037,1.2980720105836419,3.0,1.1,25.588622044913055,8.088319257169037,1.3236642734059458,3.0,1.15,25.588622044913055,8.088319257169037,1.3236642734059458,3.0,1.15,25.460660730801525,8.088319257169037,1.1957029592944153,3.0,0.9,25.0,8.333333333333334,0.0,0.0,1.0,25.450520400249292,8.134548328143431,1.0468754158189917,2.433962264150943,-0.9794030441479364,0.006994559923235499,-1.0003867239176345,-0.08490566037735814,-0.6454986787939667,-0.24493719515984047,0.08931290668555292,3.0,-1.330945525526122,7.688100445690793e-05,-1.3311761685394927,0.0,-0.5886220449130555,0.24501407616429738,-1.3236642734059458,-3.0,-1.2730783287641216,7.688100445690793e-05,-1.2733089717774924,0.0,-1.0416095417160953,7.688100445690793e-05,-1.041840184729466,0.0,0.4755344774963237
2024-06-03__IG__WBG__G2,2024-06-03__IG__WBG__G2,2024-06-03,1.0,-1.7668164664444799,1.2372145438177267,-1.4280587366309205,7.391498944859755,6.761859462395603,1.0931161602588118,-5.42217944117192,63.362072928598394,-0.08557452597404054,284.447770620105,202.97771873758262,1.4013743527508833,0.5911526777476981,0.9779640325261914,0.6044722030814186,3.887967122412533,21.859378466990375,0.17786264831001777,1.1815164036604706,2.098121376743199,0.5631303572933024,2.0333499168005336,3.1500792553480665,0.6454914643359966,12.538778704571506,25.108855577780485,0.4993767305066139,-0.08894107249185623,7.901928205562246,-0.011255614948973439,-1.4406077223952751,4.691186306020372,-0.30708808419277794,143.2724468458518,1221.6993159813917,0.11727308418232833,-0.8940250031347272,1.2854063782516787,-0.6955188045915199,-1.4171184674583266,2.3401797705708023,-0.6055594017690659,-0.7454958801675389,7.463055899534399,-0.0998914908734045,67.16524964193974,284.82291920124334,0.2358140615737095,0.9163887778466697,0.825430022335082,1.1101942537297362,8.737883611211473,8.003458579078341,1.091763321208365,0.47754175490184636,0.48434402378846536,0.9859536723771725,-0.09089256164226533,1.3460363928046728,-0.06752603020401753,IG,WBG,1.0,1570.0,0.13339999999999996,0.0,-1.0,1.0,4.0,6.0,1.0,19.799999999999997,0.0,,0.6666666666666667,1.0,24.86309242550178,8.009414914165378,0.8348476830056448,4.0,1.1,24.856869353933675,8.009414914165378,0.8286246114375402,4.0,1.15,24.856869353933675,8.009414914165378,0.8286246114375402,4.0,1.15,24.887984711774184,8.009414914165378,0.8597399692780492,4.0,0.9,24.344418096870406,8.252038793541974,-0.4116982837555163,1.0,1.0,24.766755758408788,8.055193004613793,0.6011767445674112,3.4339622641509435,24.98989546295257,8.00949104516913,0.961422327445181,4.0,1.1,24.989436165814052,8.00949104516913,0.9609630303066616,4.0,1.15,25.753919188599035,8.252038793541974,0.9978028079731125,1.0,1.15,24.991732651506652,8.00949104516913,0.9632595159992619,4.0,0.9,24.990814057229613,8.00949104516913,0.9623409217222232,4.0,1.0,25.156059832152547,8.062119330193426,0.9697018415722637,3.349056603773585,-0.38930407374375875,-0.006926325579632575,-0.3685250970048525,0.08490566037735858,-0.6463959603592073,0.24254774837284465,-1.3740392054777395,-3.0,-0.1325668118803769,-7.613100375181148e-05,-0.13233841886912145,0.0,-0.8970498346653599,-0.24262387937659646,-0.1691781965355723,3.0,-0.12680303745079158,-7.613100375181148e-05,-0.12657464443953614,0.0,-0.1037479397324681,-7.613100375181148e-05,-0.10351954672121266,0.0,0.49026862717878783
2024-06-03__IG__WBG__G3,2024-06-03__IG__WBG__G3,2024-06-03,1.0,0.44175589697202255,1.2372145438177267,0.3570565364939389,6.864820202478093,6.761859462395603,1.0152265401889131,2.5466471726445548,63.362072928598394,0.04019197944048244,108.62514601459446,202.97771873758262,0.5351579777082393,-0.053175306839201575,0.9779640325261914,-0.05437342345650529,-3.331290214677054,21.859378466990375,-0.1523963761051681,-2.4444601655689624,2.098121376743199,-1.16507034702302,-2.159773269492378,3.1500792553480665,-0.6856248395022987,-3.3996486307819964,25.108855577780485,-0.13539639370876166,-2.3231333629133246,7.901928205562246,-0.2939957195868128,0.5764107339637583,4.691186306020372,0.12287096983401821,603.8375450352564,1221.6993159813917,0.49426036066487683,1.2570164918780193,1.2854063782516787,0.9779129271746716,-0.8601861335700356,2.3401797705708023,-0.36757251593013657,-3.4068403863966203,7.463055899534399,-0.45649395847553625,-52.32230225551359,284.82291920124334,-0.1837011649854055,-0.3252035134911977,0.825430022335082,-0.3939802414636919,-2.8753656368803533,8.003458579078341,-0.3592653412527728,-0.15178440272977656,0.48434402378846536,-0.3133807415683648,-0.7485102586922636,1.3460363928046728,-0.5560842980243136,WBG,IG,1.0,250.0,,0.0,1.0,-1.0,1.0,2.0,1.0,10.200000000000003,0.0,,1.0,1.0,24.31625180005378,7.930175568152125,0.5257250955974051,5.0,1.1,24.285172336419862,7.930175568152125,0.4946456319634862,5.0,1.15,25.02832846026499,8.170321442266905,0.5173641334642731,2.0,1.15,24.44056965458946,7.930175568152125,0.6500429501330842,5.0,0.9,24.378410727321622,7.930175568152125,0.5878840228652464,5.0,1.0,24.496854021263943,7.982282691780803,0.5500059459215266,4.349056603773585,25.536729685350995,7.930100191049819,1.746429112201536,5.0,1.1,25.56112648923058,7.930100191049819,1.7708259160811224,5.0,1.15,25.56112648923058,7.930100191049819,1.7708259160811224,5.0,1.15,25.439142469832632,7.930100191049819,1.648841896683173,5.0,0.9,24.975366556291313,8.170321442266905,0.4644022294905952,2.0,1.0,25.424827992123987,7.975424955430401,1.4985531258327778,4.433962264150944,-0.9279739708600445,0.006857736350402099,-0.9485471799112511,-0.08490566037735903,-0.5969558289696906,-0.2401458741147806,0.12348179337465126,3.0,-1.2759541528107192,7.537710230565153e-05,-1.2761802841176362,0.0,-0.5327980289655905,0.24022125121708626,-1.2534617826168493,-3.0,-1.220477885297214,7.537710230565153e-05,-1.220704016604131,0.0,-0.9985728152431719,7.537710230565153e-05,-0.9987989465500888,0.0,0.4768172845610391
2024-06-03__LNG__OMG__G1,2024-06-03__LNG__OMG__G1,2024-06-03,0.0,-0.3610287997029671,1.2372145438177267,-0.2918075201261421,-5.807584172196943,6.761859462395603,-0.8588737085739008,-31.055993734448464,63.362072928598394,-0.49013537292742215,-230.92079562578226,202.97771873758262,-1.1376657296393196,-0.36004857624520437,0.9779640325261914,-0.3681609917229446,3.8310143910839116,21.859378466990375,0.17525723439995572,-0.2846411946069445,2.098121376743199,-0.13566472469007143,-0.10642535187824853,3.1500792553480665,-0.03378496522352543,-3.2039882081108146,25.108855577780485,-0.12760390733786386,-3.5569394070450464,7.901928205562246,-0.45013556999995413,-0.056100823213673934,4.691186306020372,-0.011958768549206657,274.82700096149523,1221.6993159813917,0.22495469805168208,6.160472464083899,1.2854063782516787,4.792622610010955,5.8609195770225,2.3401797705708023,2.504473009404714,4.652153013579916,7.463055899534399,0.6233575699885328,175.19824613690946,284.82291920124334,0.6151128779001427,0.2783423027230607,0.825430022335082,0.33720843437123477,1.2769058594433815,8.003458579078341,0.15954423794196598,0.26834611321472557,0.48434402378846536,0.5540391663689809,-0.046143274882060936,1.3460363928046728,-0.03428082691366726,OMG,LNG,0.0,2390.0,,0.0,1.0,-1.0,-2.0,6.0,-1.0,-10.0,0.0,,-0.6666666666666667,0.0,25.0,8.333333333333334,0.0,0.0,1.1,25.0,8.333333333333334,0.0,0.0,1.15,25.0,8.333333333333334,0.0,0.0,1.15,25.0,8.333333333333334,0.0,0.0,0.9,25.0,8.333333333333334,0.0,0.0,1.0,25.0,8.333333333333334,0.0,0.0,25.0,8.333333333333334,0.0,0.0,1.1,25.0,8.333333333333334,0.0,0.0,1.15,25.0,8.333333333333334,0.0,0.0,1.15,25.0,8.333333333333334,0.0,0.0,0.9,25.0,8.333333333333334,0.0,0.0,1.0,25.0,8.333333333333334,0.0,0.0,0.0,0.0,0.0,0.0,0.0,0.0,0.0,0.0,0.0,0.0,0.0,0.0,0.0,0.0,0.0,0.0,0.0,0.0,0.0,0.0,0.0,0.0,0.0,0.0,0.5
2024-06-03__LNG__OMG__G2,2024-06-03__LNG__OMG__G2,2024-06-03,1.0,-0.1324615406940337,1.2372145438177267,-0.10706423901310819,-2.5767786272565836,6.761859462395603,-0.3810753921330814,7.022130068275487,63.362072928598394,0.11082544545793438,66.24165567760184,202.97771873758262,0.32634939324001466,-0.16410952476420793,0.9779640325261914,-0.16780714985309336,-6.437927801165387,21.859378466990375,-0.2945155790395256,-1.6758939668165809,2.098121376743199,-0.7987589214972195,-2.2419793564762367,3.1500792553480665,-0.7117213450895111,-5.624324659439168,25.108855577780485,-0.2239976417092719,1.8935267311827708,7.901928205562246,0.2396284099647335,-2.9542352103712366,4.691186306020372,-0.6297414743129013,694.1187156750523,1221.6993159813917,0.5681583889152855,-0.6128286160830214,1.2854063782516787,-0.47675828414533306,-0.310896349546649,2.3401797705708023,-0.13285142475160888,-2.185279269687854,7.463055899534399,-0.29281289143382894,49.905511322861344,284.82291920124334,0.1752159246439869,0.6838226623922861,0.825430022335082,0.8284431332103358,8.50186172322421,8.003458579078341,1.0622733380760403,0.24035547940410096,0.48434402378846536,0.4962484749488718,0.001162426061220856,1.3460363928046728,0.000863591210344287,LNG,OMG,1.0,-2158.0,-0.021400000000000086,-1.0,-1.0,1.0,1.0,0.0,1.0,4.599999999999994,0.0,-1.0,0.5,1.0,25.6875,8.25,0.9375,1.0,1.1,25.71875,8.25,0.96875,1.0,1.15,25.71875,8.25,0.96875,1.0,1.15,25.5625,8.25,0.8125,1.0,0.9,25.625,8.25,0.875,1.0,1.0,25.66804245283019,8.25,0.9180424528301888,1.0,24.3125,8.25,-0.4375,1.0,1.1,24.28125,8.25,-0.46875,1.0,1.15,24.28125,8.25,-0.46875,1.0,1.15,24.4375,8.25,-0.3125,1.0,0.9,24.375,8.25,-0.375,1.0,1.0,24.33195754716981,8.25,-0.4180424528301887,1.0,1.3360849056603783,0.0,1.3360849056603774,0.0,1.25,0.0,1.25,0.0,1.4375,0.0,1.4375,0.0,1.4375,0.0,1.4375,0.0,1.375,0.0,1.375,0.0,1.125,0.0,1.125,0.0,0.5333525221050094
2024-06-04__AL__UP__G1,2024-06-04__AL__UP__G1,2024-06-04,1.0,0.22567444443987839,1.2372145438177267,0.18240511571937218,7.4462757659327465,6.761859462395603,1.10121701081283,4.499483771243661,63.362072928598394,0.07101225531717996,189.1784128368226,202.97771873758262,0.9320156570947772,0.6809520563695628,0.9779640325261914,0.696294891659458,-5.964107588358075,21.859378466990375,-0.27283974814401357,0.581407415204918,2.098121376743199,0.2771084383111175,-0.26430346668579174,3.1500792553480665,-0.08390372475020884,-9.55707820435154,25.108855577780485,-0.38062578336637043,-4.6133290610338165,7.901928205562246,-0.5838231324302993,-2.429670060722856,4.691186306020372,-0.5179222022545916,-9.79659312650196,1221.6993159813917,-0.008018825082678815,-0.9885181058491881,1.2854063782516787,-0.7690309878209206,-0.5553582711150113,2.3401797705708023,-0.23731426140193085,6.853405575084821,7.463055899534399,0.9183107763137097,227.20537952325435,284.82291920124334,0.797707499672853,0.2137479351625009,0.825430022335082,0.25895311586160663,1.9878679668526757,8.003458579078341,0.24837608626763302,0.23095764681134434,0.48434402378846536,0.47684529719090013,-0.6705531047123685,1.3460363928046728,-0.4981682591411295,AL,UP,1.0,9416.0,-0.30019999999999997,1.0,1.0,-1.0,-1.0,4.0,1.0,7.400000000000006,0.0,,1.0,1.0,25.0,8.333333333333334,0.0,0.0,1.1,25.0,8.333333333333334,0.0,0.0,1.15,25.0,8.333333333333334,0.0,0.0,1.15,25.0,8.333333333333334,0.0,0.0,0.9,25.0,8.333333333333334,0.0,0.0,1.0,25.0,8.333333333333334,0.0,0.0,24.43697021790925,8.088319257169037,0.17201244640213886,3.0,1.1,24.411377955086945,8.088319257169037,0.14642018357983488,3.0,1.15,24.411377955086945,8.088319257169037,0.14642018357983488,3.0,1.15,24.539339269198475,8.088319257169037,0.27438149769136544,3.0,0.9,24.488154743553864,8.088319257169037,0.22319697204675393,3.0,1.0,24.45290502306276,8.088319257169035,0.18794725155565203,3.0,0.5470949769372417,0.24501407616429915,-0.18794725155565203,-3.0,0.5118452564461364,0.24501407616429738,-0.22319697204675393,-3.0,0.5886220449130555,0.24501407616429738,-0.14642018357983488,-3.0,0.5886220449130555,0.24501407616429738,-0.14642018357983488,-3.0,0.5630297820907515,0.24501407616429738,-0.17201244640213886,-3.0,0.4606607308015249,0.24501407616429738,-0.27438149769136544,-3.0,0.5136739639319051
2024-06-04__AL__UP__G2,2024-06-04__AL__UP__G2,2024-06-04,0.0,-0.9219917184823601,1.2372145438177267,-0.7452151107294793,2.750527594769526,6.761859462395603,0.4067708303159904,-60.18187540052662,63.362072928598394,-0.9498091155972028,-119.26013091174445,202.97771873758262,-0.587552816466401,-2.172729244147546,0.9779640325261914,-2.2216839783475155,1.946965237131522,21.859378466990375,0.0890677267427291,-2.2264568426190117,2.098121376743199,-1.061166339627443,-3.990637022124954,3.1500792553480665,-1.266836619590827,12.373209789222528,25.108855577780485,0.4927826860969814,-4.437205489823597,7.901928205562246,-0.5615344524600656,1.5124311490797577,4.691186306020372,0.3223983717594903,759.4803829214976,1221.6993159813917,0.6216590059148454,-0.5732567364725529,1.2854063782516787,-0.44597280688730506,0.30236008350967936,2.3401797705708023,0.12920372960586696,2.7928927936183108,7.463055899534399,0.3742290634006224,-83.54796551728339,284.82291920124334,-0.2933330135729669,0.20366798913379291,0.825430022335082,0.24674137950089586,5.499894826596304,8.003458579078341,0.6871896799445895,0.16189845676998615,0.48434402378846536,0.3342626615705549,-0.8237393614803352,1.3460363928046728,-0.6119736092650068,UP,AL,0.0,-1194.0,0.32259999999999994,0.0,1.0,-1.0,-2.0,6.0,1.0,-16.0,0.0,-0.3333333333333333,0.0,0.0,23.787932777848525,8.006330070739423,-0.23105743436974535,4.0,1.1,23.73283881320528,8.006330070739423,-0.28615139901299,4.0,1.15,23.73283881320528,8.006330070739423,-0.28615139901299,4.0,1.15,24.00830863642152,8.006330070739423,-0.010681575796748888,4.0,0.9,23.898120707135025,8.006330070739423,-0.12086950508324534,4.0,1.0,23.8222365671547,8.006330070739423,-0.1967536450635691,4.0,25.66869829959363,8.248860503005675,0.9221167905766023,1.0,1.1,25.699093676847887,8.248860503005675,0.9525121678308608,1.0,1.15,25.699093676847887,8.248860503005675,0.9525121678308608,1.0,1.15,25.547116790576606,8.248860503005675,0.8005352815595792,1.0,0.9,25.60790754508512,8.248860503005675,0.8613260360680925,1.0,1.0,25.64977287602023,8.248860503005675,0.9031913670031991,1.0,-1.827536308865529,-0.2425304322662516,-1.0999450120667682,3.0,-1.7097868379500945,-0.2425304322662516,-0.9821955411513379,3.0,-1.9662548636426074,-0.2425304322662516,-1.2386635668438508,3.0,-1.9662548636426074,-0.2425304322662516,-1.2386635668438508,3.0,-1.8807655217451043,-0.2425304322662516,-1.1531742249463477,3.0,-1.5388081541550847,-0.2425304322662516,-0.8112168573563281,3.0,0.45443833084291957
2024-06-04__FPX__TT__G1,2024-06-04__FPX__TT__G1,2024-06-04,1.0,-0.8790510393980568,1.2372145438177267,-0.7105075940814105,2.4273301997244516,6.761859462395603,0.35897371932228445,-19.37699588964756,63.362072928598394,-0.3058137887260944,174.8338755646235,202.97771873758262,0.8613451554715239,1.1545291032300042,0.9779640325261914,1.1805423147366818,-3.730428631319967,21.859378466990375,-0.17065574239896647,-0.01268911992378463,2.098121376743199,-0.006047845475763553,-0.2177444885196147,3.1500792553480665,-0.06912347333054063,0.837780345407765,25.108855577780485,0.03336592977910192,-1.3420925109853776,7.901928205562246,-0.16984365160354328,-0.5772420462272203,4.691186306020372,-0.12304817705454321,296.4875600947697,1221.6993159813917,0.24268455910030245,1.1859877542909771,1.2854063782516787,0.9226551631468577,0.8987869950006413,2.3401797705708023,0.38406733629445844,-0.8745772097287698,7.463055899534399,-0.11718753072662925,4.684863993785825,284.82291920124334,0.01644833916622899,-0.0013022659703896267,0.825430022335082,-0.0015776799455702725,1.153987293230955,8.003458579078341,0.14418605876983082,0.043318408839452704,0.48434402378846536,0.08943708867002162,-0.9015001650774757,1.3460363928046728,-0.6697437752446561,TT,FPX,1.0,1092.0,-0.09999999999999998,1.0,1.0,-1.0,2.0,0.0,-1.0,24.200000000000003,0.0,0.0,1.0,1.0,25.0,8.333333333333334,0.0,0.0,1.1,25.0,8.333333333333334,0.0,0.0,1.15,25.0,8.333333333333334,0.0,0.0,1.15,25.0,8.333333333333334,0.0,0.0,0.9,25.0,8.333333333333334,0.0,0.0,1.0,25.0,8.333333333333334,0.0,0.0,25.0,8.333333333333334,0.0,0.0,1.1,25.0,8.333333333333334,0.0,0.0,1.15,25.0,8.333333333333334,0.0,0.0,1.15,25.0,8.333333333333334,0.0,0.0,0.9,25.0,8.333333333333334,0.0,0.0,1.0,25.0,8.333333333333334,0.0,0.0,0.0,0.0,0.0,0.0,0.0,0.0,0.0,0.0,0.0,0.0,0.0,0.0,0.0,0.0,0.0,0.0,0.0,0.0,0.0,0.0,0.0,0.0,0.0,0.0,0.5
2024-06-04__FPX__TT__G2,2024-06-04__FPX__TT__G2,2024-06-04,1.0,-1.7376167444330761,1.2372145438177267,-1.4044575766250407,8.941621465128698,6.761859462395603,1.3223611334270045,-54.452142258921185,63.362072928598394,-0.8593806812618279,241.09932558925505,202.97771873758262,1.1878117751098864,0.00888578333289125,0.9779640325261914,0.009085992890705196,2.670105581347812,21.859378466990375,0.1221491939137573,-2.4668011138122843,2.098121376743199,-1.175718414309734,-2.28189126971625,3.1500792553480665,-0.7243914709290838,6.446948780045162,25.108855577780485,0.2567599508195145,4.237779311359358,7.901928205562246,0.5362967955187883,1.4622466640036356,4.691186306020372,0.31170076328589164,-63.29452484793897,1221.6993159813917,-0.05180859477299932,-2.80213568062896,1.2854063782516787,-2.1799592316330325,-1.2912090198482566,2.3401797705708023,-0.5517561019584453,3.3117414867312505,7.463055899534399,0.44375133826701246,42.775310680254734,284.82291920124334,0.15018212245710977,-0.21298289325655873,0.825430022335082,-0.25802627656766064,-3.3027005604356816,8.003458579078341,-0.4126591166986331,0.007637598276156732,0.48434402378846536,0.015768920709490774,1.597087739446943,1.3460363928046728,1.1865106779234185,FPX,TT,1.0,122.0,0.050000000000000044,1.0,1.0,-1.0,2.0,2.0,1.0,6.599999999999994,0.0,-0.6666666666666667,0.8333333333333333,1.0,24.3125,8.25,-0.4375,1.0,1.1,24.28125,8.25,-0.46875,1.0,1.15,24.28125,8.25,-0.46875,1.0,1.15,24.4375,8.25,-0.3125,1.0,0.9,24.375,8.25,-0.375,1.0,1.0,24.33195754716981,8.25,-0.4180424528301887,1.0,25.6875,8.25,0.9375,1.0,1.1,25.71875,8.25,0.96875,1.0,1.15,25.71875,8.25,0.96875,1.0,1.15,25.5625,8.25,0.8125,1.0,0.9,25.625,8.25,0.875,1.0,1.0,25.66804245283019,8.25,0.9180424528301888,1.0,-1.3360849056603783,0.0,-1.3360849056603774,0.0,-1.25,0.0,-1.25,0.0,-1.4375,0.0,-1.4375,0.0,-1.4375,0.0,-1.4375,0.0,-1.375,0.0,-1.375,0.0,-1.125,0.0,-1.125,0.0,0.4666474778949906
2024-06-04__FPX__TT__G3,2024-06-04__FPX__TT__G3,2024-06-04,0.0,-0.9054236913758311,1.2372145438177267,-0.7318237278056887,-5.907717137641679,6.761859462395603,-0.8736822018874792,-41.880182267780526,63.362072928598394,-0.6609660901405242,-95.255184596618,202.97771873758262,-0.4692888693388001,1.4899036031773347,0.9779640325261914,1.5234732875149428,-0.894771530720277,21.859378466990375,-0.04093307095343042,0.12716156260674438,2.098121376743199,0.060607314433265,-3.1664615312155413,3.1500792553480665,-1.0052002725453306,4.723697175572028,25.108855577780485,0.18812872505521244,0.6898158563233707,7.901928205562246,0.0872971445805668,-1.4613552887342962,4.691186306020372,-0.3115107526955672,-178.20500722361436,1221.6993159813917,-0.14586650311299854,-1.2161960536028475,1.2854063782516787,-0.9461561168701493,-0.2784716101421125,2.3401797705708023,-0.118995768892755,4.2513961853799,7.463055899534399,0.5696588197853796,26.22079677160241,284.82291920124334,0.09205999556874127,-1.9646739049782744,0.825430022335082,-2.380179387273767,-14.068816326308294,8.003458579078341,-1.7578418666704163,-1.1419465755938258,0.48434402378846536,-2.3577130341129795,0.2655350683431301,1.3460363928046728,0.1972716878168203,TT,FPX,0.0,-3316.0,-0.050000000000000044,1.0,1.0,1.0,1.0,6.0,-1.0,21.599999999999994,0.0,,-0.19999999999999996,0.0,24.961473879284554,8.170251583073663,0.45071913006356823,2.0,1.1,24.95972269197931,8.170251583073663,0.44896794275832264,2.0,1.15,24.95972269197931,8.170251583073663,0.44896794275832264,2.0,1.15,24.968478628505547,8.170251583073663,0.45772387928456126,2.0,0.9,24.964976253895053,8.170251583073663,0.4542215046740665,2.0,1.0,24.962564241191597,8.170251583073663,0.45180949197061115,2.0,25.038526120715446,8.170251583073663,0.5277713714944596,2.0,1.1,25.04027730802069,8.170251583073663,0.5295225587997052,2.0,1.15,25.04027730802069,8.170251583073663,0.5295225587997052,2.0,1.15,25.031521371494453,8.170251583073663,0.5207666222734666,2.0,0.9,25.035023746104947,8.170251583073663,0.5242689968839613,2.0,1.0,25.037435758808403,8.170251583073663,0.5266810095874168,2.0,-0.07487151761680622,0.0,-0.07487151761680566,0.0,-0.07004749220989481,0.0,-0.07004749220989481,0.0,-0.08055461604138259,0.0,-0.08055461604138259,0.0,-0.08055461604138259,0.0,-0.08055461604138259,0.0,-0.0770522414308914,0.0,-0.0770522414308914,0.0,-0.06304274298890533,0.0,-0.06304274298890533,0.0,0.49812822080350105
2024-06-05__EDG__JDG__G1,2024-06-05__EDG__JDG__G1,2024-06-05,0.0,-0.6416263598352181,1.2372145438177267,-0.5186051557801524,-7.798581663604672,6.761859462395603,-1.1533189285662628,-47.24050135829094,63.362072928598394,-0.7455643167792366,-149.0041831365238,202.97771873758262,-0.7340913245510992,-1.5991111221593197,0.9779640325261914,-1.63514140994248,-0.3852588196006792,21.859378466990375,-0.017624417023477477,0.19151556183114238,2.098121376743199,0.09127950016358032,0.16599887864584062,3.1500792553480665,0.05269671411197067,-4.32154819318599,25.108855577780485,-0.17211250459769029,-0.665737436735327,7.901928205562246,-0.08424998749251104,0.4263279615688438,4.691186306020372,0.09087847782622568,-350.8004651478778,1221.6993159813917,-0.28714141055153014,0.4166691469056296,1.2854063782516787,0.3241533804422018,2.044344186202629,2.3401797705708023,0.8735838751909688,0.292872556849499,7.463055899534399,0.03924297520333398,-101.59819946014659,284.82291920124334,-0.3567065438004841,0.21087884464493278,0.825430022335082,0.2554772463583601,2.5086738017457293,8.003458579078341,0.3134486751583772,0.07280962982428485,0.48434402378846536,0.15032595824930783,-0.026559660925810746,1.3460363928046728,-0.01973174078802497,EDG,JDG,0.0,-756.0,0.19999999999999996,0.0,1.0,-1.0,2.0,6.0,1.0,3.0,0.0,,-0.28571428571428575,0.0,25.0,8.333333333333334,0.0,0.0,1.1,25.0,8.333333333333334,0.0,0.0,1.15,25.0,8.333333333333334,0.0,0.0,1.15,25.0,8.333333333333334,0.0,0.0,0.9,25.0,8.333333333333334,0.0,0.0,1.0,25.0,8.333333333333334,0.0,0.0,25.0,8.333333333333334,0.0,0.0,1.1,25.0,8.333333333333334,0.0,0.0,1.15,25.0,8.333333333333334,0.0,0.0,1.15,25.0,8.333333333333334,0.0,0.0,0.9,25.0,8.333333333333334,0.0,0.0,1.0,25.0,8.333333333333334,0.0,0.0,0.0,0.0,0.0,0.0,0.0,0.0,0.0,0.0,0.0,0.0,0.0,0.0,0.0,0.0,0.0,0.0,0.0,0.0,0.0,0.0,0.0,0.0,0.0,0.0,0.5
2024-06-05__EDG__JDG__G2,2024-06-05__EDG__JDG__G2,2024-06-05,1.0,-0.296982298207892,1.2372145438177267,-0.24004087217614611,5.907168544340411,6.761859462395603,0.873601071360708,13.020799331683804,63.362072928598394,0.20549831349202227,228.38649692770605,202.97771873758262,1.1251801292426227,-0.3654411675658533,0.9779640325261914,-0.37367508593009563,-2.5515478190728373,21.859378466990375,-0.11672553756276126,-0.3480950870904671,2.098121376743199,-0.1659079045860023,0.39822374096110424,3.1500792553480665,0.12641701438717876,6.135007652196052,25.108855577780485,0.2443364011097617,-5.1170095105525135,7.901928205562246,-0.64756458548763,2.9868764819454023,4.691186306020372,0.6366994722449548,-719.9232779756383,1221.6993159813917,-0.5892802492142211,0.24899024631612043,1.2854063782516787,0.19370531905206548,-0.17316428736751632,2.3401797705708023,-0.07399611583223084,-5.662552058033963,7.463055899534399,-0.7587443234403366,-3.9749153160222477,284.82291920124334,-0.013955742442405083,1.024343490396208,0.825430022335082,1.2409801215108414,9.799318766334125,8.003458579078341,1.224385363543323,0.6787977424191272,0.48434402378846536,1.4014756198168103,-1.2253988543322745,1.3460363928046728,-0.9103750466983465,JDG,EDG,1.0,2912.0,-0.10000000000000009,1.0,1.0,1.0,2.0,-2.0,1.0,19.599999999999994,0.0,,0.8333333333333333,1.0,25.6875,8.25,0.9375,1.0,1.1,25.71875,8.25,0.96875,1.0,1.15,25.71875,8.25,0.96875,1.0,1.15,25.5625,8.25,0.8125,1.0,0.9,25.625,8.25,0.875,1.0,1.0,25.66804245283019,8.25,0.9180424528301888,1.0,24.3125,8.25,-0.4375,1.0,1.1,24.28125,8.25,-0.46875,1.0,1.15,24.28125,8.25,-0.46875,1.0,1.15,24.4375,8.25,-0.3125,1.0,0.9,24.375,8.25,-0.375,1.0,1.0,24.33195754716981,8.25,-0.4180424528301887,1.0,1.3360849056603783,0.0,1.3360849056603774,0.0,1.25,0.0,1.25,0.0,1.4375,0.0,1.4375,0.0,1.4375,0.0,1.4375,0.0,1.375,0.0,1.375,0.0,1.125,0.0,1.125,0.0,0.5333525221050094
2024-06-05__LGD__WE__G1,2024-06-05__LGD__WE__G1,2024-06-05,0.0,-2.608684342343393,1.2372145438177267,-2.1085124216057527,-4.321088132500883,6.761859462395603,-0.639038346995111,-82.65962995271241,63.362072928598394,-1.304560044007715,-45.87927947693606,202.97771873758262,-0.226031110883749,2.9033977717318766,0.9779640325261914,2.96881552526687,-3.4393380810717815,21.859378466990375,-0.15733923674574068,3.0823866286358665,2.098121376743199,1.4691167030116168,1.5341282054996799,3.1500792553480665,0.48701241909475323,-16.172328154961875,25.108855577780485,-0.6440885949889574,-6.852878540371339,7.901928205562246,-0.8672411966874533,-1.5786959780653378,4.691186306020372,-0.3365237572243896,-575.1187862238775,1221.6993159813917,-0.4707531372325694,0.03916928498371419,1.2854063782516787,0.030472273340292726,-0.07793165969520643,2.3401797705708023,-0.03330155545043549,9.366189553214767,7.463055899534399,1.2550071209827034,156.68719139150505,284.82291920124334,0.5501214273092797,-1.1219364291576643,0.825430022335082,-1.3592128219070212,-9.068086269558517,8.003458579078341,-1.1330208118078329,-0.5474421420939033,0.48434402378846536,-1.130273080565385,0.315930113097858,1.3460363928046728,0.23471124560631246,LGD,WE,0.0,-330.0,0.20000000000000007,0.0,-1.0,-1.0,-4.0,-2.0,-1.0,13.400000000000006,0.0,0.0,-1.0,0.0,25.0,8.333333333333334,0.0,0.0,1.1,25.0,8.333333333333334,0.0,0.0,1.15,25.0,8.333333333333334,0.0,0.0,1.15,25.0,8.333333333333334,0.0,0.0,0.9,25.0,8.333333333333334,0.0,0.0,1.0,25.0,8.333333333333334,0.0,0.0,26.322723879284556,8.164748416926336,1.8284786285055468,2.0,1.1,26.382847691979308,8.164748416926336,1.8886024412002982,2.0,1.15,26.382847691979308,8.164748416926336,1.8886024412002982,2.0,1.15,26.082228628505547,8.164748416926336,1.5879833777265375,2.0,0.9,26.20247625389505,8.164748416926336,1.7082310031160404,2.0,1.0,26.28528829779537,8.164748416926336,1.7910430470163607,2.0,-1.2852882977953684,0.16858491640699746,-1.7910430470163607,-2.0,-1.2024762538950498,0.16858491640699746,-1.7082310031160404,-2.0,-1.3828476919793076,0.16858491640699746,-1.8886024412002982,-2.0,-1.3828476919793076,0.16858491640699746,-1.8886024412002982,-2.0,-1.3227238792845561,0.16858491640699746,-1.8284786285055468,-2.0,-1.082228628505547,0.16858491640699746,-1.5879833777265375,-2.0,0.46791195403202096
2024-06-05__LGD__WE__G2,2024-06-05__LGD__WE__G2,2024-06-05,1.0,0.4805764453204864,1.2372145438177267,0.3884338890841542,13.574944052596521,6.761859462395603,2.007575300923493,60.56862947563019,63.362072928598394,0.9559129889574624,411.3195224193083,202.97771873758262,2.026426954402079,-1.3478664764450254,0.9779640325261914,-1.3782358587641297,-10.015934582218748,21.859378466990375,-0.45819848625363346,-3.0245849788051125,2.098121376743199,-1.4415674759162573,-1.479500125325261,3.1500792553480665,-0.4696706132529263,-6.880498719785322,25.108855577780485,-0.27402676416074095,0.05034470243828082,7.901928205562246,0.0063711912785605175,0.4085097079155995,4.691186306020372,0.08708023817154861,390.00172048912043,1221.6993159813917,0.31922889295931456,0.578113827340486,1.2854063782516787,0.4497514462121698,-0.6673872386973976,2.3401797705708023,-0.2851861903534113,2.8351475708828993,7.463055899534399,0.3798909225869331,7.836799006706769,284.82291920124334,0.027514636115554297,-0.1154537720984572,0.825430022335082,-0.13987089044926757,1.714989633789088,8.003458579078341,0.214281038948732,-0.17704669545743612,0.48434402378846536,-0.36553838020799023,-0.2204802055909898,1.3460363928046728,-0.16379946557917377,WE,LGD,1.0,3136.0,0.21340000000000003,1.0,1.0,-1.0,0.0,0.0,1.0,-12.400000000000006,0.0,,0.6666666666666667,1.0,26.95308713796529,8.08048102453188,2.7116440643696507,3.0,1.1,27.041863826054623,8.08048102453188,2.800420752458983,3.0,1.15,27.041863826054623,8.08048102453188,2.800420752458983,3.0,1.15,26.59798038560797,8.08048102453188,2.3565373120123283,3.0,0.9,26.775533761786626,8.08048102453188,2.534090688190986,3.0,1.0,26.89781108689081,8.08048102453188,2.656368013295162,3.0,24.35662106320597,8.247325996169335,-0.3853569253020339,1.0,1.1,24.32737656607897,8.247325996169335,-0.4146014224290333,1.0,1.15,24.32737656607897,8.247325996169335,-0.4146014224290333,1.0,1.15,24.473599051713975,8.247325996169335,-0.26837893679402924,1.0,0.9,24.415110057459973,8.247325996169335,-0.3268679310480316,1.0,1.0,24.374829901039764,8.247325996169337,-0.36714808746824,1.0,2.5229811858510445,-0.16684497163745782,3.023516100763402,2.0,2.360423704326653,-0.16684497163745604,2.8609586192390175,2.0,2.7144872599756518,-0.16684497163745604,3.2150221748880163,2.0,2.7144872599756518,-0.16684497163745604,3.2150221748880163,2.0,2.59646607475932,-0.16684497163745604,3.0970009896716846,2.0,2.124381333893993,-0.16684497163745604,2.6249162488063575,2.0,0.5627420651339591
2024-06-06__BLG__RNG__G1,2024-06-06__BLG__RNG__G1,2024-06-06,0.0,-2.2260878425669928,1.2372145438177267,-1.7992724498900672,0.28011531491675257,6.761859462395603,0.04142577571284469,-67.02420155404013,63.362072928598394,-1.0577968396294688,69.12672192599973,202.97771873758262,0.34056310227235487,-0.3703417808948437,0.9779640325261914,-0.37868611716945555,6.3522251371202145,21.859378466990375,0.29059494331541497,0.27855349397860607,2.098121376743199,0.1327632253801084,0.23603248783945974,3.1500792553480665,0.0749290394867668,-3.9822001471151083,25.108855577780485,-0.15859743094152148,-4.5725296270413835,7.901928205562246,-0.5786599079909163,0.20537601399331162,4.691186306020372,0.043779111895563216,-149.2541231320031,1221.6993159813917,-0.12216927770802416,-1.2876949656833272,1.2854063782516787,-1.0017796594841084,-0.36796991889670494,2.3401797705708023,-0.1572399549317517,0.10559455398248119,7.463055899534399,0.014148968097652983,-49.032640863065126,284.82291920124334,-0.17215131713564633,0.8168339294657132,0.825430022335082,0.98958472284571,6.040527010719991,8.003458579078341,0.7547394912208208,0.6143678845646015,0.48434402378846536,1.2684509066679763,-0.31349556379910304,1.3460363928046728,-0.2329025668045429,RNG,BLG,0.0,-5842.0,0.040200000000000125,-2.0,-1.0,-1.0,-4.0,0.0,-1.0,-11.400000000000006,0.0,1.0,0.19999999999999996,0.0,23.677276120715444,8.164748416926336,-0.8169691300635655,2.0,1.1,23.617152308020692,8.164748416926336,-0.877092942758317,2.0,1.15,25.0,8.333333333333334,0.0,0.0,1.15,23.917771371494453,8.164748416926336,-0.5764738792845563,2.0,0.9,23.79752374610495,8.164748416926336,-0.6967215046740591,2.0,1.0,24.014763559898256,8.201328162939177,-0.5892209289192729,1.5660377358490567,25.0,8.333333333333334,0.0,0.0,1.1,25.0,8.333333333333334,0.0,0.0,1.15,25.0,8.333333333333334,0.0,0.0,1.15,25.0,8.333333333333334,0.0,0.0,0.9,25.0,8.333333333333334,0.0,0.0,1.0,25.0,8.333333333333334,0.0,0.0,-0.9852364401017439,-0.13200517039415693,-0.5892209289192729,1.5660377358490567,-1.2024762538950498,-0.16858491640699746,-0.6967215046740591,2.0,-1.3828476919793076,-0.16858491640699746,-0.877092942758317,2.0,0.0,0.0,0.0,0.0,-1.3227238792845561,-0.16858491640699746,-0.8169691300635655,2.0,-1.082228628505547,-0.16858491640699746,-0.5764738792845563,2.0,0.4753889938426975
2024-06-06__BLG__RNG__G2,2024-06-06__BLG__RNG__G2,2024-06-06,1.0,0.3569978252751227,1.2372145438177267,0.2885494181341433,1.650844640732295,6.761859462395603,0.24414059561167445,60.86546314990511,63.362072928598394,0.9605977105246482,99.79306232473215,202.97771873758262,0.4916454005579945,1.3865652903090675,0.9779640325261914,1.4178066129086606,-9.05810823419985,21.859378466990375,-0.4143808495514891,0.4180776170428828,2.098121376743199,0.19926274161941013,2.0371673077283416,3.1500792553480665,0.6467033035967034,-16.93851758133836,25.108855577780485,-0.6746033029766763,-2.8553176657743045,7.901928205562246,-0.3613443744553442,1.3576870272193986,4.691186306020372,0.2894122401544337,-320.4462171987945,1221.6993159813917,-0.2622954869047171,7.982829731662727,1.2854063782516787,6.210350015666173,7.621594253905755,2.3401797705708023,3.256839962857546,11.676561032176956,7.463055899534399,1.5645815366764022,395.97700541811616,284.82291920124334,1.3902568133854405,2.1776801216081982,0.825430022335082,2.6382339198346405,20.439948089905165,8.003458579078341,2.5538890885807386,1.205849551851772,0.48434402378846536,2.4896499243861734,-3.8648616088371934,1.3460363928046728,-2.871288442280321,BLG,RNG,1.0,11878.0,-0.02859999999999996,2.0,1.0,-1.0,0.0,0.0,1.0,36.199999999999996,0.0,,0.6666666666666667,1.0,25.653659866533708,8.247949082820226,0.9098126180730333,1.0,1.1,25.68337167864888,8.247949082820226,0.9395244301882038,1.0,1.15,25.68337167864888,8.247949082820226,0.9395244301882038,1.0,1.15,25.534812618073033,8.247949082820226,0.7909653696123584,1.0,0.9,25.59423624230337,8.247949082820226,0.8503889938426958,1.0,1.0,25.6351600589903,8.247949082820226,0.8913128105296271,1.0,23.036839917456717,8.081091506021455,-1.206434600607647,3.0,1.1,22.947605368250205,8.081091506021455,-1.2956691498141595,3.0,1.15,24.31662832135112,8.247949082820226,-0.42721892710955345,1.0,1.15,23.393778114282767,8.081091506021455,-0.8494964037815969,3.0,0.9,23.215309015869746,8.081091506021455,-1.0279655021946184,3.0,1.0,23.389453202069465,8.117296451930622,-0.9624361537224033,2.566037735849057,2.2457068569208367,0.13065263088960322,1.8537489642520304,-1.566037735849057,2.3789272264336248,0.16685757679877078,1.8783544960373142,-2.0,2.735766310398674,0.16685757679877078,2.2351935800023632,-2.0,1.3667433572977572,0.0,1.3667433572977572,0.0,2.616819949076991,0.16685757679877078,2.11624721868068,-2.0,2.141034503790266,0.16685757679877078,1.6404617733939553,-2.0,0.5559079064182628
2024-06-06__OMG__RA__G1,2024-06-06__OMG__RA__G1,2024-06-06,0.0,0.942727703643607,1.2372145438177267,0.7619753149354991,8.889242660883337,6.761859462395603,1.314614921487753,30.803160004028427,63.362072928598394,0.4861450721884509,212.2952865023857,202.97771873758262,1.0459043819038325,-0.12016224684573817,0.9779640325261914,-0.12286967616351871,1.9180382440932533,21.859378466990375,0.08774440495850594,-2.0920120023086604,2.098121376743199,-0.997087693977115,-1.1829445883046499,3.1500792553480665,-0.37552839687061906,10.336626828718607,25.108855577780485,0.41167254258267466,1.3528639008618661,7.901928205562246,0.17120678579473628,-1.0994932834215154,4.691186306020372,-0.23437420245627275,129.24587689814214,1221.6993159813917,0.1057918876614308,0.5539352058678411,1.2854063782516787,0.4309413616570842,1.1731702997863422,2.3401797705708023,0.5013161011062363,-0.5318597453654839,7.463055899534399,-0.07126566935308576,-36.55366247068355,284.82291920124334,-0.1283382055238263,0.40902254995793275,0.825430022335082,0.49552602081860075,5.5083002373733905,8.003458579078341,0.6882399021258896,0.21759849337931425,0.48434402378846536,0.44926340251685754,-0.8662076599489072,1.3460363928046728,-0.6435242175137739,RA,OMG,0.0,-1956.0,0.17999999999999983,0.0,-1.0,-1.0,-1.0,-2.0,1.0,-7.0,0.0,1.0,-0.25,0.0,23.677276120715444,8.164748416926336,-0.8169691300635655,2.0,1.1,23.617152308020692,8.164748416926336,-0.877092942758317,2.0,1.15,23.617152308020692,8.164748416926336,-0.877092942758317,2.0,1.15,23.917771371494453,8.164748416926336,-0.5764738792845563,2.0,0.9,23.79752374610495,8.164748416926336,-0.6967215046740591,2.0,1.0,23.71471170220463,8.164748416926336,-0.7795335485743793,2.0,23.677276120715444,8.164748416926336,-0.8169691300635655,2.0,1.1,23.617152308020692,8.164748416926336,-0.877092942758317,2.0,1.15,23.617152308020692,8.164748416926336,-0.877092942758317,2.0,1.15,23.917771371494453,8.164748416926336,-0.5764738792845563,2.0,0.9,23.79752374610495,8.164748416926336,-0.6967215046740591,2.0,1.0,23.71471170220463,8.164748416926336,-0.7795335485743793,2.0,0.0,0.0,0.0,0.0,0.0,0.0,0.0,0.0,0.0,0.0,0.0,0.0,0.0,0.0,0.0,0.0,0.0,0.0,0.0,0.0,0.0,0.0,0.0,0.0,0.5
2024-06-06__OMG__RA__G2,2024-06-06__OMG__RA__G2,2024-06-06,0.0,0.25879688378770194,1.2372145438177267,0.20917687712613262,-7.220979436098361,6.761859462395603,-1.067898321217368,-25.84425303600318,63.362072928598394,-0.40788205678252604,-165.3780259347149,202.97771873758262,-0.8147595024149545,-2.2440790058494944,0.9779640325261914,-2.2946413534365244,10.30125966400847,21.859378466990375,0.4712512392936083,-2.014297406168417,2.098121376743199,-0.9600476256752482,-2.0409334404716635,3.1500792553480665,-0.6478988708324676,-19.9977433702404,25.108855577780485,-0.7964418175830814,-7.353661597606536,7.901928205562246,-0.9306159807696354,-1.110343604209695,4.691186306020372,-0.23668711815977814,191.32283887276654,1221.6993159813917,0.1566038682459873,0.41185440857772626,1.2854063782516787,0.32040768984685764,-0.48836660907471696,2.3401797705708023,-0.20868755748112466,3.1568406647973006,7.463055899534399,0.42299565811889334,69.17854535155107,284.82291920124334,0.24288264899002002,0.14219504123655735,0.825430022335082,0.17226762429439388,-1.3705340658724197,8.003458579078341,-0.17124270477420805,-0.04534621566844921,0.48434402378846536,-0.09362378767465955,0.8271174082017971,1.3460363928046728,0.6144832325039447,OMG,RA,0.0,-3450.0,-0.39999999999999997,0.0,-1.0,-1.0,-4.0,3.0,-1.0,-8.799999999999997,0.0,-1.0,-1.0,0.0,24.350867865111866,8.083100932757073,0.10156506684064581,3.0,1.1,24.321361858980588,8.083100932757073,0.07205906070936763,3.0,1.15,24.321361858980588,8.083100932757073,0.07205906070936763,3.0,1.15,24.468891889636982,8.083100932757073,0.2195890913657621,3.0,0.9,24.409879877374426,8.083100932757073,0.16057707910320573,3.0,1.0,24.369239529306814,8.083100932757075,0.1199367310355939,3.0,23.003684376319022,8.083100932757073,-1.245618421952198,3.0,1.1,22.912942757060797,8.083100932757073,-1.3363600412104226,3.0,1.15,22.912942757060797,8.083100932757073,-1.3363600412104226,3.0,1.15,23.366650853351924,8.083100932757073,-0.8826519449192958,3.0,0.9,23.185167614835475,8.083100932757073,-1.064135183435745,3.0,1.0,23.06018387510245,8.083100932757075,-1.1891189231687738,3.0,1.3090556542043643,0.0,1.3090556542043676,0.0,1.2247122625389508,0.0,1.2247122625389508,0.0,1.4084191019197903,0.0,1.4084191019197903,0.0,1.4084191019197903,0.0,1.4084191019197903,0.0,1.3471834887928438,0.0,1.3471834887928438,0.0,1.1022410362850579,0.0,1.1022410362850579,0.0,0.5326797372859616
2024-06-06__OMG__RA__G3,2024-06-06__OMG__RA__G3,2024-06-06,1.0,1.1010239184903812,1.2372145438177267,0.8899208581658348,-1.637578739747589,6.761859462395603,-0.2421787241624659,25.974192143823416,63.362072928598394,0.4099327962827302,-98.79340127607742,202.97771873758262,-0.48672042135364074,0.9689284420746525,0.9779640325261914,0.9907598020880191,-6.133775985296211,21.859378466990375,-0.2806015602848545,-0.5118981110496641,2.098121376743199,-0.24397914855865346,0.6927671968780507,3.1500792553480665,0.2199204911372976,8.193414401754325,25.108855577780485,0.3263157116045221,2.344982232754191,7.901928205562246,0.29676072409045817,-0.906375635462525,4.691186306020372,-0.1932081531469315,302.9380493460512,1221.6993159813917,0.24796449104560261,-1.7283400930361612,1.2854063782516787,-1.3445854771636123,-0.2402195364079205,2.3401797705708023,-0.1026499915856191,5.816546010877271,7.463055899534399,0.779378489160407,208.78854107488837,284.82291920124334,0.7330468381103865,-0.504724301796196,0.825430022335082,-0.6114675704438258,-3.57116501263139,8.003458579078341,-0.4462026674023181,-0.306632488702576,0.48434402378846536,-0.6330868980631786,-0.08513465105878382,1.3460363928046728,-0.06324835514516643,RA,OMG,1.0,3218.0,0.06659999999999999,0.0,1.0,-1.0,-1.0,2.0,1.0,10.200000000000003,0.0,0.0,0.0,1.0,23.71412554973632,8.004911459578887,-0.3006088290003426,4.0,1.1,23.65567671108797,8.004911459578887,-0.35905766764869185,4.0,1.15,23.65567671108797,8.004911459578887,-0.35905766764869185,4.0,1.15,23.947920904329713,8.004911459578887,-0.06681347440694907,4.0,0.9,23.83102322703302,8.004911459578887,-0.18371115170364405,4.0,1.0,23.75051822285699,8.004911459578887,-0.2642161558796729,4.0,23.640426691694568,8.004911459578887,-0.3743076870420943,4.0,1.1,23.578627904953414,8.004911459578887,-0.43610647378324785,4.0,1.15,23.578627904953414,8.004911459578887,-0.43610647378324785,4.0,1.15,23.887621838659193,8.004911459578887,-0.1271125400774693,4.0,0.9,23.764024265176882,8.004911459578887,-0.25071011355978,4.0,1.0,23.678905181552274,8.004911459578887,-0.3358291971843917,4.0,0.07161304130471535,0.0,0.0716130413047188,0.0,0.06699896185613596,0.0,0.06699896185613596,0.0,0.077048806134556,0.0,0.077048806134556,0.0,0.077048806134556,0.0,0.077048806134556,0.0,0.07369885804175169,0.0,0.07369885804175169,0.0,0.060299065670520235,0.0,0.060299065670520235,0.0,0.5017903183813591
2024-06-07__JDG__TT__G1,2024-06-07__JDG__TT__G1,2024-06-07,1.0,0.7268442641149448,1.2372145438177267,0.5874839414578416,0.5870085653604171,6.761859462395603,0.08681169459572828,27.6477231398149,63.362072928598394,0.43634498408260175,5.028764947405989,202.97771873758262,0.024774960295678605,-0.22521934275964028,0.9779640325261914,-0.2302938604848416,-3.8666616830692675,21.859378466990375,-0.17688798938269376,-2.643127235390505,2.098121376743199,-1.2597583747680567,-1.3456936395513175,3.1500792553480665,-0.42719344602940146,-4.108092158483757,25.108855577780485,-0.16361127977922818,-2.018437315610022,7.901928205562246,-0.25543601607936756,1.4978575969874246,4.691186306020372,0.3192917910280771,-147.95548077022937,1221.6993159813917,-0.12110629736276012,0.9682767168418156,1.2854063782516787,0.7532839263446566,0.9546141947735585,2.3401797705708023,0.40792327104743914,-3.144744241948228,7.463055899534399,-0.42137481789056447,-66.23343072715227,284.82291920124334,-0.23254248878690886,1.3237049135205616,0.825430022335082,1.6036529736620515,8.986001574507547,8.003458579078341,1.1227646601724144,0.6750383277314744,0.48434402378846536,1.3937137672055309,-0.6493547821850552,1.3460363928046728,-0.48241957144446496,JDG,TT,1.0,3618.0,0.07340000000000002,1.0,1.0,1.0,4.0,2.0,1.0,18.400000000000006,0.0,1.0,1.0,1.0,26.322723879284556,8.164748416926336,1.8284786285055468,2.0,1.1,26.382847691979308,8.164748416926336,1.8886024412002982,2.0,1.15,26.382847691979308,8.164748416926336,1.8886024412002982,2.0,1.15,26.082228628505547,8.164748416926336,1.5879833777265375,2.0,0.9,26.20247625389505,8.164748416926336,1.7082310031160404,2.0,1.0,26.28528829779537,8.164748416926336,1.7910430470163607,2.0,24.28995145332663,8.088396138173493,0.024763038806149495,3.0,1.1,24.257676519386933,8.088396138173493,-0.007511895133546886,3.0,1.15,24.257676519386933,8.088396138173493,-0.007511895133546886,3.0,1.15,25.0,8.333333333333334,0.0,0.0,0.9,24.354501321206033,8.088396138173493,0.08931290668555292,3.0,1.0,24.408698851784013,8.129989246785541,0.018731111427388588,2.490566037735849,1.876589446011355,0.03475917014079499,1.7723119355889723,-0.49056603773584895,1.8479749326890165,0.076352278752843,1.6189180964304875,-1.0,2.125171172592374,0.076352278752843,1.896114336333845,-1.0,2.125171172592374,0.076352278752843,1.896114336333845,-1.0,2.0327724259579263,0.076352278752843,1.8037155896993973,-1.0,1.082228628505547,-0.16858491640699746,1.5879833777265375,2.0,0.5467775406349004
2024-06-07__JDG__TT__G2,2024-06-07__JDG__TT__G2,2024-06-07,0.0,-1.6246199180715202,1.2372145438177267,-1.313126016068602,-5.482172415191755,6.761859462395603,-0.8107491193702512,-66.44974543297968,63.362072928598394,-1.0487305940752623,-129.15749454315733,202.97771873758262,-0.6363136540805419,-0.435230509069938,0.9779640325261914,-0.445036882295975,-1.6327849248702222,21.859378466990375,-0.07469493483727999,2.834723779908966,2.098121376743199,1.3510764726265172,1.3251846523829394,3.1500792553480665,0.4206828223290818,-0.008699456541890527,25.108855577780485,-0.0003464696416956284,-0.4074279991237262,7.901928205562246,-0.051560573187233005,-0.12550162078538207,4.691186306020372,-0.02675263480192344,-271.5234986151042,1221.6993159813917,-0.22225067562941092,-0.44925703419428054,1.2854063782516787,-0.34950556671405497,-1.2303841484012032,2.3401797705708023,-0.5257645750593428,-1.8321680769179416,7.463055899534399,-0.24549833956541936,-134.02947463254532,284.82291920124334,-0.47057123962441644,-0.34976161105663417,0.825430022335082,-0.4237320885604529,0.4194123007354378,8.003458579078341,0.05240387567294197,-0.19314655875466946,0.48434402378846536,-0.3987788647933441,0.035532119018839126,1.3460363928046728,0.026397572020493854,TT,JDG,0.0,-5672.0,-0.0998,0.0,1.0,1.0,-1.0,0.0,1.0,-17.200000000000003,0.0,0.0,-0.5,0.0,23.685087392966373,8.003728624001512,-0.3260984790381656,4.0,1.1,23.62531863810121,8.003728624001512,-0.3858672339033298,4.0,1.15,23.62531863810121,8.003728624001512,-0.3858672339033298,4.0,1.15,24.490124733214262,8.246101871613758,-0.24818088162701102,1.0,0.9,23.80462490269671,8.003728624001512,-0.20656096930783008,4.0,1.0,23.818408709902894,8.044886345294158,-0.31625032597958125,3.4905660377358494,26.933297693291305,8.079281664248608,2.6954527005454807,3.0,1.1,27.02117486116818,8.079281664248608,2.7833298684223564,3.0,1.15,27.02117486116818,8.079281664248608,2.7833298684223564,3.0,1.15,26.581789021783795,8.079281664248608,2.3439440290379707,3.0,0.9,26.75754335753755,8.079281664248608,2.5196983647917257,3.0,1.0,26.878581720839666,8.079281664248608,2.6407367280938394,3.0,-3.060173010936772,-0.03439531895445036,-2.9569870540734207,0.4905660377358494,-2.952918454840841,-0.07555304024709564,-2.726259334099556,1.0,-3.3958562230669713,-0.07555304024709564,-3.169197102325686,1.0,-3.3958562230669713,-0.07555304024709564,-3.169197102325686,1.0,-3.2482103003249314,-0.07555304024709564,-3.0215511795836463,1.0,-2.0916642885695325,0.16682020736515035,-2.5921249106649817,-2.0,0.42408716697637705
2024-06-07__LNG__TES__G1,2024-06-07__LNG__TES__G1,2024-06-07,0.0,-2.054261368526303,1.2372145438177267,-1.6603908500756341,-6.286293995364886,6.761859462395603,-0.9296692870733637,-116.20781582429402,63.362072928598394,-1.8340279700321451,-99.12516295583265,202.97771873758262,-0.48835489473418786,-2.184750193422216,0.9779640325261914,-2.2339757770058157,-1.5370698439890447,21.859378466990375,-0.07031626155308562,-1.8753969793365464,2.098121376743199,-0.8938453734274654,-1.7448779188084873,3.1500792553480665,-0.5539153854401363,8.518587892023604,25.108855577780485,0.3392662611152885,1.7302408642590876,7.901928205562246,0.21896435911386727,0.5606045918147489,4.691186306020372,0.11950164323971983,-85.84019384957745,1221.6993159813917,-0.07026294658302155,8.532293267875996,1.2854063782516787,6.637812581627644,8.066979325956204,2.3401797705708023,3.447160760999056,19.401267468938492,7.463055899534399,2.599640834863377,297.7840477798884,284.82291920124334,1.0455059149365062,3.3360344829696187,0.825430022335082,4.041566639368883,33.74328042073751,8.003458579078341,4.216086816874173,2.1432913791945962,0.48434402378846536,4.425133477020434,-4.915328293210518,1.3460363928046728,-3.651702634329264,LNG,TES,0.0,3020.0,-0.16700000000000004,1.0,1.0,1.0,1.0,-6.0,-1.0,-19.799999999999997,0.0,,-1.0,0.0,26.322723879284556,8.164748416926336,1.8284786285055468,2.0,1.1,26.382847691979308,8.164748416926336,1.8886024412002982,2.0,1.15,26.382847691979308,8.164748416926336,1.8886024412002982,2.0,1.15,26.082228628505547,8.164748416926336,1.5879833777265375,2.0,0.9,26.20247625389505,8.164748416926336,1.7082310031160404,2.0,1.0,26.28528829779537,8.164748416926336,1.7910430470163607,2.0,26.322723879284556,8.164748416926336,1.8284786285055468,2.0,1.1,26.382847691979308,8.164748416926336,1.8886024412002982,2.0,1.15,26.382847691979308,8.164748416926336,1.8886024412002982,2.0,1.15,26.082228628505547,8.164748416926336,1.5879833777265375,2.0,0.9,26.20247625389505,8.164748416926336,1.7082310031160404,2.0,1.0,26.28528829779537,8.164748416926336,1.7910430470163607,2.0,0.0,0.0,0.0,0.0,0.0,0.0,0.0,0.0,0.0,0.0,0.0,0.0,0.0,0.0,0.0,0.0,0.0,0.0,0.0,0.0,0.0,0.0,0.0,0.0,0.5
2024-06-07__LNG__TES__G2,2024-06-07__LNG__TES__G2,2024-06-07,1.0,-0.07010597301778354,1.2372145438177267,-0.05666431639021821,8.502123544459447,6.761859462395603,1.2573645362458872,69.25412547703172,63.362072928598394,1.0929901940247881,357.7387185966624,202.97771873758262,1.7624531355419735,-0.06990512053078213,0.9779640325261914,-0.07148018406160137,-17.197880665738268,21.859378466990375,-0.7867506345140588,-1.2049439517981178,2.098121376743199,-0.5742963161512468,-0.012388389760698004,3.1500792553480665,-0.003932721948802906,4.252333161797672,25.108855577780485,0.1693559062964531,4.667158336054079,7.901928205562246,0.5906353011576996,0.06024194039726094,4.691186306020372,0.012841512492999429,330.5150557611,1221.6993159813917,0.2705371535917247,-0.23426559693365334,1.2854063782516787,-0.1822500795446538,-0.9894545393470935,2.3401797705708023,-0.42281115706533723,2.777124005621353,7.463055899534399,0.37211615066134773,146.86966577172848,284.82291920124334,0.5156525523576433,0.6571787222732954,0.825430022335082,0.7961643123300436,6.438897604219527,8.003458579078341,0.8045142904265177,0.024809398096806046,0.48434402378846536,0.051222572501625194,-1.2887467431918296,1.3460363928046728,-0.9574375497151164,TES,LNG,1.0,3340.0,-0.367,1.0,1.0,-1.0,-1.0,-4.0,1.0,-3.5999999999999943,0.0,1.0,0.6666666666666667,1.0,26.996315623680978,8.083100932757073,2.747012825409758,3.0,1.1,27.087057242939203,8.083100932757073,2.8377544446679828,3.0,1.15,27.087057242939203,8.083100932757073,2.8377544446679828,3.0,1.15,26.633349146648076,8.083100932757073,2.384046348376856,3.0,0.9,26.814832385164525,8.083100932757073,2.5655295868933052,3.0,1.0,26.939816124897554,8.083100932757075,2.690513326626334,3.0,25.649132134888134,8.083100932757073,1.3998293366169143,3.0,1.1,25.678638141019412,8.083100932757073,1.4293353427481925,3.0,1.15,25.678638141019412,8.083100932757073,1.4293353427481925,3.0,1.15,25.531108110363018,8.083100932757073,1.281805312091798,3.0,0.9,25.590120122625574,8.083100932757073,1.3408173243543544,3.0,1.0,25.630760470693186,8.083100932757075,1.3814576724219663,3.0,1.3090556542043679,0.0,1.3090556542043679,0.0,1.2247122625389508,0.0,1.2247122625389508,0.0,1.4084191019197903,0.0,1.4084191019197903,0.0,1.4084191019197903,0.0,1.4084191019197903,0.0,1.3471834887928438,0.0,1.3471834887928438,0.0,1.1022410362850579,0.0,1.1022410362850579,0.0,0.5326797372859619
2024-06-08__AL__NIP__G1,2024-06-08__AL__NIP__G1,2024-06-08,0.0,0.3523090542748637,1.2372145438177267,0.2847596411436355,-2.3433663909605755,6.761859462395603,-0.34655645498640825,15.806302120992427,63.362072928598394,0.24945998672335554,-181.82985288066078,202.97771873758262,-0.8958118808100584,0.7525501466758788,0.9779640325261914,0.7695061905556674,4.7927860762682855,21.859378466990375,0.21925535825506037,1.0023216902013843,2.098121376743199,0.47772317826247745,-0.9633248055267378,3.1500792553480665,-0.30580960719691114,5.0055842871528,25.108855577780485,0.19935532594432748,-2.6260935401764094,7.901928205562246,-0.33233574635519086,-0.19195477965192786,4.691186306020372,-0.040918165728660055,-627.9584318273863,1221.6993159813917,-0.5140040786623039,0.32312210472229985,1.2854063782516787,0.2513771977579497,1.1961424397474083,2.3401797705708023,0.5111324965958304,5.001237189706718,7.463055899534399,0.6701325284038411,88.44581476973542,284.82291920124334,0.31052913405720123,0.5623326280965069,0.825430022335082,0.6812593819235316,4.052233853609238,8.003458579078341,0.5063102791450449,0.2233592196838432,0.48434402378846536,0.4611572509546293,-1.0680572349122102,1.3460363928046728,-0.7934825886870432,NIP,AL,0.0,-4704.0,0.09999999999999998,0.0,1.0,-1.0,-4.0,0.0,-1.0,-3.0,0.0,,0.0,0.0,25.71004854667337,8.088396138173493,1.4448601321528898,3.0,1.1,25.0,8.333333333333334,0.0,0.0,1.15,25.0,8.333333333333334,0.0,0.0,1.15,25.58094881091457,8.088396138173493,1.31576039639409,3.0,0.9,25.0,8.333333333333334,0.0,0.0,1.0,25.24602025116299,8.24090420308434,0.5233076419099736,1.1320754716981132,26.287217035320058,8.16261357944401,1.7993762969880294,2.0,1.1,26.34572690056188,8.16261357944401,1.8578861622298497,2.0,1.15,26.34572690056188,8.16261357944401,1.8578861622298497,2.0,1.15,26.053177574352773,8.16261357944401,1.5653368360207445,2.0,0.9,26.170197304836417,8.16261357944401,1.6823565665043887,2.0,1.0,26.250786364509114,8.16261357944401,1.762945626177084,2.0,-1.0047661133461254,0.07829062364032957,-1.2396379842671104,-0.8679245283018868,-1.1701973048364174,0.17071975388932437,-1.6823565665043887,-2.0,-1.3457269005618784,0.17071975388932437,-1.8578861622298497,-2.0,-1.3457269005618784,0.17071975388932437,-1.8578861622298497,-2.0,-0.5771684886466879,-0.0742174412705161,-0.3545161648351396,1.0,-0.47222876343820275,-0.0742174412705161,-0.24957643962665443,1.0,0.4749019584909736
2024-06-08__AL__NIP__G2,2024-06-08__AL__NIP__G2,2024-06-08,1.0,,,,,,,,,,,,,1.0701538307857419,0.9779640325261914,1.0942659452980816,5.698836334610576,21.859378466990375,0.2607043966282908,1.0175092679709685,2.098121376743199,0.4849618302772179,1.1427977014599078,3.1500792553480665,0.3627836781363638,-5.536784286612843,25.108855577780485,-0.220511207647444,-2.8721446858701825,7.901928205562246,-0.36347385697260504,2.125410311411689,4.691186306020372,0.4530644744634417,12.465134691625117,1221.6993159813917,0.01020311177911134,8.183668951175173,1.2854063782516787,6.36659559423568,5.656850290790043,2.3401797705708023,2.417270649314095,9.500036229508165,7.463055899534399,1.2729416856115419,383.38492152356946,284.82291920124334,1.3460465936262662,2.765820829883531,0.825430022335082,3.3507594881268608,27.585158161484316,8.003458579078341,3.446654273558655,1.5501146055517006,0.48434402378846536,3.2004346683010487,-4.709212292989372,1.3460363928046728,-3.4985746444807266,AL,NIP,1.0,8112.0,0.04166666666666663,1.0,1.0,1.0,3.0,6.0,-1.0,12.200000000000003,0.0,,1.0,1.0,26.92682982924175,8.078938787505178,2.690013466726217,3.0,1.1,27.01441300329819,8.078938787505178,2.777596640782658,3.0,1.15,27.01441300329819,8.078938787505178,2.777596640782658,3.0,1.15,26.576497133015977,8.078938787505178,2.3396807705004434,3.0,0.9,24.40637255188628,8.247908496540914,-0.33735293773645836,1.0,1.0,26.4808803448383,8.105759376241009,2.1636022161152737,2.6825396825396823,25.076251344106915,8.005482147771584,1.0598049007921624,4.0,1.1,24.317328434669225,8.247908496540914,-0.4263970549535152,1.0,1.15,24.317328434669225,8.247908496540914,-0.4263970549535152,1.0,1.15,25.0623874633602,8.005482147771584,1.045941020045447,4.0,0.9,,,,,,24.667414091925817,8.135152055252854,0.26195792616725494,2.3953488372093026,1.8134662529124839,-0.0293926790118455,1.9016442899480188,0.28719084533037975,,,,,2.6970845686289664,-0.1689697090357356,3.203993695736173,2.0,2.6970845686289664,-0.1689697090357356,3.203993695736173,2.0,1.850578485134836,0.07345663973359429,1.6302085659340548,-1.0,1.5141096696557774,0.07345663973359429,1.2937397504549963,-1.0,0.5452128162070541
2024-06-08__UP__WBG__G1,2024-06-08__UP__WBG__G1,2024-06-08,1.0,-0.7174983547386757,1.2372145438177267,-0.5799299550704493,-2.370542449069628,6.761859462395603,-0.35057547582544885,-48.95579923566879,63.362072928598394,-0.7726356825194236,-81.71465996376429,202.97771873758262,-0.4025794558605158,1.3793642469248972,0.9779640325261914,1.4104433195958423,8.970853908072186,21.859378466990375,0.4103892300153799,0.9032006403830302,2.098121376743199,0.43048043831695804,-0.25725023513684153,3.1500792553480665,-0.08166466067018244,9.124905233747185,25.108855577780485,0.36341381000288414,2.072197719769264,7.901928205562246,0.2622394691046616,0.620335167264848,4.691186306020372,0.13223415029042845,205.78554617835255,1221.6993159813917,0.16844205715594007,5.952366396032801,1.2854063782516787,4.63072368864787,4.655194592409384,2.3401797705708023,1.989245724497564,-0.03174478521371782,7.463055899534399,-0.004253590136194499,47.81163329089907,284.82291920124334,0.1678644164490606,0.7914952606171246,0.825430022335082,0.9588872227966964,6.00306439165854,8.003458579078341,0.750058688039234,0.5145938021267717,0.48434402378846536,1.0624529557498197,-0.6276397697593534,1.3460363928046728,-0.46628702375910297,UP,WBG,1.0,5112.0,0.000200000000000089,1.0,1.0,-1.0,0.0,6.0,1.0,8.0,0.0,1.0,1.0,1.0,23.187599537717016,7.922618952413575,-0.5802573195237066,5.0,1.1,23.10521769852234,7.922618952413575,-0.6626391587183846,5.0,1.15,23.10521769852234,7.922618952413575,-0.6626391587183846,5.0,1.15,23.517126894495743,7.922618952413575,-0.2507299627449804,5.0,0.9,23.35236321610638,7.922618952413575,-0.4154936411343435,5.0,1.0,23.23889389042314,7.922618952413574,-0.5289629668175825,5.0,25.000825380016614,7.852712242506378,1.4426886524974805,6.0,1.1,25.000862897290098,7.852712242506378,1.442726169770964,6.0,1.15,25.765691950550067,8.090512330214645,1.4941549599061297,3.0,1.15,25.000675310922688,7.852712242506378,1.4425385834035538,6.0,0.9,25.00075034546965,7.852712242506378,1.4426136179505171,6.0,1.0,25.166755494025384,7.904310374744965,1.453824369790491,5.349056603773585,-1.9278616036022456,0.01830857766860916,-1.9827873366080735,-0.34905660377358494,-1.6483871293632717,0.0699067099071966,-1.8581072590848606,-1.0,-1.8956451987677596,0.0699067099071966,-2.1053653284893485,-1.0,-2.660474252027729,-0.16789337780107072,-2.1567941186245143,2.0,-1.8132258422995982,0.0699067099071966,-2.022945972021187,-1.0,-1.4835484164269452,0.0699067099071966,-1.6932685461485342,-1.0,0.4519521819268225
2024-06-08__UP__WBG__G2,2024-06-08__UP__WBG__G2,2024-06-08,1.0,1.4298024552748165,1.2372145438177267,1.155661567961567,-0.2088165615611821,6.761859462395603,-0.03088152479964105,65.28000534942618,63.362072928598394,1.030269391481552,-19.824301948573293,202.97771873758262,-0.09766737932716414,-0.9218955934586859,0.9779640325261914,-0.9426672353277581,3.735149609395748,21.859378466990375,0.17087171276001495,-0.43257005029970585,2.098121376743199,-0.20617007620459235,-0.49836588360570366,3.1500792553480665,-0.15820736083139475,-1.8335772264556311,25.108855577780485,-0.07302511847864127,-5.670931167227234,7.901928205562246,-0.7176641323533257,-0.5001059900977065,4.691186306020372,-0.1066054193691866,277.36746746018036,1221.6993159813917,0.22703415120629478,-0.34203132142592985,1.2854063782516787,-0.2660878778299351,-0.8180067850482686,2.3401797705708023,-0.3495485457086059,3.2048080602547415,7.463055899534399,0.4294229701578024,76.94156971044276,284.82291920124334,0.27013826575501454,-0.2742801394124461,0.825430022335082,-0.33228717117576745,-1.77049518272338,8.003458579078341,-0.22121623345878957,-0.07278151774230812,0.48434402378846536,-0.15026791681067211,-0.173981898613766,1.3460363928046728,-0.12925487772018604,WBG,UP,1.0,5104.0,0.0,2.0,1.0,1.0,-2.0,0.0,-1.0,1.7999999999999972,0.0,,0.0,1.0,24.29072118129036,7.777958176973404,0.9568466503701458,7.0,1.1,24.25848123498538,7.777958176973404,0.924606704065166,7.0,1.15,25.00082908443229,8.013494521558108,0.9603455197579649,4.0,1.15,24.4196809665103,7.777958176973404,1.0858064355900865,7.0,0.9,24.35520107390033,7.777958176973404,1.0213265429801162,7.0,1.0,24.47187058688855,7.8290651196663115,0.9846752278896143,6.349056603773586,23.90402525271577,7.847199408430326,0.3624270274247934,6.0,1.1,23.854208218748305,7.847199408430326,0.312609993457329,6.0,1.15,23.854208218748305,7.847199408430326,0.312609993457329,6.0,1.15,24.10329338858563,7.847199408430326,0.5616951632946545,6.0,0.9,24.003659320650698,7.847199408430326,0.4620610953597222,6.0,1.0,23.935043405940796,7.847199408430325,0.393445180649819,6.0,0.5368271809477534,-0.018134288764013462,0.5912300472397953,0.3490566037735858,0.3515417532496308,-0.06924123145692196,0.559265447620394,1.0,0.4042730162370738,-0.06924123145692196,0.611996710607837,1.0,1.1466208656839854,0.16629511312778256,0.6477355263006359,-2.0,0.38669592857458923,-0.06924123145692196,0.5944196229453524,1.0,0.31638757792466876,-0.06924123145692196,0.524111272295432,1.0,0.5134174574377812
2024-06-08__UP__WBG__G3,2024-06-08__UP__WBG__G3,2024-06-08,1.0,-0.5869926036418196,1.2372145438177267,-0.47444651546367783,-9.085243106715062,6.761859462395603,-1.3436010928117152,-9.745739593855149,63.362072928598394,-0.15381029990965023,-155.18666050076519,202.97771873758262,-0.7645502210853312,2.230695226378417,0.9779640325261914,2.2809560180452317,2.931882568139514,21.859378466990375,0.13412469336409663,3.4860073558234177,2.098121376743199,1.6614890506218023,2.2678524635331234,3.1500792553480665,0.7199348206074636,-10.47007167200585,25.108855577780485,-0.416987194919545,-4.007028898495552,7.901928205562246,-0.5070950136676705,-2.148804550805787,4.691186306020372,-0.45805132275322874,-524.9871740232783,1221.6993159813917,-0.42971880783270877,0.06449665864360554,1.2854063782516787,0.05017604514712635,0.4908289720490835,2.3401797705708023,0.2097397680647395,-6.728597336559375,7.463055899534399,-0.9015873022459677,-227.680824927098,284.82291920124334,-0.7993767663298612,0.18219828783394476,0.825430022335082,0.22073108824831852,-0.26346283340957655,8.003458579078341,-0.032918618605670066,0.19729451600776504,0.48434402378846536,0.4073429194431699,0.3900248677967397,1.3460363928046728,0.289757825363279,UP,WBG,1.0,612.0,0.3,0.0,1.0,1.0,4.0,-2.0,1.0,14.200000000000003,0.0,,0.6000000000000001,1.0,23.274004063091553,7.767674519705339,-0.029019496024464075,7.0,1.1,23.19554970232299,7.767674519705339,-0.10747385679302823,7.0,1.15,23.19554970232299,7.767674519705339,-0.10747385679302823,7.0,1.15,23.587821506165817,7.767674519705339,0.28479794704979966,7.0,0.9,23.43091278462868,7.767674519705339,0.12788922551266424,7.0,1.0,23.322853004702168,7.767674519705338,0.019829445586152558,6.999999999999999,24.915183261129922,7.699134990975746,1.8177782882026854,8.0,1.1,24.911327954817647,7.699134990975746,1.8139229818904106,8.0,1.15,25.673445662428446,7.932284369125818,1.8765925550509905,5.0,1.15,24.930604486379032,7.699134990975746,1.8331995134517953,8.0,0.9,24.922893873754475,7.699134990975746,1.8254889008272386,8.0,1.0,25.082948897843682,7.749724006989441,1.8337768768753622,7.349056603773586,-1.7600958931415143,0.017950512715897204,-1.8139474312892097,-0.3490566037735867,-1.4919810891257939,0.0685395287295929,-1.6975996753145743,-1.0,-1.7157782524946583,0.0685395287295929,-1.9213968386834388,-1.0,-2.4778959601054567,-0.1646098494204793,-1.9840664118440188,2.0,-1.641179198038369,0.0685395287295929,-1.8467977842271495,-1.0,-1.3427829802132152,0.0685395287295929,-1.5484015664019957,-1.0,0.4561108490866644
2024-06-10__BLG__LGD__G1,2024-06-10__BLG__LGD__G1,2024-06-10,1.0,1.0766138298223433,1.2372145438177267,0.8701909988135067,-4.926421463608065,6.761859462395603,-0.728560059913263,75.18825286841184,63.362072928598394,1.186644442117538,-125.4758782687266,202.97771873758262,-0.6181756225803828,0.6092098394737944,0.9779640325261914,0.622936218793159,-7.240096670908542,21.859378466990375,-0.33121236043510466,-0.3589984183601054,2.098121376743199,-0.17110461350560446,1.7975975202168852,3.1500792553480665,0.5706513404428359,-8.314608915179534,25.108855577780485,-0.3311424751431078,1.8220770372991772,7.901928205562246,0.23058635301574193,-0.49630009698754307,4.691186306020372,-0.10579413368351825,1235.7747185794028,1221.6993159813917,1.0115211667898685,-0.6380843726150438,1.2854063782516787,-0.4964063404419863,-0.5133127303327747,2.3401797705708023,-0.2193474695579054,1.444394233622301,7.463055899534399,0.19353922301093712,58.30158488770826,284.82291920124334,0.20469414767082272,0.33691909370073514,0.825430022335082,0.40817352944600566,2.424153394117482,8.003458579078341,0.30288819105857745,0.3451618007725219,0.48434402378846536,0.7126362072902583,0.11128609110260435,1.3460363928046728,0.08267681989927704,BLG,LGD,1.0,11424.0,-0.1502,2.0,1.0,-1.0,-4.0,6.0,1.0,6.200000000000003,0.0,-1.0,0.3333333333333333,1.0,26.258029947564665,8.160858336337375,1.7754549385525422,2.0,1.1,26.315213126999424,8.160858336337375,1.832638117987301,2.0,1.15,26.315213126999424,8.160858336337375,1.832638117987301,2.0,1.15,26.029297229825637,8.160858336337375,1.546722220813514,2.0,0.9,26.14366358869515,8.160858336337375,1.6610885796830281,2.0,1.0,26.22242532640718,8.160858336337375,1.739850317395053,2.0,25.0,8.333333333333334,0.0,0.0,1.1,23.705305559592997,8.159678193559316,-0.7737290210849501,2.0,1.15,23.705305559592997,8.159678193559316,-0.7737290210849501,2.0,1.15,23.986760872724954,8.159678193559316,-0.4922737079529931,2.0,0.9,23.874178747472172,8.159678193559316,-0.6048558332057752,2.0,1.0,24.05367289056387,8.195719826342602,-0.5334865884639347,1.5849056603773584,2.1687524358433095,-0.03486149000522687,2.273336905858988,0.41509433962264164,2.2694848412229796,0.0011801427780593343,2.2659444128888033,0.0,2.6099075674064274,0.0011801427780593343,2.606367139072251,0.0,2.6099075674064274,0.0011801427780593343,2.606367139072251,0.0,1.2580299475646655,-0.17247499699595892,1.7754549385525422,2.0,2.0425363571006834,0.0011801427780593343,2.038995928766507,0.0,0.5540072911548316
2024-06-10__BLG__LGD__G2,2024-06-10__BLG__LGD__G2,2024-06-10,0.0,-1.018136134596296,1.2372145438177267,-0.8229254309678261,-8.853292287960052,6.761859462395603,-1.3092982822102621,-78.38735560532723,63.362072928598394,-1.2371336786365383,-320.02429510440913,202.97771873758262,-1.5766474050361232,-1.9528034955620353,0.9779640325261914,-1.9968029843743276,12.330446933888098,21.859378466990375,0.5640803734849006,-1.8464226067521103,2.098121376743199,-0.8800357058381939,-2.847827439966995,3.1500792553480665,-0.9040491699003794,-6.064902030194844,25.108855577780485,-0.2415443336261613,-4.072490244205827,7.901928205562246,-0.5153792369259852,-3.225216721143113,4.691186306020372,-0.687505424693675,-266.6312893358802,1221.6993159813917,-0.2182462457249138,5.786146849036737,1.2854063782516787,4.501410951061017,5.830473921566046,2.3401797705708023,2.491463050584726,6.203304143036668,7.463055899534399,0.8312015071764596,81.72228020805801,284.82291920124334,0.2869231175297151,0.3995424249564139,0.825430022335082,0.4840409605955184,2.613748038465417,8.003458579078341,0.326577277318668,0.1904469821424677,0.48434402378846536,0.3932052004020263,-1.2619830253089859,1.3460363928046728,-0.9375542106445149,LGD,BLG,0.0,-408.0,0.3,-2.0,-1.0,1.0,1.0,-2.0,1.0,-13.799999999999997,0.0,,-0.5,0.0,24.386760025337892,8.245499392403765,-0.34973815187340307,1.0,1.1,23.077550980396307,8.07367459046443,-1.1434727909969844,3.0,1.15,23.077550980396307,8.07367459046443,-1.1434727909969844,3.0,1.15,23.495474680310153,8.07367459046443,-0.7255490910831384,3.0,0.9,23.328305200344616,8.07367459046443,-0.8927185710486754,3.0,1.0,23.46755390479376,8.10933634181033,-0.8604551206372278,2.5849056603773586,26.858577694692254,8.074842294451562,2.63405081133757,3.0,1.1,26.94305849899645,8.074842294451562,2.7185316156417656,3.0,1.15,26.94305849899645,8.074842294451562,2.7185316156417656,3.0,1.15,26.52065447747548,8.074842294451562,2.2961275941207973,3.0,0.9,26.68961608608387,8.074842294451562,2.4650892027291853,3.0,1.0,26.8059764391821,8.074842294451562,2.5814495558274135,3.0,-3.3384225343883394,0.03449404735876804,-3.4419046764646413,-0.4150943396226414,-3.361310885739254,-0.0011677039871322847,-3.3578077737778607,0.0,-3.8655075186001433,-0.0011677039871322847,-3.86200440663875,0.0,-3.8655075186001433,-0.0011677039871322847,-3.86200440663875,0.0,-2.471817669354362,0.17065709795220307,-2.983788963210973,-2.0,-3.025179797165329,-0.0011677039871322847,-3.0216766852039356,0.0,0.41730603844971353
2024-06-10__EDG__FPX__G1,2024-06-10__EDG__FPX__G1,2024-06-10,0.0,-0.08516476849473609,1.2372145438177267,-0.06883583779746226,1.2541261028175725,6.761859462395603,0.18547056831357012,12.923763743512154,63.362072928598394,0.20396686759457586,55.54010440976981,202.97771873758262,0.27362660533172894,-0.7396257161890398,0.9779640325261914,-0.7562905539459884,-8.23195597341062,21.859378466990375,-0.37658690109852444,1.2400606325658607,2.098121376743199,0.5910335099188728,0.746892105574315,3.1500792553480665,0.2371025640715898,-8.871729990785823,25.108855577780485,-0.35333070477755885,-3.5458476088530837,7.901928205562246,-0.44873188769612443,-0.13040068304547514,4.691186306020372,-0.02779694660200994,1400.1106833428626,1221.6993159813917,1.1460354146733047,6.095617765275886,1.2854063782516787,4.742168022690767,4.792561132206174,2.3401797705708023,2.0479448393370063,1.7139011709624725,7.463055899534399,0.22965136056639182,112.38649683455412,284.82291920124334,0.39458375314439853,0.2546271676030196,0.825430022335082,0.3084778263878411,2.0790785379981145,8.003458579078341,0.2597724793204411,-0.04081895923731271,0.48434402378846536,-0.08427661528972401,-0.646274672447543,1.3460363928046728,-0.4801312919702267,FPX,EDG,0.0,-1846.0,-0.35,1.0,1.0,1.0,-1.0,0.0,1.0,-9.200000000000003,0.0,0.0,-1.0,0.0,25.71004854667337,8.088396138173493,1.4448601321528898,3.0,1.1,25.742323480613067,8.088396138173493,1.4771350660925862,3.0,1.15,25.742323480613067,8.088396138173493,1.4771350660925862,3.0,1.15,25.58094881091457,8.088396138173493,1.31576039639409,3.0,0.9,25.0,8.333333333333334,0.0,0.0,1.0,25.56816062954224,8.134610703297993,1.1643285196482658,2.433962264150943,23.677276120715444,8.164748416926336,-0.8169691300635655,2.0,1.1,23.617152308020692,8.164748416926336,-0.877092942758317,2.0,1.15,23.617152308020692,8.164748416926336,-0.877092942758317,2.0,1.15,23.917771371494453,8.164748416926336,-0.5764738792845563,2.0,0.9,23.79752374610495,8.164748416926336,-0.6967215046740591,2.0,1.0,23.71471170220463,8.164748416926336,-0.7795335485743793,2.0,1.8534489273376096,-0.030137713628343832,1.943862068222645,0.4339622641509431,1.2024762538950498,0.16858491640699746,0.6967215046740591,-2.0,2.125171172592374,-0.076352278752843,2.354228008850903,1.0,2.125171172592374,-0.076352278752843,2.354228008850903,1.0,2.0327724259579263,-0.076352278752843,2.2618292622164553,1.0,1.6631774394201173,-0.076352278752843,1.8922342756786463,1.0,0.5462040293094064
2024-06-10__EDG__FPX__G2,2024-06-10__EDG__FPX__G2,2024-06-10,1.0,-0.0060731692215822974,1.2372145438177267,-0.004908739832706976,-5.1171092846680075,6.761859462395603,-0.7567605562293886,33.87262925427166,63.362072928598394,0.5345883926154648,-136.4812314566036,202.97771873758262,-0.6723951359442395,-0.03896347820051549,0.9779640325261914,-0.03984138175152187,9.738515119605026,21.859378466990375,0.4455073912006998,0.8549248885755354,2.098121376743199,0.40747141256011415,1.1694059528242313,3.1500792553480665,0.371230526853678,-0.2695172403880264,25.108855577780485,-0.01073395116791298,-0.9965031671257663,7.901928205562246,-0.12610884522026822,-0.5011956073403967,4.691186306020372,-0.10683768833898277,651.7064334583843,1221.6993159813917,0.533442578218541,0.5852041229327405,1.2854063782516787,0.45526743726078056,1.4771727912497816,2.3401797705708023,0.6312216602350248,10.84817922454689,7.463055899534399,1.4535838826612295,174.03941884157985,284.82291920124334,0.6110442892679117,0.1054994432948324,0.825430022335082,0.12781133788306434,0.7239833868156609,8.003458579078341,0.09045880467844296,0.2496718102781732,0.48434402378846536,0.5154833806803305,0.07835298601146157,1.3460363928046728,0.058210110974852826,EDG,FPX,1.0,-966.0,0.07999999999999996,-1.0,-1.0,-1.0,-1.0,-2.0,-1.0,-4.200000000000003,0.0,0.5,0.6666666666666667,1.0,24.4131131705132,8.086873375508668,0.15249304398719232,3.0,1.1,24.38643649644562,8.086873375508668,0.12581636991961176,3.0,1.15,24.38643649644562,8.086873375508668,0.12581636991961176,3.0,1.15,24.519819866783525,8.086873375508668,0.25919974025751813,3.0,0.9,24.466466518648364,8.086873375508668,0.205846392122357,3.0,1.0,24.429723175121318,8.086873375508668,0.1691030485953098,3.0,24.981092644055405,8.011249341714102,0.9473446189130996,4.0,1.1,24.980233218785195,8.011249341714102,0.9464851936428893,4.0,1.15,24.980233218785195,8.011249341714102,0.9464851936428893,4.0,1.15,24.984530345136235,8.011249341714102,0.9507823199939303,4.0,0.9,25.645498678793967,8.088396138173493,1.3803102642734864,3.0,1.0,25.106663075676124,8.025805341046063,1.0292470525379394,3.811320754716981,-0.6769399005548067,0.06106803446260578,-0.8601440039426296,-0.8113207547169812,-1.1790321601456029,-0.0015227626648250947,-1.1744638721511294,0.0,-0.5937967223395759,0.07562403379456661,-0.8206688237232775,-1.0,-0.5937967223395759,0.07562403379456661,-0.8206688237232775,-1.0,-0.5679794735422057,0.07562403379456661,-0.7948515749259073,-1.0,-0.4647104783527105,0.07562403379456661,-0.6915825797364121,-1.0,0.4830829621531934
2024-06-11__AL__IG__G1,2024-06-11__AL__IG__G1,2024-06-11,0.0,-2.68480303402168,1.2372145438177267,-2.170036617659259,-2.6368976653958267,6.761859462395603,-0.3899662940488456,-70.91842874380342,63.362072928598394,-1.1192567469259316,-67.69468364924177,202.97771873758262,-0.3335079521868708,-0.8952924226765386,0.9779640325261914,-0.9154646566083244,-0.3027339307560908,21.859378466990375,-0.013849154831373242,0.21961310685390245,2.098121376743199,0.10467125716222324,-0.7705966858289699,3.1500792553480665,-0.24462763592155629,7.92941252145588,25.108855577780485,0.31580141839166165,-1.6474721873458158,7.901928205562246,-0.2084898693076298,-0.6036188255171764,4.691186306020372,-0.12867080040537504,-616.5563573688435,1221.6993159813917,-0.5046711157146653,-2.7780710847392456,1.2854063782516787,-2.1612378548175006,-1.6281116449933464,2.3401797705708023,-0.695720461200195,5.669727649487605,7.463055899534399,0.7597058049820476,41.65897033784995,284.82291920124334,0.14626270353669416,0.3735486324324362,0.825430022335082,0.452549785899366,6.074648166605172,8.003458579078341,0.7590027920531729,0.19314291591971688,0.48434402378846536,0.398771343636372,-0.4954614808851172,1.3460363928046728,-0.36808894279879417,IG,AL,0.0,-11840.0,0.061799999999999966,-2.0,-1.0,1.0,-2.0,0.0,-1.0,-27.0,0.0,,-0.6666666666666667,0.0,24.852162612327678,7.8526376017006365,1.2942498072257678,6.0,1.1,24.84544273106984,7.8526376017006365,1.287529925967931,6.0,1.15,24.84544273106984,7.8526376017006365,1.287529925967931,6.0,1.15,24.879042137359008,7.8526376017006365,1.3211293322570974,6.0,0.9,24.33418091256516,8.090512330214645,0.06264392192122159,3.0,1.0,24.756078488907427,7.897519625948563,1.0635196110617349,5.433962264150943,27.533072469410588,7.994496683884652,3.549582417756632,4.0,1.1,27.648212127111066,7.994496683884652,3.66472207545711,4.0,1.15,27.648212127111066,7.994496683884652,3.66472207545711,4.0,1.15,27.07251383860866,7.994496683884652,3.089023786954705,4.0,0.9,27.302793154009628,7.994496683884652,3.319303102355672,4.0,1.0,27.46138173914425,7.994496683884653,3.4778916874902936,4.0,-2.705303250236824,-0.09697705793608957,-2.4143720764285588,1.433962264150943,-2.9686122414444682,0.09601564632999349,-3.2566591804344505,-1.0,-2.8027693960412243,-0.14185908218401533,-2.3771921494891792,2.0,-2.8027693960412243,-0.14185908218401533,-2.3771921494891792,2.0,-2.6809098570829093,-0.14185908218401533,-2.255332610530864,2.0,-2.1934717012496527,-0.14185908218401533,-1.7678944546976076,2.0,0.43277690564971655
2024-06-11__AL__IG__G2,2024-06-11__AL__IG__G2,2024-06-11,1.0,1.6384997717503804,1.2372145438177267,1.3243446381981225,7.147050123209159,6.761859462395603,1.0569650413456018,94.30495093932063,63.362072928598394,1.488350129536341,207.1537801736083,202.97771873758262,1.020573984383235,0.6962251743998857,0.9779640325261914,0.7119121351419482,-8.710572465659048,21.859378466990375,-0.3984821471630882,0.44097824498254923,2.098121376743199,0.2101775615524656,1.3679546913601035,3.1500792553480665,0.4342602665559554,-13.96835746409485,25.108855577780485,-0.5563119698750373,-3.772558416891286,7.901928205562246,-0.4774224520052324,-0.009584247489066833,4.691186306020372,-0.002043032363420454,52.137960186232974,1221.6993159813917,0.042676589453333635,-0.5974638627368538,1.2854063782516787,-0.464805067129366,-2.7004334118953004,2.3401797705708023,-1.1539422278205573,-3.7615541839451403,7.463055899534399,-0.5040232487279862,58.41967315162708,284.82291920124334,0.20510875006249607,0.08567028909134855,0.825430022335082,0.10378855019162446,0.3774258710721128,8.003458579078341,0.04715784059917452,0.08315262723897354,0.48434402378846536,0.1716805647936004,-0.783384265075167,1.3460363928046728,-0.5819929440762914,AL,IG,1.0,13364.0,-0.040000000000000036,1.0,1.0,1.0,1.0,6.0,1.0,33.400000000000006,0.0,0.5,0.3333333333333333,1.0,28.103945003028542,7.909177568997166,4.376412296037042,5.0,1.1,28.24503341225711,7.909177568997166,4.517500705265611,5.0,1.15,28.24503341225711,7.909177568997166,4.517500705265611,5.0,1.15,27.539591366114262,7.909177568997166,3.812058659122762,5.0,0.9,27.821768184571404,7.909177568997166,4.094235477579904,5.0,1.0,28.01609750294283,7.9091775689971655,4.288564795951329,5.0,24.291419978922995,7.768832439699652,0.9849226598240364,7.0,1.1,24.259211796146765,7.768832439699652,0.952714477047806,7.0,1.15,24.259211796146765,7.768832439699652,0.952714477047806,7.0,1.15,24.420252710027906,7.768832439699652,1.1137553909289473,7.0,0.9,23.808972878856483,8.004168514175337,-0.20353266366952738,4.0,1.0,24.208292344497067,7.813235472619592,0.7685859266382866,6.433962264150942,3.8078051584457633,0.09594209637757345,3.519978869313042,-1.4339622641509422,4.012795305714921,-0.09499094517817053,4.297768141249431,1.0,3.9858216161103464,0.14034512929751397,3.5647862282178053,-2.0,3.9858216161103464,0.14034512929751397,3.5647862282178053,-2.0,3.812525024105547,0.14034512929751397,3.391489636213006,-2.0,3.119338656086356,0.14034512929751397,2.698303268193815,-2.0,0.5940613400636215
2024-06-11__NIP__UP__G1,2024-06-11__NIP__UP__G1,2024-06-11,1.0,0.6131330127524013,1.2372145438177267,0.4955749350355167,3.464333823707472,6.761859462395603,0.5123344149104375,-30.06021204089592,63.362072928598394,-0.4744196358656165,51.42938333400991,202.97771873758262,0.25337452504885655,-0.34250764511144194,0.9779640325261914,-0.3502248380258617,-4.490539959130928,21.859378466990375,-0.20542851941026258,0.1894473312945486,2.098121376743199,0.09029374711146132,0.9667713025130289,3.1500792553480665,0.30690370534899464,2.352074419954313,25.108855577780485,0.09367509080583654,0.22725620705798022,7.901928205562246,0.028759585304562376,-1.4392928770275928,4.691186306020372,-0.3068078043229047,-104.68998225503395,1221.6993159813917,-0.08569210181250231,-8.920387917923701,1.2854063782516787,-6.939736046992814,-7.631109182517449,2.3401797705708023,-3.260905857565916,-7.834238585721291,7.463055899534399,-1.0497358778291037,-165.04108377277873,284.82291920124334,-0.5794515541662447,-2.7632079406232677,0.825430022335082,-3.3475940034412095,-28.424590711439315,8.003458579078341,-3.551537985616043,-1.483683310095929,0.48434402378846536,-3.063277699212862,4.7592973023440805,1.3460363928046728,3.535783870333174,NIP,UP,1.0,964.0,0.08560000000000001,0.0,-1.0,-1.0,-1.0,-6.0,1.0,13.400000000000006,0.0,-1.0,1.0,1.0,24.475520881760108,7.921807822363908,0.710097414668386,5.0,1.1,23.670273503830877,8.161700299866038,-0.8148273957672352,2.0,1.15,23.670273503830877,8.161700299866038,-0.8148273957672352,2.0,1.15,24.570880721440084,7.921807822363908,0.8054572543483616,5.0,0.9,24.969029013484846,8.161700299866038,0.4839281138867335,2.0,1.0,24.2353818285902,8.071174836657686,0.021857318617140166,3.1320754716981134,23.97108845644201,7.6934069409006955,0.8908676337399228,8.0,1.1,23.92431974991665,7.6934069409006955,0.84409892721456,8.0,1.15,23.92431974991665,7.6934069409006955,0.84409892721456,8.0,1.15,24.158163282543466,7.6934069409006955,1.0779424598413776,8.0,0.9,24.064625869492733,7.6934069409006955,0.9844050467906449,8.0,1.0,24.00020859446724,7.693406940900695,0.9199877717651486,8.0,0.23517323412296065,0.37776789575699166,-0.8981304531480084,-4.867924528301886,0.9044031439921127,0.46829335896534197,-0.5004769329039114,-6.0,-0.2540462460857711,0.46829335896534197,-1.6589263229817952,-6.0,-0.2540462460857711,0.46829335896534197,-1.6589263229817952,-6.0,0.5044324253180967,0.22840088146321236,-0.1807702190715368,-3.0,0.4127174388966175,0.22840088146321236,-0.272485205493016,-3.0,0.5058790598972944
2024-06-11__NIP__UP__G2,2024-06-11__NIP__UP__G2,2024-06-11,0.0,-0.30036827199013505,1.2372145438177267,-0.24277764168988403,1.9820467932995882,6.761859462395603,0.29312151652969565,-11.149651061967404,63.362072928598394,-0.1759672682831018,94.90518593350026,202.97771873758262,0.4675645487406072,1.685018631280811,0.9779640325261914,1.7229845395680685,7.392357891454935,21.859378466990375,0.33817784729973965,2.534125954167841,2.098121376743199,1.2078065523048405,1.4342031696155049,3.1500792553480665,0.45529099367566217,-9.58235414899162,25.108855577780485,-0.38163243791321455,0.0806237489718491,7.901928205562246,0.010203046227634795,-0.5377098561023246,4.691186306020372,-0.11462127197783424,353.2108620300168,1221.6993159813917,0.28911439756121,1.3823526440152634,1.2854063782516787,1.0754198765339615,1.2744452133659259,2.3401797705708023,0.54459263548904,-9.412138066631343,7.463055899534399,-1.2611639162524062,-357.59121134796555,284.82291920124334,-1.2554860791937228,-0.9975559753769199,0.825430022335082,-1.2085273613231902,-9.06803759681653,8.003458579078341,-1.1330147303449973,-0.6589197645633871,0.48434402378846536,-1.3604346740458433,0.10475399172647037,1.3460363928046728,0.07782398340970273,UP,NIP,0.0,-6258.0,-0.04280000000000006,0.0,-1.0,1.0,-3.0,0.0,-1.0,-7.799999999999997,0.0,,0.0,0.0,23.343845333853974,7.61602057148949,0.4957836193855023,9.0,1.1,23.26856557630188,7.61602057148949,0.42050386183341004,9.0,1.15,23.26856557630188,7.61602057148949,0.42050386183341004,9.0,1.15,23.644964364062343,7.61602057148949,0.7969026495938714,9.0,0.9,23.494404848958155,7.61602057148949,0.6463431344896833,9.0,1.0,23.39071763572603,7.61602057148949,0.5426559212575591,9.0,25.121385517962512,7.842124016313443,1.5950134690221809,6.0,1.1,24.365943065644473,8.07960346561811,0.12713266879014284,3.0,1.15,24.365943065644473,8.07960346561811,0.12713266879014284,3.0,1.15,25.099315423787505,7.842124016313443,1.5729433748471742,6.0,0.9,25.573959067235798,8.07960346561811,1.335148670381468,3.0,1.0,24.87519548478974,7.989988579088046,0.9052297475255948,4.132075471698113,-1.4844778490637083,-0.3739680075985561,-0.3625738262680357,4.867924528301887,-2.079554218277643,-0.46358289412861975,-0.6888055358917846,6.0,-1.0973774893425912,-0.46358289412861975,0.2933711930432672,6.0,-1.0973774893425912,-0.46358289412861975,0.2933711930432672,6.0,-1.7775401841085383,-0.22610344482395295,-1.0992298496366786,3.0,-1.4543510597251625,-0.22610344482395295,-0.7760407252533028,3.0,0.46295605612975055
2024-06-12__LNG__RA__G1,2024-06-12__LNG__RA__G1,2024-06-12,1.0,0.457084963848998,1.2372145438177267,0.3694465092465232,-6.871886263912355,6.761859462395603,-1.0162715279513135,7.890425950466408,63.362072928598394,0.12452916170891108,-211.37324664560634,202.97771873758262,-1.0413618150744712,0.2261119598509973,0.9779640325261914,0.2312065895310441,6.157837723826077,21.859378466990375,0.28170231150088065,-0.8505031688373457,2.098121376743199,-0.405363947434532,-0.9928284493286945,3.1500792553480665,-0.3151756046986785,5.487504587697032,25.108855577780485,0.2185485655508931,1.6093853666179214,7.901928205562246,0.20366992980461773,-0.9746161359725152,4.691186306020372,-0.207754683920157,790.1713024731635,1221.6993159813917,0.646780506045907,-0.9607412587074524,1.2854063782516787,-0.7474216150946524,-1.6477711641719495,2.3401797705708023,-0.7041213161366313,7.802720595889941,7.463055899534399,1.0455126767661027,345.8091359757626,284.82291920124334,1.2141197616098771,-0.1203536828356695,0.825430022335082,-0.14580707482400893,-4.576514955816251,8.003458579078341,-0.5718170886724553,-0.22701732425238896,0.48434402378846536,-0.4687099342462479,1.6681208049816458,1.3460363928046728,1.2392826632444909,LNG,RA,1.0,5164.0,,1.0,1.0,-1.0,-1.0,0.0,1.0,10.799999999999997,0.0,0.0,0.5,1.0,25.025861654400515,7.999628387280118,1.0269764925601628,4.0,1.1,25.027037184145993,7.999628387280118,1.0281520223056404,4.0,1.15,25.027037184145993,7.999628387280118,1.0281520223056404,4.0,1.15,25.0211595354186,7.999628387280118,1.0222743735782487,4.0,0.9,25.023510594909556,7.999628387280118,1.024625433069204,4.0,1.0,25.025129720785408,7.999628387280118,1.0262445589450528,4.0,24.372166074030584,7.924719031581826,0.5980089792851082,5.0,1.1,24.3436281683047,7.924719031581826,0.5694710735592245,5.0,1.15,24.3436281683047,7.924719031581826,0.5694710735592245,5.0,1.15,24.486317696934112,7.924719031581826,0.7121606021886357,5.0,0.9,24.429241885482348,7.924719031581826,0.655084790736872,5.0,1.0,24.38993495872783,7.924719031581825,0.6157778639823547,5.0,0.6351947620575764,0.07490935569829293,0.41046669496269816,-1.0,0.5942687094272081,0.07490935569829205,0.36954064233233197,-1.0,0.683409015841292,0.07490935569829205,0.45868094874641585,-1.0,0.683409015841292,0.07490935569829205,0.45868094874641585,-1.0,0.6536955803699307,0.07490935569829205,0.42896751327505456,-1.0,0.5348418384844891,0.07490935569829205,0.31011377138961294,-1.0,0.5158745319642535
2024-06-12__LNG__RA__G2,2024-06-12__LNG__RA__G2,2024-06-12,1.0,-0.15203029483413033,1.2372145438177267,-0.12288100937125655,-3.5058856886209675,6.761859462395603,-0.5184794492755469,-26.506257115002825,63.362072928598394,-0.4183300114966606,-147.73364118859058,202.97771873758262,-0.7278318102084618,0.6931266251462072,0.9779640325261914,0.7087437710894271,5.826158560932129,21.859378466990375,0.26652900050205686,0.7932754164037448,2.098121376743199,0.37808824937804764,-0.20830618302118742,3.1500792553480665,-0.06612726220785467,9.507178154926848,25.108855577780485,0.3786384348278133,-2.369218689353996,7.901928205562246,-0.2998278809795309,0.22755559756912636,4.691186306020372,0.04850703728608234,-55.831665282689556,1221.6993159813917,-0.04570000531770777,7.0023515099690785,1.2854063782516787,5.447573764119192,6.414011001650831,2.3401797705708023,2.740818607823346,4.327604029787697,7.463055899534399,0.5798701642027793,46.48726966581762,284.82291920124334,0.16321463747710951,2.1372213655285712,0.825430022335082,2.5892186114868005,22.89448402229607,8.003458579078341,2.860573455277267,1.1929476209854972,0.48434402378846536,2.463012031494536,-5.223090567280453,1.3460363928046728,-3.8803458174347987,RA,LNG,1.0,5588.0,-0.10020000000000001,2.0,-1.0,-1.0,-2.0,6.0,-1.0,15.799999999999997,0.0,,-0.3333333333333333,1.0,23.739133952844888,7.844213829210261,0.20649246521410447,6.0,1.1,23.681821859792382,7.844213829210261,0.14918037216159874,6.0,1.15,23.681821859792382,7.844213829210261,0.14918037216159874,6.0,1.15,23.968382325054908,7.844213829210261,0.43574083742412384,6.0,0.9,23.853758138949896,7.844213829210261,0.3211166513191124,6.0,1.0,23.774818840971918,7.844213829210262,0.24217735334113508,6.0,25.664877587522682,7.918362199841956,1.9097909879968142,5.0,1.1,25.69509929604644,7.918362199841956,1.9400126965205722,5.0,1.15,25.69509929604644,7.918362199841956,1.9400126965205722,5.0,1.15,25.543990753427646,7.918362199841956,1.788904153901779,5.0,0.9,25.604434170475162,7.918362199841956,1.8493475709492948,5.0,1.0,25.646060297309774,7.918362199841957,1.8909736977839071,5.0,-1.8712414563378559,-0.07414837063169522,-1.648796344442772,1.0,-1.7506760315252663,-0.07414837063169522,-1.5282309196301824,1.0,-2.0132774362540573,-0.07414837063169522,-1.7908323243589734,1.0,-2.0132774362540573,-0.07414837063169522,-1.7908323243589734,1.0,-1.9257436346777936,-0.07414837063169522,-1.7032985227827098,1.0,-1.575608428372739,-0.07414837063169522,-1.353163316477655,1.0,0.45335499220518927
2024-06-12__LNG__RA__G3,2024-06-12__LNG__RA__G3,2024-06-12,0.0,-1.0963638125802868,1.2372145438177267,-0.8861542502102683,-4.6319216317643885,6.761859462395603,-0.6850069825492057,-32.76701841759615,63.362072928598394,-0.5171392977843611,-112.72543877319612,202.97771873758262,-0.555358681331783,-0.006825490596732209,0.9779640325261914,-0.006979278777586981,2.0837428634608273,21.859378466990375,0.09532488635404614,0.029440722491827387,2.098121376743199,0.014031937706858936,-0.04282644554714565,3.1500792553480665,-0.013595350618269745,17.09296639505621,25.108855577780485,0.6807544717182479,-2.280980419246891,7.901928205562246,-0.288661206638157,1.5274124819618136,4.691186306020372,0.32559187734875333,506.6299823895757,1221.6993159813917,0.41469285882992135,-0.3701128344386184,1.2854063782516787,-0.2879342694780701,-0.5490599432590955,2.3401797705708023,-0.23462287621702496,2.019554951511946,7.463055899534399,0.27060693475858943,120.95974886152294,284.82291920124334,0.4246840414951792,0.3900130502628083,0.825430022335082,0.4724962349482466,1.3810313772968712,8.003458579078341,0.17255430150568807,0.020586789551404028,0.48434402378846536,0.042504389516336144,0.696362193586161,1.3460363928046728,0.5173423838807218,LNG,RA,0.0,11122.0,,2.0,1.0,-1.0,-2.0,6.0,1.0,5.599999999999994,0.0,,-1.0,0.0,24.95066961505765,7.842872098508875,1.4220533195310239,6.0,1.1,24.948427324833,7.842872098508875,1.4198110293063735,6.0,1.15,24.948427324833,7.842872098508875,1.4198110293063735,6.0,1.15,24.959638775956257,7.842872098508875,1.4310224804296325,6.0,0.9,24.95515419550695,7.842872098508875,1.4265378999803247,6.0,1.0,24.952065758027715,7.842872098508875,1.4234494625010905,6.0,24.446654007264,7.769430625070235,1.1383621320532953,7.0,1.1,24.42150191668509,7.769430625070235,1.1132100414743853,7.0,1.15,24.42150191668509,7.769430625070235,1.1132100414743853,7.0,1.15,24.547262369579638,7.769430625070235,1.2389704943689317,7.0,0.9,24.496958188421818,7.769430625070235,1.1886663132111117,7.0,1.0,24.462314742907473,7.769430625070235,1.154022867696766,6.999999999999999,0.4897510151202411,0.07344147343863927,0.2694265948043244,-0.9999999999999991,0.45819600708513164,0.07344147343863927,0.23787158676921294,-1.0,0.5269254081479069,0.07344147343863927,0.3066009878319882,-1.0,0.5269254081479069,0.07344147343863927,0.3066009878319882,-1.0,0.5040156077936473,0.07344147343863927,0.2836911874777286,-1.0,0.41237640637661954,0.07344147343863927,0.19205198606070084,-1.0,0.5122413286784578
2024-06-12__OMG__TES__G1,2024-06-12__OMG__TES__G1,2024-06-12,1.0,0.08920740028430618,1.2372145438177267,0.07210336204557798,-3.0335310248859884,6.761859462395603,-0.4486237244551574,20.262898395275215,63.362072928598394,0.31979537819593973,2.35597135566195,202.97771873758262,0.011607044155919378,1.4680467830614674,0.9779640325261914,1.501124001611122,-7.1631087471254915,21.859378466990375,-0.32769039752214507,-1.0207747934425946,2.098121376743199,-0.4865182339969547,1.055191773357567,3.1500792553480665,0.33497298094742484,-14.369641007830928,25.108855577780485,-0.572293722866975,-2.307934384906549,7.901928205562246,-0.29207226803322545,-0.3037534170273526,4.691186306020372,-0.06474979513982201,-316.26680588743426,1221.6993159813917,-0.25887450495501213,0.3612851593860693,1.2854063782516787,0.2810666606546667,-0.21053581037469016,2.3401797705708023,-0.08996561847798518,-4.9906380471985266,7.463055899534399,-0.6687123137852372,-3.832389921911499,284.82291920124334,-0.013455342425404884,0.1793997825727054,0.825430022335082,0.21734073195504205,1.5627339393949313,8.003458579078341,0.1952573039139272,-0.16630827075281163,0.48434402378846536,-0.34336735712070765,0.4429486775654574,1.3460363928046728,0.3290760568267028,TES,OMG,1.0,984.0,0.04999999999999993,1.0,1.0,-1.0,3.0,4.0,-1.0,29.800000000000004,0.0,1.0,0.6000000000000001,1.0,27.619586104168597,7.999628387280118,3.620700942328245,4.0,1.1,27.738658199812622,7.999628387280118,3.7397730379722702,4.0,1.15,27.738658199812622,7.999628387280118,3.7397730379722702,4.0,1.15,27.143297721592493,7.999628387280118,3.1444125597521406,4.0,0.9,27.381441912880543,7.999628387280118,3.382556751040191,4.0,1.0,27.545446874805336,7.999628387280118,3.546561712964983,4.0,22.982386167400303,7.924719031581826,-0.7917709273451727,5.0,1.1,22.890676447736684,7.924719031581826,-0.8834806470087919,5.0,1.15,22.890676447736684,7.924719031581826,-0.8834806470087919,5.0,1.15,23.349225046054794,7.924719031581826,-0.4249320486906818,5.0,0.9,25.0,8.333333333333334,0.0,0.0,1.0,23.385562859506418,8.001816069648148,-0.6198853494380236,4.056603773584905,4.159884015298918,-0.0021876823680306856,4.166447062403007,-0.056603773584905426,2.3814419128805433,-0.3337049460532162,3.382556751040191,4.0,4.847981752075938,0.07490935569829205,4.623253684981062,-1.0,4.847981752075938,0.07490935569829205,4.623253684981062,-1.0,4.637199936768294,0.07490935569829205,4.412471869673418,-1.0,3.7940726755376986,0.07490935569829205,3.5693446084428224,-1.0,0.6025229122045044
2024-06-12__OMG__TES__G2,2024-06-12__OMG__TES__G2,2024-06-12,0.0,-0.7187819904650325,1.2372145438177267,-0.5809674749535215,-1.1364044123070833,6.761859462395603,-0.16806090847732105,-79.7454126789097,63.362072928598394,-1.2585669586632124,-44.407632671063425,202.97771873758262,-0.21878082347400157,-0.1747762468944538,0.9779640325261914,-0.1787142086695958,3.614686322795663,21.859378466990375,0.16536088447772104,1.03667829524818,2.098121376743199,0.4940981073074293,-0.23212419227525016,3.1500792553480665,-0.0736883423465672,3.419385612220431,25.108855577780485,0.13618245026921452,-3.786015670898113,7.901928205562246,-0.47912548599310395,0.7646907184394758,4.691186306020372,0.16300579545355612,-631.9025255916647,1221.6993159813917,-0.5172324456667348,6.873463635051032,1.2854063782516787,5.347303704137624,6.874852139882385,2.3401797705708023,2.93774405222786,6.906715645724709,7.463055899534399,0.9254539713017064,91.05835740560883,284.82291920124334,0.31970164950654606,2.8057092966016977,0.825430022335082,3.399083897603652,27.257346882760135,8.003458579078341,3.40569557619969,1.6002974163180423,0.48434402378846536,3.304044302552724,-4.985999215464933,1.3460363928046728,-3.7042055756533245,OMG,TES,0.0,-2642.0,0.0,-1.0,-1.0,-1.0,-1.0,-2.0,-1.0,-5.599999999999994,0.0,0.5,-0.6666666666666667,0.0,22.46265361742564,7.837347188530805,-1.0493879481667712,6.0,1.1,22.347319690944992,7.837347188530805,-1.1647218746474195,6.0,1.15,22.347319690944992,7.837347188530805,-1.1647218746474195,6.0,1.15,22.923989323348252,7.837347188530805,-0.5880522422441601,6.0,0.9,24.50315364025563,8.241456423982958,-0.22121563169324432,1.0,1.0,22.875943075398258,7.913594214087816,-0.8648395668651888,5.056603773584905,28.144231488314272,7.911430651419138,4.409939534056857,5.0,1.1,28.287151101419465,7.911430651419138,4.552859147162049,5.0,1.15,28.287151101419465,7.911430651419138,4.552859147162049,5.0,1.15,27.5725530358935,7.911430651419138,3.838261081636084,5.0,0.9,27.858392262103884,7.911430651419138,4.124100307846469,5.0,1.0,28.055243804682735,7.9114306514191375,4.320951850425321,5.0,-5.179300729284478,0.0021635626686782317,-5.18579141729051,0.056603773584905426,-3.3552386218482546,0.33002577256382004,-4.345315939539713,-4.0,-5.939831410474472,-0.07408346288833378,-5.717581021809469,1.0,-5.939831410474472,-0.07408346288833378,-5.717581021809469,1.0,-5.681577870888631,-0.07408346288833378,-5.459327482223628,1.0,-4.648563712545247,-0.07408346288833378,-4.426313323880244,1.0,0.37333637911365036
2024-06-13__AL__WBG__G1,2024-06-13__AL__WBG__G1,2024-06-13,0.0,-0.08219316333642013,1.2372145438177267,-0.06643398860217463,7.7052366239198165,6.761859462395603,1.139514290005031,71.57503290799207,63.362072928598394,1.1296194785014253,303.33099851347913,202.97771873758262,1.4944053904321966,0.7013427433685386,0.9779640325261914,0.717145010345506,-0.8856398071714437,21.859378466990375,-0.04051532242755744,0.29519750835122593,2.098121376743199,0.14069603928892122,1.072822600070042,3.1500792553480665,0.3405699261943093,9.043744746324343,25.108855577780485,0.36018146498663745,4.093031121754699,7.901928205562246,0.5179787132076017,0.6727008235849006,4.691186306020372,0.14339670955401823,974.4025871819617,1221.6993159813917,0.7975797101937835,-0.12758470249531761,1.2854063782516787,-0.09925623942570598,-1.7109386203345913,2.3401797705708023,-0.7311138702833071,-5.978256860480787,7.463055899534399,-0.8010466677339356,-56.398487556418786,284.82291920124334,-0.19801246162552544,-0.060725704912294454,0.825430022335082,-0.07356847909654039,-1.4556288258464463,8.003458579078341,-0.1818749518835045,0.09993842475191284,0.48434402378846536,0.20633725927482702,0.060390140156879824,1.3460363928046728,0.044865128175264,AL,WBG,0.0,1720.0,-0.12,1.0,1.0,-1.0,-3.0,6.0,1.0,-8.0,0.0,-0.5,0.0,0.0,28.63370075871554,7.822646314897784,5.16576181402219,6.0,1.1,28.798868975020792,7.822646314897784,5.3309300303274405,6.0,1.15,28.798868975020792,7.822646314897784,5.3309300303274405,6.0,1.15,27.973027893494535,7.822646314897784,4.505088948801184,6.0,0.9,28.30336432610504,7.822646314897784,4.835425381411689,6.0,1.0,28.530860171204726,7.822646314897785,5.0629212265113726,6.0,24.224249722283446,7.625522726041199,1.3476815441598475,9.0,1.1,24.188988346023603,7.625522726041199,1.3124201679000045,9.0,1.15,24.929231774147045,7.8564429376922,1.3599029610704463,6.0,1.15,24.365295227322825,7.625522726041199,1.4887270491992268,9.0,0.9,24.294772474803132,7.625522726041199,1.4182042966795336,9.0,1.0,24.406823775868247,7.675628054984341,1.3799396109152242,8.349056603773585,4.1240363953364785,0.14701825991344375,3.682981615596148,-2.349056603773585,4.008591851301908,0.1971235888565852,3.417221084732155,-3.0,4.609880628997189,0.1971235888565852,4.018509862427436,-3.0,3.869637200873747,-0.033796622794415754,3.9710270692569942,0.0,4.409451036432095,0.1971235888565852,3.8180802698623424,-3.0,3.60773266617171,0.1971235888565852,3.016361899601957,-3.0,0.6016640862344526
2024-06-13__AL__WBG__G2,2024-06-13__AL__WBG__G2,2024-06-13,1.0,-0.6409961402568349,1.2372145438177267,-0.5180957703448236,3.0740253032427667,6.761859462395603,0.4546123541498956,-46.936309537689056,63.362072928598394,-0.7407634666532658,35.86889449913264,202.97771873758262,0.17671345675527994,1.032631886079117,0.9779640325261914,1.0558985768762255,15.370284912463276,21.859378466990375,0.7031436979111775,0.1772271965830008,2.098121376743199,0.0844694277833788,-0.9095195001974905,3.1500792553480665,-0.2887289930640175,0.8089052364139775,25.108855577780485,0.0322159328087365,2.8447940814667625,7.901928205562246,0.36001260039944216,-1.7776130194615352,4.691186306020372,-0.37892603801606034,193.89928596998053,1221.6993159813917,0.15871277267230713,-0.09170633132105621,1.2854063782516787,-0.07134417685215777,0.3799429894483666,2.3401797705708023,0.1623562565022245,-1.3398418025226917,7.463055899534399,-0.17952989245014078,-131.49586475537637,284.82291920124334,-0.4616758534125947,0.11156056106407641,0.825430022335082,0.13515431095439084,0.8006934399468619,8.003458579078341,0.10004341647953545,0.04449194308984494,0.48434402378846536,0.09186001900429666,-0.5846842332728208,1.3460363928046728,-0.43437443595422165,WBG,AL,1.0,5932.0,-0.06659999999999999,0.0,1.0,1.0,0.0,4.0,1.0,22.400000000000006,0.0,1.0,1.0,1.0,24.981270244182344,7.557019916780817,2.310210493839893,10.0,1.1,24.98041889164518,7.557019916780817,2.3093591413027283,10.0,1.15,25.744628848447093,7.785865689238414,2.3870317807318493,7.0,1.15,24.984675654331014,7.557019916780817,2.3136159039885626,10.0,0.9,24.982972949256677,7.557019916780817,2.311913198914226,10.0,1.0,25.147619473181372,7.606675131559352,2.3275940785033167,9.349056603773585,27.857110876462475,7.7523726736442,4.599992855529873,7.0,1.1,27.986979552665314,7.7523726736442,4.729861531732713,7.0,1.15,27.986979552665314,7.7523726736442,4.729861531732713,7.0,1.15,27.337636171651116,7.7523726736442,4.080518150718515,7.0,0.9,27.5973735240568,7.7523726736442,4.340255503124197,7.0,1.0,27.77624924788335,7.7523726736442,4.519131226950747,6.999999999999999,-2.6286297747019773,-0.1456975420848483,-2.19153714844743,2.349056603773586,-2.614400574800122,-0.19535275686338327,-2.0283423042099713,3.0,-3.006560661020135,-0.19535275686338327,-2.4205023904299843,3.0,-2.2423507042182216,0.033493015594213915,-2.3428297510008633,0.0,-2.8758406322801306,-0.19535275686338327,-2.28978236168998,3.0,-2.3529605173201027,-0.19535275686338327,-1.766902246729952,3.0,0.4346600556135935
2024-06-13__BLG__WE__G1,2024-06-13__BLG__WE__G1,2024-06-13,1.0,-1.431662022611258,1.2372145438177267,-1.1571645941284572,0.4063003679303705,6.761859462395603,0.06008706778110972,-80.23435410741888,63.362072928598394,-1.266283584685589,-2.526174832508218,202.97771873758262,-0.012445576961718526,-0.6609734019130329,0.9779640325261914,-0.6758660892053224,-1.280544385328895,21.859378466990375,-0.05858100351213683,-2.4236573394309744,2.098121376743199,-1.1551553742985599,-1.7334003630236796,3.1500792553480665,-0.5502718097676367,-12.580488863677715,25.108855577780485,-0.501037903685767,-4.316324297573313,7.901928205562246,-0.546236771462722,-2.8043877961206576,4.691186306020372,-0.5977991525773623,185.93188147136044,1221.6993159813917,0.15219119703755424,0.023371419506414526,1.2854063782516787,0.01818211090261727,-0.8358515780397866,2.3401797705708023,-0.35717393653991564,4.3547759833625825,7.463055899534399,0.5835110253057653,202.7819263513909,284.82291920124334,0.7119578937260882,-0.7131417630519503,0.825430022335082,-0.86396287970196,-4.526934129462063,8.003458579078341,-0.565622164357001,-0.6621001571358145,0.48434402378846536,-1.3670010521775953,-0.4848221186912465,1.3460363928046728,-0.3601847328186375,WE,BLG,1.0,-3518.0,0.0,0.0,-1.0,-1.0,-3.0,4.0,-1.0,-6.400000000000006,0.0,-1.0,0.0,1.0,27.536074121474613,7.9946063536190115,3.552255060617579,4.0,1.1,27.65135021790528,7.9946063536190115,3.667531157048245,4.0,1.15,27.65135021790528,7.9946063536190115,3.667531157048245,4.0,1.15,27.07496973575196,7.9946063536190115,3.0911506748949265,4.0,0.9,27.30552192861328,7.9946063536190115,3.3217028677562475,4.0,1.0,27.464298438791367,7.9946063536190115,3.4804793779343366,4.0,27.414574968777877,7.987416464524826,3.4523255752033997,4.0,1.1,27.524328376449603,7.987416464524826,3.562078982875125,4.0,1.15,27.524328376449603,7.987416464524826,3.562078982875125,4.0,1.15,26.97556133809099,7.987416464524826,3.013311944516513,4.0,0.9,27.195068153434438,7.987416464524826,3.23281875985996,4.0,1.0,27.346237941359636,7.987416464524827,3.38398854778516,4.0,0.11806049743173119,0.007189889094184387,0.0964908301491767,0.0,0.11045377517884347,0.0071898890941852756,0.08888410789628765,0.0,0.12702184145567585,0.0071898890941852756,0.10545217417312003,0.0,0.12702184145567585,0.0071898890941852756,0.10545217417312003,0.0,0.12149915269673528,0.0071898890941852756,0.09992948541417945,0.0,0.09940839766096943,0.0071898890941852756,0.0778387303784136,0.0,0.5029514781537628
2024-06-13__BLG__WE__G2,2024-06-13__BLG__WE__G2,2024-06-13,1.0,-0.6841610689760005,1.2372145438177267,-0.5529845404826201,0.4146992671353118,6.761859462395603,0.06132916664600788,-19.32031129724146,63.362072928598394,-0.3049191748207797,88.63291422535656,202.97771873758262,0.436663266982921,0.7744982952836272,0.9779640325261914,0.7919488627144601,7.25490512908128,21.859378466990375,0.3318898022716902,1.1381727858800659,2.098121376743199,0.5424720685962986,1.3668521181920426,3.1500792553480665,0.433910252245625,14.988050650634186,25.108855577780485,0.5969228668061899,4.464690082219189,7.901928205562246,0.5650126653977676,1.835752072637872,4.691186306020372,0.3913192871838616,885.1850623375774,1221.6993159813917,0.724552310076359,-0.17034959869242705,1.2854063782516787,-0.13252576698612442,-0.726986652108156,2.3401797705708023,-0.31065405769095095,4.84954942318214,7.463055899534399,0.6498073763158219,166.72314835274904,284.82291920124334,0.5853572045218475,0.04112519275515014,0.825430022335082,0.04982268856192257,0.7003434349124689,8.003458579078341,0.08750508801758936,-0.03159887557720342,0.48434402378846536,-0.06524042578169242,0.7270196713681418,1.3460363928046728,0.5401184805522277,BLG,WE,1.0,10416.0,0.19979999999999987,3.0,1.0,-1.0,0.0,6.0,1.0,14.599999999999994,0.0,1.0,0.75,1.0,26.75950293351259,7.907306553027577,3.03758327442986,5.0,1.1,26.839480339581346,7.907306553027577,3.1175606804986167,5.0,1.15,26.839480339581346,7.907306553027577,3.1175606804986167,5.0,1.15,26.439593309237573,7.907306553027577,2.7176736501548433,5.0,0.9,26.599548121375083,7.907306553027577,2.8776284622923534,5.0,1.0,26.70970568067733,7.907306553027577,2.9877860215945993,5.0,28.191735821158076,7.914424331022815,4.448462828089632,5.0,1.1,28.336814722119808,7.914424331022815,4.593541729051363,5.0,1.15,28.336814722119808,7.914424331022815,4.593541729051363,5.0,1.15,27.611420217311156,7.914424331022815,3.868147224242712,5.0,0.9,27.90157801923461,7.914424331022815,4.158305026166165,5.0,1.0,28.10140367527625,7.914424331022815,4.3581306822078,5.0,-1.3916979945989176,-0.0071177779952380504,-1.3703446606132004,0.0,-1.3020298978595264,-0.0071177779952380504,-1.2806765638738113,0.0,-1.4973343825384617,-0.0071177779952380504,-1.4759810485527467,0.0,-1.4973343825384617,-0.0071177779952380504,-1.4759810485527467,0.0,-1.4322328876454868,-0.0071177779952380504,-1.4108795536597718,0.0,-1.1718269080735837,-0.0071177779952380504,-1.1504735740878687,0.0,0.46526359727399674
2024-06-13__BLG__WE__G3,2024-06-13__BLG__WE__G3,2024-06-13,0.0,-0.8279128412189385,1.2372145438177267,-0.6691742965532215,4.307969613440889,6.761859462395603,0.637098271607139,-30.06341475211258,63.362072928598394,-0.4744701820522875,63.38599630395203,202.97771873758262,0.31228056156064754,-2.0624697344726277,0.9779640325261914,-2.1089401623543136,-3.208678758717653,21.859378466990375,-0.1467872756206573,-2.392302782296788,2.098121376743199,-1.1402112711891614,-1.9665340428162552,3.1500792553480665,-0.6242806161771786,4.417477001507081,25.108855577780485,0.17593302139517683,0.44200732627488293,7.901928205562246,0.05593663455802029,-1.7195505994425355,4.691186306020372,-0.36654912440519555,299.42429751832134,1221.6993159813917,0.24508837269234718,6.861841687600188,1.2854063782516787,5.338262253429093,6.579772931537722,2.3401797705708023,2.811651567384183,-1.448673893713753,7.463055899534399,-0.19411266900619933,-2.1422225311548573,284.82291920124334,-0.007521243478724455,1.4588216095422362,0.825430022335082,1.7673452657683497,13.539261014743587,8.003458579078341,1.6916760659523111,1.0309533632120687,0.48434402378846536,2.128551574966384,-0.9715780265888228,1.3460363928046728,-0.7218061190442806,WE,BLG,0.0,-888.0,-0.09999999999999998,0.0,1.0,-1.0,-4.0,2.0,-1.0,3.799999999999997,0.0,-1.0,-1.0,0.0,27.493434239749057,7.838029274021655,3.9793464176840914,6.0,1.1,27.606772159737652,7.838029274021655,4.0926843376726865,6.0,1.15,27.606772159737652,7.838029274021655,4.0926843376726865,6.0,1.15,27.040082559794687,7.838029274021655,3.5259947377297216,6.0,0.9,27.266758399771867,7.838029274021655,3.752670577706901,6.0,1.0,27.422865346171257,7.838029274021655,3.9087775241062888,6.0,27.45717650264651,7.83098020134634,3.964235898607491,6.0,1.1,27.568866343675904,7.83098020134634,4.075925739636883,6.0,1.15,27.568866343675904,7.83098020134634,4.075925739636883,6.0,1.15,27.010417138528965,7.83098020134634,3.517476534489944,6.0,0.9,27.23379682058774,7.83098020134634,3.740856216548721,6.0,1.0,27.38763377143954,7.830980201346341,3.8946931674005167,6.0,0.035231574731717785,0.007049072675314072,0.014084356705772016,0.0,0.0329615791841249,0.00704907267531496,0.01181436115818002,0.0,0.037905816061748254,0.00704907267531496,0.016758598035803374,0.0,0.037905816061748254,0.00704907267531496,0.016758598035803374,0.0,0.03625773710254521,0.00704907267531496,0.015110519076600326,0.0,0.029665421265722358,0.00704907267531496,0.008518203239777478,0.0,0.5008807884572174
2024-06-14__IG__NIP__G1,2024-06-14__IG__NIP__G1,2024-06-14,0.0,-1.3095085891313314,1.2372145438177267,-1.0584320538768266,0.25355629149044034,6.761859462395603,0.03749800707963885,-57.461539537975455,63.362072928598394,-0.9068759271157673,57.0530185757782,202.97771873758262,0.2810802025440946,0.02629170867338626,0.9779640325261914,0.02688409891862072,6.671243918566404,21.859378466990375,0.3051890804421315,-1.2546645289179317,2.098121376743199,-0.5979939696680032,-1.832790063503496,3.1500792553480665,-0.5818232917691116,-3.139100001853116,25.108855577780485,-0.12501963170361932,-6.603805588826507,7.901928205562246,-0.8357206723869436,-0.11901712224840644,4.691186306020372,-0.02537036244442157,296.2995836889959,1221.6993159813917,0.24253069439467398,-0.2736329504235986,1.2854063782516787,-0.21287644294976354,0.8197243092483184,2.3401797705708023,0.3502824737117963,4.49180380404335,7.463055899534399,0.601871842129943,-4.35492935326738,284.82291920124334,-0.015289954018413893,-0.5907170046508501,0.825430022335082,-0.7156467211272921,-3.232031065514157,8.003458579078341,-0.40382924828694516,-0.24854829475756457,0.48434402378846536,-0.5131637212115067,0.9718922420461791,1.3460363928046728,0.722039556435423,IG,NIP,0.0,-5984.0,0.07499999999999996,0.0,-1.0,-1.0,-3.0,6.0,-1.0,-11.200000000000003,0.0,-1.0,-0.39999999999999997,0.0,23.771064522999076,7.683836647402577,0.7195545807913462,8.0,1.1,23.71520381949903,7.683836647402577,0.6636938772913012,8.0,1.15,23.71520381949903,7.683836647402577,0.6636938772913012,8.0,1.15,23.994507336999245,7.683836647402577,0.9429973947915151,8.0,0.9,23.32159266277409,7.916598000868199,-0.42820133983050823,5.0,1.0,23.69996019362645,7.7277538839055255,0.5166985419098734,7.433962264150943,25.720427720997534,7.7607977441314695,2.438034488603126,7.0,1.1,25.011179549474228,7.9958144271891864,1.0237362679066706,4.0,1.15,25.011179549474228,7.9958144271891864,1.0237362679066706,4.0,1.15,25.589440862634344,7.7607977441314695,2.3070476302399356,7.0,0.9,26.13503427056602,7.9958144271891864,2.147590988998463,4.0,1.0,25.468625378080176,7.90712888641269,1.7472387188421103,5.132075471698113,-1.7686651844537273,-0.17937500250716454,-1.2305401769322368,2.30188679245283,-2.8134416077919298,-0.07921642632098713,-2.575792328828971,1.0,-1.295975729975197,-0.31197777978660923,-0.36004239061536936,4.0,-1.295975729975197,-0.31197777978660923,-0.36004239061536936,4.0,-1.9493631979984585,-0.07696109672889229,-1.7184799078117798,1.0,-1.5949335256350992,-0.07696109672889229,-1.3640502354484205,1.0,0.4558982754779619
2024-06-14__IG__NIP__G2,2024-06-14__IG__NIP__G2,2024-06-14,0.0,0.38028317116732246,1.2372145438177267,0.30737018546814177,7.8368434225163455,6.761859462395603,1.1589773947716004,47.358705302410954,63.362072928598394,0.7474298482682029,241.36842809308803,202.97771873758262,1.1891375487178513,-0.1953077202797342,0.9779640325261914,-0.19970828586297493,-3.8665813869121166,21.859378466990375,-0.17688431607818517,-1.33682670310208,2.098121376743199,-0.637153827593776,-0.5340381793692495,3.1500792553480665,-0.16953161065105662,-12.215625799530613,25.108855577780485,-0.4865066540043307,0.6710774283251872,7.901928205562246,0.08492577076656282,-2.358530865746549,4.691186306020372,-0.5027577693859634,461.89353754989804,1221.6993159813917,0.37807464662512646,-0.13737544492689224,1.2854063782516787,-0.10687307950086666,-0.6857139848856662,2.3401797705708023,-0.2930175281794197,2.4018815515963183,7.463055899534399,0.3218361569434323,173.30687708515745,284.82291920124334,0.6084723692977603,0.5716343295383108,0.825430022335082,0.6925282840971987,4.573332628538473,8.003458579078341,0.5714194697120126,0.3338917849829348,0.48434402378846536,0.6893676379108624,-1.4128050873702378,1.3460363928046728,-1.0496031498994574,NIP,IG,0.0,-1320.0,0.30000000000000004,0.0,1.0,-1.0,-3.0,0.0,-1.0,14.200000000000003,0.0,-1.0,-0.5,0.0,26.304219881798197,7.679767121048325,3.2649185186532215,8.0,1.1,25.639990005922773,7.912329990865322,1.9030000333268084,5.0,1.15,25.639990005922773,7.912329990865322,1.9030000333268084,5.0,1.15,26.06708899419852,7.679767121048325,3.0277876310535454,8.0,0.9,26.681825971825624,7.912329990865322,2.94483599922966,5.0,1.0,26.046948103812205,7.8245704173494754,2.573236851763784,6.132075471698114,23.193061623359217,7.603609576457591,0.3822328939864441,9.0,1.1,23.110928060784634,7.603609576457591,0.30009933141186096,9.0,1.15,23.110928060784634,7.603609576457591,0.30009933141186096,9.0,1.15,23.521595873657542,7.603609576457591,0.7107671442847696,9.0,0.9,22.780218156336876,7.833940664617657,-0.7216038375160956,6.0,1.0,23.135312597760088,7.647068272336848,0.19410778074954071,8.433962264150944,2.911635506052118,0.1775021450126273,2.379129071014243,-2.30188679245283,3.901607815488749,0.07838932624766493,3.666439836745756,-1.0,2.529061945138139,0.30872041440773135,1.6029007019149475,-4.0,2.529061945138139,0.30872041440773135,1.6029007019149475,-4.0,3.11115825843898,0.07615754459073454,2.8826856246667774,-1.0,2.5454931205409785,0.07615754459073454,2.317020486768776,-1.0,0.5722809654915145
2024-06-14__IG__NIP__G3,2024-06-14__IG__NIP__G3,2024-06-14,0.0,0.005349893331016098,1.2372145438177267,0.004324140088401826,-6.9402382754025815,6.761859462395603,-1.0263799902407011,-5.094037833935715,63.362072928598394,-0.08039569285052281,-161.00823012279534,202.97771873758262,-0.7932310518166868,-0.028248310784076303,0.9779640325261914,-0.028884786106419168,-0.8819437038902862,21.859378466990375,-0.04034623696533107,-0.930618179244636,2.098121376743199,-0.4435480930760501,-0.2540997204875022,3.1500792553480665,-0.08066452277084145,2.350763489900899,25.108855577780485,0.09362288093919634,3.88289670455746,7.901928205562246,0.49138591393912395,-0.9190290726407939,4.691186306020372,-0.19590543133107696,804.863631537534,1221.6993159813917,0.6588066477160789,-0.000705441009543506,1.2854063782516787,-0.0005488073442545488,-0.021708038264026897,2.3401797705708023,-0.00927622281877481,-3.3019258104021247,7.463055899534399,-0.44243610290685625,-97.47668890287116,284.82291920124334,-0.34223611229741774,-0.5022904293011679,0.825430022335082,-0.6085189624691184,-5.8538108624348055,8.003458579078341,-0.7314100614360717,-0.3373435739469226,0.48434402378846536,-0.6964943529475701,0.2380421215527022,1.3460363928046728,0.17684658897677827,NIP,IG,0.0,-1596.0,-0.0865999999999999,1.0,1.0,1.0,-3.0,0.0,-1.0,-1.5999999999999943,0.0,,-0.6000000000000001,0.0,25.579047432238916,7.608520459660435,2.7534860532576104,9.0,1.1,24.858896922408444,7.83892579946694,1.3421195240076251,6.0,1.15,24.858896922408444,7.83892579946694,1.3421195240076251,6.0,1.15,25.473766080922744,7.608520459660435,2.648204701941438,9.0,0.9,26.002614594856645,7.83892579946694,2.485837196455826,6.0,1.0,25.328569653714972,7.751980388219203,2.0726284890573643,7.132075471698113,23.911042793249102,7.533069443107083,1.3118344639278519,10.0,1.1,23.861544738396788,7.533069443107083,1.2623364090755373,10.0,1.15,23.861544738396788,7.533069443107083,1.2623364090755373,10.0,1.15,24.10903501265836,7.533069443107083,1.50982668333711,10.0,0.9,23.45270042540947,7.761263705919898,0.16890930764977696,7.0,1.0,23.83670413352616,7.576124964392519,1.108329240348594,9.433962264150944,1.4918655201888136,0.1758554238266843,0.9642992487087703,-2.301886792452831,2.549914169447174,0.07766209354704223,2.316927888806049,-1.0,0.9973521840116568,0.30585635635985753,0.07978311493208778,-4.0,0.9973521840116568,0.30585635635985753,0.07978311493208778,-4.0,1.6680046389898138,0.07545101655335262,1.4416515893297586,-1.0,1.3647310682643834,0.07545101655335262,1.1383780186043282,-1.0,0.5372276168375125
2024-06-14__LGD__RNG__G1,2024-06-14__LGD__RNG__G1,2024-06-14,0.0,-0.703209483430018,1.2372145438177267,-0.5683807376523057,1.043553050769372,6.761859462395603,0.15432927913446773,-27.1699981924383,63.362072928598394,-0.4288053800615127,64.81618370301169,202.97771873758262,0.31932659302118743,-0.34995571574809947,0.9779640325261914,-0.35784072447265863,10.577825328883321,21.859378466990375,0.48390327570170905,-0.3911224200898715,2.098121376743199,-0.1864154466990574,0.1294324709811474,3.1500792553480665,0.04108862647591365,-2.0292366952201064,25.108855577780485,-0.08081756685869294,-0.34113789636177216,7.901928205562246,-0.04317146958512889,-1.2507432438734778,4.691186306020372,-0.2666154988670679,364.5803794306084,1221.6993159813917,0.29842071151469873,0.08184833671031733,1.2854063782516787,0.0636750170375105,-1.4521113110032182,2.3401797705708023,-0.6205124532533562,0.8049946731656483,7.463055899534399,0.10786393350637188,27.267293632927476,284.82291920124334,0.09573419728181147,0.13680844006393,0.825430022335082,0.16574182016676484,3.0276351066217444,8.003458579078341,0.37829079746166466,0.3536442386683012,0.48434402378846536,0.7301494209688693,0.15415385529806436,1.3460363928046728,0.11452419978977067,RNG,LGD,0.0,-2158.0,-0.29999999999999993,0.0,-1.0,-1.0,-3.0,-6.0,1.0,-17.1,0.0,,-0.3333333333333333,0.0,22.444696357976497,7.99576262188448,-1.542591507676942,4.0,1.1,22.328546192429975,7.99576262188448,-1.6587416732234637,4.0,1.15,23.617152308020692,8.164748416926336,-0.877092942758317,2.0,1.15,22.909297020162587,7.99576262188448,-1.0779908454908522,4.0,0.9,25.0,8.333333333333334,0.0,0.0,1.0,23.23492199762995,8.096121938063156,-1.053443816559519,2.811320754716981,23.81901207206811,8.156225868382544,-0.6496655330795242,2.0,1.1,22.49636516045521,7.9862614031982515,-1.4624190491395446,4.0,1.15,22.49636516045521,7.9862614031982515,-1.4624190491395446,4.0,1.15,23.04063360383451,7.9862614031982515,-0.9181506057602427,4.0,0.9,22.822926226482792,7.9862614031982515,-1.1358579831119613,4.0,1.0,22.92491502231241,8.021537046915745,-1.139696118434832,3.5849056603773586,0.31000697531754184,0.07458489114741162,0.08625230187531296,-0.7735849056603774,2.1770737735172077,0.3470719301350824,1.1358579831119613,-4.0,-0.16781896802523377,0.009501218686228441,-0.1963226240839191,0.0,1.1207871475654834,0.17848701372808495,0.5853261063812276,-2.0,-1.3743157140916118,-0.16046324649806376,-0.8929259745974178,2.0,-0.13133658367192425,0.009501218686228441,-0.15984023973060957,0.0,0.5077495537548538
2024-06-14__LGD__RNG__G2,2024-06-14__LGD__RNG__G2,2024-06-14,0.0,-0.44855656444958125,1.2372145438177267,-0.36255328886788146,4.680497734278664,6.761859462395603,0.6921908194213829,-20.25680394736287,63.362072928598394,-0.31969919371941496,105.93201084568398,202.97771873758262,0.5218898457556669,0.7216476120628075,0.9779640325261914,0.7379073771162474,9.884635768873494,21.859378466990375,0.452191965641119,0.32179629922384834,2.098121376743199,0.15337346514713557,-0.16651752217262983,3.1500792553480665,-0.05286135865583861,-1.1091477921080042,25.108855577780485,-0.0441735683451838,0.6782233906130237,7.901928205562246,0.08583010211425528,0.043779053652936106,4.691186306020372,0.009332190508947031,-70.87066681595026,1221.6993159813917,-0.058009909501348864,-1.3390777018548228,1.2854063782516787,-1.04175355183984,-1.9096543047865175,2.3401797705708023,-0.8160285430944407,-5.132189769352948,7.463055899534399,-0.6876793033258439,-86.052092323708,284.82291920124334,-0.3021248860973245,0.16400514268136535,0.825430022335082,0.1986903063291796,1.371716801156225,8.003458579078341,0.17139048277847224,-0.05589362014650345,0.48434402378846536,-0.11540042201592772,-0.3352899384758299,1.3460363928046728,-0.24909407440546844,LGD,RNG,0.0,-4522.0,-0.050000000000000044,-1.0,-1.0,-1.0,-4.0,0.0,-1.0,-10.0,0.0,-1.0,-1.0,0.0,24.50232987949229,8.075295680806756,0.2764428370720218,3.0,1.1,23.195856224933717,7.907017688786713,-0.5251968414264212,5.0,1.15,23.195856224933717,7.907017688786713,-0.5251968414264212,5.0,1.15,23.588061393426386,7.907017688786713,-0.13299167293375191,5.0,0.9,23.43117932602932,7.907017688786713,-0.2898737403308189,5.0,1.0,23.578012597151346,7.941943309772004,-0.247817332164668,4.584905660377359,21.774821948949885,7.916424631588129,-1.9744519458145007,5.0,1.1,21.62822294662943,7.916424631588129,-2.1210509481349575,5.0,1.15,22.902028137521107,8.08373366432459,-1.3491728554526645,3.0,1.15,22.361217958231723,7.916424631588129,-1.3880559365326626,5.0,0.9,22.676996689069547,7.99576262188448,-1.3102911765838918,4.0,1.0,22.257393536244543,7.967696967049125,-1.6456973649028313,4.377358490566038,1.3206190609068038,-0.025753657277121533,1.3978800327381633,0.20754716981132137,0.7541826369597722,-0.08874493309776721,1.020417436253073,1.0,1.5676332783042888,-0.009406942801415852,1.5958541067085363,0.0,0.29382808741261,-0.17671597553787777,0.8239760140262433,2.0,2.727507930542405,0.15887104921862694,2.2508947828865224,-2.0,1.226843435194663,-0.009406942801415852,1.2550642635989107,0.0,0.5329675766126866
2024-06-14__LGD__RNG__G3,2024-06-14__LGD__RNG__G3,2024-06-14,0.0,0.06790199873099301,1.2372145438177267,0.05488291758885039,9.230740601260019,6.761859462395603,1.3651184688880338,33.73323438913758,63.362072928598394,0.5323884194060783,288.70202123290966,202.97771873758262,1.422333552698073,-2.2630240810517446,0.9779640325261914,-2.3140132886000067,-10.612918003787783,21.859378466990375,-0.48550865864304343,-0.611527616884807,2.098121376743199,-0.29146422709339187,0.3110561243708796,3.1500792553480665,0.09874546016495367,-4.194716635231245,25.108855577780485,-0.16706123682841315,2.544130866234749,7.901928205562246,0.321963257332641,0.1957951222853893,4.691186306020372,0.04173679486941787,-131.09672646917744,1221.6993159813917,-0.10730686728473814,1.3131444531267782,1.2854063782516787,1.0215784313552219,2.374797994066885,2.3401797705708023,1.014792542495612,2.2587862197065185,7.463055899534399,0.3026623339622988,0.424628245991471,284.82291920124334,0.0014908499838827837,-0.07457699580298316,0.825430022335082,-0.09034915551394043,0.21888120985951787,8.003458579078341,0.02734832452102216,0.09612811796537102,0.48434402378846536,0.19847033260189823,-0.15121195221482076,1.3460363928046728,-0.1123385969982214,RNG,LGD,0.0,-2218.0,-1.1102230246251565e-16,0.0,1.0,1.0,-2.0,0.0,-1.0,-22.200000000000003,0.0,0.0,-0.75,0.0,22.47098956142008,7.839870238627651,-1.0486211544628752,6.0,1.1,22.35603454148463,7.839870238627651,-1.163576174398326,6.0,1.15,23.64522160735352,8.005561338770296,-0.3714624089573668,4.0,1.15,22.930809641161883,7.839870238627651,-0.5888010747210721,6.0,0.9,23.316219023232957,7.918441004833773,-0.43910399126836097,5.0,1.0,22.938392601698986,7.890646753980513,-0.7335476602425539,5.377358490566038,23.792191202536262,7.997204953288959,-0.19942365733061607,4.0,1.1,22.46890947530368,7.830554264013175,-1.022753316735848,6.0,1.15,22.46890947530368,7.830554264013175,-1.022753316735848,6.0,1.15,23.019146545889836,7.830554264013175,-0.47251624614969145,6.0,0.9,22.799051717655374,7.830554264013175,-0.6926110743841534,6.0,1.0,22.899280325461245,7.86514214291947,-0.6961461032971704,5.584905660377359,0.039112276237741384,0.025504611061043292,-0.037401556945383496,-0.20754716981132137,0.5171673055775834,0.08788674082059789,0.2535070831157924,-1.0,-0.11287493381905023,0.009315974614476197,-0.14082285766247793,0.0,1.1763121320498406,0.1750070747571204,0.6512909077784812,-2.0,-1.3212016411161827,-0.15733471466130755,-0.8491974971322591,2.0,-0.08833690472795297,0.009315974614476197,-0.11628482857138067,0.0,0.500977805659429
2024-06-15__EDG__TT__G1,2024-06-15__EDG__TT__G1,2024-06-15,1.0,-0.6385444559899502,1.2372145438177267,-0.516114155840273,-2.3695470426130996,6.761859462395603,-0.35042826686394124,13.31918857492974,63.362072928598394,0.21020758553356222,-95.32587210458297,202.97771873758262,-0.4696371218862046,0.06176901783966038,0.9779640325261914,0.06316076320244723,1.4620779871325311,21.859378466990375,0.06688561261953478,0.6073985837975968,2.098121376743199,0.2894962612907396,0.9450165924359761,3.1500792553480665,0.2999976241340419,-9.186550184155749,25.108855577780485,-0.36586891783376463,-1.7881955141175077,7.901928205562246,-0.22629859969623356,-0.03903646930139537,4.691186306020372,-0.008321234424235938,-160.6221408334881,1221.6993159813917,-0.13147436410978577,0.2973358755181206,1.2854063782516787,0.23131645309406584,1.5398100603958653,2.3401797705708023,0.657987656235755,2.640009475023284,7.463055899534399,0.3537437152848168,94.63414463278662,284.82291920124334,0.33225607182849715,0.18361597631675064,0.825430022335082,0.22244860121359977,-0.5649734080768809,8.003458579078341,-0.07059114905181316,-0.06400709411330263,0.48434402378846536,-0.13215185656838158,0.7323453276124461,1.3460363928046728,0.5440750246072241,EDG,TT,1.0,-698.0,0.0,0.0,-1.0,1.0,4.0,-4.0,-1.0,0.0,0.0,,0.5,1.0,25.102853204580374,8.00737270118314,1.0807351010309532,4.0,1.1,25.10752835024312,8.00737270118314,1.085410246693698,4.0,1.15,25.10752835024312,8.00737270118314,1.085410246693698,4.0,1.15,25.084152621929395,8.00737270118314,1.0620345183799742,4.0,0.9,25.093502913254888,8.00737270118314,1.0713848097054672,4.0,1.0,25.0999422648281,8.00737270118314,1.0778241612786787,4.0,23.125031424395285,7.917615480615495,-0.6278150174511978,5.0,1.1,23.039805580049617,7.917615480615495,-0.7130408617968662,5.0,1.15,23.039805580049617,7.917615480615495,-0.7130408617968662,5.0,1.15,24.41905118908543,8.088396138173493,0.15386277456494923,3.0,0.9,23.29548311308663,7.917615480615495,-0.45736332875985397,5.0,1.0,23.339946525323104,7.946615969634778,-0.4999013835812283,4.660377358490566,1.7599957395049977,0.06075673154836192,1.577725544859907,-0.6603773584905657,1.7980198001682588,0.08975722056764557,1.5287481384653212,-1.0,2.0677227701935017,0.08975722056764557,1.798451108490564,-1.0,2.0677227701935017,0.08975722056764557,1.798451108490564,-1.0,1.9778217801850886,0.08975722056764557,1.708550118482151,-1.0,0.6651014328439651,-0.0810234369903533,0.908171743815025,1.0,0.5438866663635007
2024-06-15__EDG__TT__G2,2024-06-15__EDG__TT__G2,2024-06-15,0.0,0.07199329344990435,1.2372145438177267,0.05818977445736876,6.418774604907288,6.761859462395603,0.9492616182489565,21.334014200641832,63.362072928598394,0.336700061691206,162.75164509889925,202.97771873758262,0.8018202456373578,0.8433991419127596,0.9779640325261914,0.8624021451300429,2.689804214308566,21.859378466990375,0.12305034634539429,-0.2868839888077801,2.098121376743199,-0.13673367768618647,-1.0644986361097697,3.1500792553480665,-0.337927465277277,-7.1604181505953335,25.108855577780485,-0.28517499904522864,-5.330022795530311,7.901928205562246,-0.6745217094299523,-1.528731499505854,4.691186306020372,-0.32587304658331956,98.1083270792355,1221.6993159813917,0.08030480635910008,-1.289795008235668,1.2854063782516787,-1.0034134159008463,-1.3220900591768654,2.3401797705708023,-0.5649521078896779,-1.0120704642393221,7.463055899534399,-0.13561071258916205,27.958077901119736,284.82291920124334,0.09815950865669726,-0.6609098812647094,0.825430022335082,-0.8006845676759825,-6.12071639090955,8.003458579078341,-0.7647588309072709,-0.36328641208921186,0.48434402378846536,-0.7500570755277852,0.2528618965366842,1.3460363928046728,0.18785651712825613,TT,EDG,0.0,-846.0,-0.13319999999999999,1.0,1.0,1.0,0.0,4.0,1.0,0.5999999999999943,0.0,,-0.75,0.0,22.52916197582823,7.834964548319417,-0.9757316691300204,6.0,1.1,22.416851156547697,7.834964548319417,-1.0880424884105544,6.0,1.15,22.416851156547697,7.834964548319417,-1.0880424884105544,6.0,1.15,23.92100577002752,8.00396244936444,-0.090881578065801,4.0,0.9,22.753783614389306,7.834964548319417,-0.7511100305689453,6.0,1.0,22.75915559261978,7.863662305100647,-0.8318313226821631,5.660377358490567,25.705477664887454,7.923784805229459,1.9341232491990787,5.0,1.1,25.737544831473247,7.923784805229459,1.9661904157848724,5.0,1.15,25.737544831473247,7.923784805229459,1.9661904157848724,5.0,1.15,25.57720899854428,7.923784805229459,1.805854582855904,5.0,0.9,25.64134333171587,7.923784805229459,1.869988916027495,5.0,1.0,25.685511315881204,7.923784805229459,1.9141569001928307,5.0,-2.9263557232614232,-0.06012250012881193,-2.7459882228749937,0.6603773584905666,-2.887559717326564,-0.0888202569100418,-2.6210989465964403,1.0,-3.3206936749255505,-0.0888202569100418,-3.054232904195427,1.0,-3.3206936749255505,-0.0888202569100418,-3.054232904195427,1.0,-3.176315689059223,-0.0888202569100418,-2.909854918329099,1.0,-1.656203228516759,0.08017764413498174,-1.896736160921705,-1.0,0.4273587581097883
2024-06-15__FPX__JDG__G1,2024-06-15__FPX__JDG__G1,2024-06-15,0.0,0.3590800264638565,1.2372145438177267,0.29023239180767857,-4.400352280114639,6.761859462395603,-0.6507605864667125,-22.53456223726681,63.362072928598394,-0.35564748500278914,-111.52774149572781,202.97771873758262,-0.5494580471192363,0.593064114672833,0.9779640325261914,0.6064267074466693,2.6894293104694924,21.859378466990375,0.12303319563717588,0.6245347202183602,2.098121376743199,0.2976636287478099,-1.439416774312003,3.1500792553480665,-0.4569460641100254,2.4169784408293253,25.108855577780485,0.09625999628227498,1.7725773404029184,7.901928205562246,0.2243220983497528,1.2190686669883695,4.691186306020372,0.2598635670385393,-713.092783098268,1221.6993159813917,-0.5836892704992234,-0.45580654287570077,1.2854063782516787,-0.35460084529439767,0.07226263151581236,2.3401797705708023,0.030879080977230022,4.35064178116783,7.463055899534399,0.5829570697014592,9.359106583389803,284.82291920124334,0.03285938707733588,0.03671157255735791,0.825430022335082,0.044475639470762364,-1.4046222273792779,8.003458579078341,-0.17550188309204043,-0.15277815290423646,0.48434402378846536,-0.31543248180652594,0.39789304676897785,1.3460363928046728,0.2956032639924716,FPX,JDG,0.0,-4940.0,0.13339999999999985,-1.0,-1.0,1.0,-1.0,-6.0,-1.0,-19.599999999999994,0.0,1.0,-0.8333333333333333,0.0,24.297802682992184,7.932492114380101,0.5003263398518811,5.0,1.1,24.26588462312819,7.932492114380101,0.46840827998788725,5.0,1.15,24.26588462312819,7.932492114380101,0.46840827998788725,5.0,1.15,24.425474922448146,7.932492114380101,0.6279985793078424,5.0,0.9,25.018344212892536,8.008880493827654,0.9917027314095748,4.0,1.0,24.4415828731287,7.946905016162657,0.6008678246407252,4.811320754716982,27.49864043920354,7.992355636006832,3.5215735311830443,4.0,1.1,27.612215004621884,7.992355636006832,3.6351480966013874,4.0,1.15,27.612215004621884,7.992355636006832,3.6351480966013874,4.0,1.15,27.044342177530172,7.992355636006832,3.0672752695096754,4.0,0.9,25.0,8.333333333333334,0.0,0.0,1.0,26.999340934628563,8.056691050596738,2.8292677828383486,3.2452830188679247,-2.5577580614998645,-0.10978603443408108,-2.2283999581976235,1.566037735849057,0.018344212892536405,-0.32445283950568005,0.9917027314095748,4.0,-3.3463303814936936,-0.05986352162673114,-3.1667398166135,1.0,-3.3463303814936936,-0.05986352162673114,-3.1667398166135,1.0,-3.2008377562113566,-0.05986352162673114,-3.021247191331163,1.0,-2.6188672550820264,-0.05986352162673114,-2.439276690201833,1.0,0.4364023906637136
2024-06-15__FPX__JDG__G2,2024-06-15__FPX__JDG__G2,2024-06-15,1.0,0.02266266938929462,1.2372145438177267,0.01831747871463326,0.48386367558515886,6.761859462395603,0.07155777293483735,44.17834715701167,63.362072928598394,0.697236444734992,69.64130040714463,202.97771873758262,0.3430982498826944,0.2688580947370953,0.9779640325261914,0.27491585669745805,-9.891371625200108,21.859378466990375,-0.45250011054234024,-0.024110977355224605,2.098121376743199,-0.011491692583085052,0.6837738469887173,3.1500792553480665,0.21706553216472388,-7.954665651315885,25.108855577780485,-0.3168071643037376,-2.386502020536298,7.901928205562246,-0.30201511029185324,0.4902688086459275,4.691186306020372,0.10450847017273167,151.74759233278968,1221.6993159813917,0.12421026206982892,-0.7938508206153898,1.2854063782516787,-0.6175869487345952,0.026098364707888067,2.3401797705708023,0.011152285770437432,0.05046499736151233,7.463055899534399,0.006761974086605277,-2.2356641239852024,284.82291920124334,-0.007849312556747822,-0.2806177812362729,0.825430022335082,-0.339965149895174,-2.692712286113,8.003458579078341,-0.33644354163441487,0.018665320545375952,0.48434402378846536,0.0385372402494795,0.4521425825886993,1.3460363928046728,0.33590640572517216,JDG,FPX,1.0,13254.0,-0.08579999999999999,2.0,1.0,1.0,2.0,2.0,1.0,18.200000000000003,0.0,,1.0,1.0,28.07414115179056,7.90734913253261,4.35209375419273,5.0,1.1,28.21387484050831,7.90734913253261,4.4918274429104805,5.0,1.15,28.21387484050831,7.90734913253261,4.4918274429104805,5.0,1.15,27.51520639691955,7.90734913253261,3.7931589993217187,5.0,0.9,25.54550298832964,8.244700199221977,0.8114023906637087,1.0,1.0,27.56276531050867,7.9710002771909805,3.6497644789357286,4.245283018867925,23.726612526757158,7.848122317890764,0.1822455730848631,6.0,1.1,23.66873127797339,7.848122317890764,0.12436432430109434,6.0,1.15,23.66873127797339,7.848122317890764,0.12436432430109434,6.0,1.15,23.958137521892215,7.848122317890764,0.4137705682199204,6.0,0.9,24.494080023785582,7.923698232360703,0.7229853267034727,5.0,1.0,23.885615002313255,7.862381924394525,0.29846922912967316,5.811320754716981,3.677150308195415,0.10861835279645504,3.3512952498060553,-1.566037735849056,1.0514229645440594,0.32100196686127447,0.08841706396023596,-4.0,4.545143562534921,0.059226814641845316,4.367463118609386,-1.0,4.545143562534921,0.059226814641845316,4.367463118609386,-1.0,4.3475286250334015,0.059226814641845316,4.1698481811078665,-1.0,3.5570688750273334,0.059226814641845316,3.3793884311017983,-1.0,0.5909067341533332
2024-06-16__LNG__RA__G1,2024-06-16__LNG__RA__G1,2024-06-16,0.0,-0.7411427097171286,1.2372145438177267,-0.5990408974576525,6.083628307432857,6.761859462395603,0.8996974044740254,-20.159526953624606,63.362072928598394,-0.31816393788407277,162.9006356127859,202.97771873758262,0.8025542696183112,-0.3560391029249521,0.9779640325261914,-0.36406117916635927,-2.9983638406981896,21.859378466990375,-0.1371660089997517,0.10489664446976832,2.098121376743199,0.04999548435901706,0.12952249096355928,3.1500792553480665,0.04111720352002516,-3.689390519239808,25.108855577780485,-0.1469358235334639,4.62632364265696,7.901928205562246,0.5854676145921992,-1.3245343999775754,4.691186306020372,-0.28234523875816087,851.9470661824432,1221.6993159813917,0.6973459462083169,6.825773526456156,1.2854063782516787,5.3102025411897795,6.355304375010707,2.3401797705708023,2.7157322438217286,5.618042162712722,7.463055899534399,0.7527802934295219,134.54247579033358,284.82291920124334,0.4723723627834157,0.14899219350698312,0.825430022335082,0.18050229452910002,3.2968686794018396,8.003458579078341,0.4119304466808464,0.27294679630949026,0.48434402378846536,0.5635379386672466,-1.7162836437709732,1.3460363928046728,-1.2750638674270678,RA,LNG,0.0,4760.0,0.039000000000000035,1.0,1.0,-1.0,1.0,0.0,1.0,-10.0,0.0,0.0,-0.25,0.0,25.10332487923008,7.692687400358793,2.0252626781537018,8.0,1.1,25.108021464649628,7.692687400358793,2.02995926357325,8.0,1.15,25.108021464649628,7.692687400358793,2.02995926357325,8.0,1.15,25.084538537551882,7.692687400358793,2.0064763364755045,8.0,0.9,25.09393170839098,7.692687400358793,2.0158695073146013,8.0,1.0,25.100400590195264,7.692687400358793,2.0223383891188873,8.0,24.28779148303241,7.765403449275195,0.9915811352068253,7.0,1.1,24.255418368624795,7.765403449275195,0.9592080207992097,7.0,1.15,24.255418368624795,7.765403449275195,0.9592080207992097,7.0,1.15,24.41728394066288,7.765403449275195,1.1210735928372948,7.0,0.9,24.352537711847642,7.765403449275195,1.0563273640220565,7.0,1.0,24.307948327852248,7.765403449275196,1.0117379800266628,6.999999999999999,0.7924522623430157,-0.07271604891640315,1.0106004090922245,1.0000000000000009,0.7413939965433372,-0.07271604891640226,0.9595421432925448,1.0,0.8526030960248328,-0.07271604891640226,1.0707512427740404,1.0,0.8526030960248328,-0.07271604891640226,1.0707512427740404,1.0,0.8155333961976687,-0.07271604891640226,1.0336815429468764,1.0,0.667254596889002,-0.07271604891640226,0.8854027436382097,1.0,0.5198009454684706
2024-06-16__LNG__RA__G2,2024-06-16__LNG__RA__G2,2024-06-16,0.0,0.013295775647929275,1.2372145438177267,0.010746531365829723,7.226169279380876,6.761859462395603,1.0686658382803684,23.976425979275348,63.362072928598394,0.3784034279921765,212.38744527140454,202.97771873758262,1.046358415820156,0.9158110815056979,0.9779640325261914,0.9364456305150881,5.075305115554585,21.859378466990375,0.23217974340116795,0.5534723543141915,2.098121376743199,0.2637941239506327,1.755040349063377,3.1500792553480665,0.5571414715811597,-1.2091635397510458,25.108855577780485,-0.04815685397721646,-2.1053503120153856,7.901928205562246,-0.2664349752125606,0.5071882607322058,4.691186306020372,0.10811511620550998,-345.6324952472938,1221.6993159813917,-0.28291126175079806,0.018625026639078612,1.2854063782516787,0.014489590579767073,0.3711820055111268,2.3401797705708023,0.15861253548399612,-8.274982677954082,7.463055899534399,-1.1087926555230119,-366.4431289789395,284.82291920124334,-1.2865647494942716,-0.6429311983139581,0.825430022335082,-0.7789036041983911,-3.18455971126739,8.003458579078341,-0.39789789400474695,-0.2843832550651102,0.48434402378846536,-0.5871501535015519,0.10430622206259343,1.3460363928046728,0.07749132573891995,RA,LNG,0.0,-9740.0,-0.25,-2.0,-1.0,1.0,4.0,6.0,-1.0,6.799999999999997,0.0,,-0.5,0.0,24.443544958886598,7.61728375119241,1.5916937053093676,9.0,1.1,24.418251547926896,7.61728375119241,1.5664002943496662,9.0,1.15,24.418251547926896,7.61728375119241,1.5664002943496662,9.0,1.15,24.544718602725396,7.61728375119241,1.692867349148166,9.0,0.9,24.494131780805997,7.61728375119241,1.6422805272287668,9.0,1.0,24.45929368646528,7.61728375119241,1.6074424328880477,9.0,24.953808052087176,7.68928703808484,1.8859469378326565,8.0,1.1,24.95170841809114,7.68928703808484,1.883847303836621,8.0,1.15,24.95170841809114,7.68928703808484,1.883847303836621,8.0,1.15,24.962206588071325,7.68928703808484,1.8943454738168057,8.0,0.9,24.958007320079247,7.68928703808484,1.8901462058247276,8.0,1.0,24.955115371367732,7.6892870380848395,1.8872542571132083,8.0,-0.4958216849024524,-0.07200328689242941,-0.2798118242251606,1.0,-0.46387553927324987,-0.0720032868924303,-0.24786567859596076,1.0,-0.5334568701642439,-0.0720032868924303,-0.3174470094869548,1.0,-0.5334568701642439,-0.0720032868924303,-0.3174470094869548,1.0,-0.510263093200578,-0.0720032868924303,-0.29425323252328894,1.0,-0.4174879853459288,-0.0720032868924303,-0.20147812466863968,1.0,0.48760699667784996
2024-06-16__OMG__TES__G1,2024-06-16__OMG__TES__G1,2024-06-16,0.0,-1.2255923910078117,1.2372145438177267,-0.9906053938070897,3.823127090245233,6.761859462395603,0.5653957385702646,-96.52421884999853,63.362072928598394,-1.5233753074239644,50.83861811884026,202.97771873758262,0.2504640321340016,-1.2458416773121623,0.9779640325261914,-1.2739122932586004,4.272446996529425,21.859378466990375,0.1954514309512401,0.33997866871070315,2.098121376743199,0.16203948467411775,-1.3712768543961888,3.1500792553480665,-0.43531489461835005,19.55232139379887,25.108855577780485,0.7787021815681267,1.2829425391007305,7.901928205562246,0.1623581413761154,1.4756885842419,4.691186306020372,0.3145661189754873,-123.90346363118454,1221.6993159813917,-0.10141895138103917,-0.29021994784159055,1.2854063782516787,-0.22578052121991665,0.4191639792198032,2.3401797705708023,0.1791160685067775,6.432347571544163,7.463055899534399,0.8618918036046946,56.685548113125606,284.82291920124334,0.19902031786302202,-0.37054193566536586,0.825430022335082,-0.4489072080391778,-3.3043569216961686,8.003458579078341,-0.41286607235875994,0.11096370569356773,0.48434402378846536,0.2291005383427464,-0.6773536523888257,1.3460363928046728,-0.5032205316209357,OMG,TES,0.0,-4492.0,-0.04159999999999997,0.0,-1.0,-1.0,-3.0,-4.0,-1.0,-30.199999999999996,0.0,-1.0,-1.0,0.0,21.979869091923906,7.749046648915069,-1.2672708548213016,7.0,1.1,21.84259041428409,7.749046648915069,-1.4045495324611181,7.0,1.15,21.84259041428409,7.749046648915069,-1.4045495324611181,7.0,1.15,22.528983802483197,7.749046648915069,-0.7181561442620108,7.0,0.9,24.04162831526272,8.148602932622742,-0.4041804826055042,2.0,1.0,22.402552394616475,7.824434626973121,-1.07075148630289,6.0566037735849045,28.63157959236085,7.822295440377947,5.164693271227009,6.0,1.1,28.796651392013615,7.822295440377947,5.329765070879773,6.0,1.15,28.796651392013615,7.822295440377947,5.329765070879773,6.0,1.15,27.971292393749792,7.822295440377947,4.50440607261595,6.0,0.9,28.301435993055318,7.822295440377947,4.834549671921476,6.0,1.0,28.52879903786007,7.822295440377947,5.06191271672623,6.0,-6.126246643243597,0.0021391865951736477,-6.13266420302912,0.05660377358490454,-4.2598076777925975,0.32630749224479505,-5.23873015452698,-4.0,-6.954060977729526,-0.07324879146287788,-6.734314603340891,1.0,-6.954060977729526,-0.07324879146287788,-6.734314603340891,1.0,-6.651710500436945,-0.07324879146287788,-6.43196412604831,1.0,-5.442308591266595,-0.07324879146287788,-5.222562216877961,1.0,0.3514607092376225
2024-06-16__OMG__TES__G2,2024-06-16__OMG__TES__G2,2024-06-16,1.0,-0.6055758062994991,1.2372145438177267,-0.4894666974768593,2.3027752182083496,6.761859462395603,0.34055349574494453,24.474925335064484,63.362072928598394,0.3862709002019859,160.50488729877947,202.97771873758262,0.7907512583464152,1.7264280379230748,0.9779640325261914,1.7653269600688288,-6.636616653517152,21.859378466990375,-0.30360498858346086,-0.5826786601601448,2.098121376743199,-0.27771433478756613,0.2930906800186408,3.1500792553480665,0.09304228980231359,5.88244820211694,25.108855577780485,0.23427782081174017,6.179151286031992,7.901928205562246,0.7819800867973388,0.0004813899725419901,4.691186306020372,0.000102615807287039,676.46612932985,1221.6993159813917,0.5537091818969672,-8.169041293123826,1.2854063782516787,-6.355215810441967,-7.895512284722773,2.3401797705708023,-3.373889907999265,-6.304055005556435,7.463055899534399,-0.8447014528255479,-33.0122501145234,284.82291920124334,-0.11590447177213967,-2.000223509715484,0.825430022335082,-2.4232473163620663,-22.688741504584822,8.003458579078341,-2.834866757357648,-1.0811951435443772,0.48434402378846536,-2.232282960372857,5.441377650149885,1.3460363928046728,4.0425159651857445,TES,OMG,1.0,5270.0,0.10659999999999992,0.0,1.0,1.0,0.0,2.0,1.0,3.4000000000000057,0.0,,0.6666666666666667,1.0,29.08520246041219,7.732453303805693,5.88784254899511,7.0,1.1,29.270893481340018,7.732453303805693,6.073533569922937,7.0,1.15,29.270893481340018,7.732453303805693,6.073533569922937,7.0,1.15,28.342438376700887,7.732453303805693,5.145078465283806,7.0,0.9,28.713820418556537,7.732453303805693,5.516460507139456,7.0,1.0,28.969583522853352,7.732453303805692,5.772223611436275,6.999999999999999,21.530493995785292,7.660045803492775,-1.449643414693032,8.0,1.1,21.372789177411903,7.660045803492775,-1.6073482330664213,8.0,1.15,21.372789177411903,7.660045803492775,-1.6073482330664213,8.0,1.15,22.161313269278878,7.660045803492775,-0.8188241411994461,8.0,0.9,23.612041250363415,8.055013026293356,-0.5529978285166521,3.0,1.0,21.96192107474068,7.734567921002319,-1.241782688266275,7.056603773584905,7.007662448112672,-0.0021146171966268668,7.01400629970255,-0.056603773584906314,5.101779168193122,-0.3225597224876626,6.069458335656108,4.0,7.898104303928115,0.07240750031291832,7.680881802989358,-1.0,7.898104303928115,0.07240750031291832,7.680881802989358,-1.0,7.5547084646268985,0.07240750031291832,7.337485963688142,-1.0,6.181125107422009,0.07240750031291832,5.963902606483252,-1.0,0.6683576366076658
2024-06-17__AL__NIP__G1,2024-06-17__AL__NIP__G1,2024-06-17,1.0,0.7257177290762913,1.2372145438177267,0.5865734008133412,2.7896366780803916,6.761859462395603,0.4125546058801803,24.404342579359877,63.362072928598394,0.38515694115159016,129.73701068691105,202.97771873758262,0.6391687267678444,1.2219950966186017,0.9779640325261914,1.2495284145917303,-0.3219367066277954,21.859378466990375,-0.01472762331217813,0.1159239015019935,2.098121376743199,0.055251258356977175,0.9315626453422681,3.1500792553480665,0.29572663863427046,-3.05462559197953,25.108855577780485,-0.12165530447462318,-2.0542077324021513,7.901928205562246,-0.25996281148104616,1.2664070415759818,4.691186306020372,0.2699544825146409,297.47014379182656,1221.6993159813917,0.2434888353108226,-0.39743225933785986,1.2854063782516787,-0.30918778440374245,-0.9973875838161206,2.3401797705708023,-0.4262010851293526,-0.05950971923523696,7.463055899534399,-0.00797390667609001,11.093329712352329,284.82291920124334,0.038948163667847625,0.1549051838688098,0.825430022335082,0.1876658129840998,-2.415602341559591,8.003458579078341,-0.30181977152407463,0.12463789434504147,0.48434402378846536,0.25733286856163984,0.5870020013396786,1.3460363928046728,0.4360963554783356,AL,NIP,1.0,4422.0,-0.00020000000000003348,0.0,1.0,-1.0,2.0,6.0,1.0,19.400000000000006,0.0,,1.0,1.0,27.133961096992657,7.679914342901345,4.0942180682886224,8.0,1.1,27.230959328674142,7.679914342901345,4.191216299970108,8.0,1.15,27.230959328674142,7.679914342901345,4.191216299970108,8.0,1.15,26.74596817026672,7.679914342901345,3.706225141562687,8.0,0.9,26.939964633629693,7.679914342901345,3.900221604925658,8.0,1.0,27.073565971606072,7.679914342901344,4.033822942902039,8.0,24.90460872539545,7.535267725907557,2.298805547672778,10.0,1.1,24.13244984145558,7.763454786733073,0.8420854812563583,7.0,1.15,24.13244984145558,7.763454786733073,0.8420854812563583,7.0,1.15,24.92195259350536,7.535267725907557,2.3161494157826894,10.0,0.9,25.370921480984588,7.763454786733073,2.080557120785368,7.0,1.0,24.66044963177778,7.677346461893255,1.628410246098013,8.132075471698112,2.413116339828292,0.0025678810080886905,2.405412696804026,-0.13207547169811207,1.5690431526451043,-0.08354044383172798,1.81966448414029,1.0,3.098509487218564,-0.08354044383172798,3.34913081871375,1.0,3.098509487218564,-0.08354044383172798,3.34913081871375,1.0,2.2293523715972086,0.14464661699378745,1.7954125206158444,-2.0,1.8240155767613615,0.14464661699378745,1.3900757257799974,-2.0,0.5600368554828549
2024-06-17__AL__NIP__G2,2024-06-17__AL__NIP__G2,2024-06-17,1.0,-0.5793607452008631,1.2372145438177267,-0.468277939196517,8.631080917184885,6.761859462395603,1.2764358219434555,7.441865251667878,63.362072928598394,0.11744983694905543,205.4058487335406,202.97771873758262,1.0119625395294478,-0.8514539888441934,0.9779640325261914,-0.8706384794196517,2.941299198649034,21.859378466990375,0.13455547551524322,0.12891548174427925,2.098121376743199,0.06144326144807039,-0.11647958222195243,3.1500792553480665,-0.036976703061516784,4.280759957655505,25.108855577780485,0.1704880484857947,3.1235234422064693,7.901928205562246,0.39528618403817006,-0.44557175057842713,4.691186306020372,-0.09498059265436036,881.0582416423966,1221.6993159813917,0.7211743752295282,-7.105408341083277,1.2854063782516787,-5.527748215314865,-5.025801366539515,2.3401797705708023,-2.1476124535941947,-2.4877309255981928,7.463055899534399,-0.3333394022164558,-157.27690150601273,284.82291920124334,-0.5521918720406623,-2.5799735182443735,0.825430022335082,-3.1256076503471157,-26.01233079457558,8.003458579078341,-3.250135836579198,-1.352299556365689,0.48434402378846536,-2.7920170332054397,5.113148019645232,1.3460363928046728,3.798667144744927,NIP,AL,1.0,6492.0,0.0534,1.0,1.0,-1.0,2.0,0.0,1.0,-1.0,0.0,,1.0,1.0,24.35759411162309,7.455391110853632,1.9914207790621958,11.0,1.1,23.54325297985594,7.681159304734954,0.4997750656510789,8.0,1.15,23.54325297985594,7.681159304734954,0.4997750656510789,8.0,1.15,24.474395182237064,7.455391110853632,2.1082218496761698,11.0,0.9,24.858576383941422,7.681159304734954,1.8150984697365615,8.0,1.0,24.118559891397894,7.595963759874078,1.3306686117756625,9.132075471698114,27.691476175540316,7.598504420397076,4.895962914349088,9.0,1.1,27.81381600170124,7.598504420397076,5.018302740510013,9.0,1.15,27.81381600170124,7.598504420397076,5.018302740510013,9.0,1.15,27.202116870896624,7.598504420397076,4.406603609705396,9.0,0.9,27.446796523218474,7.598504420397076,4.6512832620272455,9.0,1.0,27.615302321515593,7.598504420397076,4.819789060324363,9.0,-3.496742430117699,-0.002540660522998728,-3.489120448548701,0.13207547169811384,-2.588220139277052,0.08265488433787738,-2.836184792290684,-1.0,-4.270563021845302,0.08265488433787738,-4.518527674858934,-1.0,-4.270563021845302,0.08265488433787738,-4.518527674858934,-1.0,-3.333882063917226,-0.1431133095434447,-2.904542135286892,2.0,-2.7277216886595603,-0.1431133095434447,-2.2983817600292262,2.0,0.41346141853204177
2024-06-17__AL__NIP__G3,2024-06-17__AL__NIP__G3,2024-06-17,1.0,-0.5871605822349535,1.2372145438177267,-0.47458228694987786,0.45579938206797266,6.761859462395603,0.0674073924776749,9.939815678331001,63.362072928598394,0.15687326916622088,76.14837181187664,202.97771873758262,0.3751563073539509,-0.5542334714174357,0.9779640325261914,-0.5667211536038151,5.404144450761692,21.859378466990375,0.2472231409369344,-1.0747839476670862,2.098121376743199,-0.5122598946470485,-0.6891159764647092,3.1500792553480665,-0.21876140307687675,-6.686367779966666,25.108855577780485,-0.26629519186802064,-4.862427780954288,7.901928205562246,-0.6153469177541577,-0.48536893368482925,4.691186306020372,-0.10346398513270566,168.34994045510422,1221.6993159813917,0.1377998154824772,-0.419067930706845,1.2854063782516787,-0.3260195466411839,-1.1577903688165634,2.3401797705708023,-0.4947439887450072,2.9572078922347025,7.463055899534399,0.3962461940252921,289.50486086808894,284.82291920124334,1.0164380755015696,0.06270751302150535,0.825430022335082,0.07596941637123175,1.7062612635769199,8.003458579078341,0.21319046428837077,0.15354078505482538,0.48434402378846536,0.31700704562597787,-0.18628795746804272,1.3460363928046728,-0.13839731233608865,AL,NIP,1.0,5652.0,0.0,1.0,1.0,1.0,3.0,6.0,1.0,-0.5999999999999943,0.0,,1.0,1.0,26.956101534877394,7.529095014131297,4.368816492483504,10.0,1.1,27.045015241008187,7.529095014131297,4.457730198614296,10.0,1.15,27.045015241008187,7.529095014131297,4.457730198614296,10.0,1.15,26.600446710354234,7.529095014131297,4.013161667960343,10.0,0.9,26.778274122615816,7.529095014131297,4.190989080221925,10.0,1.0,26.900740170682756,7.529095014131297,4.3134551282888625,10.0,25.07911840848716,7.387288989455316,2.9172514401212126,12.0,1.1,24.32041658860938,7.6109948779902155,1.4874319546387333,9.0,1.15,24.32041658860938,7.6109948779902155,1.4874319546387333,9.0,1.15,25.064733243307668,7.387288989455316,2.9028662749417187,12.0,0.9,25.53437082633572,7.6109948779902155,2.7013861923650744,9.0,1.0,24.83332436763209,7.526577561561951,2.2535916829462344,10.132075471698114,2.0674158030506646,0.0025174525693456573,2.059863445342628,-0.13207547169811384,1.243903296280095,-0.08189986385891856,1.4896028878568508,1.0,2.7245986523988073,-0.08189986385891856,2.970298243975563,1.0,2.7245986523988073,-0.08189986385891856,2.970298243975563,1.0,1.8769831263902326,0.14180602467598113,1.451565052362291,-2.0,1.5357134670465662,0.14180602467598113,1.1102953930186246,-2.0,0.5515020834364918
2024-06-17__UP__WBG__G1,2024-06-17__UP__WBG__G1,2024-06-17,0.0,0.35218001490415496,1.2372145438177267,0.2846553429303181,-3.8525107140008377,6.761859462395603,-0.5697412325240387,17.003528908543558,63.362072928598394,0.26835499304685856,-176.9838577309249,202.97771873758262,-0.8719373631733396,-0.17161910370564115,0.9779640325261914,-0.17548593047578614,-5.640255703703545,21.859378466990375,-0.25802451127310533,0.4881933268258045,2.098121376743199,0.23268105437376838,0.19880993198832098,3.1500792553480665,0.06311265614607446,-3.5071312658022933,25.108855577780485,-0.1396770599624138,2.5964072357947465,7.901928205562246,0.3285789037400018,1.0630515797340987,4.691186306020372,0.22660608293551737,-325.03171449426526,1221.6993159813917,-0.26604886323204513,-1.809194987932898,1.2854063782516787,-1.40748763274849,-0.8239354495141988,2.3401797705708023,-0.3520819672888901,-3.0534544491549873,7.463055899534399,-0.4091425926747905,-43.3793536770188,284.82291920124334,-0.15230288927017832,-0.5226570721563233,0.825430022335082,-0.6331929113565006,-7.4334776298948455,8.003458579078341,-0.9287830539341423,-0.5133268522096286,0.48434402378846536,-1.059837155328803,0.39053325642224124,1.3460363928046728,0.29013551815860483,WBG,UP,0.0,-5532.0,-0.050000000000000044,0.0,-1.0,-1.0,-3.0,-2.0,1.0,-6.0,0.0,-1.0,-1.0,0.0,25.686197305396515,7.486387470223903,3.227034894724806,11.0,1.1,25.71738809200545,7.486387470223903,3.258225681333741,11.0,1.15,26.50391534951467,7.713094312657379,3.3646324115425337,8.0,1.15,25.56143415896079,7.486387470223903,3.1022717482890805,11.0,0.9,25.623815732178652,7.486387470223903,3.1646533215069432,11.0,1.0,25.83743820168447,7.535578577544375,3.2307024690513435,10.349056603773585,22.762074664069303,7.537039091388946,0.15095738990246588,10.0,1.1,22.660350785163363,7.537039091388946,0.049233510996526064,10.0,1.15,22.660350785163363,7.537039091388946,0.049233510996526064,10.0,1.15,23.168970179693066,7.537039091388946,0.5578529055262287,10.0,0.9,22.965522421881182,7.537039091388946,0.3544051477143455,10.0,1.0,22.82541217357678,7.537039091388946,0.21429489940993843,10.0,3.012026028107691,-0.0014605138445711319,3.016407569641405,0.34905660377358494,2.65829331029747,-0.05065162116504318,2.8102481737925977,1.0,3.057037306842087,-0.05065162116504318,3.208992170337215,1.0,3.8435645643513077,0.17605522126843276,3.3153989005460076,-2.0,2.9241226413272123,-0.05065162116504318,3.07607750482234,1.0,2.392463979267724,-0.05065162116504318,2.544418842762852,1.0,0.5747364767122903
2024-06-17__UP__WBG__G2,2024-06-17__UP__WBG__G2,2024-06-17,1.0,0.22627855088276405,1.2372145438177267,0.18289339477947963,-5.0175616640524545,6.761859462395603,-0.7420386285633029,9.442916916507556,63.362072928598394,0.14903105802926547,-174.4118954825302,202.97771873758262,-0.8592662076804124,1.5206969371115902,0.9779640325261914,1.55496043982622,-4.295889888649853,21.859378466990375,-0.1965238718298034,1.3620812284616512,2.098121376743199,0.649190554163926,1.5728181354574968,3.1500792553480665,0.49929462361704463,-5.089864155857612,25.108855577780485,-0.20271190526301272,-1.3330112299576413,7.901928205562246,-0.16869440300975128,-0.7587419895403338,4.691186306020372,-0.16173773078014014,101.12437055608609,1221.6993159813917,0.08277353449451617,-0.32360224359302237,1.2854063782516787,-0.25175072826574524,-1.378577719155615,2.3401797705708023,-0.5890902687912272,-2.7808881342687606,7.463055899534399,-0.3726205188710611,-53.117088566321286,284.82291920124334,-0.18649162268539024,-0.2825927822002341,0.825430022335082,-0.3423578403932535,-2.6940325992268512,8.003458579078341,-0.33660850943375287,-0.0849731415609154,0.48434402378846536,-0.17543927858754443,0.29760499997934886,1.3460363928046728,0.22109712669961107,UP,WBG,1.0,5994.0,-0.011400000000000077,0.0,1.0,-1.0,1.0,0.0,1.0,15.200000000000003,0.0,,0.8333333333333333,1.0,23.47682352728687,7.467301617940389,1.0749186734657066,11.0,1.1,23.407588233072637,7.467301617940389,1.0056833792514723,11.0,1.15,23.407588233072637,7.467301617940389,1.0056833792514723,11.0,1.15,23.7537647041438,7.467301617940389,1.3518598503226364,11.0,0.9,23.615294115715336,7.467301617940389,1.2133892618941715,11.0,1.0,23.519932295382525,7.467301617940389,1.11802744156136,11.0,24.976251812336493,7.417118657749939,2.724895839086674,12.0,1.1,24.975172349260884,7.417118657749939,2.723816376011065,12.0,1.15,25.739223427423084,7.641727864465581,2.814039834026339,9.0,1.15,24.980569664638953,7.417118657749939,2.729213691389134,12.0,0.9,24.978410738487725,7.417118657749939,2.727054765237906,12.0,1.0,25.142708598758393,7.465854617697673,2.745144745665374,11.349056603773587,-1.6227763033758684,0.0014470002427158235,-1.6271173041040141,-0.3490566037735867,-1.363116622772388,0.05018296019044932,-1.5136655033437343,-1.0,-1.5675841161882467,0.05018296019044932,-1.7181329967595929,-1.0,-2.331635194350447,-0.17442624652519267,-1.8083564547748665,2.0,-1.4994282850496212,0.05018296019044932,-1.6499771656209674,-1.0,-1.2268049604951514,0.05018296019044932,-1.3773538410664976,-1.0,0.4595193882517446
2024-06-18__BLG__WE__G1,2024-06-18__BLG__WE__G1,2024-06-18,1.0,0.12516380902676083,1.2372145438177267,0.10116572625699298,5.90277820079551,6.761859462395603,0.8729517909490051,20.77795023254407,63.362072928598394,0.3279240868276878,237.76775168056542,202.97771873758262,1.1713982795154103,-0.589530716958933,0.9779640325261914,-0.6028136971688142,-5.990452946121209,21.859378466990375,-0.2740449679812426,0.4382241555989239,2.098121376743199,0.2088649167734226,0.6095504483004883,3.1500792553480665,0.1935031487739465,6.954760237502661,25.108855577780485,0.2769843467765521,1.942670895277832,7.901928205562246,0.24584767146614864,2.013277062083336,4.691186306020372,0.42916151727721974,624.3030853455015,1221.6993159813917,0.5110120605518932,0.6053713753359222,1.2854063782516787,0.47095682316629156,0.37377509078040205,2.3401797705708023,0.15972060598089316,7.438886288183387,7.463055899534399,0.996761298798014,176.44784952842747,284.82291920124334,0.6195001771759,0.7215511636199015,0.825430022335082,0.8741507698349981,4.015123435315068,8.003458579078341,0.5016734820290604,0.593242472931599,0.48434402378846536,1.2248344543551952,0.7045735077623139,1.3460363928046728,0.5234427449999945,BLG,WE,1.0,6544.0,0.013399999999999967,1.0,1.0,-1.0,1.0,-2.0,-1.0,7.799999999999997,0.0,-0.5,0.3333333333333333,1.0,28.104370446357642,7.7527393737025765,4.846152325249911,7.0,1.1,28.245478193919357,7.7527393737025765,4.987260072811626,7.0,1.15,28.245478193919357,7.7527393737025765,4.987260072811626,7.0,1.15,27.539939456110798,7.7527393737025765,4.281721335003066,7.0,0.9,27.822154951234225,7.7527393737025765,4.563936830126494,7.0,1.0,28.016510905422997,7.752739373702576,4.758292784315263,6.999999999999999,26.84565772309981,7.759718017738557,3.5665036698841384,7.0,1.1,26.929551255967983,7.759718017738557,3.6503972027523126,7.0,1.15,26.929551255967983,7.759718017738557,3.6503972027523126,7.0,1.15,26.51008359162712,7.759718017738557,3.2309295384114485,7.0,0.9,26.67787065736346,7.759718017738557,3.39871660414779,7.0,1.0,26.793422127163023,7.759718017738556,3.5142680739473513,6.999999999999999,1.2230887782599744,-0.006978644035980253,1.244024710367912,0.0,1.144284293870765,-0.006978644035980253,1.165220225978704,0.0,1.3159269379513745,-0.006978644035980253,1.3368628700593135,0.0,1.3159269379513745,-0.006978644035980253,1.3368628700593135,0.0,1.2587127232578332,-0.006978644035980253,1.2796486553657722,0.0,1.0298558644836788,-0.006978644035980253,1.0507917965916178,0.0,0.5305391581647835
2024-06-18__BLG__WE__G2,2024-06-18__BLG__WE__G2,2024-06-18,0.0,0.39718425869247476,1.2372145438177267,0.32103077000379987,-4.195889421700446,6.761859462395603,-0.6205229233928793,-11.189391746288265,63.362072928598394,-0.17659446814978616,-189.78436901675116,202.97771873758262,-0.93500099056247,-1.1019649828962157,0.9779640325261914,-1.126793848702053,-7.8014199721822735,21.859378466990375,-0.3568911909856873,-0.4743579741554953,2.098121376743199,-0.2260868953181917,-0.6998871280701837,3.1500792553480665,-0.22218072916775577,-7.15669806420685,25.108855577780485,-0.28502684071006273,2.792096373319353,7.901928205562246,0.35334363301482996,-2.1063896331041025,4.691186306020372,-0.44900991917353117,-67.81492078366085,1221.6993159813917,-0.055508683553347496,-0.5090418419087204,1.2854063782516787,-0.3960159639048311,-1.8896841320242572,2.3401797705708023,-0.8074949404713454,-3.5505219720930974,7.463055899534399,-0.47574633556855306,-50.14193747129639,284.82291920124334,-0.17604600583361865,-0.10243181663645551,0.825430022335082,-0.1240949441743583,-1.300543715122032,8.003458579078341,-0.16249769268801625,0.0673320271429052,0.48434402378846536,0.13901665927368348,-0.5323639863469047,1.3460363928046728,-0.39550460424999323,WE,BLG,0.0,-6458.0,-0.05999999999999994,-2.0,-1.0,-1.0,-2.0,2.0,1.0,-16.799999999999997,0.0,0.0,-0.3333333333333333,0.0,26.24458190385292,7.679751085002592,3.2053286488451462,8.0,1.1,26.30115380857351,7.679751085002592,3.2619005535657344,8.0,1.15,26.30115380857351,7.679751085002592,3.2619005535657344,8.0,1.15,26.018294284970573,7.679751085002592,2.979041029962797,8.0,0.9,26.131438094411745,7.679751085002592,3.09218483940397,8.0,1.0,26.209357887706144,7.679751085002592,3.1701046326983655,8.0,28.70490569258737,7.6728443586261115,5.686372616709036,8.0,1.1,28.87331049679589,7.6728443586261115,5.854777420917557,8.0,1.15,28.87331049679589,7.6728443586261115,5.854777420917557,8.0,1.15,28.0312864757533,7.6728443586261115,5.012753399874967,8.0,0.9,28.36809608417034,7.6728443586261115,5.349563008292005,8.0,1.0,28.60004987109905,7.6728443586261115,5.5815167952207165,8.0,-2.3906919833929052,0.006906726376480599,-2.411412162522351,0.0,-2.2366579897585943,0.006906726376480599,-2.257378168888035,0.0,-2.572156688222382,0.006906726376480599,-2.5928768673518228,0.0,-2.572156688222382,0.006906726376480599,-2.5928768673518228,0.0,-2.460323788734449,0.006906726376480599,-2.48104396786389,0.0,-2.012992190782729,0.006906726376480599,-2.0337123699121697,0.0,0.4405157449034964
2024-06-18__LGD__RNG__G1,2024-06-18__LGD__RNG__G1,2024-06-18,1.0,0.02144914549440813,1.2372145438177267,0.017336627883142837,-2.969131988603218,6.761859462395603,-0.439099860920719,-8.397997229333043,63.362072928598394,-0.13253980983634783,-151.97809152083454,202.97771873758262,-0.7487427276122604,1.4068157586972028,0.9779640325261914,1.4385133536556443,2.3083956755036326,21.859378466990375,0.10560206793562082,1.039557085196602,2.098121376743199,0.4954701864484424,0.9042425563094705,3.1500792553480665,0.2870538154620942,0.5075776813157802,25.108855577780485,0.020215085451758468,0.7551574384216728,7.901928205562246,0.09556621158920407,0.6693588680142506,4.691186306020372,0.14268431941637416,-2.0774135433022067,1221.6993159813917,-0.0017004294873759422,-1.0623782483399058,1.2854063782516787,-0.8264914814670494,-2.1091793565656154,2.3401797705708023,-0.9012890726604669,-3.2242994752217875,7.463055899534399,-0.4320346901579892,-19.035854050964986,284.82291920124334,-0.0668339964968939,0.3336136465493933,0.825430022335082,0.40416901900006796,2.2356290279300524,8.003458579078341,0.27933283173868445,0.007596177156920625,0.48434402378846536,0.015683400848231298,-0.7206997942186248,1.3460363928046728,-0.5354233084988358,LGD,RNG,1.0,5296.0,,0.0,1.0,1.0,-2.0,4.0,1.0,2.799999999999997,0.0,1.0,0.6000000000000001,1.0,24.453250863705986,7.917311100878699,0.7013175610698887,5.0,1.1,23.145615571722395,7.752325288975801,-0.11136029520501012,7.0,1.15,23.145615571722395,7.752325288975801,-0.11136029520501012,7.0,1.15,23.54874262134796,7.752325288975801,0.29176675442055355,7.0,0.9,23.387491801497735,7.752325288975801,0.1305159345703295,7.0,1.0,23.53110413693377,7.786567627295271,0.1714012550479589,6.584905660377358,21.822935398267692,7.76154819493626,-1.4617091865410892,7.0,1.1,21.678523370916224,7.76154819493626,-1.606121213892557,7.0,1.15,22.95339163203535,7.925584004214432,-0.8233603806079479,5.0,1.15,22.400583507673566,7.76154819493626,-0.8840610771352146,7.0,0.9,22.721174543406168,7.839334021749719,-0.7968275218429888,6.0,1.0,22.304458658830402,7.811817441631234,-1.1309936660632944,6.377358490566038,1.226645478103368,-0.025249814335963627,1.3023949211112533,0.2075471698113205,0.666317258091567,-0.08700873277391796,0.9273434564133183,1.0,1.4670922008061709,-0.009222905960458938,1.4947609186875468,0.0,0.19222393968704665,-0.17325871523863068,0.7120000854029378,2.0,2.6303154654382936,0.15576290594243858,2.163026747610978,-2.0,1.1481591136743923,-0.009222905960458938,1.1758278315557682,0.0,0.5306277429856197
2024-06-18__LGD__RNG__G2,2024-06-18__LGD__RNG__G2,2024-06-18,0.0,1.067914141874584,1.2372145438177267,0.8631593316224251,-2.6662593729931032,6.761859462395603,-0.39430854685937966,35.8622486028579,63.362072928598394,0.5659891853172363,-94.95477131281649,202.97771873758262,-0.4678088385049239,-1.5854082790244668,0.9779640325261914,-1.6211298219213244,-8.872537506118533,21.859378466990375,-0.4058915542189503,-1.4254229878877496,2.098121376743199,-0.6793802895807992,-0.8584263297757557,3.1500792553480665,-0.2725093522040772,3.593670444703328,25.108855577780485,0.14312361988970318,-3.8233495842635925,7.901928205562246,-0.4838501440347376,-0.8776459482251164,4.691186306020372,-0.1870839706397571,542.8705405775246,1221.6993159813917,0.444356915839868,1.0503523454563464,1.2854063782516787,0.8171357681834395,0.970139937686799,2.3401797705708023,0.4145576913915793,10.639547409204315,7.463055899534399,1.4256286066729693,281.121501585395,284.82291920124334,0.9870044917268839,-0.18305823495309737,0.825430022335082,-0.22177290409468672,-1.1966857194829075,8.003458579078341,-0.14952105494618054,0.05165877436011823,0.48434402378846536,0.10665697348566108,-0.07952691656939592,1.3460363928046728,-0.05908224912213587,RNG,LGD,0.0,1654.0,-0.08560000000000001,0.0,-1.0,-1.0,-3.0,0.0,1.0,-10.400000000000006,0.0,-1.0,-0.16666666666666669,0.0,21.22183125822748,7.681555525954048,-1.8228353196346667,8.0,1.1,21.050096315419637,7.681555525954048,-1.9945702624425081,8.0,1.15,22.311683136028226,7.843900736673367,-1.2200190739918746,6.0,1.15,21.908771029458844,7.681555525954048,-1.135895548403301,8.0,0.9,22.169239657914424,7.758539670456256,-1.1063793534543436,7.0,1.0,21.71645176181937,7.731306683846394,-1.477468289719809,7.3773584905660385,25.06641828355522,7.835713096174563,1.55927899503153,6.0,1.1,23.773295878826744,7.672427673821127,0.7560128573633627,8.0,1.15,23.773295878826744,7.672427673821127,0.7560128573633627,8.0,1.15,24.03997068777745,7.672427673821127,1.02268766631407,8.0,0.9,23.93330076419717,7.672427673821127,0.9160177427337892,8.0,1.0,24.11715377668097,7.706317101102028,0.9982024733748811,7.584905660377359,-2.400702014861597,0.024989582744365357,-2.47567076309469,-0.2075471698113205,-1.764061106282746,0.08611199663512892,-2.022397096188133,-1.0,-2.723199563407107,0.009127852132921,-2.750583119805871,0.0,-1.4616127427985184,0.1714730628522405,-1.9760319313552372,-2.0,-3.8445870253277405,-0.1541575702205149,-3.3821143146661967,2.0,-2.1311996583186072,0.009127852132921,-2.158583214717371,0.0,0.4402690507526324
2024-06-19__IG__NIP__G1,2024-06-19__IG__NIP__G1,2024-06-19,1.0,-0.0384947545408032,1.2372145438177267,-0.031114024337277855,1.1245059818334084,6.761859462395603,0.1663012699074563,29.037083745677762,63.362072928598394,0.4582723062126903,-18.570254207661492,202.97771873758262,-0.09148912615468253,-0.0794810805443209,0.9779640325261914,-0.08127190431237866,-3.8090249275352477,21.859378466990375,-0.17425128344961563,0.684184567985227,2.098121376743199,0.3260937377004907,0.23564286242396415,3.1500792553480665,0.07480535202996817,-0.9093338169737422,25.108855577780485,-0.03621566016584111,2.6374219193796407,7.901928205562246,0.3337693683111123,0.21149516149190184,4.691186306020372,0.04508350396081657,1682.882999650067,1221.6993159813917,1.3774936076809638,-0.8908434237021723,1.2854063782516787,-0.6930436519773485,-1.861902637922089,2.3401797705708023,-0.795623424197245,-2.8803883978603615,7.463055899534399,-0.38595289257945514,26.673994955399962,284.82291920124334,0.09365115327289424,0.6808808973488203,0.825430022335082,0.8248792193715468,5.335525105612724,8.003458579078341,0.6666523461379374,0.6829254249765366,0.48434402378846536,1.4099978144398155,0.020095433718514855,1.3460363928046728,0.014929327985935796,NIP,IG,1.0,8424.0,0.018000000000000127,1.0,1.0,1.0,1.0,3.0,1.0,9.799999999999997,0.0,1.0,0.75,1.0,24.532443094551326,7.309611491821718,2.603608619086174,13.0,1.1,23.73158519146679,7.530965108277903,1.138689866633083,10.0,1.15,23.73158519146679,7.530965108277903,1.138689866633083,10.0,1.15,24.617453440996528,7.309611491821718,2.6886189655313757,13.0,0.9,25.0223435244726,7.530965108277903,2.429448199638891,10.0,1.0,24.29177074825463,7.447435441690664,1.949464423182644,11.132075471698114,24.578793329073765,7.460543130904395,2.197163936360578,11.0,1.1,24.559647571304392,7.460543130904395,2.1780181785912056,11.0,1.15,24.559647571304392,7.460543130904395,2.1780181785912056,11.0,1.15,24.655376360151266,7.460543130904395,2.273746967438079,11.0,0.9,24.078135206066296,7.686540402374888,1.018513998941632,8.0,1.0,24.48902566154409,7.503184125521469,1.9794732849796817,10.433962264150944,-0.1972549132894592,-0.05574868383080478,-0.030008861797037767,0.6981132075471699,0.9442083184063037,-0.15557529409698478,1.410934200697259,2.0,-0.8280623798376006,0.07042197737350797,-1.0393283119581227,-1.0,-0.8280623798376006,0.07042197737350797,-1.0393283119581227,-1.0,-0.04635023452243914,-0.15093163908267737,0.40644468272559564,2.0,-0.03792291915473811,-0.15093163908267737,0.41487199809329667,2.0,0.495068787059255
2024-06-19__IG__NIP__G2,2024-06-19__IG__NIP__G2,2024-06-19,0.0,-0.8834564086657686,1.2372145438177267,-0.714068306917363,3.0610531906719416,6.761859462395603,0.4526939305676631,-47.89428406357166,63.362072928598394,-0.7558825192108277,81.92965335249471,202.97771873758262,0.40363865284532957,1.0059689561706886,0.9779640325261914,1.0286348925709132,1.0809422019408998,21.859378466990375,0.04944981185642619,1.6225821319211846,2.098121376743199,0.773349614830299,0.40076652065433116,3.1500792553480665,0.12722422546978843,2.150063038830183,25.108855577780485,0.08562966745099944,0.1665954036737496,7.901928205562246,0.021082877274638378,1.9185638908778744,4.691186306020372,0.4089719223991997,105.24589529131441,1221.6993159813917,0.08614713442859152,-0.18936692359836726,1.2854063782516787,-0.14732055129163094,-1.4991086732932573,2.3401797705708023,-0.6405952446688996,-7.081580272178133,7.463055899534399,-0.9488846685089504,-283.5817460340256,284.82291920124334,-0.9956422953379568,-0.37414470465128735,0.825430022335082,-0.4532719203996722,-1.2964649113265168,8.003458579078341,-0.16198806260177484,-0.17422471879906176,0.48434402378846536,-0.3597120033076944,0.4247729056477727,1.3460363928046728,0.31557288669573585,IG,NIP,0.0,3362.0,0.0,0.0,-1.0,-1.0,-1.0,6.0,-1.0,8.400000000000006,0.0,1.0,-1.0,0.0,23.957228248846857,7.386305594863672,1.798311464255839,12.0,1.1,23.90982953288535,7.386305594863672,1.7509127482943327,12.0,1.15,23.90982953288535,7.386305594863672,1.7509127482943327,12.0,1.15,24.146823112692886,7.386305594863672,1.987906328101868,12.0,0.9,23.495959080762916,7.610054038026156,0.6657969666844465,9.0,1.0,23.881822430481954,7.428522282252819,1.5962555837234935,11.433962264150942,25.141433509005367,7.236875829411304,3.430806020771456,14.0,1.1,24.387537028778958,7.456026825121106,2.0194565534156403,11.0,1.15,24.387537028778958,7.456026825121106,2.0194565534156403,11.0,1.15,25.11571832554983,7.236875829411304,3.405090837315921,14.0,0.9,25.592736426483178,7.456026825121106,3.2246559511198605,11.0,1.0,24.895055650108596,7.373328336174011,2.7750706415865594,12.132075471698116,-1.0132332196266418,0.05519394607880823,-1.1788150578630658,-0.6981132075471734,-2.0967773457202625,0.15402721290505017,-2.558858984435414,-2.0,-0.4777074958936076,-0.06972123025743393,-0.2685438051213076,1.0,-0.4777074958936076,-0.06972123025743393,-0.2685438051213076,1.0,-1.1842052601585102,0.14942976545236863,-1.632494556515617,-2.0,-0.9688952128569461,0.14942976545236863,-1.417184509214053,-2.0,0.4746908186863807
2024-06-19__JDG__TT__G1,2024-06-19__JDG__TT__G1,2024-06-19,1.0,-1.5038894603209148,1.2372145438177267,-1.2155436195703633,2.754004684257392,6.761859462395603,0.40728505114429686,-122.51504399888677,63.362072928598394,-1.9335706109769515,39.93072616817989,202.97771873758262,0.19672467608663582,-1.5168475915744892,0.9779640325261914,-1.5510243629634741,4.322859199027533,21.859378466990375,0.19775763559781917,0.08052157992280229,2.098121376743199,0.03837792343065877,-0.4270773338006184,3.1500792553480665,-0.13557665176166397,-1.2955324916270499,25.108855577780485,-0.051596634343497025,-3.864154206053751,7.901928205562246,-0.48901402499705193,0.39410398502673427,4.691186306020372,0.08400943286169074,-388.5869392762769,1221.6993159813917,-0.31807084924661183,0.4068738507852636,1.2854063782516787,0.31653299776345223,0.7114760604991943,2.3401797705708023,0.30402611176300515,-0.08334916484860244,7.463055899534399,-0.01116823387127095,-14.01491771934991,284.82291920124334,-0.04920572301360995,-0.4303222488005791,0.825430022335082,-0.5213303560886651,-2.1088040592199846,8.003458579078341,-0.2634865633272592,-0.28949496755023985,0.48434402378846536,-0.5977040195145578,0.47427256137153506,1.3460363928046728,0.3523472408023646,TT,JDG,1.0,-6152.0,0.0,-1.0,-1.0,1.0,4.0,-2.0,-1.0,4.200000000000003,0.0,,1.0,1.0,21.97668575715957,7.7509234872866655,-1.276084704700427,7.0,1.1,21.839262382485007,7.7509234872866655,-1.4135080793749886,7.0,1.15,21.839262382485007,7.7509234872866655,-1.4135080793749886,7.0,1.15,24.01802082573454,8.157381003352864,-0.4541221843240528,2.0,0.9,22.251532506508706,7.7509234872866655,-1.0012379553512893,7.0,1.0,22.315548879671855,7.819944574920548,-1.1442848450897887,6.150943396226414,28.607890293125458,7.821087328352797,5.144628308067066,6.0,1.1,28.77188530644934,7.821087328352797,5.30862332139095,6.0,1.15,28.77188530644934,7.821087328352797,5.30862332139095,6.0,1.15,27.95191023982992,7.821087328352797,4.48864825477153,6.0,0.9,26.0514306878936,8.154758209537912,1.587156059279863,2.0,1.0,28.08531423226642,7.884044098387724,4.433181937103245,5.245283018867924,-5.769765352594565,-0.06409952346717596,-5.577466782193033,0.9056603773584904,-3.7998981813848935,-0.40383472225124617,-2.5883940146311524,5.0,-6.932622923964335,-0.07016384106613138,-6.722131400765939,1.0,-6.932622923964335,-0.07016384106613138,-6.722131400765939,1.0,-6.631204535965889,-0.07016384106613138,-6.420713012767493,1.0,-3.9338894140953826,0.3362936750000669,-4.9427704390955824,-4.0,0.35962858918275886
2024-06-19__JDG__TT__G2,2024-06-19__JDG__TT__G2,2024-06-19,1.0,-0.6196214432514795,1.2372145438177267,-0.5008193166887382,3.44251933960955,6.761859462395603,0.509108308098675,11.674028556240728,63.362072928598394,0.1842431573403987,175.3707107013512,202.97771873758262,0.8639899538140303,0.12394373097982392,0.9779640325261914,0.1267363626076319,-10.090192897530457,21.859378466990375,-0.4615955778967813,-0.7486078134167116,2.098121376743199,-0.35679892732412233,-0.5294636881038102,3.1500792553480665,-0.16807942820025304,-3.213075486626252,25.108855577780485,-0.12796582260418782,-3.800315053614508,7.901928205562246,-0.4809350925264464,0.2340418729832745,4.691186306020372,0.049889688412764935,614.765855906918,1221.6993159813917,0.5032055329505285,0.979294599289009,1.2854063782516787,0.7618554365394862,-0.13564597867884842,2.3401797705708023,-0.05796388910834546,-3.359324003555553,7.463055899534399,-0.4501270791282769,24.849049414041474,284.82291920124334,0.08724385452014968,0.2896814635454259,0.825430022335082,0.35094569468196013,0.31585273221779886,8.003458579078341,0.03946452519651155,0.23831609746636073,0.48434402378846536,0.4920378774665471,-0.11658207097662654,1.3460363928046728,-0.0866113167433708,JDG,TT,1.0,6998.0,0.05999999999999994,1.0,1.0,-1.0,1.0,6.0,1.0,12.0,0.0,1.0,1.0,1.0,27.781504173239405,7.753855025693326,4.519939096159426,7.0,1.1,27.907936181113925,7.753855025693326,4.646371104033946,7.0,1.15,27.907936181113925,7.753855025693326,4.646371104033946,7.0,1.15,27.275776141741332,7.753855025693326,4.014211064661353,7.0,0.9,25.26811958496631,8.084657576589995,1.0141468551963264,3.0,1.0,27.27626904144507,7.816270601334207,3.8274572374424514,6.245283018867924,22.79565827559346,7.684294333064268,-0.257224723599343,8.0,1.1,22.695460924484074,7.684294333064268,-0.35742207470872955,8.0,1.15,22.695460924484074,7.684294333064268,-0.35742207470872955,8.0,1.15,24.723227559262803,8.08725782411948,0.4614540869043644,3.0,0.9,22.996052977812244,7.684294333064268,-0.05683002138055926,8.0,1.0,23.117309813323576,7.752722095696285,-0.1408564737652805,7.150943396226415,4.158959228121493,0.06354850563792169,3.968313711207732,-0.9056603773584913,2.2720666071540663,0.40036324352572716,1.0709768765768857,-5.0,5.212475256629851,0.06956069262905817,5.003793178742676,-1.0,5.212475256629851,0.06956069262905817,5.003793178742676,-1.0,4.9858458976459445,0.06956069262905817,4.777163819758769,-1.0,2.5525485824785292,-0.33340279842615317,3.5527569777569887,4.0,0.6025007643540461
2024-06-19__JDG__TT__G3,2024-06-19__JDG__TT__G3,2024-06-19,0.0,0.1641216535470864,1.2372145438177267,0.13265405075711345,2.607885807161484,6.761859462395603,0.3856757798633363,12.243145394746364,63.362072928598394,0.19322513667312957,-18.590202752400046,202.97771873758262,-0.09158740563463898,-0.32765584565482087,0.9779640325261914,-0.33503840603426255,5.755403097831007,21.859378466990375,0.2632921536735378,0.7427718946560233,2.098121376743199,0.35401743143743003,-0.5413437791445515,3.1500792553480665,-0.1718507895871802,13.183487992170896,25.108855577780485,0.5250532994735143,2.5126537734048817,7.901928205562246,0.3179797879783838,-0.3484779010082315,4.691186306020372,-0.07428351892089602,39.4310547554566,1221.6993159813917,0.03227558058465968,-0.6453679391221012,1.2854063782516787,-0.5020726892044806,-0.6574677371523379,2.3401797705708023,-0.28094741458454614,5.947651507741252,7.463055899534399,0.7969457539727871,204.9220226398777,284.82291920124334,0.7194716720658886,-0.6886634177158579,0.825430022335082,-0.8343076514954346,-3.5258483618985323,8.003458579078341,-0.4405405346352184,-0.5902544717990872,0.48434402378846536,-1.2186652960367301,0.16747056992562115,1.3460363928046728,0.12441747221945362,TT,JDG,0.0,-1310.0,-0.04459999999999997,0.0,-1.0,-1.0,-1.0,-4.0,-1.0,-10.799999999999997,0.0,,-0.75,0.0,22.29166559015465,7.599574929307019,-0.5070591977664094,9.0,1.1,22.168559480616228,7.599574929307019,-0.6301653073048321,9.0,1.15,22.168559480616228,7.599574929307019,-0.6301653073048321,9.0,1.15,24.289245920782303,7.99809574479328,0.29495868640246314,4.0,0.9,22.537877809231507,7.599574929307019,-0.2608469786895533,9.0,1.0,22.623909074060947,7.667248275332988,-0.37783575193801894,8.150943396226415,28.29005916183314,7.668368714768152,5.284953017528682,8.0,1.1,28.43960730555283,7.668368714768152,5.434501161248374,8.0,1.15,28.43960730555283,7.668368714768152,5.434501161248374,8.0,1.15,27.691866586954387,7.668368714768152,4.6867604426499305,8.0,0.9,25.75016636603938,7.995524165012683,1.76359387100133,4.0,1.0,27.77415248586534,7.730096158210517,4.583864011233788,7.245283018867925,-5.150243411804393,-0.06284788287752896,-4.961699763171807,0.9056603773584904,-3.2122885568078736,-0.39594923570566376,-2.0244408496908832,5.0,-6.271047824936602,-0.0687937854611329,-6.064666468553206,1.0,-6.271047824936602,-0.0687937854611329,-6.064666468553206,1.0,-5.998393571678488,-0.0687937854611329,-5.792012215295092,1.0,-3.4026206661720835,0.3297270300251274,-4.391801756247467,-4.0,0.37401644326053496
2024-06-20__EDG__FPX__G1,2024-06-20__EDG__FPX__G1,2024-06-20,0.0,-0.07342742170269378,1.2372145438177267,-0.05934893242297602,4.880440545286191,6.761859462395603,0.7217600204008263,13.358891623874285,63.362072928598394,0.21083419142700704,188.99138802587743,202.97771873758262,0.9310942514785009,-0.4063045255278128,0.9779640325261914,-0.41545915448355397,1.4486610476913881,21.859378466990375,0.06627182852463842,0.10899878348414305,2.098121376743199,0.051950631999519443,-0.13286554074422652,3.1500792553480665,-0.04217846212605323,-12.945132884543106,25.108855577780485,-0.5155604296214192,1.575118486386998,7.901928205562246,0.19933340902095864,-1.2137503798988698,4.691186306020372,-0.25872989090442405,-241.8785344427533,1221.6993159813917,-0.19798532345945272,1.0820444942031457,1.2854063782516787,0.8417911025801541,1.7638548468629338,2.3401797705708023,0.7537258954711884,8.629810682683011,7.463055899534399,1.1563372487782324,167.9748903811119,284.82291920124334,0.589752012451906,-0.08253789154099778,0.825430022335082,-0.09999368730715295,-0.013652365528187715,8.003458579078341,-0.0017058080188067733,0.014393617073283238,0.48434402378846536,0.029717693723162027,0.3453776232951,1.3460363928046728,0.25658843145170984,EDG,FPX,0.0,-2288.0,-0.016599999999999948,0.0,-1.0,-1.0,2.0,-1.0,-1.0,9.0,0.0,,-0.16666666666666669,0.0,26.264216972479645,7.8387910214899374,2.747843908009834,6.0,1.1,26.321681380319628,7.8387910214899374,2.8053083158498175,6.0,1.15,26.321681380319628,7.8387910214899374,2.8053083158498175,6.0,1.15,26.03435934111971,7.8387910214899374,2.5179862766499,6.0,0.9,26.14928815679968,7.8387910214899374,2.6329150923298705,6.0,1.0,26.22843724684343,7.838791021489938,2.7120641823736187,6.0,23.1968612184418,7.762506623020304,-0.09065865061911182,7.0,1.1,23.114900364734606,7.762506623020304,-0.17261950432630613,7.0,1.15,23.114900364734606,7.762506623020304,-0.17261950432630613,7.0,1.15,23.52470463327056,7.762506623020304,0.23718476420964762,7.0,0.9,24.007850285666596,7.837258074749892,0.4960760614169182,6.0,1.0,23.369981629204844,7.776610670516453,0.04014961765548565,6.811320754716981,2.8584556176385867,0.06218035097348551,2.671914564718133,-0.8113207547169807,2.1414378711330855,0.0015329467400455599,2.1368390309129524,0.0,3.2067810155850225,0.07628439846963353,2.9779278201761237,-1.0,3.2067810155850225,0.07628439846963353,2.9779278201761237,-1.0,3.0673557540378447,0.07628439846963353,2.838502558628946,-1.0,2.509654707849151,0.07628439846963353,2.2808015124402523,-1.0,0.5709787548288653
2024-06-20__EDG__FPX__G2,2024-06-20__EDG__FPX__G2,2024-06-20,1.0,1.0350619886795807,1.2372145438177267,0.8366060334851982,-2.409193393136782,6.761859462395603,-0.35629149795901716,3.1388232230047493,63.362072928598394,0.04953788644200368,-142.7096091634677,202.97771873758262,-0.7030801673600834,0.4624662055023627,0.9779640325261914,0.4728862383839651,-6.744758422247173,21.859378466990375,-0.3085521449697309,-0.1559812751762486,2.098121376743199,-0.0743432684886426,-0.7327739002718578,3.1500792553480665,-0.23262070832252188,19.000466914196565,25.108855577780485,0.7567237024648346,-5.095262838077783,7.901928205562246,-0.6448125142011114,1.985130810582591,4.691186306020372,0.42316170322915914,-138.1389041951879,1221.6993159813917,-0.11307111518774136,-0.9532229930936928,1.2854063782516787,-0.7415726789978444,-1.8808463010457466,2.3401797705708023,-0.8037183813740091,-2.5797873728665692,7.463055899534399,-0.3456743540341379,-48.88924488090106,284.82291920124334,-0.17164786052456057,0.11938952425922977,0.825430022335082,0.14463900801969598,1.1317201794401868,8.003458579078341,0.14140387269507682,-0.05058361170039194,0.48434402378846536,-0.10443714545621928,-0.9741254547257636,1.3460363928046728,-0.7236986579518611,FPX,EDG,1.0,5538.0,-0.24,0.0,1.0,1.0,1.0,-6.0,1.0,2.799999999999997,0.0,,-0.19999999999999996,1.0,23.928178568825686,7.690391287334629,0.8570047068217974,8.0,1.1,23.879459412863216,7.690391287334629,0.8082855508593276,8.0,1.15,23.879459412863216,7.690391287334629,0.8082855508593276,8.0,1.15,24.123055192675558,7.690391287334629,1.0518813306716694,8.0,0.9,24.67908646418557,7.764448282196575,1.3857416175958441,7.0,1.0,24.081809285450422,7.70436430523311,0.9687163697510901,7.811320754716981,25.52571275490533,7.7659669875357284,2.2278117922981444,7.0,1.1,25.54960878921921,7.7659669875357284,2.251707826612023,7.0,1.15,25.54960878921921,7.7659669875357284,2.251707826612023,7.0,1.15,25.430128617649817,7.7659669875357284,2.1322276550426302,7.0,0.9,25.477920686277578,7.7659669875357284,2.180019723670391,7.0,1.0,25.510834092030656,7.765966987535728,2.2129331294234658,6.999999999999999,-1.4290248065802338,-0.06160268230261767,-1.2442167596723757,0.8113207547169816,-0.7988342220920082,-0.0015187053391532146,-0.7942781060745467,0.0,-1.6701493763559938,-0.0755757002010995,-1.4434222757526953,1.0,-1.6701493763559938,-0.0755757002010995,-1.4434222757526953,1.0,-1.5975341860796455,-0.0755757002010995,-1.370807085476347,1.0,-1.3070734249742593,-0.0755757002010995,-1.0803463243709608,1.0,0.4643350523667369
2024-06-20__EDG__FPX__G3,2024-06-20__EDG__FPX__G3,2024-06-20,0.0,0.1540828622811583,1.2372145438177267,0.12454003108116353,-7.553778841106142,6.761859462395603,-1.117115457071999,22.44860745433715,63.362072928598394,0.3542909198274364,-202.13715191230108,202.97771873758262,-0.9958588172811861,1.1077416521933445,0.9779640325261914,1.132700674718324,11.91836417277672,21.859378466990375,0.545228842876099,1.8570725993559662,2.098121376743199,0.8851116693386581,2.0398139830597293,3.1500792553480665,0.6475434965812771,-13.555618732516173,25.108855577780485,-0.5398739958756987,-2.652586932822963,7.901928205562246,-0.33568852160251966,-2.104145831014155,4.691186306020372,-0.4485316176384234,156.62351498538936,1221.6993159813917,0.1282013608490664,-0.36484545185148676,1.2854063782516787,-0.28383643817862947,-0.3323920368818776,2.3401797705708023,-0.14203690632019106,-1.0646218229986317,7.463055899534399,-0.14265224523010817,-33.448317154301776,284.82291920124334,-0.11743548282795735,-1.985869485026007,0.825430022335082,-2.4058575838452647,-14.804837184964043,8.003458579078341,-1.8498047049134887,-1.2095123256659557,0.48434402378846536,-2.497212248007327,-0.523408559236012,1.3460363928046728,-0.38885142569881437,EDG,FPX,0.0,-7980.0,,-1.0,-1.0,-1.0,-2.0,-6.0,-1.0,-14.200000000000003,0.0,,-1.0,0.0,24.839319965454834,7.691077045719692,1.7660888282957572,8.0,1.1,24.832016327520964,7.691077045719692,1.7587851903618876,8.0,1.15,24.832016327520964,7.691077045719692,1.7587851903618876,8.0,1.15,24.86853451719032,7.691077045719692,1.7953033800312426,8.0,0.9,24.85392724132258,7.691077045719692,1.7806961041635034,8.0,1.0,24.84386751360234,7.691077045719693,1.7706363764432635,8.0,24.60789162145024,7.616230148486704,1.7592011759901283,9.0,1.1,24.590068513334337,7.616230148486704,1.7413780678742263,9.0,1.15,24.590068513334337,7.616230148486704,1.7413780678742263,9.0,1.15,24.67918405391383,7.616230148486704,1.8304936084537182,9.0,0.9,25.30295788155817,7.689572985788467,2.23423892419277,8.0,1.0,24.74340790459337,7.630068419675716,1.8532026455662223,8.811320754716983,0.100459609008972,0.06100862604397683,-0.08256626912295872,-0.8113207547169825,-0.44903064023559125,0.0015040599312250436,-0.4535428200292664,0.0,0.24194781418662714,0.07484689723298832,0.017407122487661297,-1.0,0.24194781418662714,0.07484689723298832,0.017407122487661297,-1.0,0.23142834400459478,0.07484689723298832,0.006887652305628933,-1.0,0.1893504632764902,0.07484689723298832,-0.035190228422475656,-1.0,0.5025114691035262
2024-06-20__OMG__RA__G1,2024-06-20__OMG__RA__G1,2024-06-20,0.0,-0.7751224045894727,1.2372145438177267,-0.626505549871808,4.483920223674115,6.761859462395603,0.6631193069733273,-42.329132958668424,63.362072928598394,-0.6680515698770906,124.8432025511438,202.97771873758262,0.6150586513265884,-0.8274664167718999,0.9779640325261914,-0.8461104326342457,-4.341183785828804,21.859378466990375,-0.1985959296046981,-0.7247563142934617,2.098121376743199,-0.345430906379475,-0.9572589428974934,3.1500792553480665,-0.3038839855817329,15.987944767160457,25.108855577780485,0.6367452344010212,3.0774024669253386,7.901928205562246,0.3894495112357024,0.4340378176035511,4.691186306020372,0.09252195431347082,631.5333515205067,1221.6993159813917,0.5169302648714879,-0.8216384678432487,1.2854063782516787,-0.6392047235334715,-1.2847947143602028,2.3401797705708023,-0.5490151575114531,-2.011564150372376,7.463055899534399,-0.2695362205395851,53.96553077774854,284.82291920124334,0.1894704637520705,0.43774334053321917,0.825430022335082,0.5303209216620867,3.6817475958362778,8.003458579078341,0.46001951524321427,0.24820724230697122,0.48434402378846536,0.5124595693490064,-0.268829512822256,1.3460363928046728,-0.1997192011598645,OMG,RA,0.0,822.0,-0.2668,0.0,1.0,-1.0,-3.0,6.0,1.0,-5.400000000000006,0.0,,-0.7142857142857142,0.0,21.111328706281252,7.570549073380022,-1.600318513858813,9.0,1.1,20.934570920203136,7.570549073380022,-1.7770762999369296,9.0,1.15,20.934570920203136,7.570549073380022,-1.7770762999369296,9.0,1.15,21.818359850593755,7.570549073380022,-0.8932873695463108,9.0,0.9,23.21133371678402,7.960901666470916,-0.6713712826287264,4.0,1.0,21.550911750131128,7.644200506038682,-1.3816897679849132,8.056603773584907,23.83069521818088,7.540166903452143,1.210194507824454,10.0,1.1,23.777545000825466,7.540166903452143,1.1570442904690381,10.0,1.15,23.777545000825466,7.540166903452143,1.1570442904690381,10.0,1.15,24.04329608760254,7.540166903452143,1.4227953772461106,10.0,0.9,23.93699565289171,7.540166903452143,1.3164949425352823,10.0,1.0,23.8637887497418,7.540166903452144,1.2432880393853716,10.0,-2.3128769996106726,0.10403360258653738,-2.6249778073702847,-1.9433962264150928,-0.7256619361076915,0.420734763018773,-1.9878662251640087,-6.0,-2.84297408062233,0.030382169927879232,-2.9341205904059677,-1.0,-2.84297408062233,0.030382169927879232,-2.9341205904059677,-1.0,-2.7193665118996293,0.030382169927879232,-2.810513021683267,-1.0,-2.2249362370087837,0.030382169927879232,-2.3160827467924214,-1.0,0.4424344640747143
2024-06-20__OMG__RA__G2,2024-06-20__OMG__RA__G2,2024-06-20,0.0,-0.14372138410085888,1.2372145438177267,-0.11616519435034896,3.136175690667173,6.761859462395603,0.4638036688435424,-7.911513487126683,63.362072928598394,-0.12486197178523589,93.1750780912489,202.97771873758262,0.45904091449893725,1.479020466697099,0.9779640325261914,1.5123449382199547,-2.086266103065597,21.859378466990375,-0.09544031687706625,0.9537105657910097,2.098121376743199,0.454554308348497,1.307828810144147,3.1500792553480665,0.41517317151643146,10.776321451233045,25.108855577780485,0.4291840776520786,0.3628837124130868,7.901928205562246,0.045923432490087276,-0.24083199778027353,4.691186306020372,-0.05133710979120468,47.97395964911465,1221.6993159813917,0.039268221715675525,6.062644193991038,1.2854063782516787,4.716515788354213,5.743034185813883,2.3401797705708023,2.4540985286419037,11.026380757339638,7.463055899534399,1.477461703129658,350.4593318458592,284.82291920124334,1.2304463826093772,2.192256654223473,0.825430022335082,2.6558932180931905,23.168084907574983,8.003458579078341,2.8947587825817402,1.310074913197497,0.48434402378846536,2.7048381811591895,-5.379036422971415,1.3460363928046728,-3.9962013326861436,RA,OMG,0.0,-2150.0,-0.26660000000000006,0.0,-1.0,-1.0,0.0,1.0,-1.0,15.200000000000003,0.0,-1.0,0.0,0.0,24.381140119169736,7.460424696929988,1.9998660283797705,11.0,1.1,24.35301012458654,7.460424696929988,1.9717360337965744,11.0,1.15,24.35301012458654,7.460424696929988,1.9717360337965744,11.0,1.15,24.49366009750251,7.460424696929988,2.112386006712544,11.0,0.9,24.43740010833612,7.460424696929988,2.0561260175461555,11.0,1.0,24.398655021457383,7.46042469692999,2.017380930667418,11.0,20.558665855645938,7.490485555499643,-1.912790810852993,10.0,1.1,20.356787030902577,7.490485555499643,-2.1146696355963535,10.0,1.15,20.356787030902577,7.490485555499643,-2.1146696355963535,10.0,1.15,21.366181154619404,7.490485555499643,-1.105275511879526,10.0,0.9,22.683007127430535,7.876709914097417,-0.9471226148617156,5.0,1.0,21.00900241110839,7.563358075989789,-1.6810718168609802,9.056603773584905,3.3896526103489926,-0.10293337905979882,3.698452747528398,1.9433962264150946,1.7543929809055854,-0.41628521716742917,3.003248632407871,6.0,3.9962230936839624,-0.030060858569655124,4.086405669392928,1.0,3.9962230936839624,-0.030060858569655124,4.086405669392928,1.0,3.822474263523798,-0.030060858569655124,3.9126568392327634,1.0,3.127478942883105,-0.030060858569655124,3.2176615185920703,1.0,0.5839391505936757
2024-06-21__AL__UP__G1,2024-06-21__AL__UP__G1,2024-06-21,1.0,-1.0205535300335784,1.2372145438177267,-0.8248793309566858,-7.722378496246048,6.761859462395603,-1.1420493722389164,-39.49699047422837,63.362072928598394,-0.623353814440115,-254.75786781489455,202.97771873758262,-1.2551026198552988,1.079461016772381,0.9779640325261914,1.1037828356541688,9.071811272276463,21.859378466990375,0.4150077217871492,0.5797575117725522,2.098121376743199,0.27632206691035727,0.07594431399762192,3.1500792553480665,0.024108691792435136,-6.821694228134696,25.108855577780485,-0.2716847821008066,-2.9344368918859622,7.901928205562246,-0.3713570212474674,-0.9666289542141584,4.691186306020372,-0.20605209111425762,-617.27673212448,1221.6993159813917,-0.5052607655127975,-0.7498659552924725,1.2854063782516787,-0.5833683297449154,0.5592586555803649,2.3401797705708023,0.23898096361331694,-4.157282299121558,7.463055899534399,-0.5570481848236907,-266.341631580376,284.82291920124334,-0.935113056885277,0.4899508895472886,0.825430022335082,0.5935697548188273,4.337838994000691,8.003458579078341,0.5419954897179885,0.3235767678396131,0.48434402378846536,0.6680708006632339,0.16745392937990644,1.3460363928046728,0.12440510960174057,UP,AL,1.0,2084.0,0.20039999999999997,0.0,1.0,-1.0,-2.0,6.0,1.0,1.4000000000000057,0.0,,0.6666666666666667,1.0,24.142752265471444,7.395651411137014,1.9557980320604003,12.0,1.1,24.103786459356506,7.395651411137014,1.9168322259454627,12.0,1.15,24.103786459356506,7.395651411137014,1.9168322259454627,12.0,1.15,24.298615489931176,7.395651411137014,2.111661256520133,12.0,0.9,24.220683877701312,7.395651411137014,2.0337296442902684,12.0,1.0,24.167013993807153,7.395651411137014,1.9800597603961119,12.0,27.51327080040608,7.449926423193793,5.1634915308247,11.0,1.1,27.627510382242722,7.449926423193793,5.277731112661343,11.0,1.15,27.627510382242722,7.449926423193793,5.277731112661343,11.0,1.15,27.056312473059524,7.449926423193793,4.706533203478145,11.0,0.9,27.284791636732802,7.449926423193793,4.9350123671514226,11.0,1.0,27.442140494734215,7.449926423193793,5.092361225152833,11.0,-3.275126500927062,-0.054275012056779204,-3.1123014647567206,1.0,-3.06410775903149,-0.054275012056779204,-2.901282722861154,1.0,-3.523723922886216,-0.054275012056779204,-3.36089888671588,1.0,-3.523723922886216,-0.054275012056779204,-3.36089888671588,1.0,-3.370518534934636,-0.054275012056779204,-3.2076934987643,1.0,-2.7576969831283478,-0.054275012056779204,-2.594871946958012,1.0,0.4188459564975106
2024-06-21__AL__UP__G2,2024-06-21__AL__UP__G2,2024-06-21,1.0,0.4961968067096114,1.2372145438177267,0.40105930546142077,8.813878628413732,6.761859462395603,1.3034694633865807,41.62887428840651,63.362072928598394,0.656999869280121,305.166394810166,202.97771873758262,1.5034477439430143,-0.4907601051298984,0.9779640325261914,-0.501817640516462,-2.8586302997849913,21.859378466990375,-0.130773625303581,-0.21044507240507215,2.098121376743199,-0.10030161955173203,-0.29379802764040663,3.1500792553480665,-0.0932668388818378,-0.15530973795250702,25.108855577780485,-0.0061854564134133,1.783365545176089,7.901928205562246,0.2256873604892284,-0.861443818931499,4.691186306020372,-0.18363023318765737,367.14672187319377,1221.6993159813917,0.30052134495773475,-6.03335764836236,1.2854063782516787,-4.693731925336007,-5.839946079323614,2.3401797705708023,-2.495510668562228,-3.684245569246528,7.463055899534399,-0.4936644084110331,-119.16162615079224,284.82291920124334,-0.41837091645081753,-0.2519833283210229,0.825430022335082,-0.30527484611395034,-3.42966942603762,8.003458579078341,-0.42852336444642514,-0.2997509334219657,0.48434402378846536,-0.6188789369143597,0.34677753528883315,1.3460363928046728,0.25762845604628387,AL,UP,1.0,-3506.0,-0.10020000000000007,-1.0,-1.0,-1.0,-4.0,1.0,1.0,-7.0,0.0,0.0,-0.5,1.0,26.798894247741288,7.381473075492237,4.654475021264577,12.0,1.1,26.880662168093167,7.381473075492237,4.736242941616457,12.0,1.15,26.880662168093167,7.381473075492237,4.736242941616457,12.0,1.15,26.471822566333785,7.381473075492237,4.327403339857074,12.0,0.9,26.635358407037536,7.381473075492237,4.490939180560826,12.0,1.0,26.747982146390125,7.381473075492237,4.603562919913411,12.0,24.851924364587777,7.32769676718913,2.868834063020387,13.0,1.1,24.84519365388722,7.32769676718913,2.862103352319828,13.0,1.15,24.84519365388722,7.32769676718913,2.862103352319828,13.0,1.15,24.878847207389995,7.32769676718913,2.895756905822605,13.0,0.9,24.865385785988888,7.32769676718913,2.8822954844214976,13.0,1.0,24.85611518445793,7.327696767189131,2.8730248828905416,13.000000000000002,1.8918669619321946,0.05377630830310576,1.7305380370228698,-1.0000000000000018,1.7699726210486482,0.053776308303106646,1.6086436961393282,-1.0,2.0354685142059488,0.053776308303106646,1.8741395892966288,-1.0,2.0354685142059488,0.053776308303106646,1.8741395892966288,-1.0,1.9469698831535105,0.053776308303106646,1.7856409582441906,-1.0,1.5929753589437894,0.053776308303106646,1.4316464340344695,-1.0,0.5471561084733586
2024-06-21__AL__UP__G3,2024-06-21__AL__UP__G3,2024-06-21,0.0,0.4732913209758145,1.2372145438177267,0.38254556640580195,-8.127249135731212,6.761859462395603,-1.2019249999210833,-8.699360771754812,63.362072928598394,-0.137296023194537,-286.0384491533845,202.97771873758262,-1.4092110677131755,-0.5239387859513549,0.9779640325261914,-0.5357438850323343,8.049679287837776,21.859378466990375,0.36824829817303434,0.43536230274722243,2.098121376743199,0.20750091013423705,0.12680464340395092,3.1500792553480665,0.040254416752928,-5.181592213928042,25.108855577780485,-0.20636512052537567,-3.914446844518931,7.901928205562246,-0.4953786275082689,-0.7467059739358826,4.691186306020372,-0.15917206566823872,408.95747585331765,1221.6993159813917,0.3347447855367399,0.44289688690846596,1.2854063782516787,0.34455760438442745,0.7022460090461706,2.3401797705708023,0.30008195002597304,6.233235568478904,7.463055899534399,0.835212119160954,170.65710657598117,284.82291920124334,0.5991691485200783,-0.8808561811236371,0.825430022335082,-1.0671469296510827,-5.912886776615771,8.003458579078341,-0.7387913586860003,-0.2658920329753056,0.48434402378846536,-0.5489723645667769,-0.5156134100449421,1.3460363928046728,-0.38306024245773995,UP,AL,0.0,-8886.0,-0.04999999999999999,-1.0,-1.0,-1.0,-4.0,2.0,-1.0,-13.200000000000003,0.0,-1.0,-0.6666666666666667,0.0,24.30440441579089,7.250964342881105,2.5515113871475776,14.0,1.1,24.272786434690477,7.250964342881105,2.5198934060471636,14.0,1.15,24.272786434690477,7.250964342881105,2.5198934060471636,14.0,1.15,24.430876340192544,7.250964342881105,2.67798331154923,14.0,0.9,24.36764037799172,7.250964342881105,2.6147473493484057,14.0,1.0,24.32409108326851,7.250964342881105,2.571198054625193,13.999999999999998,27.350432321537617,7.304177529286904,5.437899733676904,13.0,1.1,27.457270154334786,7.304177529286904,5.544737566474073,13.0,1.15,27.457270154334786,7.304177529286904,5.544737566474073,13.0,1.15,26.923080990348964,7.304177529286904,5.010548402488251,13.0,0.9,27.13675665594329,7.304177529286904,5.224224068082577,13.0,1.0,27.283910652060136,7.304177529286904,5.371378064199427,13.000000000000002,-2.9598195687916267,-0.05321318640579964,-2.800180009574234,0.9999999999999964,-2.7691162779515714,-0.05321318640579964,-2.6094767187341716,1.0,-3.1844837196443088,-0.05321318640579964,-3.024844160426909,1.0,-3.1844837196443088,-0.05321318640579964,-3.024844160426909,1.0,-3.046027905746726,-0.05321318640579964,-2.8863883465293263,1.0,-2.4922046501564203,-0.05321318640579964,-2.3325650909390205,1.0,0.42654001979377776
2024-06-21__LGD__WE__G1,2024-06-21__LGD__WE__G1,2024-06-21,0.0,,,,,,,,,,,,,,,,,,,,,,,,,,,,,,,,,,,,,,,,,,,,,,,,,,,,,,,,,,,,,,,,,,,,,,,,,,,,,,,,,,,,,,,,,,,,,,,,,,,,,,,,,,,,,,,,,,,,,,,,,,,,,,,,,,,,,,,,,,,,,,,,,,,,,,,,,,,,,,,
2024-06-21__NIP__WBG__G1,2024-06-21__NIP__WBG__G1,2024-06-21,1.0,1.1123658729334345,1.2372145438177267,0.8990881811110791,0.42717193816864807,6.761859462395603,0.06317372867190295,48.84560539696656,63.362072928598394,0.7708965690108222,10.484373401698576,202.97771873758262,0.051652828769843194,-0.4822358423473707,0.9779640325261914,-0.49310131375730526,-12.997464929358415,21.859378466990375,-0.594594414218654,0.23981070853053765,2.098121376743199,0.11429776984828821,0.7675382369027144,3.1500792553480665,0.243656724491264,1.2823029444919598,25.108855577780485,0.05106974666567273,-0.5755160483860635,7.901928205562246,-0.07283234681233945,-0.6323419469565135,4.691186306020372,-0.1347935833099237,193.33475775717704,1221.6993159813917,0.15825068825844468,-0.578916904799037,1.2854063782516787,-0.4503762111482815,-0.3914806534838178,2.3401797705708023,-0.16728650128525338,8.155593700395652,7.463055899534399,1.0927953263902435,341.3183764642324,284.82291920124334,1.1983529142355254,-0.5798558580023747,0.825430022335082,-0.7024885693804024,-5.0767133435814245,8.003458579078341,-0.6343148601452732,-0.6093340256516022,0.48434402378846536,-1.2580577805579458,-0.31993592279836847,1.3460363928046728,-0.23768724740382846,NIP,WBG,1.0,3730.0,-0.4334,0.0,1.0,1.0,0.0,-1.0,-1.0,5.400000000000006,0.0,,0.3333333333333333,1.0,25.70825446351753,7.162675477092083,4.22022803224128,15.0,1.1,24.99806756869331,7.3795794975219335,2.8593290761275085,12.0,1.15,24.99806756869331,7.3795794975219335,2.8593290761275085,12.0,1.15,25.57948092469615,7.162675477092083,4.091454493419899,15.0,0.9,26.12363254814783,7.3795794975219335,3.984894055582032,12.0,1.0,25.456566169478915,7.29772892377482,3.5633793981544564,13.132075471698112,24.314798355460727,7.345949966179191,2.2769484569231544,13.0,1.1,24.283652826163493,7.345949966179191,2.2458029276259204,13.0,1.15,25.026762935375576,7.568404004008597,2.321550923349786,10.0,1.15,24.43938047264969,7.345949966179191,2.401530574112119,13.0,0.9,24.377089414055213,7.345949966179191,2.33923951551764,13.0,1.0,24.495431727588052,7.394218295142177,2.3127768421615245,12.349056603773587,0.961134441890863,-0.09648937136735647,1.250602555992932,0.7830188679245254,1.7465431340926187,0.0336295313427426,1.6456545400643918,-1.0,0.7144147425298151,0.0336295313427426,0.6135261485015882,-1.0,-0.028695366682267576,-0.1888245064866636,0.5377781527777223,2.0,1.393456108056803,-0.18327448908710764,1.943279575318126,2.0,1.1401004520464575,-0.18327448908710764,1.6899239193077804,2.0,0.5240098806977496
2024-06-21__NIP__WBG__G2,2024-06-21__NIP__WBG__G2,2024-06-21,0.0,0.2811603540641805,1.2372145438177267,0.22725252319138547,10.409362069744667,6.761859462395603,1.5394227857308993,-13.87160263621962,63.362072928598394,-0.2189259564302028,243.2015497433482,202.97771873758262,1.198168695843901,1.1360437814565172,0.9779640325261914,1.1616404919120584,-1.9303518317476716,21.859378466990375,-0.08830771407132924,0.8925989920398116,2.098121376743199,0.4254275164946976,-0.1705909135709991,3.1500792553480665,-0.054154465836664764,-18.386645095856153,25.108855577780485,-0.7322772759045905,-7.673668038477615,7.901928205562246,-0.9711132356230228,-1.8203834892224027,4.691186306020372,-0.3880432330822174,-417.64166683563127,1221.6993159813917,-0.341853073854172,0.7520871095364949,1.2854063782516787,0.5850963066350462,-0.2703169061213728,2.3401797705708023,-0.11551112184185618,6.364693076421222,7.463055899534399,0.8528265511171835,192.83541941277633,284.82291920124334,0.6770361713745766,-1.6920392068728605,0.825430022335082,-2.0498856489379444,-8.224549935964482,8.003458579078341,-1.027624348533488,-0.7110256747109975,0.48434402378846536,-1.468014823708674,-0.7455882240878005,1.3460363928046728,-0.5539134559510672,WBG,NIP,0.0,-94.0,0.0,0.0,-1.0,-1.0,-2.0,2.0,1.0,5.599999999999994,0.0,,-0.8,0.0,23.737859421330377,7.270726712694403,1.9256792832471703,14.0,1.1,23.68048939502722,7.270726712694403,1.8683092569440127,14.0,1.15,24.257676519386933,8.088396138173493,-0.007511895133546886,3.0,1.15,23.967339526543043,7.270726712694403,2.155159388459836,14.0,0.9,23.852599473936714,7.270726712694403,2.0404193358535068,14.0,1.0,23.89881909676701,7.4481455502983565,1.55438244587194,11.613207547169813,26.27079931807015,7.089328972484346,5.002812400617113,16.0,1.1,25.742323480613067,8.088396138173493,1.4771350660925862,3.0,1.15,25.742323480613067,8.088396138173493,1.4771350660925862,3.0,1.15,26.039744896602837,7.089328972484346,4.7717579791498,16.0,0.9,25.645498678793967,8.088396138173493,1.3803102642734864,3.0,1.0,25.884243837929006,7.711389660554948,2.7500748562641664,7.90566037735849,-1.9854247411619959,-0.26324411025659167,-1.1956924103922264,3.7075471698113223,-1.7928992048572532,-0.8176694254790906,0.6601090715800204,11.0,-2.061834085585847,-0.8176694254790906,0.3911741908514266,11.0,-1.484646961226133,0.0,-1.484646961226133,0.0,-2.532939896739773,0.18139774021005728,-3.077133117369943,-2.0,-2.072405370059794,0.18139774021005728,-2.6165985906899643,-2.0,0.4505267906406435
2024-06-22__BLG__RNG__G1,2024-06-22__BLG__RNG__G1,2024-06-22,1.0,0.6524451831560896,1.2372145438177267,0.5273496493123686,11.067827123956201,6.761859462395603,1.6368020584729832,76.00902733717709,63.362072928598394,1.1995981606099309,349.6536798472474,202.97771873758262,1.722620986674267,0.7831444909760572,0.9779640325261914,0.8007898697084381,-5.766855038925144,21.859378466990375,-0.26381604508186574,-0.18624449221490735,2.098121376743199,-0.08876722076812531,0.7010722969578596,3.1500792553480665,0.22255696367342073,14.340954995210069,25.108855577780485,0.5711512569592982,0.8340092567300523,7.901928205562246,0.1055450175563437,2.05991387758628,4.691186306020372,0.43910288445373247,316.2820087005524,1221.6993159813917,0.25888694894422193,0.5156159598662455,1.2854063782516787,0.40113038760330627,-0.5657418478032241,2.3401797705708023,-0.2417513445618271,5.638389229014479,7.463055899534399,0.7555066650190277,215.63533901220865,284.82291920124334,0.7570856266056475,0.456473963031641,0.825430022335082,0.5530128510802885,4.588959397640913,8.003458579078341,0.5733719714955275,0.042226946223655304,0.48434402378846536,0.08718360703566898,0.18002001593907657,1.3460363928046728,0.13374072436723144,BLG,RNG,1.0,7072.0,-0.09999999999999998,2.0,1.0,-1.0,2.0,6.0,1.0,16.0,0.0,,0.0,1.0,29.262607136035218,7.591551780728407,6.487951793849998,9.0,1.1,29.456362005855006,7.591551780728407,6.681706663669786,9.0,1.15,29.456362005855006,7.591551780728407,6.681706663669786,9.0,1.15,28.487587656756084,7.591551780728407,5.712932314570864,9.0,0.9,28.875097396395656,7.591551780728407,6.100442054210436,9.0,1.0,29.14196731143045,7.591551780728407,6.36731196924523,9.0,20.663809316874435,7.600151704661891,-2.136645797111239,9.0,1.1,20.466709740368724,7.600151704661891,-2.3337453736169493,9.0,1.15,21.715967024838772,7.760776492938597,-1.5663624539770211,7.0,1.15,21.452207622897262,7.600151704661891,-1.3482474910884115,9.0,0.9,24.365313057806432,8.25064579614624,-0.3866243306322872,1.0,1.0,21.681616688106505,7.757738987303884,-1.5916002738051485,7.056603773584905,7.460350623323944,-0.1661872065754766,7.958912243050378,1.9433962264150946,4.509784338589224,-0.659094015417832,6.4870663848427235,8.0,8.989652265486281,-0.008599923933483744,9.015452037286735,0.0,7.740394981016234,-0.1692247122101902,8.248069117646807,2.0,8.598797819160783,-0.008599923933483744,8.624597590961237,0.0,7.0353800338588215,-0.008599923933483744,7.061179805659275,0.0,0.67831414603312
2024-06-22__BLG__RNG__G2,2024-06-22__BLG__RNG__G2,2024-06-22,1.0,-0.06753666987966511,1.2372145438177267,-0.05458763448062126,6.814651180259032,6.761859462395603,1.0078071291410124,33.9749376383927,63.362072928598394,0.5362030554220568,299.891699040214,202.97771873758262,1.4774611687820984,0.09113835680414883,0.9779640325261914,0.0931918358765123,-9.613647683953232,21.859378466990375,-0.439795086519757,-0.7269149780063842,2.098121376743199,-0.3464597613866235,-0.2922831932410297,3.1500792553480665,-0.09278595132451126,-17.574510244510236,25.108855577780485,-0.6999327185636323,-5.320754902982777,7.901928205562246,-0.6733488448918835,-0.5830503497087118,4.691186306020372,-0.12428630785227059,381.90722075383263,1221.6993159813917,0.31260328580477514,0.11958838634251201,1.2854063782516787,0.09303539746688538,-0.6938639566741678,2.3401797705708023,-0.29650015306506633,0.6089734110019052,7.463055899534399,0.08159838779199144,177.38386624049792,284.82291920124334,0.6227864882333426,0.17629920678618172,0.825430022335082,0.21358442076412948,-0.20584968597423625,8.003458579078341,-0.025720088161917277,-0.10769413835243768,0.48434402378846536,-0.2223500460685489,1.1554363691007126,1.3460363928046728,0.8583984184073712,BLG,RNG,1.0,5114.0,-0.14659999999999995,2.0,1.0,1.0,-1.0,2.0,1.0,23.400000000000006,0.0,1.0,0.5,1.0,29.66555278092559,7.502099452192655,7.159254424347626,10.0,1.1,29.877623361876758,7.502099452192655,7.371325005298793,10.0,1.15,29.877623361876758,7.502099452192655,7.371325005298793,10.0,1.15,28.817270457120934,7.502099452192655,6.310972100542969,10.0,0.9,29.241411619023268,7.502099452192655,6.735113262445303,10.0,1.0,29.53350883429562,7.502099452192656,7.027210477717659,10.0,20.260407203794756,7.510598042005882,-2.2713869222228915,10.0,1.1,20.044971167603606,7.510598042005882,-2.4868229584140416,10.0,1.15,21.285315252496734,7.669330165680289,-1.7226752445441313,8.0,1.15,21.122151348559342,7.510598042005882,-1.4096427774583056,10.0,0.9,23.9671956519997,8.15342726959116,-0.4930861567737814,2.0,1.0,21.281775315659008,7.666328451404154,-1.7172100385534597,8.056603773584907,8.251733518636613,-0.16422899921149803,8.74442051627112,1.9433962264150928,5.274215967023569,-0.6513278173985055,7.228199419219084,8.0,9.832652194273152,-0.008498589813227042,9.858147963712835,0.0,8.592308109380024,-0.1672307134876334,9.094000249842924,2.0,9.405145577130835,-0.008498589813227042,9.430641346570518,0.0,7.695119108561592,-0.008498589813227042,7.720614878001275,0.0,0.6953333942931994
2024-06-22__LGD__WE__G2,2024-06-22__LGD__WE__G2,2024-06-22,1.0,-0.9203135455334719,1.2372145438177267,-0.7438586995873191,1.4788652427672062,6.761859462395603,0.2187068560482053,-45.98400295160883,63.362072928598394,-0.7257338672882993,57.0303894857102,202.97771873758262,0.28096871695790687,1.9100158484720673,0.9779640325261914,1.9530512696740148,-2.3830674741674756,21.859378466990375,-0.10901807518214876,2.309386597660417,2.098121376743199,1.1006920393486064,1.6292297656296382,3.1500792553480665,0.5172026213819804,-9.85483178258827,25.108855577780485,-0.392484291431617,-5.679734636977219,7.901928205562246,-0.7187782235481429,-0.059657434703121126,4.691186306020372,-0.012716915955702847,-30.74045929030511,1221.6993159813917,-0.0251620499930044,-0.8675838358355534,1.2854063782516787,-0.6749485420066441,-0.5110392830951831,2.3401797705708023,-0.21837598595878283,2.8316397472581336,7.463055899534399,0.37942089754598984,55.53770549740295,284.82291920124334,0.19499029592900197,-0.23699759955116972,0.825430022335082,-0.28711981151462107,-2.906221071247927,8.003458579078341,-0.36312060335070756,-0.12029354218688337,0.48434402378846536,-0.2483633283686235,0.1807204436901575,1.3460363928046728,0.13426108714082532,LGD,WE,1.0,-1398.0,-0.0666000000000001,0.0,-1.0,1.0,4.0,2.0,-1.0,4.400000000000006,0.0,,0.0,1.0,25.63563890808097,7.752675619400171,2.377612049880458,7.0,1.1,24.355989226265695,7.591120583203024,1.5826274766566222,9.0,1.15,24.355989226265695,7.591120583203024,1.5826274766566222,9.0,1.15,24.495991568381847,7.591120583203024,1.7226298187727735,9.0,0.9,24.439990631535387,7.591120583203024,1.6666288819263144,9.0,1.0,24.661200200448906,7.624650873734508,1.787247579245386,8.584905660377359,25.68637844432217,7.598385331426386,2.89122245004301,9.0,1.1,25.71757746451863,7.598385331426386,2.9224214702394704,9.0,1.15,25.71757746451863,7.598385331426386,2.9224214702394704,9.0,1.15,25.56158236353632,7.598385331426386,2.766426369257161,9.0,0.9,25.62398040392924,7.598385331426386,2.828824409650082,9.0,1.0,25.666952639294184,7.598385331426386,2.8717966450150225,9.0,-1.0057524388452777,0.026265542308121503,-1.0845490657696366,-0.415094339622641,-1.1839897723938542,-0.007264748223362538,-1.1621955277237674,0.0,-1.361588238252935,-0.007264748223362538,-1.3397939935828482,0.0,-1.361588238252935,-0.007264748223362538,-1.3397939935828482,0.0,-0.05073953624119909,0.15429028797378486,-0.5136104001625519,-2.0,-1.065590795154474,-0.007264748223362538,-1.0437965504843874,0.0,0.47487736254419766
2024-06-23__AL__IG__G1,2024-06-23__AL__IG__G1,2024-06-23,1.0,0.275541857920115,1.2372145438177267,0.22271128042076177,4.53934410819177,6.761859462395603,0.6713158506355164,21.368794951106963,63.362072928598394,0.33724898233582257,202.17412196109353,202.97771873758262,0.9960409557387481,-0.21450186849491004,0.9779640325261914,-0.21933490601481742,-9.305910558641003,21.859378466990375,-0.4257170507833382,-1.5609548311742572,2.098121376743199,-0.7439770189178584,-0.6514681530137514,3.1500792553480665,-0.2068100175885099,6.3064597276501715,25.108855577780485,0.251164751692872,4.4983275538762975,7.901928205562246,0.5692695336614608,0.43609113780344266,4.691186306020372,0.09295965165232072,578.838156262634,1221.6993159813917,0.47379756067380246,-0.3942419471415679,1.2854063782516787,-0.3067058380182851,-0.8069850676333061,2.3401797705708023,-0.3448387739022705,2.7591477150812445,7.463055899534399,0.36970744725976573,261.62717026028497,284.82291920124334,0.9185608028856341,-0.3310543091608338,0.825430022335082,-0.4010684117787409,-2.9014307189937796,8.003458579078341,-0.3625220681539197,-0.3044389977113824,0.48434402378846536,-0.628558120263344,-1.2393251247821162,1.3460363928046728,-0.9207211712000026,AL,IG,1.0,11496.0,0.15999999999999992,4.0,1.0,-1.0,-1.0,4.0,1.0,10.200000000000003,0.0,,0.0,1.0,27.8644937861443,7.225770106626793,6.187183466263921,14.0,1.1,27.994698049150866,7.225770106626793,6.317387729270486,14.0,1.15,27.994698049150866,7.225770106626793,6.317387729270486,14.0,1.15,27.34367673411807,7.225770106626793,5.6663664142376895,14.0,0.9,27.604085260131185,7.225770106626793,5.926774940250805,14.0,1.0,27.783423207291168,7.225770106626795,6.1061128874107835,13.999999999999998,23.37870335961441,7.310573125439654,1.4469839832954463,13.0,1.1,23.3050080577787,7.310573125439654,1.3732886814597371,13.0,1.15,23.3050080577787,7.310573125439654,1.3732886814597371,13.0,1.15,23.673484566957246,7.310573125439654,1.741765190638283,13.0,0.9,22.95409566352918,7.532027455271346,0.3580132977151429,10.0,1.0,23.316664906086334,7.352356961256954,1.2595940223154685,12.433962264150946,4.466758301204834,-0.12658685463015917,4.846518865095315,1.5660377358490525,4.649989596602005,-0.3062573486445528,5.568761642535662,4.0,4.689689991372166,-0.08480301881286056,4.944099047810749,1.0,4.689689991372166,-0.08480301881286056,4.944099047810749,1.0,4.485790426529892,-0.08480301881286056,4.740199482968475,1.0,3.670192167160824,-0.08480301881286056,3.9246012235994066,1.0,0.6098485927192708
2024-06-23__AL__IG__G2,2024-06-23__AL__IG__G2,2024-06-23,0.0,-0.8632203996698244,1.2372145438177267,-0.6977122167461217,5.1822791139731805,6.761859462395603,0.7663984110280196,-50.50577255371445,63.362072928598394,-0.79709784453439,128.41263936489185,202.97771873758262,0.6326440139878832,-0.4491706657916197,0.9779640325261914,-0.4592911309225059,-2.94507147692525,21.859378466990375,-0.13472804575137057,-0.6110356437977771,2.098121376743199,-0.29122974454247724,-0.8109470766543567,3.1500792553480665,-0.25743695744816875,-0.5971491208897532,25.108855577780485,-0.023782409965182837,6.0020816764327805,7.901928205562246,0.7595716843689078,-0.527702340509026,4.691186306020372,-0.11248801339307136,-873.3326689491023,1221.6993159813917,-0.7148507466689566,0.12696992206012148,1.2854063782516787,0.09877796269756682,0.9913870529099569,2.3401797705708023,0.4236369537675262,13.941945152799939,7.463055899534399,1.8681279454897015,228.73871744704104,284.82291920124334,0.8030909776692983,-0.3430245116833892,0.825430022335082,-0.41557017170616967,-1.5722954860981133,8.003458579078341,-0.19645198061700903,-0.2798741919982155,0.48434402378846536,-0.5778405439351614,0.6750872723528172,1.3460363928046728,0.5015367893652424,IG,AL,0.0,2548.0,-0.09999999999999998,1.0,1.0,-1.0,-4.0,4.0,1.0,-16.200000000000003,0.0,1.0,-1.0,0.0,22.90808534478278,7.229436832487249,1.219774847321034,14.0,1.1,22.81299831500018,7.229436832487249,1.1246878175384332,14.0,1.15,22.81299831500018,7.229436832487249,1.1246878175384332,14.0,1.15,23.288433463913186,7.229436832487249,1.6001229664514405,14.0,0.9,22.5133009968265,7.448433354555788,0.16800093315913855,11.0,1.0,22.856920965681102,7.270756930990747,1.044650172708862,13.433962264150942,28.32965260814923,7.145574998785266,6.892927611793432,15.0,1.1,28.481000453974204,7.145574998785266,7.044275457618404,15.0,1.15,28.481000453974204,7.145574998785266,7.044275457618404,15.0,1.15,27.72426122484938,7.145574998785266,6.287536228493579,15.0,0.9,28.026956916499305,7.145574998785266,6.590231920143506,15.0,1.0,28.235417156975203,7.145574998785265,6.798692160619402,15.0,-5.378496191294101,0.12518193220548213,-5.75404198791054,-1.5660377358490578,-5.513655919672804,0.302858355770522,-6.422230986984367,-4.0,-5.668002138974025,0.08386183370198275,-5.919587640079971,-1.0,-5.668002138974025,0.08386183370198275,-5.919587640079971,-1.0,-5.421567263366452,0.08386183370198275,-5.673152764472398,-1.0,-4.435827760936192,0.08386183370198275,-4.6874132620421385,-1.0,0.3686879572970812
2024-06-23__LNG__TES__G1,2024-06-23__LNG__TES__G1,2024-06-23,0.0,-0.15480183029073746,1.2372145438177267,-0.1251211489091538,-2.525281341274333,6.761859462395603,-0.3734595464248418,-6.123188979109216,63.362072928598394,-0.09663807699870004,-6.655373933497799,202.97771873758262,-0.032788691990934385,1.4106176897373608,0.9779640325261914,1.442400947704214,-8.162031549007182,21.859378466990375,-0.37338807175805616,2.2881526152934555,2.098121376743199,1.0905715703986865,2.2676814110744417,3.1500792553480665,0.7198805196231025,-6.960104398312893,25.108855577780485,-0.2771971864490269,-4.6931507631170994,7.901928205562246,-0.5939246785219924,-1.1985538498334698,4.691186306020372,-0.25549051266729894,-224.80790273678448,1221.6993159813917,-0.18401246494288465,-0.46412320259062234,1.2854063782516787,-0.3610709028462948,-1.5020705610026646,2.3401797705708023,-0.6418609108715515,-11.038765630130158,7.463055899534399,-1.4791211937321338,-266.4864041677099,284.82291920124334,-0.935621346692964,-0.27844562898968794,0.825430022335082,-0.33733361293107966,-1.9059459992719923,8.003458579078341,-0.23814026677341907,-0.3247941771768297,0.48434402378846536,-0.6705843174279861,0.14437538396604488,1.3460363928046728,0.10725956406397961,TES,LNG,0.0,-7270.0,0.07999999999999996,0.0,-1.0,-1.0,-1.0,-4.0,-1.0,0.4000000000000057,0.0,,0.0,0.0,29.508329960013864,7.642110595133557,6.581998174613194,8.0,1.1,29.7132540491054,7.642110595133557,6.7869222637047315,8.0,1.15,29.7132540491054,7.642110595133557,6.7869222637047315,8.0,1.15,28.68863360364771,7.642110595133557,5.762301818247039,8.0,0.9,29.098481781830785,7.642110595133557,6.1721499964301145,8.0,1.0,29.380735715862528,7.642110595133557,6.454403930461857,8.0,25.572450828360864,7.611441234105913,2.738127126043125,9.0,1.1,25.598471320559085,7.611441234105913,2.7641476182413456,9.0,1.15,25.598471320559085,7.611441234105913,2.7641476182413456,9.0,1.15,25.468368859567978,7.611441234105913,2.634045157250238,9.0,0.9,25.520409843964416,7.611441234105913,2.686086141646676,9.0,1.0,25.556249389822344,7.611441234105912,2.721925687504608,9.0,3.8244863260401836,0.030669361027645614,3.732478242957249,-1.0,3.578071937866369,0.030669361027644726,3.4860638547834384,-1.0,4.1147827285463165,0.030669361027644726,4.022774645463386,-1.0,4.1147827285463165,0.030669361027644726,4.022774645463386,-1.0,3.9358791316529995,0.030669361027644726,3.843871048570069,-1.0,3.2202647440797314,0.030669361027644726,3.1282566609968008,-1.0,0.5944635473291938
2024-06-23__LNG__TES__G2,2024-06-23__LNG__TES__G2,2024-06-23,0.0,0.26162465223479536,1.2372145438177267,0.21146246791200948,3.836926706286203,6.761859462395603,0.5674365402279907,6.864350348508594,63.362072928598394,0.10833531674237667,42.27584785820687,202.97771873758262,0.2082782677471336,-0.5661011693873217,0.9779640325261914,-0.5788562479836523,11.040871066207629,21.859378466990375,0.5050862071762071,0.0872789582355118,2.098121376743199,0.041598602256456625,-0.4026642233787827,3.1500792553480665,-0.1278266554304949,6.100338083182237,25.108855577780485,0.2429556305873599,1.371639149599421,7.901928205562246,0.1735828193239077,0.3150655062822256,4.691186306020372,0.0671611440195301,-7.085891460292487,1221.6993159813917,-0.005800028993877562,-0.016054356637324574,1.2854063782516787,-0.012489703193675913,0.34188092453729624,2.3401797705708023,0.14609167327441408,-3.157033401926615,7.463055899534399,-0.42302148361264325,-139.13051424857917,284.82291920124334,-0.4884807520064596,-0.6434127376519276,0.825430022335082,-0.7794869834571538,-4.378147648637018,8.003458579078341,-0.5470318935678558,-0.24356600733960931,0.48434402378846536,-0.5028770718742539,0.51443679615317,1.3460363928046728,0.3821861108042942,LNG,TES,0.0,-5594.0,0.04999999999999993,-3.0,-1.0,-1.0,-3.0,0.0,-1.0,-0.7999999999999972,0.0,-1.0,-1.0,0.0,26.319030347152722,7.542516859157467,3.6914797696803205,10.0,1.1,26.3789862720233,7.542516859157467,3.7514356945508993,10.0,1.15,26.3789862720233,7.542516859157467,3.7514356945508993,10.0,1.15,26.079206647670407,7.542516859157467,3.4516560701980055,10.0,0.9,26.19911849741156,7.542516859157467,3.5715679199391595,10.0,1.0,26.2816992995918,7.542516859157467,3.6541487221193933,10.0,28.75874219139212,7.572908497941205,6.0400166975685075,9.0,1.1,28.92959410918267,7.572908497941205,6.2108686153590575,9.0,1.15,28.92959410918267,7.572908497941205,6.2108686153590575,9.0,1.15,28.07533452022992,7.572908497941205,5.356609026406307,9.0,0.9,28.41703835581102,7.572908497941205,5.698312861987407,9.0,1.0,28.652362695409327,7.572908497941205,5.933637201585712,9.0,-2.3706633958175267,-0.03039163878373774,-2.2794884794663184,1.0,-2.2179198583994584,-0.03039163878373774,-2.126744942048248,1.0,-2.550607837159369,-0.03039163878373774,-2.4594329208081582,1.0,-2.550607837159369,-0.03039163878373774,-2.4594329208081582,1.0,-2.4397118442393975,-0.03039163878373774,-2.348536927888187,1.0,-1.9961278725595122,-0.03039163878373774,-1.9049529562083016,1.0,0.44100943137637444
2024-06-23__LNG__TES__G3,2024-06-23__LNG__TES__G3,2024-06-23,1.0,0.9722017533661447,1.2372145438177267,0.785798204867506,-5.475161372237871,6.761859462395603,-0.8097122681969869,32.47053375111085,63.362072928598394,0.512460084366893,-150.45945729520474,202.97771873758262,-0.7412609496733163,-0.36283466956320964,0.9779640325261914,-0.37100985975538175,4.221425094540109,21.859378466990375,0.19311733441083448,-1.3011231024206396,2.098121376743199,-0.620136898039428,-0.9935993441153927,3.1500792553480665,-0.3154203269673856,-0.29127268352790736,25.108855577780485,-0.011600396164023754,0.8947862637791637,7.901928205562246,0.11323643131974845,-0.233897599901713,4.691186306020372,-0.04985893434729065,260.5328422950161,1221.6993159813917,0.213254471598419,-1.0162605914256222,1.2854063782516787,-0.7906136285041937,-1.2297290618462355,2.3401797705708023,-0.5254846451653765,-1.6151993603153016,7.463055899534399,-0.21642597424335192,57.3921963705302,284.82291920124334,0.20150132696476605,-1.1566771785699745,0.825430022335082,-1.4013008322583056,-9.287856441560457,8.003458579078341,-1.1604802085637602,-1.0509075114380502,0.48434402378846536,-2.16974978542781,0.04829354103928374,1.3460363928046728,0.035878305682620626,TES,LNG,1.0,7000.0,-0.1866000000000001,2.0,1.0,-1.0,-1.0,6.0,1.0,5.400000000000006,0.0,0.0,0.6000000000000001,1.0,29.30979666303161,7.49271211117751,6.83166032949908,10.0,1.1,29.50569651135123,7.49271211117751,7.0275601778187,10.0,1.15,29.50569651135123,7.49271211117751,7.0275601778187,10.0,1.15,28.526197269753137,7.49271211117751,6.048060936220608,10.0,0.9,28.917996966392373,7.49271211117751,6.439860632859844,10.0,1.0,29.187821285775993,7.49271211117751,6.70968495224347,10.0,25.770187370404102,7.4626423169821425,3.3822604194576726,11.0,1.1,25.805195887240654,7.4626423169821425,3.4172689362942243,11.0,1.15,25.805195887240654,7.4626423169821425,3.4172689362942243,11.0,1.15,25.630153303057902,7.4626423169821425,3.242226352111473,11.0,0.9,25.700170336731,7.4626423169821425,3.3122433857845692,11.0,1.0,25.748389614637947,7.462642316982142,3.3604626636915187,11.0,3.4394316711380455,0.03006979419536826,3.3492222885519514,-1.0,3.2178266296613742,0.030069794195367372,3.1276172470752748,-1.0,3.7005006241105747,0.030069794195367372,3.6102912415244752,-1.0,3.7005006241105747,0.030069794195367372,3.6102912415244752,-1.0,3.5396092926275067,0.030069794195367372,3.4493999100414072,-1.0,2.8960439666952347,0.030069794195367372,2.805834584109135,-1.0,0.5851480462545732
2024-06-24__EDG__TT__G1,2024-06-24__EDG__TT__G1,2024-06-24,1.0,0.12107544019027916,1.2372145438177267,0.09786123428151551,-4.904997121677528,6.761859462395603,-0.7253916505605882,1.7726343827637834,63.362072928598394,0.027976268339343406,-194.42093421330594,202.97771873758262,-0.9578437203091097,0.3784845502733356,0.9779640325261914,0.38701235492609415,3.407795375552041,21.859378466990375,0.15589625408617466,0.9276137419787958,2.098121376743199,0.4421161283350306,-0.5245867797829495,3.1500792553480665,-0.1665312427809829,4.233327782007123,25.108855577780485,0.16859898693090272,-2.7099858079650687,7.901928205562246,-0.3429524281307763,-0.2715240590960386,4.691186306020372,-0.05787960304794947,-164.19124707847317,1221.6993159813917,-0.1343957918255708,-0.5362343152311997,1.2854063782516787,-0.4171707151397778,-0.6477375407188006,2.3401797705708023,-0.2767895321867842,-2.3780387777899534,7.463055899534399,-0.31864138379251983,66.98961161614511,284.82291920124334,0.23519740464992495,-0.34782516016192844,0.825430022335082,-0.42138610101902557,-0.8839148354019386,8.003458579078341,-0.11044159424663805,-0.1752134300165682,0.48434402378846536,-0.3617533398941073,-0.43475653405381465,1.3460363928046728,-0.32298993800457027,TT,EDG,1.0,916.0,0.10020000000000007,0.0,1.0,-1.0,0.0,6.0,-1.0,4.0,0.0,1.0,-0.5,1.0,21.82267520257168,7.514004965220928,-0.7193396930911042,10.0,1.1,21.67825134814312,7.514004965220928,-0.8637635475196639,10.0,1.15,21.67825134814312,7.514004965220928,-0.8637635475196639,10.0,1.15,23.885404312133456,7.908038501854628,0.16128880656956923,5.0,0.9,22.111522911428807,7.514004965220928,-0.43049198423397783,10.0,1.0,22.164775021869236,7.580916320498348,-0.5779739396258127,9.150943396226415,24.201618985291386,7.614359434286227,1.3585406824327073,9.0,1.1,24.16532893916827,7.614359434286227,1.3222506363095903,9.0,1.15,24.16532893916827,7.614359434286227,1.3222506363095903,9.0,1.15,24.34677916978386,7.614359434286227,1.5037008669251826,9.0,0.9,24.274199077537627,7.614359434286227,1.4311207746789485,9.0,1.0,24.22421467438691,7.614359434286226,1.3811363715282354,9.0,-2.059439652517675,-0.0334431137878779,-1.9591103111540482,0.15094339622641506,-2.1626761661088203,-0.10035446906529888,-1.8616127589129263,1.0,-2.487077591025148,-0.10035446906529888,-2.186014183829254,1.0,-2.487077591025148,-0.10035446906529888,-2.186014183829254,1.0,-2.3789437827197055,-0.10035446906529888,-2.0778803755238116,1.0,-0.4613748576504051,0.29367906756840156,-1.3424120603556133,-4.0,0.4486952127753801
2024-06-24__EDG__TT__G2,2024-06-24__EDG__TT__G2,2024-06-24,0.0,0.09941915772957088,1.2372145438177267,0.08035718450706586,-1.5887339599711154,6.761859462395603,-0.23495515306866538,46.61380971885421,63.362072928598394,0.7356736739927815,-7.298326627019151,202.97771873758262,-0.03595629429897383,0.6699458687109843,0.9779640325261914,0.685040718665002,-2.396269027229266,21.859378466990375,-0.10962200600652217,0.001871284249471472,2.098121376743199,0.0008918851780114772,0.8539421417962982,3.1500792553480665,0.271085836732735,5.189275317676021,25.108855577780485,0.20667111230656965,-1.2097744485694477,7.901928205562246,-0.15309861896989352,0.34551109746562414,4.691186306020372,0.07365109830984944,443.49261537157275,1221.6993159813917,0.36301290277166276,-1.006831899560492,1.2854063782516787,-0.7832784505484279,-0.38359613217918564,2.3401797705708023,-0.16391730801446644,-3.136368391309958,7.463055899534399,-0.4202525095990663,-95.05581158224072,284.82291920124334,-0.33373652483823446,0.4150907288514172,0.825430022335082,0.5028775483591068,3.007516549187187,8.003458579078341,0.37577706483944356,0.250554688045421,0.48434402378846536,0.5173062088790019,0.40448449893519545,1.3460363928046728,0.30050019494064034,EDG,TT,0.0,-4064.0,-0.13339999999999996,-1.0,-1.0,-1.0,-4.0,6.0,-1.0,-5.400000000000006,0.0,,-1.0,0.0,23.50897657200918,7.5421223708496425,0.8826094594602516,10.0,1.1,23.44120277982778,7.5421223708496425,0.814835667278853,10.0,1.15,23.44120277982778,7.5421223708496425,0.814835667278853,10.0,1.15,23.780071740734783,7.5421223708496425,1.1537046281858565,10.0,0.9,23.644524156371986,7.5421223708496425,1.0181570438230594,10.0,1.0,23.551175348273073,7.542122370849642,0.9248082357241452,10.0,22.506188842483397,7.442719959828172,0.17802896299888005,11.0,1.1,22.392833789869005,7.442719959828172,0.06467391038448866,11.0,1.15,22.392833789869005,7.442719959828172,0.06467391038448866,11.0,1.15,24.473969142423382,7.833015319163099,0.9749231849340845,6.0,0.9,22.732898947712187,7.442719959828172,0.4047390682276699,11.0,1.0,22.83392389043843,7.508996530281274,0.30693429959461094,10.150943396226415,0.7172514578346423,0.03312584056836787,0.6178739361295342,-0.15094339622641506,0.9116252086597996,0.09940241102147063,0.6134179755953895,-1.0,1.0483689899587745,0.09940241102147063,0.7501617568943644,-1.0,1.0483689899587745,0.09940241102147063,0.7501617568943644,-1.0,1.0027877295257817,0.09940241102147063,0.7045804964613716,-1.0,-0.6938974016885986,-0.2908929483134566,0.17878144325177203,4.0,0.5179236031117773
2024-06-24__FPX__JDG__G1,2024-06-24__FPX__JDG__G1,2024-06-24,1.0,-0.6512408512076799,1.2372145438177267,-0.5263762280241965,-8.966975442511036,6.761859462395603,-1.32611068985801,-3.577093211210297,63.362072928598394,-0.05645479999978,-188.9673877623776,202.97771873758262,-0.9309760106019611,0.9278811053133689,0.9779640325261914,0.9487876094266374,-3.9611822811807826,21.859378466990375,-0.18121201872004294,0.392115203458431,2.098121376743199,0.1868886237546782,0.12590330278023076,3.1500792553480665,0.03996828416243609,-4.506807686347926,25.108855577780485,-0.1794907574698612,-3.4227512604138504,7.901928205562246,-0.4331538756389442,-0.23834019920223515,4.691186306020372,-0.05080594392305855,472.11749704086594,1221.6993159813917,0.38644328475797696,-0.285201269420023,1.2854063782516787,-0.22187617267915005,-0.6888125935089242,2.3401797705708023,-0.2943416176097,-5.299516719570978,7.463055899534399,-0.7101000020382534,-77.34594021579233,284.82291920124334,-0.27155799175551987,-0.04415898739755342,0.825430022335082,-0.05349809518017747,-0.2704592206879042,8.003458579078341,-0.03379278898276758,0.27873450905452235,0.48434402378846536,0.5754875044948493,-0.4525170411542927,1.3460363928046728,-0.3361845990113283,JDG,FPX,1.0,5806.0,-0.13000000000000012,1.0,1.0,-1.0,0.0,4.0,1.0,23.599999999999994,0.0,0.0,1.0,1.0,28.76329500056395,7.58202414396971,6.017222568654823,9.0,1.1,28.93435386422595,7.58202414396971,6.188281432316824,9.0,1.15,28.93435386422595,7.58202414396971,6.188281432316824,9.0,1.15,28.07905954591596,7.58202414396971,5.3329871140068335,9.0,0.9,27.27149130836686,7.992355636006832,3.2944244003463616,4.0,1.0,28.43986477132665,7.659445180203129,5.461529230717267,8.056603773584907,25.239386716606433,7.540259126268869,2.6186093377998247,10.0,1.1,25.25026793099763,7.540259126268869,2.6294905521910223,10.0,1.15,25.25026793099763,7.540259126268869,2.6294905521910223,10.0,1.15,25.195861859041624,7.540259126268869,2.5750844802350166,10.0,0.9,25.882572674238276,7.612870377180314,3.0439615426973354,9.0,1.0,25.35807358055422,7.553959362289896,2.69619549368453,9.81132075471698,3.0817911907724316,0.10548581791323297,2.765333737032737,-1.7547169811320735,1.3889186341285829,0.3794852588265183,0.2504628576490262,-5.0,3.684085933228321,0.04176501770084062,3.5587908801258017,-1.0,3.684085933228321,0.04176501770084062,3.5587908801258017,-1.0,3.5239082839575175,0.04176501770084062,3.3986132308549983,-1.0,2.883197686874336,0.04176501770084062,2.757902633771817,-1.0,0.5764407426444635
2024-06-24__FPX__JDG__G2,2024-06-24__FPX__JDG__G2,2024-06-24,0.0,0.8298140660779545,1.2372145438177267,0.6707109931042115,-3.0155531960726236,6.761859462395603,-0.4459650140435268,3.541184463480306,63.362072928598394,0.05588807695074509,-149.0851011163993,202.97771873758262,-0.7344899790437208,-1.3228277627200296,0.9779640325261914,-1.3526329865833953,-0.5194544560059882,21.859378466990375,-0.023763458463695687,0.4817613913601875,2.098121376743199,0.2296154870184452,0.4433155229741348,3.1500792553480665,0.14073150111699323,4.9190296564036515,25.108855577780485,0.1959081506227024,1.142345880497274,7.901928205562246,0.1445654410182725,-0.5278863884114173,4.691186306020372,-0.11252724608415474,-12.29450734029166,1221.6993159813917,-0.01006344782992043,-1.2542132604343994,1.2854063782516787,-0.9757321154794465,-0.4688129764065678,2.3401797705708023,-0.20033194969473142,-0.9070432151118837,7.463055899534399,-0.12153775956987167,-46.526180326284816,284.82291920124334,-0.16335125099276232,-0.6149730965959912,0.825430022335082,-0.7450326919580497,-2.8382380117107147,8.003458579078341,-0.3546263942070861,-0.5516747034984351,0.48434402378846536,-1.139011812660587,-0.7383043964176217,1.3460363928046728,-0.5485021444161018,FPX,JDG,0.0,4526.0,0.17999999999999994,0.0,1.0,1.0,4.0,0.0,1.0,2.0,0.0,0.5,-0.6666666666666667,0.0,24.71241853490096,7.459092704932743,2.3351404201027286,11.0,1.1,24.699346650123726,7.459092704932743,2.3220685353254957,11.0,1.15,24.699346650123726,7.459092704932743,2.3220685353254957,11.0,1.15,24.764706074009872,7.459092704932743,2.3874279592116423,11.0,0.9,25.39889741574291,7.530922338755633,2.806130399476011,10.0,1.0,24.845149163401402,7.472645466031401,2.4272127653071944,10.81132075471698,29.293182025649756,7.500408146966879,6.79195758474912,10.0,1.1,29.488326663179294,7.500408146966879,6.987102222278658,10.0,1.15,29.488326663179294,7.500408146966879,6.987102222278658,10.0,1.15,28.51260347553162,7.500408146966879,6.011379034630984,10.0,0.9,27.779276741023118,7.906322663643813,4.060308750091679,5.0,1.0,28.9596738533073,7.576995791622903,6.228686478438587,9.056603773584905,-4.114524689905899,-0.10435032559150237,-3.8014737131313927,1.7547169811320753,-2.3803793252802095,-0.3754003248881803,-1.2541783506156676,5.0,-4.788980013055568,-0.04131544203413551,-4.665033686953162,1.0,-4.788980013055568,-0.04131544203413551,-4.665033686953162,1.0,-4.580763490748797,-0.04131544203413551,-4.456817164646392,1.0,-3.7478974015217474,-0.04131544203413551,-3.623951075419342,1.0,0.3985638975247691
2024-06-25__AL__WBG__G1,2024-06-25__AL__WBG__G1,2024-06-25,0.0,-0.2081571007901708,1.2372145438177267,-0.1682464319417229,-3.4892333768636377,6.761859462395603,-0.5160167673184233,-32.14957067844432,63.362072928598394,-0.507394545113424,-155.27520498632265,202.97771873758262,-0.7649864486952972,-0.9862161456356047,0.9779640325261914,-1.0084370226286106,10.25173752794477,21.859378466990375,0.4689857524741639,-0.5912869774792711,2.098121376743199,-0.2818172019103545,-0.5845815681806092,3.1500792553480665,-0.18557672211307397,9.173045562223237,25.108855577780485,0.3653310748662572,3.815002475407667,7.901928205562246,0.4827938059382067,0.5010127010493273,4.691186306020372,0.10679869900022099,-533.3177005992942,1221.6993159813917,-0.43653761051207773,1.188561531044348,1.2854063782516787,0.924657467472255,1.6319817349466668,2.3401797705708023,0.6973742180389781,0.5720842981673862,7.463055899534399,0.07665549196108595,-177.3579142320358,284.82291920124334,-0.6226953719410029,-0.17141909428856605,0.825430022335082,-0.20767222172439603,-0.43173964480776306,8.003458579078341,-0.05394412760406309,0.14933098244199128,0.48434402378846536,0.30831530233127913,-0.7413983818064285,1.3460363928046728,-0.5508007324087875,WBG,AL,0.0,-2216.0,0.14660000000000017,0.0,1.0,-1.0,-1.0,4.0,1.0,-5.599999999999994,0.0,0.5,-0.5,0.0,23.197375988033635,7.194422383718941,1.6141088368768095,15.0,1.1,23.11543853294426,7.194422383718941,1.5321713817874354,15.0,1.15,24.40533418234832,7.490902799196425,1.932625784759047,11.0,1.15,25.0,8.333333333333334,0.0,0.0,0.9,23.361250898212404,7.194422383718941,1.777983747055579,15.0,1.0,23.77872700144073,7.452153012483482,1.4222679639902875,11.584905660377359,28.764343037401744,7.064736248303639,7.5701342924908275,16.0,1.1,28.935449539101832,7.064736248303639,7.741240794190915,16.0,1.15,28.935449539101832,7.064736248303639,7.741240794190915,16.0,1.15,28.079917030601436,7.064736248303639,6.885708285690519,16.0,0.9,28.42213003400159,7.064736248303639,7.227921289090673,16.0,1.0,28.657805026909248,7.064736248303639,7.463596281998331,16.0,-4.8790780254685195,0.38741676417984294,-6.041328318008044,-4.415094339622641,-5.060879135789186,0.1296861354153025,-5.449937542035094,-1.0,-5.820011006157571,0.1296861354153025,-6.20906941240348,-1.0,-4.530115356753512,0.4261665508927859,-5.808615009431868,-5.0,-5.56696704936811,0.1296861354153025,-5.956025455614018,-1.0,-3.079917030601436,1.268597085029695,-6.885708285690519,-16.0,0.3803865596129062
2024-06-25__AL__WBG__G2,2024-06-25__AL__WBG__G2,2024-06-25,1.0,-0.8182582458638246,1.2372145438177267,-0.6613708095995073,-3.0435513540824637,6.761859462395603,-0.45010561383341374,-26.24442709536504,63.362072928598394,-0.4141977285172109,11.18104190761585,202.97771873758262,0.0550850700366086,0.6374384244595932,0.9779640325261914,0.6518008346505186,2.7708186220304043,21.859378466990375,0.1267565086289201,0.25384645330401767,2.098121376743199,0.12098743911117789,-0.4437310275070103,3.1500792553480665,-0.14086340395730026,-18.786248820015402,25.108855577780485,-0.748192127420086,-2.787244843018989,7.901928205562246,-0.3527296651882201,-1.886173435039245,4.691186306020372,-0.4020673897669039,160.30935407628914,1221.6993159813917,0.13121833813608563,0.12662265354552993,1.2854063782516787,0.09850780047470493,-0.07983822066075774,2.3401797705708023,-0.034116262155800936,6.367788201462009,7.463055899534399,0.8532412772920542,376.5750768238248,284.82291920124334,1.3221375462261022,1.2666413745180471,0.825430022335082,1.534521165602444,10.12265555172258,8.003458579078341,1.2647849910036382,0.7561316552454447,0.48434402378846536,1.5611426113787854,-0.0694183842431233,1.3460363928046728,-0.051572404016562705,AL,WBG,1.0,4926.0,-0.010000000000000009,1.0,1.0,-1.0,1.0,4.0,1.0,8.0,0.0,,0.5,1.0,29.20775260555244,6.985638511739733,8.25083707033324,17.0,1.1,29.399014087623012,6.985638511739733,8.442098552403813,17.0,1.15,29.399014087623012,6.985638511739733,8.442098552403813,17.0,1.15,28.442706677270184,6.985638511739733,7.485791142050985,17.0,0.9,28.825229641411312,6.985638511739733,7.868314106192113,17.0,1.0,29.08866526765945,6.985638511739733,8.13174973244025,17.0,22.74582682750772,7.113872663752606,1.4042088362499001,16.0,1.1,22.64336441057626,7.113872663752606,1.301746419318441,16.0,1.15,23.913805998977093,7.407033644650289,1.692705065026228,12.0,1.15,24.572065120435482,8.240032213301076,-0.14803151946774307,1.0,0.9,22.950751661370663,7.113872663752606,1.6091336701128434,16.0,1.0,23.325804858680648,7.368717705757505,1.2196517414081385,12.584905660377357,5.762860408978803,-0.383079194017772,6.912097991032112,4.415094339622643,5.874477980040648,-0.12823415201287336,6.259180436079269,1.0,6.755649677046751,-0.12823415201287336,7.140352133085372,1.0,5.485208088645919,-0.42139513291055586,6.749393487377585,5.0,6.461925778044719,-0.12823415201287336,6.84662823408334,1.0,3.870641556834702,-1.2543937015613427,7.633822661518728,16.0,0.6402123774114656
2024-06-25__IG__UP__G1,2024-06-25__IG__UP__G1,2024-06-25,1.0,-0.6896355468572448,1.2372145438177267,-0.5574093781017398,6.196528160151587,6.761859462395603,0.9163939709510466,-32.98671237491641,63.362072928598394,-0.5206065762949703,162.39654286275368,202.97771873758262,0.8000707815257071,0.9009069761581623,0.9779640325261914,0.9212057141051561,-6.352426194900914,21.859378466990375,-0.2906041410962122,1.149243287871176,2.098121376743199,0.5477484538604862,1.57149545028242,3.1500792553480665,0.49887473425935885,7.842027517413186,25.108855577780485,0.31232117213783483,1.1823839483802097,7.901928205562246,0.14963231353020953,0.5497512120701478,4.691186306020372,0.11718807547177491,-287.26146088242217,1221.6993159813917,-0.2351327015490159,-0.9962673497107417,1.2854063782516787,-0.7750596165596895,-0.9311671313728596,2.3401797705708023,-0.39790393250079353,9.865867369717595,7.463055899534399,1.3219606258573617,307.9092764478678,284.82291920124334,1.081055120951336,0.0746956353851771,0.825430022335082,0.09049288597594597,1.4308294591014956,8.003458579078341,0.17877637101357943,0.025225559328566183,0.48434402378846536,0.05208179725117459,0.28741096634532326,1.3460363928046728,0.2135237608417839,IG,UP,1.0,-1612.0,0.05339999999999989,0.0,1.0,1.0,2.0,-2.0,-1.0,5.400000000000006,0.0,0.0,0.3333333333333333,1.0,22.46829330558341,7.14764934298172,1.025345276638248,15.0,1.1,22.353215728564475,7.14764934298172,0.9102676996193146,15.0,1.15,22.353215728564475,7.14764934298172,0.9102676996193146,15.0,1.15,22.928603613659156,7.14764934298172,1.4856555847139958,15.0,0.9,25.0,8.333333333333334,0.0,0.0,1.0,22.97420038945911,7.371363303425421,0.8601104791828477,12.169811320754718,23.79408804752537,7.173128142481253,2.2747036200816133,15.0,1.1,23.739273867867436,7.173128142481253,2.219889440423678,15.0,1.15,23.739273867867436,7.173128142481253,2.219889440423678,15.0,1.15,24.013344766157118,7.173128142481253,2.493960338713361,15.0,0.9,23.903716406841248,7.173128142481253,2.3843319793974906,15.0,1.0,23.828217631085973,7.173128142481254,2.308833203642217,15.0,-0.8540172416268632,0.1982351609441677,-1.448722724459369,-2.830188679245282,1.096283593158752,1.1602051908520812,-2.3843319793974906,-15.0,-1.3860581393029605,-0.02547879949953291,-1.3096217408043636,0.0,-1.3860581393029605,-0.02547879949953291,-1.3096217408043636,0.0,-1.3257947419419622,-0.02547879949953291,-1.2493583434433653,0.0,-1.084741152497962,-0.02547879949953291,-1.008304753999365,0.0,0.4786625360350276
2024-06-25__IG__UP__G2,2024-06-25__IG__UP__G2,2024-06-25,0.0,-0.14302594515807954,1.2372145438177267,-0.11560309428116182,-0.6398051649700243,6.761859462395603,-0.09461969357814182,17.735290679960258,63.362072928598394,0.27990388540542166,-67.27212280364728,202.97771873758262,-0.33142614317777963,0.6788978179702712,0.9779640325261914,0.6941943682961785,-1.7682623855745732,21.859378466990375,-0.08089261583316251,-0.13246939080205067,2.098121376743199,-0.06313711357851093,0.2692818425151122,3.1500792553480665,0.08548412125625607,-5.536211939508007,25.108855577780485,-0.22048841301706876,3.132932342269708,7.901928205562246,0.3964768932711275,0.5130959955328347,4.691186306020372,0.10937444234519476,516.2046457907459,1221.6993159813917,0.42253002732799955,1.2886037874082472,1.2854063782516787,1.0024866895979048,-0.03384726633827029,2.3401797705708023,-0.014463526392456627,6.305093411667887,7.463055899534399,0.8448405923397483,157.17166964941998,284.82291920124334,0.5518224078959987,0.4051749224279697,0.825430022335082,0.4908646652045624,2.8210576920553336,8.003458579078341,0.3524797825467621,0.37170445720131196,0.48434402378846536,0.7674373410382174,-0.6451983920202604,1.3460363928046728,-0.4793317001958555,UP,IG,0.0,2848.0,0.4,1.0,1.0,-1.0,-4.0,4.0,1.0,-12.0,0.0,-1.0,-0.39999999999999997,0.0,23.177050675833375,7.102927424689003,1.8682684017663647,16.0,1.1,23.09418934291671,7.102927424689003,1.7854070688497004,16.0,1.15,23.09418934291671,7.102927424689003,1.7854070688497004,16.0,1.15,23.50849600750003,7.102927424689003,2.199713733433022,16.0,0.9,23.342773341666707,7.102927424689003,2.033991067599697,16.0,1.0,23.22864358123432,7.102927424689003,1.9198613071673072,16.0,23.08313897357727,7.077697976654804,1.8500450436128588,16.0,1.1,22.996008926921697,7.077697976654804,1.762914996957285,16.0,1.15,22.996008926921697,7.077697976654804,1.762914996957285,16.0,1.15,23.43165916019959,7.077697976654804,2.198565230235179,16.0,0.9,25.651671829956214,8.251778121997082,0.8963374639649686,1.0,1.0,23.589139335281274,7.299222532379763,1.6914717381419866,13.169811320754716,-0.3604957540469549,-0.19629510769075953,0.2283895690253206,2.8301886792452837,-2.3088984882895076,-1.1488506973080792,1.1376536036347282,15.0,0.0981804159950137,0.025229448034199464,0.02249207189241531,0.0,0.0981804159950137,0.025229448034199464,0.02249207189241531,0.0,0.09391170225610423,0.025229448034199464,0.018223358153505842,0.0,0.07683684730044149,0.025229448034199464,0.0011485031978430982,0.0,0.49098858204314205
2024-06-26__LNG__OMG__G1,2024-06-26__LNG__OMG__G1,2024-06-26,1.0,-0.9639265355605318,1.2372145438177267,-0.7791096227146519,2.591002126891965,6.761859462395603,0.38317888121193505,-45.99706042985315,63.362072928598394,-0.7259399444798229,112.55415617329243,202.97771873758262,0.5545148320653457,1.8796221961152844,0.9779640325261914,1.9219728043445614,-3.5733736000231744,21.859378466990375,-0.16347095330035735,1.5809638918782234,2.098121376743199,0.7535136698423984,0.8764121307509782,3.1500792553480665,0.27821898482206747,-17.421224206395244,25.108855577780485,-0.693827859202946,-1.1972213813463348,7.901928205562246,-0.15151001106205797,-1.4191960004930264,4.691186306020372,-0.3025238405364289,-190.92203948867666,1221.6993159813917,-0.15627580111971584,-0.41143080743698945,1.2854063782516787,-0.3200781436283561,-0.058579098427163245,2.3401797705708023,-0.025031868975179637,-4.140071579192149,7.463055899534399,-0.5547420627933893,-178.8913765031208,284.82291920124334,-0.6280792865150179,0.16939578094176078,0.825430022335082,0.20522100134127852,-1.255910645454044,8.003458579078341,-0.15692097061839247,0.07528462964969251,0.48434402378846536,0.15543595154716117,1.4075411093682018,1.3460363928046728,1.0456924279312751,LNG,OMG,1.0,590.0,0.033600000000000074,1.0,1.0,1.0,3.0,-6.0,1.0,15.200000000000003,0.0,,0.39999999999999997,1.0,25.25936523242905,7.381661599680444,3.114380433387719,12.0,1.1,25.271154561175827,7.381661599680444,3.126169762134495,12.0,1.15,25.271154561175827,7.381661599680444,3.126169762134495,12.0,1.15,25.21220791744195,7.381661599680444,3.0672231184006193,12.0,0.9,25.2357865749355,7.381661599680444,3.0908017758941675,12.0,1.0,25.252024706982947,7.381661599680444,3.1070399079416138,12.0,21.280373838160028,7.421868149895275,-0.9852306115257967,11.0,1.1,21.11129992171276,7.421868149895275,-1.1543045279730642,11.0,1.15,25.0,8.333333333333334,0.0,0.0,1.15,21.956669503949115,7.421868149895275,-0.3089349457367092,11.0,0.9,23.37293502193716,7.8045544583530635,-0.040728353122030825,6.0,1.0,22.56044220895039,7.691843861105003,-0.5150893743646169,7.669811320754717,2.691582498032556,-0.3101822614245586,3.6221292823062305,4.330188679245283,1.8628515529983396,-0.4228928586726193,3.1315301290161983,6.0,4.159854639463067,-0.04020655021483055,4.280474290107559,1.0,0.2711545611758268,-0.9516717336528897,3.126169762134495,12.0,3.9789913942690234,-0.04020655021483055,4.099611044913516,1.0,3.255538413492836,-0.04020655021483055,3.3761580641373286,1.0,0.5668862448603149
2024-06-26__LNG__OMG__G2,2024-06-26__LNG__OMG__G2,2024-06-26,1.0,-0.5834938458361698,1.2372145438177267,-0.47161858639090404,0.9866167142173374,6.761859462395603,0.14590906152295802,-7.300756684554415,63.362072928598394,-0.11522281756088838,21.854408162542768,202.97771873758262,0.1076690002764687,-0.48413151879856464,0.9779640325261914,-0.49503970254232876,-6.9851703249349555,21.859378466990375,-0.31955025692669775,0.5156284046938353,2.098121376743199,0.24575706851485807,0.550670782994199,3.1500792553480665,0.1748116677533198,24.56036962160759,25.108855577780485,0.9781556378533675,-0.891673858630579,7.901928205562246,-0.11284255217104716,3.283034457827254,4.691186306020372,0.6998301802219699,-342.0115037467553,1221.6993159813917,-0.27994736429239125,6.72376663718538,1.2854063782516787,5.2308449064066975,5.6066825052149305,2.3401797705708023,2.395833080812549,3.9195121819789485,7.463055899534399,0.5251885701452279,143.23622542234864,284.82291920124334,0.5028957126102921,0.6630119329297357,0.825430022335082,0.8032311786079047,7.079721946264662,8.003458579078341,0.88458270780446,0.41488691326073646,0.48434402378846536,0.8565937356299458,-1.3967147122115033,1.3460363928046728,-1.037649265672506,OMG,LNG,1.0,-4058.0,0.06680000000000008,0.0,-1.0,-1.0,-2.0,2.0,-1.0,-10.799999999999997,0.0,-1.0,0.39999999999999997,1.0,20.749979162708822,7.342685259492373,-1.2780766157682955,12.0,1.1,20.556796397377408,7.342685259492373,-1.4712593810997099,12.0,1.15,24.377398976986704,8.24442614626164,-0.3558794617982173,1.0,1.15,21.52271022403449,7.342685259492373,-0.5053455544426271,12.0,0.9,22.86589603863974,7.721288740364262,-0.29797018245304585,7.0,1.0,22.02559188674891,7.609780636974739,-0.8037500241753115,8.669811320754718,25.786886596239373,7.302907667431318,3.8781635939454198,13.0,1.1,25.822654168795708,7.302907667431318,3.9139311665017544,13.0,1.15,25.822654168795708,7.302907667431318,3.9139311665017544,13.0,1.15,25.64381630601403,7.302907667431318,3.7350933037200775,13.0,0.9,25.7153514511267,7.302907667431318,3.806628448832747,13.0,1.0,25.764616220874107,7.302907667431318,3.8558932185801535,13.000000000000002,-3.7390243341251974,0.3068729695434218,-4.659643242755465,-4.330188679245284,-2.849455412486961,0.41838107293294424,-4.104598631285793,-6.0,-5.2658577714183,0.039777592061055245,-5.385190547601464,-1.0,-1.4452551918090037,0.9415184788303224,-4.269810628299972,-12.0,-5.036907433530551,0.039777592061055245,-5.156240209713715,-1.0,-4.121106081979541,0.039777592061055245,-4.240438858162705,-1.0,0.40759839370544254
2024-06-26__LNG__OMG__G3,2024-06-26__LNG__OMG__G3,2024-06-26,1.0,0.38513678390314166,1.2372145438177267,0.3112931985276465,-5.944793873962858,6.761859462395603,-0.8791654171249679,3.479666279643709,63.362072928598394,0.05491717779889724,-189.64561242752882,202.97771873758262,-0.93431738553724,-0.8390635944881781,0.9779640325261914,-0.8579689115476701,0.007681746836965431,21.859378466990375,0.00035141650972140165,-2.3602810130097502,2.098121376743199,-1.1249491636772329,-0.11686605861247612,3.1500792553480665,-0.0370993908533175,-9.203935589351403,25.108855577780485,-0.366561319144107,2.407083999054553,7.901928205562246,0.3046197879576272,-1.5780520383422196,4.691186306020372,-0.33638649139356425,220.58639690021698,1221.6993159813917,0.18055702727676717,0.05235129617898693,1.2854063782516787,0.040727396671856285,0.36753376221977163,2.3401797705708023,0.15705357758756605,5.675008886181033,7.463055899534399,0.7604134555821331,234.63622541446614,284.82291920124334,0.8237968533174315,0.7077586573170387,0.825430022335082,0.8574413102561167,6.251342657076002,8.003458579078341,0.7810800561069232,0.4008612060207428,0.48434402378846536,0.827635644700701,-0.06824288066057527,1.3460363928046728,-0.05069909723561312,LNG,OMG,1.0,2208.0,0.29999999999999993,1.0,1.0,1.0,2.0,-4.0,1.0,-2.799999999999997,0.0,,0.19999999999999996,1.0,25.073054647826194,7.23662659474792,3.363174863582433,14.0,1.1,25.076375313636476,7.23662659474792,3.366495529392715,14.0,1.15,25.076375313636476,7.23662659474792,3.366495529392715,14.0,1.15,25.059771984585065,7.23662659474792,3.349892200341305,14.0,0.9,25.066413316205626,7.23662659474792,3.3565335319618654,14.0,1.0,25.070987063453753,7.23662659474792,3.361107279209993,13.999999999999998,21.4676992221782,7.276043166022373,-0.36043027588891974,13.0,1.1,21.307140095913574,7.276043166022373,-0.5209894021535462,13.0,1.15,25.21989092486054,8.169599866987937,0.7110913238967278,2.0,1.15,22.10993572723671,7.276043166022373,0.28180622916958953,13.0,0.9,23.55201161650812,7.651210447783356,0.5983802731580532,8.0,1.0,22.74934124326555,7.540714390149049,0.12719807281840206,9.669811320754718,2.321645820188202,-0.30408779540112985,3.233909206391591,4.33018867924528,1.5144016996975047,-0.41458385303543643,2.7581532588038122,6.0,3.769235217722901,-0.03941657127445364,3.887484931546261,1.0,-0.1435156112240641,-0.9329732722400177,2.655404205495987,12.0,3.6053554256479927,-0.03941657127445364,3.7236051394713527,1.0,2.9498362573483554,-0.03941657127445364,3.0680859711717154,1.0,0.5577818397034351
2024-06-26__RA__TES__G1,2024-06-26__RA__TES__G1,2024-06-26,1.0,1.05382002846848,1.2372145438177267,0.8517675305118334,-1.729693362009808,6.761859462395603,-0.25580139839162097,64.57117001092075,63.362072928598394,1.0190823312331108,2.9565519744103312,202.97771873758262,0.014565894119968807,1.9359393407798517,0.9779640325261914,1.9795588557794415,-7.095222570167394,21.859378466990375,-0.32458481179128695,1.8359608856174212,2.098121376743199,0.8750494756494056,1.3158693092493174,3.1500792553480665,0.4177256458832415,7.585049093307553,25.108855577780485,0.3020865991970248,4.141209673428396,7.901928205562246,0.5240757751301236,0.6059507007769538,4.691186306020372,0.12916787611513936,1148.536511214134,1221.6993159813917,0.9401139013910309,1.2483311772958583,1.2854063782516787,0.9711560695985355,0.5869943588804638,2.3401797705708023,0.2508329126801977,3.8056606262129407,7.463055899534399,0.5099332187123438,145.13598776467063,284.82291920124334,0.509565689664736,0.3990827494452227,0.825430022335082,0.48348406910640185,1.7532214814566203,8.003458579078341,0.21905795414269053,-0.053928946864484795,0.48434402378846536,-0.11134407130409153,0.5011405122465931,1.3460363928046728,0.37230801679468273,TES,RA,1.0,-622.0,-0.11999999999999988,0.0,-1.0,1.0,3.0,0.0,1.0,11.799999999999997,0.0,-1.0,0.0,1.0,29.822677095630322,7.411405092091588,7.588461819355558,11.0,1.1,30.041889690886244,7.411405092091588,7.80767441461148,11.0,1.15,30.041889690886244,7.411405092091588,7.80767441461148,11.0,1.15,28.94582671460663,7.411405092091588,6.711611438331865,11.0,0.9,29.384251905118475,7.411405092091588,7.150036628843711,11.0,1.0,29.686186234433237,7.411405092091588,7.451970958158474,11.0,23.662328499171828,7.392082667081971,1.486080497925915,12.0,1.1,23.60152524913418,7.392082667081971,1.4252772478882676,12.0,1.15,23.60152524913418,7.392082667081971,1.4252772478882676,12.0,1.15,23.905541499322403,7.392082667081971,1.7292934980764905,12.0,0.9,23.783934999247116,7.392082667081971,1.6076869980012027,12.0,1.0,23.700187126553754,7.392082667081972,1.523939125307843,12.0,5.985999107879483,0.019322425009615785,5.928031832850631,-1.0,5.6003169058713596,0.019322425009616673,5.542349630842509,-1.0,6.440364441752063,0.019322425009616673,6.382397166723212,-1.0,6.440364441752063,0.019322425009616673,6.382397166723212,-1.0,6.160348596458494,0.019322425009616673,6.102381321429643,-1.0,5.040285215284225,0.019322425009616673,4.982317940255374,-1.0,0.6453359225947627
2024-06-26__RA__TES__G2,2024-06-26__RA__TES__G2,2024-06-26,0.0,0.2729464408650033,1.2372145438177267,0.22061349150428655,8.771246838839506,6.761859462395603,1.2971647208070327,1.6767465442887328,63.362072928598394,0.026462936585349605,148.34658607699663,202.97771873758262,0.7308515745904761,-0.22988941120170825,0.9779640325261914,-0.23506915232733688,14.544973142911957,21.859378466990375,0.6653881993711748,0.06909809592970362,2.098121376743199,0.032933301077013824,-0.2733423664948531,3.1500792553480665,-0.0867731436463514,0.9911158612896358,25.108855577780485,0.03947275967025521,-1.1228869037921498,7.901928205562246,-0.1421028807752085,-0.006338990200902117,4.691186306020372,-0.001351254978194339,-401.7623678824835,1221.6993159813917,-0.32885535933274396,0.6789265942097167,1.2854063782516787,0.5281800973736009,0.8505044586903203,2.3401797705708023,0.3634353676373772,1.3098710696914537,7.463055899534399,0.17551401353688906,-15.08135856924082,284.82291920124334,-0.05294994714113947,-0.5933752702053257,0.825430022335082,-0.7188671786610489,-3.570950946526544,8.003458579078341,-0.4461759207057514,0.14511389682806985,0.48434402378846536,0.2996085222327946,-1.1507322610959303,1.3460363928046728,-0.8549036358478909,RA,TES,0.0,-1286.0,0.09999999999999998,0.0,-1.0,1.0,-1.0,0.0,-1.0,-14.0,0.0,,-0.3333333333333333,0.0,23.229746979599888,7.307418488867981,1.307491512995945,13.0,1.1,23.149280933218062,7.307418488867981,1.2270254666141192,13.0,1.15,23.149280933218062,7.307418488867981,1.2270254666141192,13.0,1.15,23.55161116512718,7.307418488867981,1.6293556985232378,13.0,0.9,23.390679072363536,7.307418488867981,1.4684236057595932,13.0,1.0,23.27984848017725,7.307418488867982,1.3575930135733059,13.000000000000002,30.25638935525874,7.326519607202846,8.276830533650205,12.0,1.1,30.495316144134136,7.326519607202846,8.515757322525602,12.0,1.15,30.495316144134136,7.326519607202846,8.515757322525602,12.0,1.15,29.30068219975715,7.326519607202846,7.3211233781486165,12.0,0.9,29.778535777507948,7.326519607202846,7.798976955899413,12.0,1.0,30.10762361878915,7.326519607202845,8.128064797180619,12.0,-6.827775138611901,-0.019101118334862832,-6.770471783607313,1.0000000000000018,-6.3878567051444115,-0.01910111833486461,-6.3305533501398195,1.0,-7.3460352109160745,-0.01910111833486461,-7.288731855911482,1.0,-7.3460352109160745,-0.01910111833486461,-7.288731855911482,1.0,-7.026642375658852,-0.01910111833486461,-6.96933902065426,1.0,-5.749071034629971,-0.01910111833486461,-5.691767679625379,1.0,0.3356416724774904
2024-06-27__BLG__LGD__G1,2024-06-27__BLG__LGD__G1,2024-06-27,1.0,-1.0821469477242136,1.2372145438177267,-0.874663233202671,4.650126040377383,6.761859462395603,0.6876992014605887,-49.49627588731238,63.362072928598394,-0.7811656534962675,121.71215106558373,202.97771873758262,0.5996330593472913,0.21769414585975433,0.9779640325261914,0.22259911000849017,7.478907613384962,21.859378466990375,0.3421372333408999,0.47944704994108633,2.098121376743199,0.2285124334288383,-0.30218779453589617,3.1500792553480665,-0.09593018908735901,10.684719178904075,25.108855577780485,0.42553587200618587,6.376796008634489,7.901928205562246,0.8069922980511898,1.8183611418421246,4.691186306020372,0.3876121380846498,-752.8119298425402,1221.6993159813917,-0.6162006635991322,7.366599007741287,1.2854063782516787,5.730945015860124,6.338931324917176,2.3401797705708023,2.7087357543626953,1.015347135575091,7.463055899534399,0.13604976476039407,90.36991107445999,284.82291920124334,0.3172845465196712,0.6612716792383684,0.825430022335082,0.8011228816766309,6.159483989417261,8.003458579078341,0.769602686008264,0.3696323701537729,0.48434402378846536,0.7631592191503707,-1.6119100866041247,1.3460363928046728,-1.1975225169974408,LGD,BLG,1.0,-3468.0,0.20000000000000007,0.0,1.0,-1.0,3.0,6.0,1.0,10.200000000000003,0.0,1.0,0.28571428571428575,1.0,26.30737131039976,7.677096539795155,3.2760816910142943,8.0,1.1,25.043620673942858,7.517116467073944,2.4922712727210268,10.0,1.15,25.043620673942858,7.517116467073944,2.4922712727210268,10.0,1.15,25.034137918737887,7.517116467073944,2.482788517516056,10.0,0.9,25.037931020819876,7.517116467073944,2.486581619598045,10.0,1.0,25.303224743243828,7.5503198783934415,2.652265108063506,9.584905660377359,30.042683244928366,7.412424352167509,7.805410188425839,11.0,1.1,30.27189611969784,7.412424352167509,8.034623063195312,11.0,1.15,30.27189611969784,7.412424352167509,8.034623063195312,11.0,1.15,29.125831745850476,7.412424352167509,6.888558689347949,11.0,0.9,29.584257495389426,7.412424352167509,7.346984438886899,11.0,1.0,29.899965794600206,7.41242435216751,7.662692738097678,11.0,-4.5967410513563784,0.1378955262259316,-5.010427630034172,-1.415094339622641,-4.54632647456955,0.1046921149064346,-4.860402819288854,-1.0,-5.228275445754981,0.1046921149064346,-5.542351790474285,-1.0,-5.228275445754981,0.1046921149064346,-5.542351790474285,-1.0,-3.7353119345286068,0.2646721876276459,-4.529328497411544,-3.0,-4.091693827112589,0.1046921149064346,-4.405770171831893,-1.0,0.3870631380279158
2024-06-27__BLG__LGD__G2,2024-06-27__BLG__LGD__G2,2024-06-27,1.0,0.7185949240005236,1.2372145438177267,0.5808162753784404,7.895567485863712,6.761859462395603,1.1676619962468815,26.346076606924782,63.362072928598394,0.4158019927916771,272.1698166349188,202.97771873758262,1.3408851818159666,-0.3740060450254772,0.9779640325261914,-0.3824329424738003,-2.1175077940396108,21.859378466990375,-0.09686952903842662,0.021830458631654892,2.098121376743199,0.010404759452373374,0.4039458405993104,3.1500792553480665,0.12823350767445021,-9.439826632176526,25.108855577780485,-0.3759560537109478,-6.602311193391298,7.901928205562246,-0.8355315545909808,0.012743163613747832,4.691186306020372,0.00271640477825178,669.4617686164976,1221.6993159813917,0.5479758884294231,0.33715927270635504,1.2854063782516787,0.2622976018427213,-0.42703349736239105,2.3401797705708023,-0.1824788506651269,3.158384603705109,7.463055899534399,0.423202535666337,-12.582945747220265,284.82291920124334,-0.04417813614975125,1.06027524301623,0.825430022335082,1.284511018275993,7.877677699547675,8.003458579078341,0.9842840613752247,0.5420782970580409,0.48434402378846536,1.1191986506189238,1.8111555110068025,1.3460363928046728,1.345546208960054,BLG,LGD,1.0,11492.0,0.2668,2.0,1.0,1.0,4.0,6.0,1.0,24.400000000000006,0.0,1.0,1.0,1.0,29.29303080479457,7.346671468105226,7.2530164004788915,12.0,1.1,29.48816856864887,7.346671468105226,7.448154164333193,12.0,1.15,29.48816856864887,7.346671468105226,7.448154164333193,12.0,1.15,28.51247974937737,7.346671468105226,6.472465345061693,12.0,0.9,28.902755277085973,7.346671468105226,6.862740872770296,12.0,1.0,29.17152993296077,7.346671468105225,7.131515528645084,12.0,27.08379126165596,7.608995846319815,4.256803722696514,9.0,1.1,25.83841749071806,7.4504348978519035,3.48711279716235,11.0,1.15,25.83841749071806,7.4504348978519035,3.48711279716235,11.0,1.15,25.65615281882283,7.4504348978519035,3.3048481252671174,11.0,0.9,25.729058687580924,7.4504348978519035,3.3777539940252126,11.0,1.0,26.04530695113105,7.483343773949017,3.5952756292839974,10.584905660377357,3.12622298182972,-0.13667230584379197,3.536239899361087,1.4150943396226427,3.173696589505049,-0.10376342974667718,3.484986878745083,1.0,3.6497510779308087,-0.10376342974667718,3.961041367170843,1.0,3.6497510779308087,-0.10376342974667718,3.961041367170843,1.0,2.209239543138608,-0.262324378214589,2.9962126777823777,3.0,2.856326930554541,-0.10376342974667718,3.1676172197945753,1.0,0.5775252049831041
2024-06-27__BLG__LGD__G3,2024-06-27__BLG__LGD__G3,2024-06-27,1.0,-1.0032432712944201,1.2372145438177267,-0.8108880269954186,-0.26291123837786046,6.761859462395603,-0.03888149420414331,-60.048132883064,63.362072928598394,-0.9476983495005417,-32.5828075936318,202.97771873758262,-0.1605240596640661,1.5214370999265308,0.9779640325261914,1.5557172795805299,6.757546042895683,21.859378466990375,0.3091371396475451,0.23336918672729112,2.098121376743199,0.11122763348510555,-0.04535333305202549,3.1500792553480665,-0.014397516690257847,2.0653039759619958,25.108855577780485,0.08225400346544015,-1.006541650734004,7.901928205562246,-0.12737922911603528,-0.018842573640973193,4.691186306020372,-0.004016589492555931,-406.2473545073738,1221.6993159813917,-0.3325264644586533,-0.2107888189618219,1.2854063782516787,-0.163986003603404,-0.028379581401136278,2.3401797705708023,-0.01212708939327542,1.4383039856673534,7.463055899534399,0.19272317028121352,-17.95295477115053,284.82291920124334,-0.06303198758887017,-0.613760391066819,0.825430022335082,-0.7435635134363344,-5.721409583623462,8.003458579078341,-0.7148670555642797,-0.270604357627249,0.48434402378846536,-0.5587016369253207,-0.24286499658956373,1.3460363928046728,-0.18042960610738884,LGD,BLG,1.0,-3064.0,-0.19999999999999996,0.0,-1.0,1.0,4.0,-4.0,1.0,4.0,0.0,-1.0,0.0,1.0,26.55338078318033,7.527006998229601,3.972359788491527,10.0,1.1,25.29545287576378,7.370154583946691,3.1849891239237067,12.0,1.15,25.29545287576378,7.370154583946691,3.1849891239237067,12.0,1.15,25.23122398972817,7.370154583946691,3.120760237888099,12.0,0.9,25.256915544142416,7.370154583946691,3.1464517923023436,12.0,1.0,25.53835426616091,7.402708858609181,3.3302276903333654,11.584905660377357,29.805155086014366,7.26750923130909,8.0026273920871,13.0,1.1,30.02357122628775,7.26750923130909,8.221043532360483,13.0,1.15,30.02357122628775,7.26750923130909,8.221043532360483,13.0,1.15,28.931490524920843,7.26750923130909,7.128962830993576,13.0,0.9,29.368322805467606,7.26750923130909,7.565795111540339,13.0,1.0,29.66916013074981,7.26750923130909,7.866632436822543,13.000000000000002,-4.1308058645889005,0.13519962730009105,-4.536404746489177,-1.4150943396226445,-4.111407261325191,0.10264535263760166,-4.419343319237996,-1.0,-4.728118350523971,0.10264535263760166,-5.036054408436776,-1.0,-4.728118350523971,0.10264535263760166,-5.036054408436776,-1.0,-3.2517743028340362,0.25949776692051163,-4.030267603595572,-3.0,-3.7002665351926716,0.10264535263760166,-4.0082025931054766,-1.0,0.39817368484867366
2024-06-27__RNG__WE__G1,2024-06-27__RNG__WE__G1,2024-06-27,1.0,-0.042658061196921615,1.2372145438177267,-0.0344790860493798,7.935070115317636,6.761859462395603,1.1735039726783103,-4.5658995396102,63.362072928598394,-0.07206044967460239,228.666369858407,202.97771873758262,1.1265589649644092,1.2525850635180964,0.9779640325261914,1.2808076177146448,0.7706663998998948,21.859378466990375,0.03525563939560454,1.791132947748821,2.098121376743199,0.8536837353258195,0.43511713564217436,3.1500792553480665,0.13812890478058512,3.6709446853422776,25.108855577780485,0.14620118896974374,1.1260626541590568,7.901928205562246,0.1425047763483391,0.5157539230920207,4.691186306020372,0.10994102120589704,-101.9805054828502,1221.6993159813917,-0.08347430833867243,-0.35694026912372046,1.2854063782516787,-0.27768649469649515,-0.41671408449974123,2.3401797705708023,-0.1780691858253749,0.061905103006804296,7.463055899534399,0.008294872173715625,42.80596782397322,284.82291920124334,0.15028975826007404,-0.5227151398742387,0.825430022335082,-0.6332632597155327,-6.511369066585857,8.003458579078341,-0.8135693074038979,-0.13429174580972503,0.48434402378846536,-0.27726463412242286,0.5788516351633071,1.3460363928046728,0.4300412739330978,RNG,WE,1.0,2032.0,0.19999999999999996,1.0,1.0,-1.0,2.0,4.0,1.0,24.599999999999994,0.0,,-0.5,1.0,19.882849515767553,7.420821355498655,-2.3796145507284123,11.0,1.1,19.650251766484256,7.420821355498655,-2.6122123000117092,11.0,1.15,20.882253686286838,7.577656101091311,-1.8507146169870943,9.0,1.15,20.813240512900723,7.420821355498655,-1.4492235535952425,11.0,0.9,23.59458410033416,8.055966630658329,-0.5733157916408267,3.0,1.0,20.90755024527847,7.574690267308321,-1.8165205566464948,9.056603773584905,25.0,8.333333333333334,0.0,0.0,1.1,25.029287949395023,7.524310392911431,2.4563567706607294,10.0,1.15,25.029287949395023,7.524310392911431,2.4563567706607294,10.0,1.15,25.022921003874366,7.524310392911431,2.4499898251400722,10.0,0.9,25.025467782082625,7.524310392911431,2.4525366033483316,10.0,1.0,25.021407352675116,7.692220814508429,1.9447449091498252,7.9245283018867925,-4.1138571073966475,-0.11753054720010869,-3.76126546579632,1.132075471698113,-1.4308836817484654,0.5316562377468976,-3.0258523949891583,-7.0,-5.379036182910767,-0.1034890374127766,-5.068569070672439,1.0,-4.147034263108186,0.05334570817987938,-4.307071387647824,-1.0,-5.117150484232447,-0.9125119778346793,-2.3796145507284123,11.0,-4.209680490973643,-0.1034890374127766,-3.8992133787353147,1.0,0.3985799003013318
2024-06-27__RNG__WE__G2,2024-06-27__RNG__WE__G2,2024-06-27,1.0,0.6085176472715075,1.2372145438177267,0.491844489274504,-1.8029142135506184,6.761859462395603,-0.26662990512405205,5.577276626732214,63.362072928598394,0.08802231809863341,-94.53172267628065,202.97771873758262,-0.4657246263210311,-1.1672670872618385,0.9779640325261914,-1.1935673039829031,3.9972319523332516,21.859378466990375,0.18286118132353346,-2.074241402387891,2.098121376743199,-0.9886179306698126,-0.9988213925664251,3.1500792553480665,-0.31707807789045067,8.26490464269834,25.108855577780485,0.3291629237315482,0.975776183004907,7.901928205562246,0.12348581689621421,-0.08329619173295022,4.691186306020372,-0.017755887006697255,-595.0604808484375,1221.6993159813917,-0.48707605265649917,0.9007299989605304,1.2854063782516787,0.7007350464921405,0.2811928438261795,2.3401797705708023,0.12015859943913336,2.5216033705393173,7.463055899534399,0.33787808460855145,137.24313493192403,284.82291920124334,0.4818542511780796,1.2758709215259998,0.825430022335082,1.5457026535259812,9.57912052447002,8.003458579078341,1.1968724811843343,0.8010884517053647,0.48434402378846536,1.6539623870590958,0.4993169733477405,1.3460363928046728,0.3709532707017433,WE,RNG,1.0,1520.0,0.19999999999999996,1.0,1.0,1.0,4.0,6.0,-1.0,-4.0,0.0,,1.0,1.0,24.173047362914332,8.25845167497489,-0.602307662010336,1.0,1.1,24.248678614494704,7.456698452084445,1.8785832582413704,11.0,1.15,24.248678614494704,7.456698452084445,1.8785832582413704,11.0,1.15,24.412009350474115,7.456698452084445,2.0419139942207813,11.0,0.9,24.34667705608235,7.456698452084445,1.9765816998290155,11.0,1.0,24.279207242274087,7.623100064382462,1.4099070491266983,8.924528301886792,20.619249650480103,7.354139346360875,-1.4431683886025226,12.0,1.1,20.42012463459283,7.354139346360875,-1.642293404489795,12.0,1.15,21.668397369932435,7.509564806452946,-0.8602970494264035,10.0,1.15,21.415749714029175,7.354139346360875,-0.6466683250534508,12.0,0.9,24.32133713846111,7.983577333740251,0.37060513724035715,4.0,1.0,21.63745033996595,7.506625623056206,-0.8824265292026701,10.056603773584905,2.641756902308135,0.11647444132625573,2.2923335783293686,-1.1320754716981138,0.025339917621238328,-0.5268788816558061,1.6059765625886584,7.0,3.828553979901873,0.10255910572356974,3.5208766627311654,-1.0,2.5802812445622685,-0.05286635436850151,2.738880307667774,1.0,3.5537977124342284,0.9043123286140142,0.8408607265921866,-11.0,2.9962596364449396,0.10255910572356974,2.688582319274232,-1.0,0.5656624904891044
2024-06-27__RNG__WE__G3,2024-06-27__RNG__WE__G3,2024-06-27,0.0,-1.135409087928089,1.2372145438177267,-0.9177132421279729,3.5373285153359504,6.761859462395603,0.5231294752395319,-24.642608384902644,63.362072928598394,-0.388917326359487,89.93913521461963,202.97771873758262,0.4430985594423683,-0.5254706828404316,0.9779640325261914,-0.5373102977752517,-4.262506745402561,21.859378466990375,-0.19499669475244386,-1.741415098380429,2.098121376743199,-0.8299873819007318,-1.3024076954104018,3.1500792553480665,-0.41345222655811126,-1.3167347895312602,25.108855577780485,-0.05244104945409879,4.532357221243561,7.901928205562246,0.5735760348312398,-0.06912545398004522,4.691186306020372,-0.014735172456519481,-53.549748522561515,1221.6993159813917,-0.04383218340080086,1.3171943342515338,1.2854063782516787,1.0247290909774376,1.304103310662466,2.3401797705708023,0.5572660569911345,-0.029006282243738468,7.463055899534399,-0.0038866489475040847,27.37562036645886,284.82291920124334,0.09611452739518453,0.08222579661198637,0.825430022335082,0.09961558796200293,3.666871321230836,8.003458579078341,0.45816078472068755,-0.11713567630473887,0.48434402378846536,-0.24184345983060443,0.49154351676293473,1.3460363928046728,0.36517820336233703,WE,RNG,0.0,-3758.0,-0.16659999999999997,0.0,-1.0,-1.0,-1.0,-2.0,-1.0,-10.799999999999997,0.0,,-0.6000000000000001,0.0,24.764894992846905,8.170444453179513,0.25356163330836523,2.0,1.1,24.80735847600669,7.377235213651699,2.6756528350515936,12.0,1.15,24.80735847600669,7.377235213651699,2.6756528350515936,12.0,1.15,24.84923706817915,7.377235213651699,2.7175314272240527,12.0,0.9,24.832485631310167,7.377235213651699,2.7007799903550698,12.0,1.0,24.81039773200347,7.541863546383888,2.184807092851808,9.924528301886792,20.092210186711515,7.275769041848407,-1.7350969388337063,13.0,1.1,19.869128831562037,7.275769041848407,-1.9581782939831847,13.0,1.15,21.105756590900846,7.4295381911116065,-1.1828579824339727,11.0,1.15,20.98453560730942,7.275769041848407,-0.8427715182358,13.0,0.9,23.801202074042454,7.898499344695391,0.10570403995628297,5.0,1.0,21.115062936195457,7.426630329489852,-1.1648280522741028,11.056603773584905,3.6953347958080123,0.11523321689403598,3.349635145125911,-1.1320754716981138,1.031283557267713,-0.5212641310436918,2.595075950398787,7.0,4.938229644444654,0.10146617180329187,4.633831129034778,-1.0,3.7016018851058448,-0.05230297745990775,3.8585108174855662,1.0,4.67268480613539,0.8946754113311064,1.9886585721420715,-11.0,3.8647014608697283,0.10146617180329187,3.5603029454598527,-1.0,0.5913462458442301
2024-06-28__EDG__JDG__G1,2024-06-28__EDG__JDG__G1,2024-06-28,1.0,-0.6547301278156672,1.2372145438177267,-0.5291964937615798,-0.5280686141053419,6.761859462395603,-0.07809516582633781,8.940858698814566,63.362072928598394,0.1411074187516315,35.179482483393485,202.97771873758262,0.17331696566931026,0.43107469314439406,0.9779640325261914,0.44078742982341673,-11.705207236530228,21.859378466990375,-0.5354775625815976,0.49737638007586327,2.098121376743199,0.2370578501945694,0.9410369240275411,3.1500792553480665,0.29873426952532095,-8.583464458733395,25.108855577780485,-0.34185007318609395,-4.208685977640403,7.901928205562246,-0.5326149941558408,1.190617780959558,4.691186306020372,0.25379881537272975,631.2215149928606,1221.6993159813917,0.5166750166910955,-0.9205133266350796,1.2854063782516787,-0.7161257529788708,-1.1876808473544855,2.3401797705708023,-0.5075167107987105,-10.57224898506728,7.463055899534399,-1.416611065329926,-153.25563380724702,284.82291920124334,-0.5380733885424788,-0.8688294605732683,0.825430022335082,-1.0525766987960004,-6.995861914219489,8.003458579078341,-0.8741047349707632,-0.6166394980361511,0.48434402378846536,-1.273140979570515,-0.6951988569165461,1.3460363928046728,-0.516478116159904,JDG,EDG,1.0,3660.0,0.19999999999999996,0.0,1.0,1.0,2.0,0.0,-1.0,13.200000000000003,0.0,,0.6666666666666667,1.0,29.786431689823228,7.417795943803192,7.533043858413652,11.0,1.1,30.003996766633378,7.417795943803192,7.750608935223802,11.0,1.15,30.003996766633378,7.417795943803192,7.750608935223802,11.0,1.15,28.916171382582643,7.417795943803192,6.662783551173067,11.0,0.9,26.198734992569637,7.90549587763951,2.482247359651108,5.0,1.0,29.056142765840814,7.5098147992440065,6.526698368108798,9.867924528301886,22.864446445094813,7.468052967221102,0.4602875434315088,11.0,1.1,22.767375828962763,7.468052967221102,0.3632169272994581,11.0,1.15,22.767375828962763,7.468052967221102,0.3632169272994581,11.0,1.15,23.25272890962303,7.468052967221102,0.8485700079597258,11.0,0.9,23.05858767735893,7.468052967221102,0.6544287756956244,11.0,1.0,22.924886640044964,7.468052967221102,0.5207277383816588,11.0,6.131256125795851,0.041761832022904954,6.005970629727139,-1.1320754716981138,3.140147315210708,0.4374429104184081,1.8278185839554837,-6.0,7.236620937670615,-0.05025702341790961,7.387392007924344,0.0,7.236620937670615,-0.05025702341790961,7.387392007924344,0.0,6.921985244728415,-0.05025702341790961,7.0727563149821435,0.0,5.663442472959613,-0.05025702341790961,5.8142135432133415,0.0,0.6486534664452482
2024-06-28__EDG__JDG__G2,2024-06-28__EDG__JDG__G2,2024-06-28,0.0,0.4379866441166138,1.2372145438177267,0.35400997530721323,-4.031231235062183,6.761859462395603,-0.5961719052738322,-10.26864350419521,63.362072928598394,-0.16206293240601255,-196.7015426021884,202.97771873758262,-0.96907947757267,-1.065958439345943,0.9779640325261914,-1.0899760256176592,4.910442734899803,21.859378466990375,0.2246377918602407,0.20578833000346108,2.098121376743199,0.09808213871818815,-0.6738936031419338,3.1500792553480665,-0.2139290267280737,-1.8705984305962247,25.108855577780485,-0.07449954659630213,0.7083239562309487,7.901928205562246,0.08963937005818179,-1.7551405505591635,4.691186306020372,-0.3741356795339908,-270.9019374698332,1221.6993159813917,-0.221741907934585,-0.32822712081309646,1.2854063782516787,-0.25534871385251273,0.6043163277175978,2.3401797705708023,0.2582348916448009,-3.994386188746521,7.463055899534399,-0.5352211891880015,-181.45426494744675,284.82291920124334,-0.6370774684117386,-0.2116833231833546,0.825430022335082,-0.2564518626699036,-1.2333139797117383,8.003458579078341,-0.15409760835623085,-0.21138574961094503,0.48434402378846536,-0.4364362989786108,0.13653117569367623,1.3460363928046728,0.10143193378097234,EDG,JDG,0.0,-144.0,0.09999999999999998,0.0,-1.0,-1.0,-3.0,0.0,1.0,-20.0,0.0,0.0,-0.6000000000000001,0.0,22.431507148892806,7.3822709179371495,0.2846943950813561,12.0,1.1,22.31475747384248,7.3822709179371495,0.16794472003103067,12.0,1.15,22.31475747384248,7.3822709179371495,0.16794472003103067,12.0,1.15,22.898505849094114,7.3822709179371495,0.7516930952826648,12.0,0.9,22.665006498993467,7.3822709179371495,0.5181937451820176,12.0,1.0,22.50420034279207,7.3822709179371495,0.35738758898061856,12.0,30.216457476916066,7.3325911735608615,8.21868395623348,12.0,1.1,30.453569180412256,7.3325911735608615,8.45579565972967,12.0,1.15,30.453569180412256,7.3325911735608615,8.45579565972967,12.0,1.15,29.268010662931328,7.3325911735608615,7.270237142248742,12.0,0.9,26.61537027846564,7.814689125201317,3.17130290286169,6.0,1.0,29.47884758767164,7.423553051228872,7.208188433985025,10.867924528301886,-6.97464724487957,-0.04128213329172237,-6.8508008450044064,1.1320754716981138,-3.9503637794721733,-0.4324182072641678,-2.6531091576796726,6.0,-8.138811706569776,0.04967974437628797,-8.28785093969864,0.0,-8.138811706569776,0.04967974437628797,-8.28785093969864,0.0,-7.78495032802326,0.04967974437628797,-7.933989561152124,0.0,-6.369504813837214,0.04967974437628797,-6.518544046966078,0.0,0.33237457053323194
2024-06-28__FPX__TT__G1,2024-06-28__FPX__TT__G1,2024-06-28,1.0,-0.4968689687516319,1.2372145438177267,-0.4016025915891931,-1.542977178115546,6.761859462395603,-0.22818826071558676,-1.5995315533137386,63.362072928598394,-0.025244305530722096,-36.14420463735485,202.97771873758262,-0.17806981319961354,-0.6289534665866316,0.9779640325261914,-0.6431246983974218,-1.237707250445439,21.859378466990375,-0.05662133512593475,0.8908658330780064,2.098121376743199,0.4246014641247231,1.0667818405918892,3.1500792553480665,0.3386522736304112,10.576110554441783,25.108855577780485,0.421210361438795,6.6549903271747795,7.901928205562246,0.8421981713643126,1.1146294969753203,4.691186306020372,0.23760072328488688,9.404275481020491,1221.6993159813917,0.007697700530975848,-0.021613172249217882,1.2854063782516787,-0.016814258743881344,0.30782292616307316,2.3401797705708023,0.13153809741287248,5.100037366746836,7.463055899534399,0.6833710951694626,102.65235096604681,284.82291920124334,0.3604076206139491,-0.0348942402274246,0.825430022335082,-0.04227396267311523,-2.4545734285454586,8.003458579078341,-0.30668905168983457,-0.07227553830584754,0.48434402378846536,-0.14922324945246765,0.1757671214877785,1.3460363928046728,0.1305811580178624,FPX,TT,1.0,5346.0,-0.13359999999999983,1.0,1.0,-1.0,-3.0,2.0,1.0,4.599999999999994,0.0,0.0,0.3333333333333333,1.0,24.221885899922324,7.376935564963518,2.091079205031768,12.0,1.1,24.186517077191517,7.376935564963518,2.055710382300962,12.0,1.15,24.186517077191517,7.376935564963518,2.055710382300962,12.0,1.15,24.363361190845534,7.376935564963518,2.232554495954979,12.0,0.9,24.94866435184929,7.447974041267207,2.6047422280476695,11.0,1.0,24.367689281333078,7.390339051058555,2.1966721281574166,11.81132075471698,23.14222429834351,7.369626763816211,1.0333440068948754,12.0,1.1,23.057779948268216,7.369626763816211,0.9488996568195809,12.0,1.15,23.057779948268216,7.369626763816211,0.9488996568195809,12.0,1.15,25.021651117263026,7.75608912454896,1.7533837436161477,7.0,0.9,23.31111299849411,7.369626763816211,1.202232707045475,12.0,1.0,23.456592379853884,7.435252447714227,1.1508350367112088,11.150943396226415,0.9110969014791941,-0.044913396655672067,1.0458370914462078,0.6603773584905657,1.6375513533551782,0.07834727745099546,1.4025095210021945,-1.0,1.1287371289233015,0.007308801147306809,1.106810725481381,0.0,1.1287371289233015,0.007308801147306809,1.106810725481381,0.0,1.0796616015788132,0.007308801147306809,1.0577351981368928,0.0,-0.658289926417492,-0.3791535595854416,0.4791707523388311,5.0,0.5227616793694162
2024-06-28__FPX__TT__G2,2024-06-28__FPX__TT__G2,2024-06-28,0.0,-1.0820597243431314,1.2372145438177267,-0.8745927334570784,4.6819806293390585,6.761859462395603,0.6924101222402804,-30.206276043312755,63.362072928598394,-0.47672486347829585,146.1796119506252,202.97771873758262,0.7201756534638964,0.3740099637635801,0.9779640325261914,0.3824369495067438,5.731029676070023,21.859378466990375,0.26217714389945934,0.8140531434556948,2.098121376743199,0.3879912594609019,-0.1273606960316096,3.1500792553480665,-0.0404309368992686,14.077231038945882,25.108855577780485,0.5606480325114928,1.9727633996942977,7.901928205562246,0.24965591925395256,0.9663899610554312,4.691186306020372,0.20600114598179178,-362.31927415154223,1221.6993159813917,-0.2965699244612583,-0.8013583784471106,1.2854063782516787,-0.6234275545680018,-0.5159272344648826,2.3401797705708023,-0.2204646927079231,2.2460777564998544,7.463055899534399,0.30095948439572817,29.28725887359235,284.82291920124334,0.10282620111084902,-0.22256790211462807,0.825430022335082,-0.269638402352507,-0.5467296592040896,8.003458579078341,-0.06831166619911257,0.019204566034349613,0.48434402378846536,0.03965059016016047,-0.9232384981352642,1.3460363928046728,-0.6858936483269287,TT,FPX,0.0,-10896.0,-0.022400000000000087,-2.0,-1.0,1.0,4.0,-6.0,1.0,1.5999999999999943,0.0,-1.0,-0.16666666666666669,0.0,22.561908028771263,7.294253045363346,0.6791488926812264,13.0,1.1,22.451085666442687,7.294253045363346,0.5683265303526497,13.0,1.15,22.451085666442687,7.294253045363346,0.5683265303526497,13.0,1.15,24.521948219220807,7.676762817165334,1.491659767724805,8.0,0.9,22.78355275342843,7.294253045363346,0.9007936173383939,13.0,1.0,22.888472078338438,7.359207534914626,0.8108494735945588,12.150943396226417,24.802777696092154,7.3014870948932975,2.89831641141226,13.0,1.1,24.793813045914522,7.3014870948932975,2.8893517612346287,13.0,1.15,24.793813045914522,7.3014870948932975,2.8893517612346287,13.0,1.15,24.83863629680267,7.3014870948932975,2.9341750121227754,13.0,0.9,25.48183314538247,7.3717990168837435,3.366436094731238,12.0,1.0,24.933100242228235,7.314753495268854,2.9888397564216733,12.811320754716983,-2.044628163889797,0.04445403964577199,-2.1779902828271145,-0.6603773584905657,-2.6982803919540395,-0.07754597152039722,-2.4656424773928443,1.0,-2.3427273794718353,-0.007234049529951214,-2.321025230881979,0.0,-2.3427273794718353,-0.007234049529951214,-2.321025230881979,0.0,-2.24086966732089,-0.007234049529951214,-2.219167518731034,0.0,-0.3166880775818619,0.3752757222720362,-1.4425152443979705,-5.0,0.4490616291158983
2024-06-29__IG__WBG__G1,2024-06-29__IG__WBG__G1,2024-06-29,0.0,-1.2322225445525987,1.2372145438177267,-0.9959643254644855,-0.8427586944807715,6.761859462395603,-0.12463414457715644,-18.905875275222115,63.362072928598394,-0.29837841634613815,51.54436744237273,202.97771873758262,0.2539410114026863,1.2542908383787985,0.9779640325261914,1.2825518261515212,-1.1039888930977781,21.859378466990375,-0.05050412774822361,1.9845645119381317,2.098121376743199,0.9458764340613262,0.620831807410962,3.1500792553480665,0.19708444137476855,16.065166636109723,25.108855577780485,0.6398207176955333,0.9820064245385858,7.901928205562246,0.12427426252406079,0.8306027749885216,4.691186306020372,0.17705598195206973,-309.11833946385536,1221.6993159813917,-0.2530232563505343,0.41690286690280054,1.2854063782516787,0.3243352060650552,-0.31979845763646964,2.3401797705708023,-0.13665545057806214,-5.9019333007808115,7.463055899534399,-0.7908198182368164,-214.68250427878172,284.82291920124334,-0.7537402682589467,-0.33858687037197877,0.825430022335082,-0.41019402131766514,-3.7736560227618767,8.003458579078341,-0.47150310256161027,-0.281568196772638,0.48434402378846536,-0.5813380605632301,1.270375587419867,1.3460363928046728,0.9437892247353152,IG,WBG,0.0,-6612.0,-0.08000000000000007,-1.0,-1.0,1.0,-2.0,6.0,1.0,-5.599999999999994,0.0,0.3333333333333333,-1.0,0.0,23.656525341035685,7.0062831959418554,2.637675753210118,17.0,1.1,23.595458311082766,7.0062831959418554,2.5766087232571984,17.0,1.15,23.595458311082766,7.0062831959418554,2.5766087232571984,17.0,1.15,23.90079346084738,7.0062831959418554,2.8819438730218145,17.0,0.9,26.25940115587431,8.168516738561665,1.753850940189313,2.0,1.0,24.162612690805013,7.225572543605971,2.485895059987101,14.169811320754716,22.323512077548017,7.032759407127209,1.2252338561663905,17.0,1.1,22.20185353561839,7.032759407127209,1.103575314236764,17.0,1.15,23.454100567088346,7.322577730234955,1.4863673763834804,13.0,1.15,23.525125808391163,7.194422383718941,1.941858657234338,15.0,0.9,22.566829161407295,7.032759407127209,1.4685509400256684,17.0,1.0,22.792387338183946,7.123096718543523,1.4230971825533743,15.79245283018868,1.3702253526210662,0.10247582506244779,1.0627978774337266,-1.6226415094339632,3.6925719944670163,1.1357573314344567,0.28530000016364454,-15.0,1.3936047754643752,-0.02647621118535337,1.4730334090204344,0.0,0.14135774399441914,-0.3162945342930996,1.090241346873718,4.0,1.3330132634876684,-0.02647621118535337,1.4124418970437276,0.0,0.3756676524562188,-0.18813918777708594,0.9400852157874766,2.0,0.5342021379589039
2024-06-29__IG__WBG__G2,2024-06-29__IG__WBG__G2,2024-06-29,1.0,1.0999123716088377,1.2372145438177267,0.8890224319481091,4.1283712620470325,6.761859462395603,0.6105377780280941,27.44794457098476,63.362072928598394,0.43319201644055033,74.03941458101235,202.97771873758262,0.3647662151133304,-0.3707027515563519,0.9779640325261914,-0.3790552210223569,11.478190405480163,21.859378466990375,0.5250922343341566,-0.6787563113812318,2.098121376743199,-0.3235065403738881,-0.6887988857949687,3.1500792553480665,-0.2186607419368305,-4.904708084083495,25.108855577780485,-0.19533777131149035,1.56060423687833,7.901928205562246,0.1974966107997785,-0.6625380481418937,4.691186306020372,-0.14123035490218744,-110.10996506683506,1221.6993159813917,-0.09012853124850538,1.2316678897595725,1.2854063782516787,0.9581926404022989,0.4861069990703726,2.3401797705708023,0.20772198677275874,-5.229482224468889,7.463055899534399,-0.7007158453790086,-138.41672528663366,284.82291920124334,-0.48597467222383123,-0.17848309787739947,0.825430022335082,-0.216230179200782,-2.1343507992160724,8.003458579078341,-0.2666785254710887,-0.09649632795301932,0.48434402378846536,-0.19923055510768187,-0.5060680105683453,1.3460363928046728,-0.37596876080379604,WBG,IG,1.0,7024.0,0.0,2.0,1.0,1.0,0.0,2.0,-1.0,18.400000000000006,0.0,,0.39999999999999997,1.0,22.94340307086928,6.96483716713068,2.0488915694772416,18.0,1.1,22.849921392272435,6.96483716713068,1.9554098908803965,18.0,1.15,24.128875144192,7.251856431070048,2.3733058509818576,14.0,1.15,24.04396804392404,7.1249388061507775,2.669151625471706,16.0,0.9,23.130366428062988,6.96483716713068,2.2358549266709495,18.0,1.0,23.40250887971414,7.05430200272471,2.2396028715400083,16.79245283018868,23.038968049736766,6.938616662626904,2.2231180618560558,18.0,1.1,22.949830233815717,6.938616662626904,2.133980245935007,18.0,1.15,22.949830233815717,6.938616662626904,2.133980245935007,18.0,1.15,23.395519313420994,6.938616662626904,2.5796693255402836,18.0,0.9,25.6048552900204,8.089625378540168,1.3359791543998973,3.0,1.0,23.544961710299223,7.155788118459596,2.0775973549204396,15.169811320754718,-0.14245283058508207,-0.10148611573488608,0.16200551661956863,1.6226415094339615,-2.4744888619574112,-1.1247882114094878,0.8998757722710522,15.0,-0.09990884154328228,0.026220504503776,-0.17857035505461027,0.0,1.179044910376284,0.31323976844314405,0.23932560504685085,-4.0,-0.09556497886748616,0.026220504503776,-0.17422649237881416,0.0,0.6484487305030449,0.18632214352387333,0.0894822999314222,-2.0,0.4964387394584858
2024-06-29__NIP__UP__G1,2024-06-29__NIP__UP__G1,2024-06-29,0.0,-1.2214715438497086,1.2372145438177267,-0.9872746506890496,-3.3242489508090074,6.761859462395603,-0.4916175022090425,-95.60895501850928,63.362072928598394,-1.5089303283577702,-17.604245007700456,202.97771873758262,-0.08672993780036498,0.3212747740720081,0.9779640325261914,0.3285135596741327,8.690417289646618,21.859378466990375,0.3975601092780299,0.317350063264751,2.098121376743199,0.15125431518315732,-0.2016094735324785,3.1500792553480665,-0.06400137685069923,-2.7947861841234953,25.108855577780485,-0.11130678832251877,0.11747150905616266,7.901928205562246,0.01486618090345245,0.3315577496042872,4.691186306020372,0.0706767238176116,-103.9180646374766,1221.6993159813917,-0.08506026253189714,-0.7097480356975989,1.2854063782516787,-0.5521580533192121,-0.7593521172492821,2.3401797705708023,-0.32448438462472523,-7.096210086289343,7.463055899534399,-0.95084496632098,-158.10105403964735,284.82291920124334,-0.5550854331805183,-0.29165762591286715,0.825430022335082,-0.3533397922067307,-2.4229778163212146,8.003458579078341,-0.3027413073535181,0.06843745213357133,0.48434402378846536,0.1412989682401712,0.17717702276027758,1.3460363928046728,0.13162860386151862,UP,NIP,0.0,-5608.0,0.1998000000000001,-1.0,-1.0,1.0,-2.0,-2.0,-1.0,-24.599999999999994,0.0,,-1.0,0.0,22.601620392173814,7.031258075964702,1.5078461642797052,17.0,1.1,22.492603137272624,7.031258075964702,1.3988289093785156,17.0,1.15,22.492603137272624,7.031258075964702,1.3988289093785156,17.0,1.15,23.037689411778572,7.031258075964702,1.9439151838844637,17.0,0.9,22.819654901976197,7.031258075964702,1.725880674082088,17.0,1.0,22.669499060319836,7.031258075964703,1.5757248324257296,17.0,26.79779820198205,7.0149283641947715,5.753013109397738,17.0,1.1,25.60399226332928,7.304011874313363,3.69195664038919,13.0,1.15,25.60399226332928,7.304011874313363,3.69195664038919,13.0,1.15,26.470925801621664,7.0149283641947715,5.426140709037352,17.0,0.9,26.650523586961718,7.304011874313363,4.73848796402163,13.0,1.0,26.196437176652605,7.19492375728748,4.6116659047901685,14.509433962264152,-3.5269381163327687,-0.1636656813227768,-3.035941072364439,2.4905660377358476,-3.8308686849855214,-0.27275379834866076,-3.0126072899395417,4.0,-3.111389126056654,-0.27275379834866076,-2.2931277310106744,4.0,-3.111389126056654,-0.27275379834866076,-2.2931277310106744,4.0,-4.196177809808237,0.01632971176993081,-4.245166945118033,0.0,-3.433236389843092,0.01632971176993081,-3.482225525152888,0.0,0.41272933156017405
2024-06-29__NIP__UP__G2,2024-06-29__NIP__UP__G2,2024-06-29,1.0,0.2461830865617758,1.2372145438177267,0.19898156614013962,10.48658212167863,6.761859462395603,1.550842727382077,-10.922487658297996,63.362072928598394,-0.1723821046420664,290.8969662441897,202.97771873758262,1.4331472765595772,-0.734019480659601,0.9779640325261914,-0.7505580018168418,-4.025270546741467,21.859378466990375,-0.184143861577589,-1.8282717014230805,2.098121376743199,-0.8713846826518321,-1.2633165483020026,3.1500792553480665,-0.40104265475687473,7.798929351906544,25.108855577780485,0.31060471940438855,4.942366715861787,7.901928205562246,0.6254632998208598,1.116369237382215,4.691186306020372,0.23797157618275816,375.8864379996007,1221.6993159813917,0.30767508238307867,-0.9707312118153268,1.2854063782516787,-0.755193433801234,-1.1447914096748733,2.3401797705708023,-0.4891893071130752,-9.151925300665802,7.463055899534399,-1.2262971358608785,-103.86452040791892,284.82291920124334,-0.3646634910369321,-0.7865086378160022,0.825430022335082,-0.952845987773792,-6.2187159265875565,8.003458579078341,-0.7770034777015378,-0.8920488212888475,0.48434402378846536,-1.8417631594754327,-0.17466132581612293,1.3460363928046728,-0.12975963873647642,NIP,UP,1.0,10440.0,,2.0,1.0,-1.0,0.0,6.0,1.0,11.200000000000003,0.0,1.0,1.0,1.0,27.27551720660699,6.938657105678816,6.459545889570542,18.0,1.1,26.12400730273656,7.224597495584591,4.450214815982783,14.0,1.15,26.12400730273656,7.224597495584591,4.450214815982783,14.0,1.15,26.861786805405707,6.938657105678816,6.045815488369257,18.0,0.9,27.102710577750656,7.224597495584591,5.428918090996881,14.0,1.0,26.672944231354258,7.116695461657884,5.322857846380606,15.509433962264152,22.122789328630017,6.954809269282431,1.2583615207827243,18.0,1.1,21.992007025385927,6.954809269282431,1.127579217538635,18.0,1.15,21.992007025385927,6.954809269282431,1.127579217538635,18.0,1.15,22.645918541606374,6.954809269282431,1.7814907337590817,18.0,0.9,22.3843539351182,6.954809269282431,1.5199261272709066,18.0,1.0,22.204219819329168,6.95480926928243,1.3397920114818749,18.0,4.4687244120250895,0.1618861923754542,3.9830658348987313,-2.4905660377358476,4.7183566426324575,0.26978822630216026,3.908991963725974,-4.0,4.132000277350631,0.26978822630216026,3.3226355984441476,-4.0,4.132000277350631,0.26978822630216026,3.3226355984441476,-4.0,5.152727877976975,-0.016152163603615044,5.201184368787818,0.0,4.215868263799333,-0.016152163603615044,4.2643247546101755,0.0,0.60989537202975
2024-07-05__AL__FPX__G1,2024-07-05__AL__FPX__G1,2024-07-05,1.0,-0.03033218810527405,1.2372145438177267,-0.0245164945242094,-3.4532669538426575,6.761859462395603,-0.5106977544193848,-12.480205966485357,63.362072928598394,-0.19696650050547718,-75.85465892167093,202.97771873758262,-0.37370928700814426,1.1266233386151558,0.9779640325261914,1.152007792860409,-0.21091754146418396,21.859378466990375,-0.009648834807167713,0.755983723680167,2.098121376743199,0.36031440875895865,0.6472224269148321,3.1500792553480665,0.2054622023727829,-8.052903961581151,25.108855577780485,-0.32071966067572294,-3.5046364226014717,7.901928205562246,-0.44351655544250174,-0.9142562451954257,4.691186306020372,-0.19488802845755643,494.2893161280856,1221.6993159813917,0.4045916284453602,-0.7915959115230198,1.2854063782516787,-0.6158327118051036,-0.6020945872510843,2.3401797705708023,-0.25728550324948835,-0.9746720937219031,7.463055899534399,-0.13059957961498464,172.95045782672833,284.82291920124334,0.6072209978906513,0.1920296357946123,0.825430022335082,0.232641650966031,1.1437429446128888,8.003458579078341,0.14290606872092176,0.043242171964891885,0.48434402378846536,0.08927968667182515,0.05245226826051308,1.3460363928046728,0.038967913180495556,AL,FPX,1.0,-4130.0,-0.06400000000000006,-1.0,-1.0,-1.0,0.0,2.0,-1.0,4.400000000000006,0.0,,0.0,1.0,29.62245474049873,6.905987396787655,8.904492550135764,18.0,1.1,29.83256631961231,6.905987396787655,9.114604129249347,18.0,1.15,29.83256631961231,6.905987396787655,9.114604129249347,18.0,1.15,28.78200842404442,6.905987396787655,8.064046233681456,18.0,0.9,29.202231582271573,6.905987396787655,8.484269391908608,18.0,1.0,29.4916305497299,6.905987396787655,8.773668359366935,18.0,25.3437826149094,7.224752965367913,3.66952371880566,14.0,1.1,25.35940909740528,7.224752965367913,3.685150201301539,14.0,1.15,25.35940909740528,7.224752965367913,3.685150201301539,14.0,1.15,25.28127668492587,7.224752965367913,3.60701778882213,14.0,0.9,25.978391956787988,7.294325952390855,4.095414099615425,13.0,1.0,25.45968731578373,7.237879944051486,3.7460474836292663,13.811320754716979,4.031943233946173,-0.33189254726383144,5.027620875737669,4.188679245283021,3.223839625483585,-0.38833855560319996,4.388855292293183,5.0,4.473157222207032,-0.3187655685802584,5.429453927947808,4.0,4.473157222207032,-0.3187655685802584,5.429453927947808,4.0,4.278672125589328,-0.3187655685802584,5.234968831330104,4.0,3.5007317391185495,-0.3187655685802584,4.457028444859326,4.0,0.5994548881198136
2024-07-05__AL__FPX__G2,2024-07-05__AL__FPX__G2,2024-07-05,0.0,-1.22185961473211,1.2372145438177267,-0.9875883154213919,-5.4469798760459724,6.761859462395603,-0.8055445548363486,-57.060372147198734,63.362072928598394,-0.9005445783150827,-170.13914542374846,202.97771873758262,-0.8382158674543732,-0.36794812905173213,0.9779640325261914,-0.3762385328862747,2.464880849997243,21.859378466990375,0.11276078782197063,0.5493671140603773,2.098121376743199,0.2618374982078642,0.9067756129177256,3.1500792553480665,0.2878579399297025,6.685887767257704,25.108855577780485,0.2662760746012715,2.7422731905310513,7.901928205562246,0.3470384407646601,0.938443307089389,4.691186306020372,0.20004387927232203,-436.58360258716186,1221.6993159813917,-0.3573576546362362,0.24155433068296794,1.2854063782516787,0.18792044823292775,1.7257670200831434,2.3401797705708023,0.7374503037482036,2.9026501352709246,7.463055899534399,0.38893581736620736,8.555424646441907,284.82291920124334,0.030037697248511533,1.7611120592737914,0.825430022335082,2.1335665992922563,9.930461997000116,8.003458579078341,1.240771181372504,1.276951604372404,0.48434402378846536,2.6364503435676974,1.4561455403300663,1.3460363928046728,1.081801700394048,FPX,AL,0.0,7228.0,0.029600000000000015,1.0,1.0,1.0,1.0,0.0,1.0,-2.200000000000003,0.0,-0.16666666666666669,-0.5,0.0,24.8662990999141,7.145320065735595,3.4303389027073194,15.0,1.1,24.86022178627383,7.145320065735595,3.424261589067047,15.0,1.15,24.86022178627383,7.145320065735595,3.424261589067047,15.0,1.15,24.89060835447517,7.145320065735595,3.4546481572683874,15.0,0.9,25.540135966084346,7.214128129151901,3.897751578628643,14.0,1.0,24.994928793103266,7.158302719210369,3.5200206354721613,14.811320754716983,30.07887105708949,6.830059180780735,9.588693514747288,19.0,1.1,30.309728832411746,6.830059180780735,9.819551290069544,19.0,1.15,30.309728832411746,6.830059180780735,9.819551290069544,19.0,1.15,29.1554399558005,6.830059180780735,8.665262413458297,19.0,0.9,29.61715550644499,6.830059180780735,9.126977964102789,19.0,1.0,29.93512942339828,6.830059180780736,9.444951881056081,19.0,-4.940200630295013,0.32824353842963383,-5.92493124558392,-4.1886792452830175,-4.077019540360645,0.38406894837116656,-5.229226385474146,-5.0,-5.449507046137917,0.31526088495485993,-6.395289701002497,-4.0,-5.449507046137917,0.31526088495485993,-6.395289701002497,-4.0,-5.212571957175388,0.31526088495485993,-6.158354612039968,-4.0,-4.26483160132533,0.31526088495485993,-5.21061425618991,-4.0,0.37894700185051894
2024-07-05__EDG__RNG__G1,2024-07-05__EDG__RNG__G1,2024-07-05,1.0,0.27411606082886575,1.2372145438177267,0.22155885625475946,1.0626495121955841,6.761859462395603,0.15715342221349343,-8.14898930255265,63.362072928598394,-0.12860988912287818,53.48692609315924,202.97771873758262,0.2635113162287427,0.5431987584885851,0.9779640325261914,0.5554378126234666,3.035003926770102,21.859378466990375,0.13884218128667514,0.14414268985873946,2.098121376743199,0.06870080194391916,0.43579993219243196,3.1500792553480665,0.13834566006772372,-7.148856153255707,25.108855577780485,-0.28471452418036136,-0.945014098184938,7.901928205562246,-0.11959283278819217,0.49182888345695464,4.691186306020372,0.1048410245367463,259.09547352818487,1221.6993159813917,0.2120779392497043,-0.14868264694430877,1.2854063782516787,-0.11566966975600881,0.758636834637155,2.3401797705708023,0.32417873190715646,5.331307217466087,7.463055899534399,0.7143597173697943,102.22752186399805,284.82291920124334,0.3589160654338091,0.43832592432206363,0.825430022335082,0.5310267150876795,2.552449764721217,8.003458579078341,0.3189183052031046,0.22512557561614277,0.48434402378846536,0.4648041469596371,0.40412753622194764,1.3460363928046728,0.30023499969780687,EDG,RNG,1.0,2578.0,0.010000000000000009,2.0,1.0,1.0,2.0,4.0,-1.0,-4.0,0.0,0.0,-1.0,1.0,22.026650093117766,7.296073645427185,0.13842915683621015,13.0,1.1,21.89149782462312,7.296073645427185,0.0032768883415634775,13.0,1.15,21.89149782462312,7.296073645427185,0.0032768883415634775,13.0,1.15,22.567259167096356,7.296073645427185,0.6790382308148004,13.0,0.9,22.296954630107066,7.296073645427185,0.4087336938255106,13.0,1.0,22.110801505576703,7.296073645427185,0.22258056929514308,13.000000000000002,20.802122473618425,7.209657493305948,-0.82685000629942,14.0,1.1,25.0,8.333333333333334,0.0,0.0,1.15,21.86362318269895,7.3620294134216335,-0.22246505756594814,12.0,1.15,25.0,8.333333333333334,0.0,0.0,0.9,24.501814264335763,7.8267293338778465,1.021626262702224,6.0,1.0,23.354210499135817,7.793777308543889,-0.027121426495844987,6.641509433962265,-1.2434089935591146,-0.49770366311670333,0.24970199579098806,6.358490566037736,-2.204859634228697,-0.5306556884506612,-0.6128925688767133,7.0,-3.1085021753768807,-1.0372596879061486,0.0032768883415634775,13.0,0.027874641924167776,-0.06595576799444824,0.22574194590751162,1.0,1.2245276194993409,0.08641615212123721,0.9652791631356301,-1.0,-2.4327408329036437,-1.0372596879061486,0.6790382308148004,13.0,0.4689547631771363
2024-07-05__EDG__RNG__G2,2024-07-05__EDG__RNG__G2,2024-07-05,0.0,1.3454459604248488,1.2372145438177267,1.0874790307541329,1.312284085755234,6.761859462395603,0.19407145312346713,51.20544977925488,63.362072928598394,0.8081403685895351,60.123114467670916,202.97771873758262,0.29620548770279015,1.0752040915246717,0.9779640325261914,1.0994299957200935,-3.503316458474515,21.859378466990375,-0.16026605255491527,-0.33126320121800745,2.098121376743199,-0.15788554799754304,-0.7693815984233243,3.1500792553480665,-0.24424190371566004,18.557785526339913,25.108855577780485,0.7390932147329323,1.4970329471691244,7.901928205562246,0.18945157672576313,0.3428340098563867,4.691186306020372,0.07308043518458862,-633.0126002781352,1221.6993159813917,-0.5181410773333328,0.19509278118865936,1.2854063782516787,0.15177505940102112,0.737570832182957,2.3401797705708023,0.3151768621716575,4.624295059244517,7.463055899534399,0.6196247893451027,92.2392230817585,284.82291920124334,0.32384761386684163,1.481200170875208,0.825430022335082,1.7944566302887486,11.029550372552748,8.003458579078341,1.3780978417614356,0.9359971951259478,0.48434402378846536,1.9325009015365433,0.4436714523559395,1.3460363928046728,0.3296130216943549,EDG,RNG,0.0,1134.0,,-2.0,-1.0,1.0,-2.0,-6.0,1.0,8.799999999999997,0.0,-1.0,-0.25,0.0,22.6659500440084,7.2253779923149075,0.9898160670636784,14.0,1.1,22.5598568641906,7.2253779923149075,0.8837228872458773,14.0,1.15,22.5598568641906,7.2253779923149075,0.8837228872458773,14.0,1.15,23.0903227632796,7.2253779923149075,1.4141887863348792,14.0,0.9,22.878136403644007,7.2253779923149075,1.2020024266992841,14.0,1.0,22.732008061630808,7.225377992314906,1.055874084686083,13.999999999999998,20.1703945189126,7.139799173615803,-1.2490030019348062,15.0,1.1,24.236622472067133,8.252587103068572,-0.5211388371385866,1.0,1.15,21.18922224499653,7.290694678753783,-0.6828617912648198,13.0,1.15,24.402574108574278,8.252587103068572,-0.35518720063144116,1.0,0.9,23.87836216443712,7.7508918671962554,0.6256865628483546,7.0,1.0,22.692044199543595,7.718259132081334,-0.4627331967004051,7.641509433962263,0.039963862087212476,-0.49288113976642833,1.5186072813864882,6.3584905660377355,-1.0002257607931142,-0.5255138748813479,0.5763158638509296,7.0,-1.6767656078765327,-1.027209110753665,1.4048617243844639,13.0,1.370634619194071,-0.06531668643887567,1.5665846785106972,1.0,2.4955555250957993,0.08557881869910489,2.2388190689984846,-1.0,-1.3122513452946762,-1.027209110753665,1.7693759869663204,13.0,0.5009990952224597
2024-07-05__EDG__RNG__G3,2024-07-05__EDG__RNG__G3,2024-07-05,1.0,-0.47661485141634063,1.2372145438177267,-0.38523186505209167,-2.8019730756770898,6.761859462395603,-0.4143790146601756,-9.658038636720676,63.362072928598394,-0.15242617606873396,-83.24100078378194,202.97771873758262,-0.4100992014857547,1.0029509011921283,0.9779640325261914,1.0255488364460186,9.26968329771735,21.859378466990375,0.4240597639889734,0.3186115583972935,2.098121376743199,0.1518555647320519,-0.4477866598033775,3.1500792553480665,-0.14215087347160288,-4.960762105958473,25.108855577780485,-0.19757021155429225,-1.9353525057504335,7.901928205562246,-0.2449215192143356,0.9670978534919623,4.691186306020372,0.20615204433445886,314.0191415802568,1221.6993159813917,0.25703471976733516,-0.0901387472737234,1.2854063782516787,-0.07012465370809044,0.8330881751621853,2.3401797705708023,0.3559930863627187,-1.728119249488664,7.463055899534399,-0.2315564885478063,-92.35539114044502,284.82291920124334,-0.3242554745074265,-0.7362625539984387,0.825430022335082,-0.8919734466916539,-5.977698646082061,8.003458579078341,-0.7468893404182643,-0.767090944785418,0.48434402378846536,-1.583769641701615,0.1822928844062961,1.3460363928046728,0.13542928701739948,EDG,RNG,1.0,552.0,0.21999999999999997,0.0,1.0,1.0,3.0,4.0,1.0,6.200000000000003,0.0,,0.75,1.0,22.068665250938043,7.153196400798085,0.6090760485437876,15.0,1.1,21.935422762344317,7.153196400798085,0.47583355995006116,15.0,1.15,21.935422762344317,7.153196400798085,0.47583355995006116,15.0,1.15,22.601635205312945,7.153196400798085,1.1420460029186899,15.0,0.9,22.3351502281255,7.153196400798085,0.8755610257312441,15.0,1.0,22.151627555156775,7.153196400798086,0.692038352762523,15.0,20.760604951711112,7.068472515272082,-0.44481259410513374,16.0,1.1,24.94983039296676,8.170143683241363,0.4393993432426697,2.0,1.15,21.81930116798233,7.2178605729484655,0.1657194491369367,14.0,1.15,24.960736829278332,8.170143683241363,0.4503057795542418,2.0,0.9,24.460840636331987,7.673460387314637,1.4404594743880779,8.0,1.0,23.310692551821923,7.6411536535187645,0.3872315912656219,8.641509433962264,-1.1590649966651476,-0.4879572527206788,0.3048067614969011,6.3584905660377355,-2.125690408206488,-0.5202639865165519,-0.5648984486568338,7.0,-3.0144076306224434,-1.0169472824432786,0.03643421670739144,13.0,0.1161215943619851,-0.06466417215038067,0.31011411081312446,1.0,1.3080602992269306,0.08472388552600307,1.0538886426489213,-1.0,-2.359101623965387,-1.0169472824432786,0.6917402233644481,13.0,0.47105577165773427
2024-07-06__JDG__WBG__G1,2024-07-06__JDG__WBG__G1,2024-07-06,0.0,-1.0640341621863856,1.2372145438177267,-0.8600232736351273,-0.9918327072296407,6.761859462395603,-0.14668044582485404,-25.100347961500916,63.362072928598394,-0.39614151502973305,19.648251990376025,202.97771873758262,0.09680004295928656,2.411290668104754,0.9779640325261914,2.465620536427693,-4.56660111393721,21.859378466990375,-0.2089080854666157,2.1081695654951105,2.098121376743199,1.0047886571647489,0.7588381542112539,3.1500792553480665,0.24089486384447892,-0.7615782119430747,25.108855577780485,-0.03033105906610722,-2.858015484517505,7.901928205562246,-0.3616857871247087,0.7559889718610275,4.691186306020372,0.1611508819719987,469.84803908120114,1221.6993159813917,0.38458566076808043,0.4082772038228839,1.2854063782516787,0.31762475517932226,-0.5795250864088253,2.3401797705708023,-0.24764116246774864,8.7735418762726,7.463055899534399,1.1755962729990652,338.4562704923634,284.82291920124334,1.1883041935432201,-0.23980993880067247,0.825430022335082,-0.2905269275223849,-4.669934334926062,8.003458579078341,-0.5834894633732679,-0.014731234701257812,0.48434402378846536,-0.0304147539000867,0.08907650706931669,1.3460363928046728,0.06617684437704387,JDG,WBG,0.0,-2970.0,0.000200000000000089,-1.0,-1.0,-1.0,-3.0,6.0,-1.0,-0.5999999999999943,0.0,-1.0,-0.3333333333333333,0.0,30.618590005880396,7.24697397437953,8.877668082741806,13.0,1.1,30.873980460693147,7.24697397437953,9.133058537554557,13.0,1.15,30.873980460693147,7.24697397437953,9.133058537554557,13.0,1.15,29.597028186629416,7.24697397437953,7.856106263490826,13.0,0.9,27.004980869741566,7.723442827741692,3.8346523865164883,7.0,1.0,29.874134019579383,7.336873758032769,7.863512745481076,11.867924528301888,23.522094731121488,6.895436831457188,2.8357842367499266,19.0,1.1,23.454917218899745,6.895436831457188,2.7686067245281833,19.0,1.15,24.75880270327451,7.1795961242609545,3.2200143304916473,15.0,1.15,24.52832687140241,7.05394315572358,3.3664974042316693,17.0,0.9,23.656449755564996,6.895436831457188,2.9701392611934345,19.0,1.0,23.972080387653058,6.984010204771167,3.0200497733395584,17.79245283018868,5.902053631926325,0.352863553261602,4.843462972141518,-5.924528301886792,3.34853111417657,0.8280059962845048,0.8645131253230538,-12.0,7.419063241793403,0.35153714292234195,6.364451813026374,-6.0,6.1151777574186355,0.06737785011857511,5.91304420706291,-2.0,7.096495274758908,0.35153714292234195,6.0418838459918796,-6.0,5.068701315227006,0.1930308186559495,4.489608859259157,-4.0,0.6434122641594077
2024-07-06__JDG__WBG__G2,2024-07-06__JDG__WBG__G2,2024-07-06,1.0,0.030648793148841946,1.2372145438177267,0.024772395806043394,2.0597856423813674,6.761859462395603,0.3046181822053783,0.21203455993298803,63.362072928598394,0.0033463955136936656,5.596123853025233,202.97771873758262,0.02757013853668332,-0.7957864298854149,0.9779640325261914,-0.8137166497965791,2.914456468578763,21.859378466990375,0.13332750241057179,-0.5331218413078922,2.098121376743199,-0.25409473118313913,-0.526575350137708,3.1500792553480665,-0.16716251887351494,-1.5173001321244115,25.108855577780485,-0.06042888203308756,-0.34454099705735786,7.901928205562246,-0.04360213665478451,-0.9073484618925782,4.691186306020372,-0.19341552632702277,452.0280241471591,1221.6993159813917,0.3699994080900711,-8.134337832637147,1.2854063782516787,-6.328217785478177,-6.484470334240193,2.3401797705708023,-2.7709271077629363,-11.470091536730493,7.463055899534399,-1.5369159971761817,-386.40248101599957,284.82291920124334,-1.3566411043850846,-2.5803213433911836,0.825430022335082,-3.126029036431959,-26.03085455234177,8.003458579078341,-3.2524503054139773,-1.609139951892336,0.48434402378846536,-3.322300989707531,5.049890105459355,1.3460363928046728,3.7516714858397386,WBG,JDG,1.0,1390.0,0.08000000000000007,0.0,-1.0,-1.0,-2.0,2.0,-1.0,12.200000000000003,0.0,-1.0,0.8,1.0,24.254135154097334,6.83637136522629,3.745021058418466,20.0,1.1,24.22023220655631,6.83637136522629,3.711118110877443,20.0,1.15,25.555656137440007,7.118096584377648,4.201366384307061,16.0,1.15,25.14103699890765,6.993519943758485,4.160477167632198,18.0,0.9,24.3219410491794,6.83637136522629,3.812826953500533,20.0,1.0,24.692583889301723,6.92418602988724,3.9200257996400008,18.79245283018868,29.849229336909023,7.184897284095435,8.294537484622719,14.0,1.1,30.069648852223075,7.184897284095435,8.514956999936771,14.0,1.15,30.069648852223075,7.184897284095435,8.514956999936771,14.0,1.15,28.967551275652838,7.184897284095435,7.412859423366534,14.0,0.9,26.259577194206113,7.657284763694597,3.2877229031223223,8.0,1.0,29.117871315661638,7.2740269972273515,7.295790323979579,12.867924528301884,-4.425287426359915,-0.3498409673401115,-3.3757645243395786,5.924528301886795,-1.9376361450267119,-0.8209133984683072,0.5251040503782107,12.0,-5.849416645666764,-0.34852591886914475,-4.803838889059328,6.0,-4.513992714783068,-0.06680069971778657,-4.31359061562971,2.0,-5.595094182811689,-0.34852591886914475,-4.549516426204253,6.0,-3.8265142767451863,-0.19137734033694986,-3.252382255734336,4.0,0.39113858573208093
2024-07-06__RA__TT__G1,2024-07-06__RA__TT__G1,2024-07-06,0.0,-0.9167698962437383,1.2372145438177267,-0.7409944862273747,-3.421439546810163,6.761859462395603,-0.5059908535287949,-43.26648056718824,63.362072928598394,-0.6828450819956505,-69.91487536031315,202.97771873758262,-0.34444605767914716,0.45931231408162,0.9779640325261914,0.4696612852252659,9.496405433473015,21.859378466990375,0.43443161082470066,0.3430149568314036,2.098121376743199,0.16348663006199235,-0.22211639668034877,3.1500792553480665,-0.07051134532310706,3.2269661901112556,25.108855577780485,0.12851904188129723,-0.04194790055316844,7.901928205562246,-0.0053085644608965735,-0.2768857542930254,4.691186306020372,-0.05902253229959244,-238.7757926324708,1221.6993159813917,-0.19544562996273468,0.7818029435977003,1.2854063782516787,0.6082141403770795,0.7498434480603571,2.3401797705708023,0.3204211646767185,6.74885038264728,7.463055899534399,0.9043010757519916,185.6030650653688,284.82291920124334,0.6516437122905343,-0.02818285910671081,0.825430022335082,-0.034143203180059346,1.652992379396629,8.003458579078341,0.20653473201984782,0.13262621900190785,0.48434402378846536,0.27382591435445724,-0.2495696025979388,1.3460363928046728,-0.1854106014677072,TT,RA,0.0,2180.0,-0.06679999999999986,2.0,1.0,1.0,0.0,4.0,-1.0,-7.400000000000006,0.0,-1.0,-0.5,0.0,22.021439118075076,7.2175949412402405,0.3686542943543536,14.0,1.1,21.88604998707849,7.2175949412402405,0.2332651633577676,14.0,1.15,21.88604998707849,7.2175949412402405,0.2332651633577676,14.0,1.15,24.056557370924104,7.5960847710779795,1.268303057690165,9.0,0.9,22.292217380068262,7.2175949412402405,0.6394325563475398,14.0,1.0,22.35936170076662,7.281866799137215,0.5137613033549704,13.150943396226413,22.825055742688953,7.222333953165927,1.1580538831911724,14.0,1.1,22.7261946400839,7.222333953165927,1.0591927805861197,14.0,1.15,22.7261946400839,7.222333953165927,1.0591927805861197,14.0,1.15,23.220500153109143,7.222333953165927,1.5534982936113622,14.0,0.9,23.022777947899048,7.222333953165927,1.3557760884012673,14.0,1.0,22.88661076883926,7.222333953165928,1.2196089093414828,13.999999999999998,-0.527249068072642,0.05953284597128672,-0.7058476059865124,-0.8490566037735849,-0.7305605678307856,-0.004739011925686931,-0.7163435320537275,0.0,-0.8401446530054102,-0.004739011925686931,-0.8259276172283521,0.0,-0.8401446530054102,-0.004739011925686931,-0.8259276172283521,0.0,-0.803616624613877,-0.004739011925686931,-0.7893995888368188,0.0,0.836057217814961,0.3737508179120521,-0.2851952359211971,-5.0,0.486821826007921
2024-07-06__RA__TT__G2,2024-07-06__RA__TT__G2,2024-07-06,1.0,1.3617863701887414,1.2372145438177267,1.1006864381824863,0.16862386711795452,6.761859462395603,0.02493749583501671,56.043284351802924,63.362072928598394,0.88449258171311,-31.986633674583743,202.97771873758262,-0.1575869199631235,-0.24884334444521894,0.9779640325261914,-0.2544501451165684,-7.255658356444272,21.859378466990375,-0.331924260128288,-0.11112050877144952,2.098121376743199,-0.05296188153902434,0.8564342867428896,3.1500792553480665,0.2718769737021377,-5.758292376625576,25.108855577780485,-0.22933311832770778,3.523120478409286,7.901928205562246,0.4458557381062496,-1.0980896833965534,4.691186306020372,-0.2340750031420265,640.5853468500488,1221.6993159813917,0.5243396128212829,0.6648025909299413,1.2854063782516787,0.5171921385997951,0.2157057979994086,2.3401797705708023,0.09217484423085613,-7.994739124006102,7.463055899534399,-1.0712418827337191,-315.93422891876503,284.82291920124334,-1.1092303551116596,-0.36700084644794506,0.825430022335082,-0.4446172199946246,-5.169836718348449,8.003458579078341,-0.6459502502971091,-0.39139857517782595,0.48434402378846536,-0.8080986816306527,0.7352790682508275,1.3460363928046728,0.5462545633437138,RA,TT,1.0,-1030.0,0.00019999999999997797,0.0,-1.0,1.0,2.0,-4.0,1.0,0.4000000000000057,0.0,-1.0,0.6000000000000001,1.0,23.405194060203627,7.149158841899631,1.9577175345047344,15.0,1.1,23.33270288112197,7.149158841899631,1.8852263554230788,15.0,1.15,23.33270288112197,7.149158841899631,1.8852263554230788,15.0,1.15,23.695158776530242,7.149158841899631,2.2476822508313496,15.0,0.9,23.550176418366934,7.149158841899631,2.102699892668042,15.0,1.0,23.450330077367674,7.149158841899631,2.002853551668782,15.0,21.441681464542857,7.144467844608438,0.008277930717543569,15.0,1.1,21.27993971293117,7.144467844608438,-0.15346382089414234,15.0,1.15,21.27993971293117,7.144467844608438,-0.15346382089414234,15.0,1.15,23.55733548999054,7.519122898099481,0.9999667956920959,10.0,0.9,21.765164967766246,7.144467844608438,0.33176143394093316,15.0,1.0,21.79178827537671,7.20808851406918,0.16752273316916794,14.150943396226415,1.658541801990964,-0.05892967216954936,1.8353308184996142,0.8490566037735849,1.7850114506006882,0.004690997291192822,1.7709384587271089,0.0,2.0527631681908005,0.004690997291192822,2.038690176317221,0.0,2.0527631681908005,0.004690997291192822,2.038690176317221,0.0,1.9635125956607702,0.004690997291192822,1.9494396037871908,0.0,0.1378232865397031,-0.3699640561998505,1.2477154551392537,5.0,0.5413687588596603
2024-07-07__LNG__NIP__G1,2024-07-07__LNG__NIP__G1,2024-07-07,0.0,0.7250845514186679,1.2372145438177267,0.586061624461365,5.164881220900476,6.761859462395603,0.7638254663230145,20.42319997665328,63.362072928598394,0.32232530771748136,114.33922250328436,202.97771873758262,0.5633092274911083,-1.739787926781208,0.9779640325261914,-1.7789878665570937,-3.022827905323652,21.859378466990375,-0.13828516540867014,-1.7748911085088004,2.098121376743199,-0.8459426047702073,-0.029264366543494624,3.1500792553480665,-0.009290038402612404,18.944086843823058,25.108855577780485,0.7544782768239314,6.825136382087411,7.901928205562246,0.8637303884326286,1.2289799998173523,4.691186306020372,0.26197632276165084,306.5560898234597,1221.6993159813917,0.25092597299710934,-0.7207326459995755,1.2854063782516787,-0.5607036790000893,-0.7283824890331374,2.3401797705708023,-0.3112505231189789,-6.40957519346577,7.463055899534399,-0.8588404563638858,-134.62851956264694,284.82291920124334,-0.47267445845834444,1.5692998284373552,0.825430022335082,1.9011883318825653,16.582747337569913,8.003458579078341,2.071947408957808,1.246819883704171,0.48434402378846536,2.5742390702226188,-1.2124139756259993,1.3460363928046728,-0.9007283022797392,NIP,LNG,0.0,-2900.0,0.019999999999999907,-1.0,-1.0,-1.0,-2.0,4.0,1.0,-16.0,0.0,,-0.75,0.0,27.722139577662947,6.861645271581873,7.137203762917327,19.0,1.1,26.370920234602423,8.003510587636507,2.3603884716929002,4.0,1.15,26.610172491134655,7.14441202233332,5.176936424134695,15.0,1.15,27.22720510899694,6.861645271581873,6.642269294251321,19.0,0.9,27.52546291548813,7.14441202233332,6.0922268484881705,15.0,1.0,27.06652031766269,7.22411576735139,5.39417301560852,14.122641509433961,25.601082318240827,7.160078872821527,4.120845699776247,15.0,1.1,25.628404241797227,7.160078872821527,4.148167623332647,15.0,1.15,25.628404241797227,7.160078872821527,4.148167623332647,15.0,1.15,25.49179462401522,7.160078872821527,4.01155800555064,15.0,0.9,25.54643847112802,7.160078872821527,4.06620185266344,15.0,1.0,25.58407055451703,7.160078872821528,4.103833936052449,15.0,1.4824497631456595,0.0640368945298615,1.2903390795560714,-0.8773584905660385,1.9790244443601104,-0.015666850488207373,2.0260249958247307,0.0,0.7425159928051954,0.8434317148149795,-1.7877791516397465,-11.0,0.9817682493374278,-0.015666850488207373,1.0287688008020481,0.0,2.1210572594221198,-0.2984336012396547,3.0163580631410802,4.0,1.7354104849817205,-0.2984336012396547,2.630711288700681,4.0,0.5369935196484986
2024-07-07__LNG__NIP__G2,2024-07-07__LNG__NIP__G2,2024-07-07,1.0,0.03266173332939992,1.2372145438177267,0.0263993881200476,1.7338990290850802,6.761859462395603,0.25642336731550824,6.908683439336357,63.362072928598394,0.10903499539995537,63.0199250671601,202.97771873758262,0.310477057031849,0.09777151175613685,0.9779640325261914,0.09997444540893478,3.6051692117098213,21.859378466990375,0.1649255056463954,-0.101901973368129,2.098121376743199,-0.04856817433419011,0.3694695962275083,3.1500792553480665,0.11728894703563161,-3.779175831965759,25.108855577780485,-0.1505116658840632,-0.24114303401081472,7.901928205562246,-0.030516982339081417,-0.27136887943204346,4.691186306020372,-0.05784652407372135,-52.639310051091385,1221.6993159813917,-0.04308696036693713,-7.491014862934932,1.2854063782516787,-5.8277360078045355,-6.550131589624506,2.3401797705708023,-2.798985305749196,-10.514252388847126,7.463055899534399,-1.4088399070765605,-318.4186088137543,284.82291920124334,-1.1179528971501793,-0.3843753837454513,0.825430022335082,-0.4656662681008552,-7.528840718418671,8.003458579078341,-0.9406982872881173,-0.30579966139291526,0.48434402378846536,-0.6313674062365744,1.2047366892900548,1.3460363928046728,0.895024681877376,LNG,NIP,1.0,516.0,-0.19979999999999998,-1.0,-1.0,-1.0,0.0,4.0,1.0,9.0,0.0,0.5,1.0,1.0,26.23549345079558,7.091126849277977,4.96211290296165,16.0,1.1,26.29165224401356,7.091126849277977,5.018271696179628,16.0,1.15,26.29165224401356,7.091126849277977,5.018271696179628,16.0,1.15,26.010858277923653,7.091126849277977,4.737477730089722,16.0,0.9,26.123175864359613,7.091126849277977,4.849795316525682,16.0,1.0,26.200526655018344,7.091126849277977,4.927146107184413,16.0,27.11417083524352,6.795567182957807,6.7274692863700984,20.0,1.1,25.629543986902604,7.926436262021949,1.8502352008367566,5.0,1.15,25.948375730932817,7.075610871575238,4.721543116207101,16.0,1.15,26.7297761379265,6.795567182957807,6.343074589053078,20.0,0.9,26.94998747183436,7.075610871575238,5.723154857108643,16.0,1.0,26.442826715140907,7.154547064363701,4.979185522049804,15.122641509433963,-0.2423000601225631,-0.06342021508572415,-0.052039414865390654,0.8773584905660368,-0.8268116074747454,0.015515977702738937,-0.8733595405829604,0.0,0.6621082571109547,-0.835309412743972,3.1680364953428715,11.0,0.3432765130807418,0.015515977702738937,0.2967285799725268,0.0,-0.8786773844479399,0.2955596663201696,-1.7653563834084487,-4.0,-0.718917860002847,0.2955596663201696,-1.6055968589633558,-4.0,0.49394279483936193
2024-07-07__UP__iG__G1,2024-07-07__UP__iG__G1,2024-07-07,0.0,0.08935185874172547,1.2372145438177267,0.07222012299167273,-2.459877688463246,6.761859462395603,-0.3637871118671024,-11.290398027792662,63.362072928598394,-0.17818858076703128,-49.04359491171897,202.97771873758262,-0.24162058266850375,-0.8203133937618929,0.9779640325261914,-0.8387962416641146,5.43114625907549,21.859378466990375,0.24845839138649878,-2.215092203590043,2.098121376743199,-1.0557497637618305,-0.8105164279443215,3.1500792553480665,-0.2573002470550592,-0.9098178150681946,25.108855577780485,-0.03623493615688248,4.0385134774799525,7.901928205562246,0.5110794304050715,0.5930777165336725,4.691186306020372,0.12642379803777057,106.1832001282284,1221.6993159813917,0.08691434844261743,0.18946013250148752,1.2854063782516787,0.14739306441447222,-0.548560469307322,2.3401797705708023,-0.2344094422985625,6.219590800834322,7.463055899534399,0.8333838110255257,139.1981131192323,284.82291920124334,0.4887180884911967,-0.5790116612428129,0.825430022335082,-0.7014658349099028,-4.430415188834829,8.003458579078341,-0.5535625119437443,-0.22941216768986172,0.48434402378846536,-0.4736544331465168,-0.09228892108514763,1.3460363928046728,-0.06856341553249846,UP,iG,0.0,2132.0,0.033399999999999985,1.0,1.0,-1.0,-3.0,6.0,-1.0,-11.599999999999994,0.0,-1.0,0.19999999999999996,0.0,21.675127287001434,6.877618163069169,1.0422727977939275,19.0,1.1,21.523996709137865,6.877618163069169,0.8911422199303587,19.0,1.15,21.523996709137865,6.877618163069169,0.8911422199303587,19.0,1.15,22.279649598455716,6.877618163069169,1.6467951092482096,19.0,0.9,21.97738844272858,6.877618163069169,1.344533953521072,19.0,1.0,21.769227458124035,6.87761816306917,1.1363729689165296,19.0,22.46245498848405,6.869477598217968,1.854022193830147,19.0,1.1,22.34711203341515,6.869477598217968,1.7386792387612466,19.0,1.15,22.34711203341515,6.869477598217968,1.7386792387612466,19.0,1.15,22.92382680875968,6.869477598217968,2.3153940141057774,19.0,0.9,24.99381199708145,8.009017217391328,0.9667603449074669,4.0,1.0,22.96836118663254,7.084485073533697,1.7149059660314523,16.169811320754715,-1.199133728508503,-0.20686691046452754,-0.5785329971149227,2.8301886792452855,-3.0164235543528726,-1.1313990543221593,0.3777736086136052,15.0,-0.8231153242772855,0.008140564851200516,-0.847537018830888,0.0,-0.8231153242772855,0.008140564851200516,-0.847537018830888,0.0,-0.7873277014826172,0.008140564851200516,-0.8117493960362197,0.0,-0.6441772103039654,0.008140564851200516,-0.6685989048575678,0.0,0.4700575273010143
2024-07-07__UP__iG__G2,2024-07-07__UP__iG__G2,2024-07-07,1.0,0.23955566461438416,1.2372145438177267,0.1936248423416808,-2.4498357022270625,6.761859462395603,-0.36230201966621634,-0.8360704310809979,63.362072928598394,-0.013195124137242588,-35.888308458292784,202.97771873758262,-0.17680910251967835,0.5563819514241217,0.9779640325261914,0.5689180419742881,-0.08223928985545115,21.859378466990375,-0.0037621969086377707,-0.5193565150130368,2.098121376743199,-0.24753394786209065,0.07644105032499082,3.1500792553480665,0.02426638184700615,7.96147209817623,25.108855577780485,0.3170782418352556,-2.2402940577834904,7.901928205562246,-0.28351229168271025,3.6575016121912056,4.691186306020372,0.7796537152753207,-611.2162567263944,1221.6993159813917,-0.5003000723914656,-0.1569532513668026,1.2854063782516787,-0.12210389797223621,0.578832360296353,2.3401797705708023,0.2473451485353278,-5.776660975377215,7.463055899534399,-0.7740341596132821,-153.98103726761917,284.82291920124334,-0.5406202462878442,-0.2719879566161856,0.825430022335082,-0.3295102186088817,-0.2834934119169574,8.003458579078341,-0.03542135861572051,-0.2078197142690641,0.48434402378846536,-0.4290737058544201,0.07312730500060027,1.3460363928046728,0.054327840661416146,iG,UP,1.0,3358.0,,0.0,1.0,-1.0,0.0,6.0,1.0,8.599999999999994,0.0,1.0,0.28571428571428575,1.0,22.995248181339278,6.798725930781379,2.599070388995141,20.0,1.1,22.90412309867289,6.798725930781379,2.507945306328754,20.0,1.15,22.90412309867289,6.798725930781379,2.507945306328754,20.0,1.15,23.359748512004867,6.798725930781379,2.96357071966073,20.0,0.9,25.558516821479184,7.92652894742364,1.7789299792082645,5.0,1.0,23.501235209189513,7.011518952789354,2.466678350821455,17.169811320754718,21.141702716071716,6.80678265249766,0.7213547585787374,20.0,1.1,20.96632556680225,6.80678265249766,0.5459776093092721,20.0,1.15,20.96632556680225,6.80678265249766,0.5459776093092721,20.0,1.15,21.843211313149585,6.80678265249766,1.422863355656606,20.0,0.9,21.492457014610654,6.80678265249766,1.0721090571176752,20.0,1.0,21.250899809013085,6.80678265249766,0.8305518515201052,20.0,2.2503354001764286,0.2047363002916942,1.6361264993013496,-2.830188679245282,4.06605980686853,1.1197462949259807,0.7068209220905892,-15.0,1.9377975318706397,-0.008056721716280357,1.9619676970194817,0.0,1.9377975318706397,-0.008056721716280357,1.9619676970194817,0.0,1.8535454652675618,-0.008056721716280357,1.8777156304164038,0.0,1.516537198855282,-0.008056721716280357,1.540707364004124,0.0,0.5560221702997933
2024-07-08__AL__LGD__G1,2024-07-08__AL__LGD__G1,2024-07-08,0.0,-0.6367864811389206,1.2372145438177267,-0.5146932434860643,-2.689488398861908,6.761859462395603,-0.3977438478387458,-24.546762506295465,63.362072928598394,-0.3874046568292064,-121.29213860191095,202.97771873758262,-0.5975638053216977,0.10744018596113136,0.9779640325261914,0.10986096883607539,8.199646477346988,21.859378466990375,0.37510884010816453,-0.26853895433702846,2.098121376743199,-0.127990129324042,-0.982233755471984,3.1500792553480665,-0.31181229551354794,11.452657044066214,25.108855577780485,0.45612021433907046,5.415096646800741,7.901928205562246,0.6852879222189185,-0.031055930756163974,4.691186306020372,-0.006620057723192754,-337.0229625614665,1221.6993159813917,-0.27586408363900217,-0.15718116687676797,1.2854063782516787,-0.1222812079160109,-0.39507428735305794,2.3401797705708023,-0.16882212362453258,-1.0710938644864463,7.463055899534399,-0.14351945575455402,-40.69942920143194,284.82291920124334,-0.1428937993216119,-1.0356489258903152,0.825430022335082,-1.2546765239820314,-8.770861961723895,8.003458579078341,-1.0958838331178187,-0.6558759141140198,0.48434402378846536,-1.354150206775882,-0.2480860675468488,1.3460363928046728,-0.1843084515133149,LGD,AL,0.0,-12094.0,0.13319999999999987,-2.0,-1.0,-1.0,-3.0,-6.0,-1.0,-19.599999999999994,0.0,,-1.0,0.0,27.300822679347686,7.459401402114785,4.922618473003332,11.0,1.1,26.06058576401205,7.303957794941013,4.148712379189011,13.0,1.15,26.06058576401205,7.303957794941013,4.148712379189011,13.0,1.15,25.830023641400732,7.303957794941013,3.918150256577693,13.0,0.9,25.0,8.333333333333334,0.0,0.0,1.0,26.078730845617134,7.530441475371857,3.4874064195015686,10.132075471698114,30.505929081177538,6.753490597559208,10.245457288499914,20.0,1.1,30.756198584867434,6.753490597559208,10.49572679218981,20.0,1.15,30.756198584867434,6.753490597559208,10.49572679218981,20.0,1.15,29.50485106641799,6.753490597559208,9.244379273740368,20.0,0.9,30.005390073797763,6.753490597559208,9.744918281120139,20.0,1.0,30.350100899634786,6.7534905975592086,10.089629106957158,20.0,-4.271370054017652,0.7769508778126486,-6.60222268745559,-9.867924528301886,-5.005390073797763,1.5798427357741263,-9.744918281120139,-20.0,-4.695612820855384,0.5504671973818054,-6.3470144130007995,-7.0,-4.695612820855384,0.5504671973818054,-6.3470144130007995,-7.0,-3.205106401829852,0.7059108045555771,-5.322838815496581,-9.0,-3.6748274250172592,0.5504671973818054,-5.3262290171626745,-7.0,0.39481019506502824
2024-07-08__AL__LGD__G2,2024-07-08__AL__LGD__G2,2024-07-08,1.0,0.6810954698107041,1.2372145438177267,0.5505067190709713,0.43708137067930153,6.761859462395603,0.06463921772861483,66.64032591257313,63.362072928598394,1.0517383946060375,12.460411247749391,202.97771873758262,0.06138807384307346,-0.31978359387638733,0.9779640325261914,-0.3269887810306991,-7.022994179444453,21.859378466990375,-0.32128058301242285,0.14850204000531164,2.098121376743199,0.07077854068542143,1.209303834828118,3.1500792553480665,0.3838961984460604,-2.041470878389383,25.108855577780485,-0.08130481258935289,1.5158482620162452,7.901928205562246,0.19183268067616002,-0.8415893985631273,4.691186306020372,-0.1793979527278915,600.054003822718,1221.6993159813917,0.4911634110636551,0.6413361429340991,1.2854063782516787,0.49893609900263663,-0.6448749407897907,2.3401797705708023,-0.27556629338189836,3.1886016609016963,7.463055899534399,0.42725142040664665,158.71360963363588,284.82291920124334,0.5572360873257526,-0.41840963697038625,0.825430022335082,-0.5068983666094072,-3.760945606194511,8.003458579078341,-0.46991498726699543,-0.3920854846042907,0.48434402378846536,-0.8095169049894722,-0.32205395344282195,1.3460363928046728,-0.23926077772012988,AL,LGD,1.0,4654.0,-0.2,2.0,1.0,-1.0,0.0,0.0,1.0,4.200000000000003,0.0,,0.3333333333333333,1.0,30.945876326309246,6.678851707997741,10.909321202316022,21.0,1.1,31.216143432050586,6.678851707997741,11.179588308057362,21.0,1.15,31.216143432050586,6.678851707997741,11.179588308057362,21.0,1.15,29.864807903343937,6.678851707997741,9.828252779350713,21.0,0.9,30.405342114826592,6.678851707997741,10.368786990833367,21.0,1.0,30.777596807640126,6.678851707997742,10.7410416836469,21.000000000000004,26.814889805112536,7.376960858309436,4.684007230184228,12.0,1.1,25.563151481207175,7.223235198034572,3.8934458871034607,14.0,1.15,25.563151481207175,7.223235198034572,3.8934458871034607,14.0,1.15,25.440727246162133,7.223235198034572,3.771021652058419,14.0,0.9,24.506487256168715,8.241234182922087,-0.21721529259754746,1.0,1.0,25.60278659813489,7.447215803919452,3.2611391863765364,11.132075471698112,5.174810209505235,-0.7683640959217097,7.479902497270364,9.867924528301891,5.898854858657877,-1.5623824749243456,10.586002283430915,20.0,5.652991950843411,-0.5443834900368305,7.286142420953901,7.0,5.652991950843411,-0.5443834900368305,7.286142420953901,7.0,4.130986521196711,-0.6981091503116952,6.225313972131794,9.0,4.424080657181804,-0.5443834900368305,6.057231127292294,7.0,0.6265585563607454
2024-07-08__EDG__WE__G1,2024-07-08__EDG__WE__G1,2024-07-08,0.0,0.39418049194263016,1.2372145438177267,0.31860292566830456,-2.0709245643349927,6.761859462395603,-0.30626549835683864,17.59883321516753,63.362072928598394,0.27775027116377765,-17.725681199002338,202.97771873758262,-0.08732821130279116,-0.026407295417160803,0.9779640325261914,-0.027002289999007275,-1.9803381557327242,21.859378466990375,-0.09059443607368693,0.7457830014038862,2.098121376743199,0.35545257496444244,1.6718147112898343,3.1500792553480665,0.5307213073227266,-2.244301110512666,25.108855577780485,-0.08938284798275957,-2.7285864733010534,7.901928205562246,-0.345306367890562,0.18555997590462425,4.691186306020372,0.03955501321946543,412.76822702359067,1221.6993159813917,0.3378640073594129,-0.7646483564586362,1.2854063782516787,-0.5948684980310736,-0.23691641605067915,2.3401797705708023,-0.10123851072961854,5.697246456645992,7.463055899534399,0.7633931421588691,183.04492525186345,284.82291920124334,0.6426622026153371,0.4236560561262035,0.825430022335082,0.5132543418682187,2.782954899610914,8.003458579078341,0.34771899228250897,0.4382574833264483,0.48434402378846536,0.9048456406106373,-0.2706575563453324,1.3460363928046728,-0.20107729383459133,EDG,WE,0.0,3050.0,0.020000000000000018,1.0,1.0,-1.0,-4.0,6.0,1.0,0.0,0.0,-0.5,-1.0,0.0,22.69296617275418,7.083734874290122,1.4417615498838146,16.0,1.1,22.588100998788455,7.083734874290122,1.3368963759180907,16.0,1.15,22.588100998788455,7.083734874290122,1.3368963759180907,16.0,1.15,23.112426868617057,7.083734874290122,1.861222245746692,16.0,0.9,22.902696520685623,7.083734874290122,1.6514918978152586,16.0,1.0,22.758259582959248,7.083734874290122,1.507054960088884,16.0,23.96768731989293,8.096203402924486,-0.3209228888805242,3.0,1.1,25.0,8.333333333333334,0.0,0.0,1.15,24.05482716592446,7.310201688929951,2.1242220991346095,13.0,1.15,24.260299521158274,7.310201688929951,2.329694454368422,13.0,0.9,24.17811057906475,7.310201688929951,2.2475055122748984,13.0,1.0,24.299978762415574,7.695334382601249,1.2139756146118308,8.103773584905662,-1.5417191794563259,-0.6115995083111274,0.2930793454770533,7.896226415094338,-1.275414058379127,-0.22646681463982876,-0.5960136144596397,3.0,-2.4118990012115447,-1.249598459043212,1.3368963759180907,16.0,-1.466726167136006,-0.22646681463982876,-0.7873257232165187,3.0,-1.2747211471387523,-1.012468528634364,1.7626844387643388,13.0,-1.147872652541217,-0.22646681463982876,-0.4684722086217299,3.0,0.46153318343051447
2024-07-08__EDG__WE__G2,2024-07-08__EDG__WE__G2,2024-07-08,1.0,0.5734220091274249,1.2372145438177267,0.46347785718727164,3.149297951311407,6.761859462395603,0.46574429756802,11.645990683372872,63.362072928598394,0.1838006548917028,72.49867683672863,202.97771873758262,0.35717554089413217,-1.0424177863708461,0.9779640325261914,-1.065904967663482,-6.019337451459464,21.859378466990375,-0.27536634608266,-0.6481478512547767,2.098121376743199,-0.3089180395000892,0.01366060375507061,3.1500792553480665,0.004336589117651286,-7.296499656742014,25.108855577780485,-0.2905946606584581,-1.902076980987264,7.901928205562246,-0.2407104558274672,-0.5181089740769105,4.691186306020372,-0.11044303718421183,288.76343874311885,1221.6993159813917,0.2363621185093264,0.24914655064955404,1.2854063782516787,0.19382691811558278,-0.9378634264616714,2.3401797705708023,-0.4007653760153382,-0.4855033444998007,7.463055899534399,-0.06505421987739234,-86.88302463202967,284.82291920124334,-0.3050422507101674,-0.1539094166913646,0.825430022335082,-0.18645945273048556,-0.824086263392168,8.003458579078341,-0.10296625543613576,-0.3573053882411674,0.48434402378846536,-0.7377083911100908,-0.1332619703336313,1.3460363928046728,-0.09900317111990463,WE,EDG,1.0,3772.0,-0.13340000000000007,0.0,1.0,-1.0,2.0,0.0,1.0,-3.4000000000000057,0.0,,1.0,1.0,24.58423729738463,8.012127017183145,0.5478562458351952,4.0,1.1,25.663453951181364,8.246794431952544,0.9230706553237304,1.0,1.15,24.63682502925885,7.234287670166111,2.9339620187605178,14.0,1.15,24.715776109854755,7.234287670166111,3.012913099356421,14.0,0.9,24.684195677616394,7.234287670166111,2.9813326671180604,14.0,1.0,24.871014345493396,7.615420888613873,2.0247516796517813,9.10377358490566,22.153518686081213,7.010172638246859,1.1230007713406351,17.0,1.1,22.024133171812174,7.010172638246859,0.9936152570715961,17.0,1.15,22.024133171812174,7.010172638246859,0.9936152570715961,17.0,1.15,22.67106074315736,7.010172638246859,1.6405428284167805,17.0,0.9,22.41228971461929,7.010172638246859,1.3817717998787131,17.0,1.0,22.234079477984576,7.010172638246859,1.2035615632439973,17.0,2.6369348675088204,0.6052482503670138,0.8211901164077839,-7.89622641509434,2.271905962997103,0.22411503191925242,1.5995608672393473,-3.0,3.6393207793691893,1.2366217937056856,-0.0705446017478657,-16.0,2.612691857446677,0.22411503191925242,1.9403467616889216,-3.0,2.4307186113034156,1.0019543789362864,-0.5751445255054399,-13.0,2.044715366697396,0.22411503191925242,1.3723702709396406,-3.0,0.5655440149206804
2024-07-09__FPX__JDG__G1,2024-07-09__FPX__JDG__G1,2024-07-09,1.0,0.9256577746474051,1.2372145438177267,0.7481782614782425,6.989726066710116,6.761859462395603,1.033698655212087,47.77745057137895,63.362072928598394,0.7540386166213328,188.7816007831584,202.97771873758262,0.9300607033482419,-0.2360515079275629,0.9779640325261914,-0.2413700900100854,-5.784054912978959,21.859378466990375,-0.26460288690781003,-0.41941966888148485,2.098121376743199,-0.19990238583343603,0.16200799108248498,3.1500792553480665,0.051429797957507586,6.050408904022547,25.108855577780485,0.2409671219109483,2.382466493396585,7.901928205562246,0.30150440878659646,-0.3937241308414601,4.691186306020372,-0.08392846099668191,-7.189130361123496,1221.6993159813917,-0.005884533339092468,0.8226955890180268,1.2854063782516787,0.6400271252036843,0.950212697970855,2.3401797705708023,0.40604243480689955,-6.807901236706957,7.463055899534399,-0.9122134975457155,-228.89543041581703,284.82291920124334,-0.8036411895998032,0.45681050625547215,0.825430022335082,0.553420569247797,3.0973621238002735,8.003458579078341,0.3870029070799604,0.5558307957642528,0.48434402378846536,1.1475926632148252,-0.9692406629789971,1.3460363928046728,-0.7200696415717229,JDG,FPX,1.0,7796.0,-0.08499999999999996,0.0,1.0,1.0,2.0,6.0,1.0,25.0,0.0,1.0,1.0,1.0,29.12741922781795,7.120869892051643,7.764809551663021,15.0,1.1,29.31502919271877,7.120869892051643,7.952419516563843,15.0,1.15,29.31502919271877,7.120869892051643,7.952419516563843,15.0,1.15,28.376979368214688,7.120869892051643,7.014369692059759,15.0,0.9,25.56024340960482,7.589047744545931,2.7931001759670266,9.0,1.0,28.40834964808509,7.20920533591849,6.7807336403296175,13.867924528301888,24.41952899324558,7.065217240911289,3.2238772705117142,16.0,1.1,24.393143947484013,7.065217240911289,3.197492224750146,16.0,1.15,24.393143947484013,7.065217240911289,3.197492224750146,16.0,1.15,24.525069176291833,7.065217240911289,3.3294174535579657,16.0,0.9,21.65686292352366,7.6763200243587955,-1.3720971495527259,8.0,1.0,23.90474304791881,7.180519652882516,2.3631840892712574,14.49056603773585,4.503606600166279,0.028685683035973852,4.41754955105836,-0.6226415094339615,3.903380486081158,-0.0872722798128649,4.1651973255197525,1.0,4.921885245234758,0.05565265114035434,4.754927291813697,-1.0,4.921885245234758,0.05565265114035434,4.754927291813697,-1.0,4.707890234572368,0.05565265114035434,4.540932281151306,-1.0,3.8519101919228547,0.05565265114035434,3.6849522385017934,-1.0,0.6107249806771631
2024-07-09__FPX__JDG__G2,2024-07-09__FPX__JDG__G2,2024-07-09,1.0,0.11130508740859035,1.2372145438177267,0.08996418446629897,1.684952591183933,6.761859462395603,0.2491847621751995,-10.538693961754348,63.362072928598394,-0.16632495289895682,3.558961530948636,202.97771873758262,0.01753375461873253,-0.2234599436145448,0.9779640325261914,-0.22849481953084064,3.2032951485862355,21.859378466990375,0.1465409918622575,-0.5932502526219743,2.098121376743199,-0.28275293147716396,-0.46589903701318436,3.1500792553480665,-0.1479006879974571,-1.3539868381666196,25.108855577780485,-0.05392467131955342,1.7832184399501685,7.901928205562246,0.22566874412073235,0.1473795196909924,4.691186306020372,0.03141625138306775,-441.0444456044027,1221.6993159813917,-0.361008997446399,-0.3235470259874731,1.2854063782516787,-0.2517077709850547,-0.32206332328332365,2.3401797705708023,-0.13762326711400502,3.475910597814938,7.463055899534399,0.4657489075330232,185.2503101203539,284.82291920124334,0.6504052061170645,1.9493148846743646,0.825430022335082,2.361572114360204,14.475257698066606,8.003458579078341,1.8086250770736751,1.1883102107907861,0.48434402378846536,2.4534374308133144,1.4800362252778605,1.3460363928046728,1.0995506017808174,FPX,JDG,1.0,7302.0,0.09999999999999998,1.0,1.0,-1.0,0.0,6.0,1.0,22.599999999999994,0.0,1.0,0.0,1.0,23.965727417879577,6.986742108077377,3.005501093647446,17.0,1.1,23.91871502778319,6.986742108077377,2.9584887035510583,17.0,1.15,23.91871502778319,6.986742108077377,2.9584887035510583,17.0,1.15,24.153776978265103,6.986742108077377,3.193550654032972,17.0,0.9,21.20863297965208,7.5910572202515185,-1.5645386811024764,9.0,1.0,23.457052261067837,7.100763827355517,2.1547607790012875,15.490566037735848,29.584795394013877,7.041776611319106,8.459465560056561,16.0,1.1,29.79319518465088,7.041776611319106,8.667865350693564,16.0,1.15,29.79319518465088,7.041776611319106,8.667865350693564,16.0,1.15,28.7511962314659,7.041776611319106,7.6258663975085845,16.0,0.9,26.003377415714827,7.504754295451741,3.4891145293596004,10.0,1.0,28.857939223046497,7.129130891344133,7.470546549014102,14.867924528301886,-5.40088696197866,-0.02836706398861555,-5.315785770012814,0.6226415094339615,-4.7947444360627465,0.08630292479977708,-5.053653210462077,-1.0,-5.8744801568676905,-0.055034503241729205,-5.709376647142506,1.0,-5.8744801568676905,-0.055034503241729205,-5.709376647142506,1.0,-5.6190679761343,-0.055034503241729205,-5.453964466409115,1.0,-4.597419253200798,-0.055034503241729205,-4.432315743475613,1.0,0.3681669495089528
2024-07-09__FPX__JDG__G3,2024-07-09__FPX__JDG__G3,2024-07-09,1.0,0.4205183521720359,1.2372145438177267,0.339890938384451,-2.6893287957692564,6.761859462395603,-0.39772024440984644,28.86536856302365,63.362072928598394,0.4555622436783166,-127.93590296808327,202.97771873758262,-0.6302953010482318,1.0407571723291973,0.9779640325261914,1.0642069375842682,1.5177384901703874,21.859378466990375,0.06943191102301458,1.013686436270767,2.098121376743199,0.48313980514533045,0.8861217311998111,3.1500792553480665,0.2813013191315976,0.17328813332205328,25.108855577780485,0.006901474497066533,-2.2467941078444866,7.901928205562246,-0.28433488195046674,-0.3409947351008542,4.691186306020372,-0.0726883649824093,325.3502555205859,1221.6993159813917,0.2663095992592271,0.3056498067224389,1.2854063782516787,0.23778438796435294,0.10857823849246628,2.3401797705708023,0.04639737231324337,-7.784395352083543,7.463055899534399,-1.0430572159471532,-161.38203064080722,284.82291920124334,-0.5666047891327769,0.3688669269837406,0.825430022335082,0.4468779546717833,3.590824755922931,8.003458579078341,0.44865907304756353,0.4302217776387296,0.48434402378846536,0.8882547698613835,-0.18944135481059554,1.3460363928046728,-0.1407400387413204,JDG,FPX,1.0,4642.0,-0.06699999999999995,0.0,-1.0,-1.0,1.0,0.0,-1.0,19.200000000000003,0.0,,0.39999999999999997,1.0,28.850672906474845,6.980642234121382,7.908746204110699,17.0,1.1,29.025703493132802,6.980642234121382,8.083776790768656,17.0,1.15,29.025703493132802,6.980642234121382,8.083776790768656,17.0,1.15,28.150550559843055,6.980642234121382,7.2086238574789085,17.0,0.9,25.292114645762666,7.439600499016776,2.9733131487123394,11.0,1.0,28.13631478885834,7.0672381331582494,6.934600389383591,15.867924528301886,24.694112423437804,6.926085522247624,3.9158558566949324,18.0,1.1,24.680208442684975,6.926085522247624,3.9019518759421032,18.0,1.15,24.680208442684975,6.926085522247624,3.9019518759421032,18.0,1.15,24.749728346449107,6.926085522247624,3.971471779706235,18.0,0.9,21.92807510564062,7.5251541703469815,-0.6473874054003268,10.0,1.0,24.1756290002645,7.0391173426437295,3.0582769723333105,16.49056603773585,3.960685788593839,0.02812079051451999,3.8763234170502803,-0.6226415094339632,3.3640395401220466,-0.08555367133020564,3.6207005541126662,1.0,4.345495050447827,0.05455671187375799,4.181824914826553,-1.0,4.345495050447827,0.05455671187375799,4.181824914826553,-1.0,4.15656048303704,0.05455671187375799,3.9928903474157664,-1.0,3.4008222133939476,0.05455671187375799,3.2371520777726737,-1.0,0.5977427285373066
2024-07-09__OMG__RNG__G1,2024-07-09__OMG__RNG__G1,2024-07-09,1.0,-0.5608410601539182,1.2372145438177267,-0.4533090963465493,1.02700472046185,6.761859462395603,0.15188197481643995,-9.451398311497314,63.362072928598394,-0.149164914048551,39.9357228622934,202.97771873758262,0.19674929304518662,0.7845613291279907,0.9779640325261914,0.8022386312743538,2.0244607230441716,21.859378466990375,0.09261290907645796,-0.29016898346544906,2.098121376743199,-0.13829936074361043,-0.927915675555951,3.1500792553480665,-0.294568899944875,6.160257061082618,25.108855577780485,0.24534199882817434,-1.3520786871452266,7.901928205562246,-0.1711074159198345,2.0258727544225783,4.691186306020372,0.4318464862451136,85.85376474893614,1221.6993159813917,0.07027405479857841,-0.4730978828189407,1.2854063782516787,-0.36805287632813766,-0.9475496467863529,2.3401797705708023,-0.4049044666558953,4.507090905092124,7.463055899534399,0.60392021202107,220.46919771607634,284.82291920124334,0.7740570792557794,0.3999396862471398,0.825430022335082,0.4845222379887548,2.1183531098905064,8.003458579078341,0.26467967870145115,0.018977579201574724,0.48434402378846536,0.03918194317995732,-0.7690042591782262,1.3460363928046728,-0.5713097297957596,OMG,RNG,1.0,6520.0,0.25,0.0,1.0,1.0,4.0,2.0,1.0,18.799999999999997,0.0,-1.0,1.0,1.0,20.936795482363927,7.199078502763206,-0.6604400259256913,14.0,1.1,25.0,8.333333333333334,0.0,0.0,1.15,21.11129992171276,7.421868149895275,-1.1543045279730642,11.0,1.15,21.675559940115942,7.199078502763206,0.07832443182632431,14.0,0.9,23.04448598526903,7.570277333149212,0.33365398582139605,9.0,1.0,22.37942639093271,7.563569064978967,-0.311280804004188,9.367924528301886,20.14369837458651,6.999833704944492,-0.8558027402469648,17.0,1.1,24.204362958285635,8.090807031452519,-0.0680581360719188,3.0,1.15,21.16072278627788,7.1477711212646415,-0.28259057751604644,15.0,1.15,24.377327532571364,8.090807031452519,0.10490643821380985,3.0,0.9,23.852015748839523,7.5989468073377475,1.05517532682628,9.0,1.0,22.664061763480557,7.566953789945036,-0.03679960635454953,9.641509433962266,-0.28463537254784654,-0.003384724966069008,-0.27448119764963846,-0.2735849056603801,-0.8075297635704928,-0.028669474188535382,-0.721521341004884,0.0,0.7956370417143646,0.24252630188081525,0.0680581360719188,-3.0,-0.049422864565119795,0.27409702863063323,-0.8717139504570177,-4.0,0.7930971077774167,0.1992447978187144,0.1953627143212735,-3.0,-2.701767592455422,-0.8917285286893124,-0.026582006387485535,11.0,0.492884596072135
2024-07-09__OMG__RNG__G2,2024-07-09__OMG__RNG__G2,2024-07-09,0.0,0.03247113007988123,1.2372145438177267,0.026245329879774817,-10.597584040632498,6.761859462395603,-1.5672586116747473,-20.696991826268004,63.362072928598394,-0.3266463760259975,-305.2327091612592,202.97771873758262,-1.503774451481058,1.0490122717548287,0.9779640325261914,1.07264803634657,4.7149244281520595,21.859378466990375,0.21569342511629933,2.8623662946444703,2.098121376743199,1.3642513546266852,0.849240473901764,3.1500792553480665,0.2695932817774916,2.295597058676833,25.108855577780485,0.09142579040051826,2.716401652021524,7.901928205562246,0.3437643620129401,-0.5215290238711194,4.691186306020372,-0.11117207432792593,-258.3226141776425,1221.6993159813917,-0.21144532913050415,-0.4629557350274567,1.2854063782516787,-0.36016265571552636,0.0201203720263905,2.3401797705708023,0.00859778538453799,8.445953146323017,7.463055899534399,1.1317015614405859,193.71934618348394,284.82291920124334,0.6801395970752999,-0.5535483812282584,0.825430022335082,-0.6706173698951996,-4.693839217102976,8.003458579078341,-0.5864762820034768,-0.2800014542335696,0.48434402378846536,-0.5781032951333851,0.9294666995215568,1.3460363928046728,0.6905207124928916,RNG,OMG,0.0,952.0,-0.13339999999999985,0.0,1.0,-1.0,0.0,2.0,1.0,3.0,0.0,,0.0,0.0,19.557993997629225,6.930333434337432,-1.2330063053830713,18.0,1.1,23.496600137200225,8.010474654739305,-0.5348238270176893,4.0,1.15,20.535454301491033,7.076802002839112,-0.694951707026302,16.0,1.15,23.823426194330608,8.010474654739305,-0.20799776988730656,4.0,0.9,23.27398430189511,7.523498035023975,0.7034901968231857,10.0,1.0,22.05013658088297,7.491822671372774,-0.4253314332353507,10.641509433962264,21.53917147683206,7.127599961250129,0.1563715930816727,15.0,1.1,25.728978393146306,8.250592950327322,0.9771995421643425,1.0,1.15,21.760545703879288,7.34817756429418,-0.28398698900325314,12.0,1.15,22.16841302649896,7.127599961250129,0.7856131427485735,15.0,0.9,23.62033662241592,7.495113215628432,1.1349969755306226,10.0,1.0,22.995839562709374,7.4884715528195125,0.5304249042508361,10.367924528301886,-0.945702981826404,0.003351118553261756,-0.9557563374861868,0.2735849056603783,-0.3463523205208112,0.028384819395542493,-0.4315067787074369,0.0,-2.232378255946081,-0.240118295588017,-1.5120233691820317,3.0,-1.225091402388255,-0.27137556145506814,-0.4109647180230489,4.0,-1.9811774792028345,-0.19726652691269742,-1.389377898464744,3.0,1.6550131678316475,0.8828746934891756,-0.9936109126358801,-11.0,0.4763750304046015
2024-07-10__LNG__WBG__G1,2024-07-10__LNG__WBG__G1,2024-07-10,1.0,-0.192357596757617,1.2372145438177267,-0.15547622054929192,2.7772839923940644,6.761859462395603,0.4107277882824165,16.03492250794352,63.362072928598394,0.2530681449286681,123.37814809964823,202.97771873758262,0.607840842133591,-1.025104439791372,0.9779640325261914,-1.0482015263300513,-1.0452669289830254,21.859378466990375,-0.04781777682945997,-1.7981790326897062,2.098121376743199,-0.8570420165295226,-1.0230064490383355,3.1500792553480665,-0.3247556779867816,7.339062133214043,25.108855577780485,0.2922897787272631,2.3274878248072532,7.901928205562246,0.294546782723504,0.9009427976273745,4.691186306020372,0.19205005872845063,-169.4975363385522,1221.6993159813917,-0.13873915944993026,0.9799224389654366,1.2854063782516787,0.7623438728804083,0.18143419739408628,2.3401797705708023,0.07752999241585597,-2.6207088905521694,7.463055899534399,-0.3511575653021845,-55.28271142664653,284.82291920124334,-0.19409502362937014,0.4851036545082046,0.825430022335082,0.5876973864344025,0.5001261908718249,8.003458579078341,0.06248875076213207,0.14377039712006034,0.48434402378846536,0.2968346737528394,1.3800027565108994,1.3460363928046728,1.0252335959519332,LNG,WBG,1.0,3116.0,0.010000000000000009,0.0,-1.0,-1.0,1.0,0.0,1.0,6.200000000000003,0.0,-1.0,1.0,1.0,26.827598563535133,7.0206451048866585,5.765663248875157,17.0,1.1,26.910671225514,7.0206451048866585,5.848735910854025,17.0,1.15,26.910671225514,7.0206451048866585,5.848735910854025,17.0,1.15,26.49530791561965,7.0206451048866585,5.433372600959675,17.0,0.9,26.66145323957739,7.0206451048866585,5.599517924917414,17.0,1.0,26.775874075887913,7.0206451048866585,5.713938761227935,17.0,24.940931605849578,6.775449822126819,4.614582139469121,21.0,1.1,24.93824667884275,6.775449822126819,4.611897212462292,21.0,1.15,26.303259813377327,7.054664479144581,5.139266375943585,17.0,1.15,25.71587839880279,6.931197989038784,4.922284431686439,19.0,0.9,24.946301459863257,6.775449822126819,4.6199519934828,21.0,1.0,25.36855646250441,6.862481936427045,4.78111065322328,19.79245283018868,1.4073176133835013,0.15816316845961342,0.9328281080046548,-2.7924528301886795,1.7151517797141338,0.24519528275983937,0.9795659314346139,-4.0,1.9724245466712524,0.24519528275983937,1.2368386983917325,-4.0,0.607411412136674,-0.03401937425792223,0.7094695349104398,0.0,1.8866669576855557,0.24519528275983937,1.1510811094060358,-4.0,0.7794295168168617,0.08944711584787424,0.5110881692732363,-2.0,0.5351249873423944
2024-07-10__LNG__WBG__G2,2024-07-10__LNG__WBG__G2,2024-07-10,1.0,0.8779402864388155,1.2372145438177267,0.709609809564564,3.329450664180925,6.761859462395603,0.4923867747192999,16.23701781529121,63.362072928598394,0.2562576760601053,77.01102398828874,202.97771873758262,0.37940629192135744,-1.028224490301139,0.9779640325261914,-1.0513918760930767,1.971280949744994,21.859378466990375,0.09018009649916206,-0.7376049594131828,2.098121376743199,-0.35155478421526903,-0.5548848733791818,3.1500792553480665,-0.17614944014112746,-0.9489470394255903,25.108855577780485,-0.037793319519987205,-2.4284289789997295,7.901928205562246,-0.3073210245025144,0.04316218411216255,4.691186306020372,0.009200695111186659,59.87780965732307,1221.6993159813917,0.04901190401355941,-0.0752031984584729,1.2854063782516787,-0.05850534214356155,0.5487889844384952,2.3401797705708023,0.23450709079394666,-4.440300488660345,7.463055899534399,-0.594970740332606,-190.27715753840448,284.82291920124334,-0.6680542331493653,0.228711076306245,0.825430022335082,0.2770807858168919,2.7071188131605552,8.003458579078341,0.3382435790938674,0.2190452055009351,0.48434402378846536,0.45225034787722257,-0.5741668556441493,1.3460363928046728,-0.4265608509194426,WBG,LNG,1.0,2412.0,0.09999999999999998,0.0,-1.0,-1.0,1.0,6.0,1.0,14.400000000000006,0.0,0.0,1.0,1.0,24.421224947748918,6.705315448013138,4.305278603709503,22.0,1.1,24.394916990828424,6.705315448013138,4.278970646789009,22.0,1.15,25.73753963964336,6.981639884347787,4.792619986599995,18.0,1.15,25.280889397163076,6.85945142673207,4.702535116966867,20.0,0.9,24.47384086158993,6.705315448013138,4.357894517550516,22.0,1.0,24.85704035596284,6.79144667115123,4.482700342509152,20.79245283018868,27.366112773064927,6.947972653133346,6.522194813664889,18.0,1.1,27.473663353658782,6.947972653133346,6.6297453942587445,18.0,1.15,27.473663353658782,6.947972653133346,6.6297453942587445,18.0,1.15,26.93591045068948,6.947972653133346,6.091992491289442,18.0,0.9,27.151011611877202,6.947972653133346,6.307093652477164,18.0,1.0,27.299147317223465,6.947972653133345,6.455229357823425,18.0,-2.442106961260624,-0.15652598198211454,-1.9725290153142732,2.7924528301886795,-2.677170750287271,-0.2426572051202074,-1.9491991349266478,4.0,-3.0787463628303584,-0.2426572051202074,-2.3507747474697354,4.0,-1.7361237140154238,0.033667231214441706,-1.8371254076587498,0.0,-2.944887825316009,-0.2426572051202074,-2.216916209955386,4.0,-1.6550210535264043,-0.08852122640127558,-1.3894573743225749,2.0,0.43924895323615887
2024-07-10__LNG__WBG__G3,2024-07-10__LNG__WBG__G3,2024-07-10,1.0,-1.5072587989245827,1.2372145438177267,-1.2182669434248883,-5.941336251475452,6.761859462395603,-0.8786540752381254,-30.807662386484424,63.362072928598394,-0.48621613019171434,-141.6487449305763,202.97771873758262,-0.697853661543273,0.12944341506691082,0.9779640325261914,0.1323599625362312,-3.058348156056738,21.859378466990375,-0.13991010864124107,-0.282375871461916,2.098121376743199,-0.13458503402467525,0.21735794481684367,3.1500792553480665,0.06900076417031692,-1.168048408437528,25.108855577780485,-0.04651937872277171,-3.484321119511808,7.901928205562246,-0.4409456259186883,0.500283287843371,4.691186306020372,0.10664321315871125,125.43215047744108,1221.6993159813917,0.10267023050103874,0.7744764724816768,1.2854063782516787,0.6025144133955926,-0.2239002372876122,2.3401797705708023,-0.09567647085357421,-1.1092017200166353,7.463055899534399,-0.1486256550028227,-33.33099837363784,284.82291920124334,-0.11702358205613377,1.2589734882989392,0.825430022335082,1.5252316114039406,9.514933794245131,8.003458579078341,1.1888526080793738,0.8998293515501827,0.48434402378846536,1.8578271838365734,0.36963694561827865,1.3460363928046728,0.2746112014377878,LNG,WBG,1.0,-2992.0,,0.0,-1.0,1.0,4.0,-2.0,-1.0,10.200000000000003,0.0,-1.0,1.0,1.0,26.723259088273302,6.882713892717656,6.075117410120335,19.0,1.1,26.801589046831175,6.882713892717656,6.153447368678208,19.0,1.15,26.801589046831175,6.882713892717656,6.153447368678208,19.0,1.15,26.409939254041788,6.882713892717656,5.761797575888821,19.0,0.9,26.56659917115754,6.882713892717656,5.918457493004574,19.0,1.0,26.674487604642923,6.882713892717656,6.026345926489955,19.0,25.04162703604751,6.642335842856492,5.114619507478036,23.0,1.1,25.04351917404968,6.642335842856492,5.116511645480205,23.0,1.15,26.412870562783503,6.916064904815332,5.664675848337506,19.0,1.15,25.80015941381145,6.795024101008746,5.415087110785212,21.0,0.9,25.037842760043198,6.642335842856492,5.110835231473722,23.0,1.0,25.467664937638478,6.7276580793828495,5.2846906994899285,21.79245283018868,1.2068226670044453,0.15505581333480656,0.7416552270000265,-2.7924528301886795,1.528756411114344,0.24037804986116384,0.8076222615308524,-4.0,1.758069872781494,0.24037804986116384,1.0369357231980025,-4.0,0.38871848404767206,-0.033351012097676325,0.4887715203407019,0.0,1.6816320522257904,0.24037804986116384,0.9604979026422988,-4.0,0.6097798402303383,0.08768979170891011,0.3467104651036088,-2.0,0.530134002389374
2024-07-10__TT__iG__G1,2024-07-10__TT__iG__G1,2024-07-10,1.0,-0.28519922049697044,1.2372145438177267,-0.23051700402738196,8.733470647439285,6.761859462395603,1.2915780643520076,9.633018715297794,63.362072928598394,0.15203130387040478,229.82188792955958,202.97771873758262,1.132251797028177,0.21693353919758795,0.9779640325261914,0.22182136577749076,5.709920963591031,21.859378466990375,0.26121148462670335,0.7299388288624904,2.098121376743199,0.34790097896745875,-0.7732879457654103,3.1500792553480665,-0.24548198238840305,13.213482259996837,25.108855577780485,0.5262478687177579,-1.4625447272034116,7.901928205562246,-0.18508704509449564,2.1418600249623143,4.691186306020372,0.4565709883750724,438.59006032640957,1221.6993159813917,0.3590000045265556,0.41887650803309207,1.2854063782516787,0.3258706267913435,0.06007210696960641,2.3401797705708023,0.02566985752769603,-7.834705467929535,7.463055899534399,-1.0497984369405413,-300.89683395724387,284.82291920124334,-1.0564347621485077,-0.037094230955859064,0.825430022335082,-0.044939225631382605,0.5529306359603723,8.003458579078341,0.06908645323901873,0.2401671733230779,0.48434402378846536,0.49585968994691154,-1.3723384547824882,1.3460363928046728,-1.0195396220925284,TT,iG,1.0,5420.0,0.0,0.0,1.0,1.0,4.0,6.0,1.0,11.799999999999997,0.0,,1.0,1.0,20.901029898990956,7.070067588487912,-0.3091728664727782,16.0,1.1,20.71471307621782,7.070067588487912,-0.49548968924591463,16.0,1.15,20.71471307621782,7.070067588487912,-0.49548968924591463,16.0,1.15,23.091787359939854,7.44082110129841,0.7693240560446242,11.0,0.9,21.273663544537243,7.070067588487912,0.06346077907350889,16.0,1.0,21.26249908163663,7.1330257321727135,-0.13657811488150734,15.150943396226415,23.493297972612627,6.726929877654406,3.3125083396494084,21.0,1.1,23.4248115168223,6.726929877654406,3.24402188385908,21.0,1.15,23.4248115168223,6.726929877654406,3.24402188385908,21.0,1.15,23.767243795773968,6.726929877654406,3.5864541628107496,21.0,0.9,26.086397289349136,7.842823044403615,2.557928156138292,6.0,1.0,23.999360559266204,6.937475758173124,3.1869332847468304,18.169811320754718,-2.7368614776295743,0.19554997399958918,-3.323511399628338,-3.018867924528303,-4.812733744811894,-0.7727554559157035,-2.494467377064783,10.0,-2.7100984406044795,0.3431377108335054,-3.739511573104995,-5.0,-2.7100984406044795,0.3431377108335054,-3.739511573104995,-5.0,-2.592268073621671,0.3431377108335054,-3.6216812061221866,-5.0,-0.6754564358341142,0.713891223644004,-2.8171301067661254,-10.0,0.43200237590721535
2024-07-10__TT__iG__G2,2024-07-10__TT__iG__G2,2024-07-10,0.0,-0.1590683573676186,1.2372145438177267,-0.12856964023970702,-0.7697633427902666,6.761859462395603,-0.11383898663261584,12.644755202677743,63.362072928598394,0.19956346783924553,39.05214954015344,202.97771873758262,0.19239623733403624,-1.9082714764806719,0.9779640325261914,-1.9512675944572337,-7.249670602328877,21.859378466990375,-0.33165033862358856,-2.147745267055832,2.098121376743199,-1.023651094360692,-0.3355036811819305,3.1500792553480665,-0.10650639157917556,-4.072595094220745,25.108855577780485,-0.1621975529473013,1.9393335534335243,7.901928205562246,0.24542532626948976,0.19916298690052425,4.691186306020372,0.04245470792541818,-209.43044840549967,1221.6993159813917,-0.17142552630950647,-0.841128477669983,1.2854063782516787,-0.6543672394459313,-0.03197013584031794,2.3401797705708023,-0.013661395838459087,4.464162784088025,7.463055899534399,0.5981681292509685,118.8236977718916,284.82291920124334,0.41718446566005296,0.4445347955409882,0.825430022335082,0.5385486897299218,5.265013871748522,8.003458579078341,0.6578422518071652,0.06976582001848897,0.48434402378846536,0.1440415748938483,0.48025482751844173,1.3460363928046728,0.3567915944131077,iG,TT,0.0,-796.0,-0.000200000000000089,0.0,1.0,-1.0,-3.0,-6.0,1.0,-32.400000000000006,0.0,-1.0,-0.8,0.0,22.86285274160146,6.664234731369055,2.870148547494299,22.0,1.1,22.765709684401532,6.664234731369055,2.77300549029437,22.0,1.15,22.765709684401532,6.664234731369055,2.77300549029437,22.0,1.15,23.251424970401196,6.664234731369055,3.258720776294034,22.0,0.9,25.418191561038928,7.769727747291575,2.1090083191642037,7.0,1.0,23.368819683827383,6.872818319278964,2.7503647259904933,19.169811320754718,21.563633861742986,7.004174390584958,0.5511106899881106,17.0,1.1,21.407435400913123,7.004174390584958,0.39491222915824764,17.0,1.15,21.407435400913123,7.004174390584958,0.39491222915824764,17.0,1.15,23.662347135362843,7.371472471847303,1.5479297198209352,12.0,0.9,21.876030783402722,7.004174390584958,0.8635076116478473,17.0,1.0,21.91117771231071,7.0665457628747905,0.711540423686336,16.150943396226413,1.4576419715166722,-0.19372744359582672,2.0388243023041572,3.0188679245283048,3.542160777636205,0.7655533567066168,1.2455007075163564,-10.0,1.3582742834884094,-0.3399396592159034,2.3780932611361223,5.0,1.3582742834884094,-0.3399396592159034,2.3780932611361223,5.0,1.2992188798584756,-0.3399396592159034,2.3190378575061885,5.0,-0.41092216496164724,-0.7072377404782486,1.7107910564730986,10.0,0.5363766635606813
2024-07-11__AL__NIP__G1,2024-07-11__AL__NIP__G1,2024-07-11,0.0,-0.5889555365586956,1.2372145438177267,-0.4760330885767337,8.983265583951209,6.761859462395603,1.328519811065223,-0.8731899030804016,63.362072928598394,-0.01378095521406676,193.6608394758366,202.97771873758262,0.9540990002558348,-1.804284640439044,0.9779640325261914,-1.8449377845119657,-1.9301898161161404,21.859378466990375,-0.08830030234988602,-2.5582212965045663,2.098121376743199,-1.2192907929782215,-1.1284835574730598,3.1500792553480665,-0.35823962121510095,9.162707619500715,25.108855577780485,0.3649193499161187,7.883602137783228,7.901928205562246,0.9976806843870333,-0.07547121835632087,4.691186306020372,-0.01608787145622301,-229.48738221377593,1221.6993159813917,-0.18784276869434588,0.13515356801322476,1.2854063782516787,0.10514454040014241,0.13679819312962493,2.3401797705708023,0.058456250410201416,6.794366885669355,7.463055899534399,0.910399984501423,160.89788966316132,284.82291920124334,0.5649049927213651,-0.8588348917133235,0.825430022335082,-1.0404683958736425,-4.639611556616586,8.003458579078341,-0.5797007545018267,-0.7167521173854183,0.48434402378846536,-1.4798378886585926,-0.10335503522713907,1.3460363928046728,-0.07678466867237856,NIP,AL,0.0,-2328.0,0.13339999999999996,0.0,-1.0,-1.0,-3.0,0.0,1.0,-9.599999999999994,0.0,1.0,-1.0,0.0,26.54674478878884,6.72802313257433,6.362675391065849,21.0,1.1,26.610172491134655,7.14441202233332,5.176936424134695,15.0,1.15,25.330711214656123,7.005283347126345,4.314861173277087,17.0,1.15,26.26551846355449,6.72802313257433,6.0814490658314995,21.0,0.9,26.41288789246332,7.005283347126345,5.397037851084285,17.0,1.0,26.22363962999802,6.930845148519551,5.431104184439362,18.07547169811321,31.357412730217632,6.603610532614646,11.546581132373692,22.0,1.1,31.646386036136626,6.603610532614646,11.835554438292686,22.0,1.15,31.646386036136626,6.603610532614646,11.835554438292686,22.0,1.15,30.201519506541707,6.603610532614646,10.390687908697767,22.0,0.9,30.77946611837967,6.603610532614646,10.96863452053573,22.0,1.0,31.177485954834122,6.603610532614646,11.36665435699018,22.0,-4.953846324836103,0.32723461590490466,-5.935550172550818,-3.9245283018867916,-4.366578225916349,0.40167281451169856,-5.571596669451445,-5.0,-5.036213545001971,0.5408014897186737,-6.658618014157991,-7.0,-6.315674821480503,0.40167281451169856,-7.520693265015598,-5.0,-4.810667941428793,0.12441259995968323,-5.183905741307843,-1.0,-3.9360010429872183,0.12441259995968323,-4.309238842866268,-1.0,0.37862590874321983
2024-07-11__AL__NIP__G2,2024-07-11__AL__NIP__G2,2024-07-11,1.0,-0.2753360627163426,1.2372145438177267,-0.22254494303129013,-12.495315205402168,6.761859462395603,-1.8479108338439902,-23.398838715020418,63.362072928598394,-0.3692877657601321,-284.8481242262592,202.97771873758262,-1.4033467544838014,0.7816154482508733,0.9779640325261914,0.7992263754378564,5.937596638638837,21.859378466990375,0.27162695297938994,2.0862761430385532,2.098121376743199,0.9943538881068347,1.0579554898479588,3.1500792553480665,0.3358503289088616,-19.302536764128696,25.108855577780485,-0.7687541128897936,-5.389308048734797,7.901928205562246,-0.6820243396943129,-2.279555066570162,4.691186306020372,-0.4859228416747986,82.75743786558371,1221.6993159813917,0.06773961212490734,-0.9904635120911109,1.2854063782516787,-0.7705444428351347,-1.288406980742991,2.3401797705708023,-0.5505587418482764,-0.4690200120283947,7.463055899534399,-0.0628455629298037,30.32964692661153,284.82291920124334,0.10648597698942887,-0.4021313454500475,0.825430022335082,-0.48717740740158794,-5.508551945364985,8.003458579078341,-0.6882713520244126,-0.27995615898746706,0.48434402378846536,-0.5780097765797139,1.1041133466992985,1.3460363928046728,0.8202694461546207,AL,NIP,1.0,3778.0,0.12,1.0,1.0,-1.0,1.0,6.0,1.0,19.0,0.0,,0.6000000000000001,1.0,31.76996190663572,6.529559355014402,12.181283841592517,23.0,1.1,32.07768744784645,6.529559355014402,12.489009382803246,23.0,1.15,32.07768744784645,6.529559355014402,12.489009382803246,23.0,1.15,30.539059741792872,6.529559355014402,10.950381676749668,23.0,0.9,31.1545108242143,6.529559355014402,11.565832759171094,23.0,1.0,31.57835921116491,6.529559355014401,11.989681146121704,23.000000000000004,26.126423149807138,6.652576824311878,6.168692676871505,22.0,1.1,26.143549728352045,7.06429643694224,4.950660417525324,16.0,1.15,24.873175358760243,6.9267279146525444,4.09299161480261,18.0,1.15,25.92161894075128,6.652576824311878,5.9638884678156465,22.0,0.9,26.015030626466903,6.9267279146525444,5.23484688250927,18.0,1.0,25.80241263926605,6.853124446718925,5.24303929910927,19.07547169811321,5.77594657189886,-0.3235650917045243,6.746641847012434,3.924528301886795,5.139480197747396,-0.3971685596381427,6.330985876661824,5.0,5.934137719494405,-0.5347370819278385,7.5383489652779225,7.0,7.204512089086208,-0.3971685596381427,8.396017768000636,5.0,5.643538756828583,-0.12301746929747637,6.012591164721012,1.0,4.617440801041592,-0.12301746929747637,4.9864932089340215,1.0,0.640513749388364
2024-07-11__RA__UP__G1,2024-07-11__RA__UP__G1,2024-07-11,1.0,0.7407409941043452,1.2372145438177267,0.5987162041454882,1.5572643903843488,6.761859462395603,0.2303011721470275,31.09704848970034,63.362072928598394,0.4907833118711212,-21.118456526100374,202.97771873758262,-0.10404322481010785,2.3285729372857187,0.9779640325261914,2.3810390554258962,1.9350636681532194,21.859378466990375,0.08852326622882133,2.159043467166274,2.098121376743199,1.0290360043333788,0.9556302290257377,3.1500792553480665,0.30336694673201137,4.500081711694442,25.108855577780485,0.1792228848714954,4.501351600658104,7.901928205562246,0.569652230937422,-0.058159444937476046,4.691186306020372,-0.012397595990856708,569.5900655207572,1221.6993159813917,0.46622770235160316,-0.7388524727209305,1.2854063782516787,-0.5748002424926688,-1.2838876126619034,2.3401797705708023,-0.5486275371576297,-3.0789254866226514,7.463055899534399,-0.412555542329409,51.58768346784473,284.82291920124334,0.18112195265533806,-0.24194804740624587,0.825430022335082,-0.2931172210147774,-2.3341645782951304,8.003458579078341,-0.2916444514065913,-0.07836839900619785,0.48434402378846536,-0.16180283714533375,0.45546757528932247,1.3460363928046728,0.3383766139960546,UP,RA,1.0,13632.0,-0.275,1.0,1.0,1.0,3.0,3.0,1.0,28.800000000000004,0.0,,0.0,1.0,20.643062718837722,6.734901518603164,0.43835816302823005,21.0,1.1,20.44502011514853,6.734901518603164,0.24031555933903803,21.0,1.15,20.44502011514853,6.734901518603164,0.24031555933903803,21.0,1.15,21.4352331335945,6.734901518603164,1.2305285777850088,21.0,0.9,21.039147926216113,6.734901518603164,0.8344433704066212,21.0,1.0,20.766372264530997,6.734901518603165,0.5616677087215037,21.000000000000004,23.946200613010653,7.074709735198835,2.7220714074141483,16.0,1.1,23.898300640874773,7.074709735198835,2.674171435278268,16.0,1.15,23.898300640874773,7.074709735198835,2.674171435278268,16.0,1.15,24.137800501554175,7.074709735198835,2.91367129595767,16.0,0.9,24.042000557282414,7.074709735198835,2.817871351685909,16.0,1.0,23.976025123963186,7.074709735198834,2.751895918366678,16.0,-3.2096528594321896,-0.33980821659566907,-2.1902282096451744,5.0000000000000036,-3.0028526310663004,-0.33980821659567084,-1.9834279812792879,5.0,-3.4532805257262424,-0.33980821659567084,-2.43385587593923,5.0,-3.4532805257262424,-0.33980821659567084,-2.43385587593923,5.0,-3.303137894172931,-0.33980821659567084,-2.2837132443859183,5.0,-2.7025673679596736,-0.33980821659567084,-1.683142718172661,5.0,0.4204405182998112
2024-07-11__RA__UP__G2,2024-07-11__RA__UP__G2,2024-07-11,0.0,0.7925665437598113,1.2372145438177267,0.6406050649138761,1.6963045302018394,6.761859462395603,0.2508635810566357,10.773805181252044,63.362072928598394,0.1700355514466407,26.394613757621016,202.97771873758262,0.1300370000793436,-1.4537948462983303,0.9779640325261914,-1.4865509480876,0.965516656932607,21.859378466990375,0.04416944490078613,-2.2484473894848698,2.098121376743199,-1.0716473997932436,-1.187799630285419,3.1500792553480665,-0.3770696407714773,-5.316356461828633,25.108855577780485,-0.21173232024166413,-3.5452124782759213,7.901928205562246,-0.4486515110487716,1.4644313433080542,4.691186306020372,0.3121664618738834,-865.2169325394708,1221.6993159813917,-0.7082077566166384,-0.4733060850999813,1.2854063782516787,-0.36821485009969307,-0.18231519807349983,2.3401797705708023,-0.07790645934973248,-1.1751121745536963,7.463055899534399,-0.15745721764857623,153.30663845851393,284.82291920124334,0.538252463496246,-0.6808763875303643,0.825430022335082,-0.8248737557793944,-5.607015717727094,8.003458579078341,-0.7005740033202973,-0.49770314727658427,0.48434402378846536,-1.0275797682066266,0.21006620541268184,1.3460363928046728,0.15606268186575195,RA,UP,0.0,-4362.0,-0.06999999999999995,-1.0,-1.0,-1.0,-1.0,6.0,1.0,-18.400000000000006,0.0,,-0.3333333333333333,0.0,23.269665120304317,7.009591240243963,2.2408913995724298,17.0,1.1,23.191013534863604,7.009591240243963,2.1622398141317163,17.0,1.15,23.191013534863604,7.009591240243963,2.1622398141317163,17.0,1.15,23.584271462067175,7.009591240243963,2.5554977413352873,17.0,0.9,23.426968291185748,7.009591240243963,2.3981945704538603,17.0,1.0,23.3186368621825,7.009591240243962,2.2898631414506108,17.0,21.287103264352595,6.672910756158351,1.268370995877543,22.0,1.1,21.118335230914077,6.672910756158351,1.0996029624390253,22.0,1.15,21.118335230914077,6.672910756158351,1.0996029624390253,22.0,1.15,21.96217539810667,6.672910756158351,1.9434431296316177,22.0,0.9,21.624639331229634,6.672910756158351,1.6059070627545822,22.0,1.0,21.392185247436956,6.672910756158351,1.3734529789619048,22.0,1.9264516147455453,0.336680484085611,0.916410162488706,-5.0,1.8023289599561139,0.3366804840856119,0.7922875076992781,-5.0,2.0726783039495267,0.3366804840856119,1.062636851692691,-5.0,2.0726783039495267,0.3366804840856119,1.062636851692691,-5.0,1.9825618559517224,0.3366804840856119,0.9725204036948867,-5.0,1.6220960639605053,0.3366804840856119,0.6120546117036696,-5.0,0.5480128936242309
2024-07-12__BLG__TES__G1,2024-07-12__BLG__TES__G1,2024-07-12,1.0,0.100700796248816,1.2372145438177267,0.08139309011433807,8.823140381480645,6.761859462395603,1.3048391682360698,28.233726478172457,63.362072928598394,0.4455934714193312,182.2333509753645,202.97771873758262,0.8977997743346549,-1.1173377740858053,0.9779640325261914,-1.1425130111243331,-4.002505746630746,21.859378466990375,-0.18310244134216566,-2.56371026576241,2.098121376743199,-1.2219069269648213,-1.3828234064524105,3.1500792553480665,-0.4389803733110337,4.89243585994506,25.108855577780485,0.194849010538955,6.175590406991855,7.901928205562246,0.7815294526613571,0.14419218654296095,4.691186306020372,0.030736821434930527,-344.7071390908904,1221.6993159813917,-0.2821538281142714,-6.702457280012928,1.2854063782516787,-5.2142670046978745,-6.6542069051197075,2.3401797705708023,-2.8434585006425186,-9.157895319912257,7.463055899534399,-1.227097078743108,-232.21043108411698,284.82291920124334,-0.8152800024662598,-3.1998450707805324,0.825430022335082,-3.8765747642103543,-33.769594767599216,8.003458579078341,-4.2193746884004435,-1.7964666206951116,0.48434402378846536,-3.7090638541993304,4.877439248590246,1.3460363928046728,3.623554051813793,TES,BLG,1.0,-1466.0,-0.09499999999999986,1.0,1.0,-1.0,-2.0,0.0,-1.0,-5.799999999999997,0.0,-1.0,0.0,1.0,30.662138428834854,7.24121266603881,8.938500430718424,13.0,1.1,30.919508357418255,7.24121266603881,9.195870359301825,13.0,1.15,30.919508357418255,7.24121266603881,9.195870359301825,13.0,1.15,29.632658714501243,7.24121266603881,7.909020716384813,13.0,0.9,30.147398571668052,7.24121266603881,8.423760573551622,13.0,1.0,30.501889228018776,7.24121266603881,8.778251229902342,13.000000000000002,29.083481666348213,7.202234375849523,7.476778538799643,14.0,1.1,29.269094469364042,7.202234375849523,7.662391341815471,14.0,1.15,29.269094469364042,7.202234375849523,7.662391341815471,14.0,1.15,28.341030454284898,7.202234375849523,6.734327326736327,14.0,0.9,28.712256060316555,7.202234375849523,7.105552932767985,14.0,1.0,28.96791143050817,7.202234375849524,7.361208302959598,13.999999999999998,1.5339777975106053,0.03897829018928611,1.4170429269427434,-0.9999999999999964,1.435142511351497,0.038978290189287,1.318207640783637,-1.0,1.6504138880542136,0.038978290189287,1.5334790174863535,-1.0,1.6504138880542136,0.038978290189287,1.5334790174863535,-1.0,1.5786567624866414,0.038978290189287,1.4617218919187813,-1.0,1.2916282602163456,0.038978290189287,1.1746933896484855,-1.0,0.5382744217903697
2024-07-12__BLG__TES__G2,2024-07-12__BLG__TES__G2,2024-07-12,1.0,-0.5477393435573887,1.2372145438177267,-0.4427194164302261,-3.306390252718291,6.761859462395603,-0.4889764098366055,0.08428966107089764,63.362072928598394,0.0013302857031776165,-60.294329958512776,202.97771873758262,-0.29704900634642856,-0.7363927483985861,0.9779640325261914,-0.7529847427125309,7.582611564991026,21.859378466990375,0.3468813731168101,-1.1534443915445465,2.098121376743199,-0.5497507697024685,-1.6609696040804343,3.1500792553480665,-0.5272785038605012,-3.2427134460372855,25.108855577780485,-0.12914620130121143,-5.054219380361179,7.901928205562246,-0.6396184082240909,1.059640788502704,4.691186306020372,0.22587901939938068,115.35478540997195,1221.6993159813917,0.09442158459660412,7.595814004454731,1.2854063782516787,5.909265912870382,7.04392642100979,2.3401797705708023,3.009992437161886,14.826120336677413,7.463055899534399,1.9866015409318902,387.4196914154858,284.82291920124334,1.3602124826953956,2.7625517023375172,0.825430022335082,3.346798978456694,30.6514723959046,8.003458579078341,3.8297778720629654,1.3836651769183852,0.48434402378846536,2.85677587042309,-5.245781008219179,1.3460363928046728,-3.897203031848023,BLG,TES,1.0,-3186.0,0.16660000000000003,-2.0,-1.0,1.0,4.0,-6.0,1.0,-4.200000000000003,0.0,,0.8,1.0,28.534781454135796,7.127455418527684,7.152415198552745,15.0,1.1,28.695453338414698,7.127455418527684,7.313087082831647,15.0,1.15,28.695453338414698,7.127455418527684,7.313087082831647,15.0,1.15,27.892093917020194,7.127455418527684,6.509727661437143,15.0,0.9,28.213437685577997,7.127455418527684,6.831071429994946,15.0,1.0,28.434740469584785,7.127455418527685,7.052374214001731,15.0,31.21380819118719,7.166029007099884,9.715721169887537,14.0,1.1,31.496254018059332,7.166029007099884,9.998166996759679,14.0,1.15,31.496254018059332,7.166029007099884,9.998166996759679,14.0,1.15,30.084024883698607,7.166029007099884,8.585937862398954,14.0,0.9,30.648916537442904,7.166029007099884,9.15082951614325,14.0,1.0,31.037945695210194,7.166029007099884,9.539858673910539,13.999999999999998,-2.603205225625409,-0.03857358857219939,-2.4874844599088073,1.0000000000000018,-2.4354788518649073,-0.03857358857220028,-2.3197580861483047,1.0,-2.8008006796446345,-0.03857358857220028,-2.685079913928032,1.0,-2.8008006796446345,-0.03857358857220028,-2.685079913928032,1.0,-2.6790267370513945,-0.03857358857220028,-2.563305971334792,1.0,-2.191930966678413,-0.03857358857220028,-2.0762102009618104,1.0,0.43528491828458926
2024-07-12__BLG__TES__G3,2024-07-12__BLG__TES__G3,2024-07-12,0.0,-0.2361640155489937,1.2372145438177267,-0.19088348568613414,-11.870709970594717,6.761859462395603,-1.7555390319884157,-33.13496968341474,63.362072928598394,-0.5229464193478571,-301.9895919710743,202.97771873758262,-1.4877967510990764,-1.8138505819308,0.9779640325261914,-1.8547192605091658,0.13920937181354986,21.859378466990375,0.006368404557126999,-2.9914939187304483,2.098121376743199,-1.425795726641065,-2.08111092745548,3.1500792553480665,-0.6606533036490935,-1.0855759488143377,25.108855577780485,-0.04323478233473178,3.40779798184629,7.901928205562246,0.43126151768703613,-1.9403166504778513,4.691186306020372,-0.41360886357868765,101.3138747406295,1221.6993159813917,0.0829286497359748,-7.517960927868018,1.2854063782516787,-5.848699062310833,-6.885542948191397,2.3401797705708023,-2.942312420810089,-14.142977957645694,7.463055899534399,-1.89506500459993,-374.40302958511904,284.82291920124334,-1.3145115895890063,-2.5939860944667545,0.825430022335082,-3.1425837220517394,-30.711787558060625,8.003458579078341,-3.8373140083500394,-1.2752677880488814,0.48434402378846536,-2.6329738624626535,4.895842883721757,1.3460363928046728,3.6372265064052396,TES,BLG,0.0,-8798.0,0.2667999999999999,-1.0,-1.0,1.0,0.0,-6.0,-1.0,-24.599999999999994,0.0,-1.0,-1.0,0.0,30.546092022894488,7.099006218556579,9.24907336722475,15.0,1.1,30.798187114844232,7.099006218556579,9.501168459174494,15.0,1.15,30.798187114844232,7.099006218556579,9.501168459174494,15.0,1.15,29.537711655095485,7.099006218556579,8.240692999425747,15.0,0.9,30.041901838994992,7.099006218556579,8.744883183325253,15.0,1.0,30.389127154321994,7.09900621855658,9.09210849865226,15.0,29.19890341303677,7.060793402940736,8.016523204214561,16.0,1.1,29.389762659083896,7.060793402940736,8.207382450261687,16.0,1.15,29.389762659083896,7.060793402940736,8.207382450261687,16.0,1.15,28.43546642884826,7.060793402940736,7.253086220026052,16.0,0.9,28.81718492094252,7.060793402940736,7.63480471212031,16.0,1.0,29.080066523988556,7.060793402940737,7.897686315166349,16.0,1.3090606303334376,0.038212815615843,1.1944221834859112,-1.0,1.2247169180524722,0.038212815615843,1.1100784712049432,-1.0,1.4084244557603363,0.038212815615843,1.2937860089128073,-1.0,1.4084244557603363,0.038212815615843,1.2937860089128073,-1.0,1.3471886098577173,0.038212815615843,1.2325501630101883,-1.0,1.1022452262472235,0.038212815615843,0.9876067793996945,-1.0,0.5326798611577532
2024-07-12__EDG__OMG__G1,2024-07-12__EDG__OMG__G1,2024-07-12,0.0,-0.020832227576377704,1.2372145438177267,-0.016837993735590202,-13.607707717405194,6.761859462395603,-2.0124206633782316,-26.206350413356972,63.362072928598394,-0.41359679045367814,-393.7734443535879,202.97771873758262,-1.9399835847139937,0.5599533370038232,0.9779640325261914,0.5725698960395363,23.176001492688194,21.859378466990375,1.0602314456220514,2.206323177565128,2.098121376743199,1.0515703001985437,0.17006213143007454,3.1500792553480665,0.05398660276713604,3.0493157853225057,25.108855577780485,0.12144383301073648,0.5179991349047377,7.901928205562246,0.06555350237004312,0.8054305711557248,4.691186306020372,0.17169013271375594,-851.8505880031814,1221.6993159813917,-0.6972669757301307,-0.3320831018835335,1.2854063782516787,-0.2583485263132765,0.4235231826445762,2.3401797705708023,0.1809788320503433,-4.988865904963525,7.463055899534399,-0.6684748585093553,-182.30025787811303,284.82291920124334,-0.6400477101678043,1.5588958592954518,0.825430022335082,1.8885840453215015,12.963126060736016,8.003458579078341,1.619690326746027,1.3631530854159826,0.48434402378846536,2.814425705778142,0.38302240819105826,1.3460363928046728,0.2845555481879839,EDG,OMG,0.0,4122.0,,1.0,1.0,-1.0,2.0,6.0,1.0,6.0,0.0,,-0.125,0.0,21.650992795325482,6.935476163264412,0.8445643055322449,18.0,1.1,21.498765195113002,6.935476163264412,0.6923367053197644,18.0,1.15,21.498765195113002,6.935476163264412,0.6923367053197644,18.0,1.15,22.259903196175397,6.935476163264412,1.4534747063821598,18.0,0.9,21.955447995750447,6.935476163264412,1.1490195059572095,18.0,1.0,21.745776018099292,6.935476163264411,0.9393475283060532,18.0,22.0994142337937,7.0546400683139,0.9354940288519984,16.0,1.1,26.406968333801814,8.166137820748093,1.9085548715575342,2.0,1.15,22.36437993745935,7.272959783935858,0.5455005856517765,13.0,1.15,22.62679346401303,7.0546400683139,1.4628732590713298,16.0,0.9,24.15590934031306,7.4183913652538145,1.9007352445516155,11.0,1.0,23.569137665480792,7.411817688163805,1.3336846009893808,11.367924528301888,-1.8233616473814998,-0.47634152489939385,-0.3943370726833276,6.632075471698112,-2.200461344562612,-0.4829152019894023,-0.751715738594406,7.0,-4.908203138688812,-1.2306616574836804,-1.2162181662377698,16.0,-0.8656147423463487,-0.33748362067144555,0.14683611966798793,5.0,-0.44842143846821614,-0.11916390504948815,-0.09092972331975346,2.0,-0.3668902678376327,-0.11916390504948815,-0.009398552689170003,2.0,0.4545418327435135
2024-07-12__EDG__OMG__G2,2024-07-12__EDG__OMG__G2,2024-07-12,0.0,0.9165505279317498,1.2372145438177267,0.7408171781478855,4.856979890576428,6.761859462395603,0.7182904642276053,10.648472906490667,63.362072928598394,0.1680575184216704,140.09165552049177,202.97771873758262,0.6901824284044951,-0.4644123125726729,0.9779640325261914,-0.47487619406293574,-10.055063022596585,21.859378466990375,-0.4599884931674585,-1.5307214620912717,2.098121376743199,-0.7295672926701858,-0.12189936443093474,3.1500792553480665,-0.03869722500688019,-1.5234298846384604,25.108855577780485,-0.06067300913999346,2.595102995255708,7.901928205562246,0.32841385030746534,-1.8748085993869932,4.691186306020372,-0.3996447971670163,744.6220122192553,1221.6993159813917,0.6094969538487488,0.10890000434136482,1.2854063782516787,0.08472022658644064,-0.5966915447548828,2.3401797705708023,-0.2549766890911344,4.069145245320321,7.463055899534399,0.5452384056691548,165.85989317841006,284.82291920124334,0.5823263558326723,-0.09013184122712214,0.825430022335082,-0.10919366826333468,-0.8276272086777681,8.003458579078341,-0.10340868227050828,-0.23914971349334646,0.48434402378846536,-0.4937589977135671,-0.5137840351630718,1.3460363928046728,-0.3817011606880586,OMG,EDG,0.0,2338.0,-0.29999999999999993,-1.0,-1.0,1.0,-1.0,0.0,1.0,1.2000000000000028,0.0,,-1.0,0.0,22.628508023083242,6.980886757549164,1.6858477504357516,17.0,1.1,27.047262674681935,8.080764265951661,2.804969876826952,3.0,1.15,22.934641558475715,7.1969240318734204,1.343869462855455,14.0,1.15,23.059688382522655,6.980886757549164,2.1170281098751644,17.0,0.9,24.661704721388727,7.340835186846719,2.6391991608485696,12.0,1.0,24.110560935694714,7.334330234800734,2.107570231292512,12.367924528301886,21.13083622770262,6.862968661277438,0.5419302438703077,19.0,1.1,20.954965147143646,6.862968661277438,0.36605916331133415,19.0,1.15,20.954965147143646,6.862968661277438,0.36605916331133415,19.0,1.15,21.83432054993851,6.862968661277438,1.2454145661061986,19.0,0.9,21.482578388820574,6.862968661277438,0.8936724049882621,19.0,1.0,21.240340862767642,6.862968661277438,0.6514348789353298,19.0,2.870220072927072,0.47136157352329633,1.4561353523571823,-6.632075471698114,3.1791263325681527,0.4778665255692811,1.7455267558603076,-7.0,6.092297527538289,1.2177956046742233,2.438910713515618,-16.0,1.9796764113320684,0.3339553705959828,0.9778102995441209,-5.0,1.4976717953806222,0.11791809627172611,1.1439175065654439,-2.0,1.2253678325841442,0.11791809627172611,0.8716135437689658,-2.0,0.5712669152023666
2024-07-12__EDG__OMG__G3,2024-07-12__EDG__OMG__G3,2024-07-12,0.0,-1.2043398495576874,1.2372145438177267,-0.9734276744061966,-7.89383743671814,6.761859462395603,-1.1674061422322664,-34.420524041709314,63.362072928598394,-0.5432354389235617,-236.61396232938114,202.97771873758262,-1.1657139642483163,-0.21228339777237526,0.9779640325261914,-0.21706644993637847,8.560112600220506,21.859378466990375,0.39159906680548934,1.3805171092737645,2.098121376743199,0.6579774014024223,-0.20043615270860782,3.1500792553480665,-0.06362890353930387,2.5334373544689015,25.108855577780485,0.10089815705549927,0.8797528270342099,7.901928205562246,0.11133392924033578,1.1779953124794713,4.691186306020372,0.25110813865131903,-475.4373699037676,1221.6993159813917,-0.3891607069720652,0.6253511401066518,1.2854063782516787,0.48650035054039503,0.05280464368487614,2.3401797705708023,0.02256434389553434,-0.00871325957400515,7.463055899534399,-0.00116751884533384,-75.85668623398442,284.82291920124334,-0.2663292904250382,-0.33249820769973537,0.825430022335082,-0.4028176779194984,-3.284007902034922,8.003458579078341,-0.4103235444106661,-0.16066835682015967,0.48434402378846536,-0.3317229432098606,1.3497758721670046,1.3460363928046728,1.0027773963652986,EDG,OMG,0.0,-5676.0,0.040000000000000036,-1.0,-1.0,1.0,1.0,0.0,1.0,-9.799999999999997,0.0,0.0,-1.0,0.0,21.777733072185267,6.79923000072086,1.380043070022687,20.0,1.1,21.631266393648232,6.79923000072086,1.2335763914856521,20.0,1.15,21.631266393648232,6.79923000072086,1.2335763914856521,20.0,1.15,22.363599786333406,6.79923000072086,1.965909784170826,20.0,0.9,22.070666429259347,6.79923000072086,1.672976427096767,20.0,1.0,21.868929305991347,6.79923000072086,1.4712393038287672,20.0,21.970496331928487,6.916052952619547,1.222337474069846,18.0,1.1,26.250955534798305,8.005715534709262,2.2338089306705164,4.0,1.15,22.22543116659133,7.13008381730166,0.8351797146863511,15.0,1.15,22.52131518066876,6.916052952619547,1.7731563228101201,18.0,0.9,24.03266828055889,7.272658421766007,2.2146930152608704,13.0,1.0,23.437215587713247,7.266213883361824,1.638573937627775,13.367924528301886,-1.5682862817218997,-0.4669838826409638,-0.16733463379900781,6.632075471698114,-1.9620018512995436,-0.4734284210451465,-0.5417165881641033,7.0,-4.619689141150072,-1.2064855339884017,-1.0002325391848643,16.0,-0.594164772943099,-0.3308538165807997,0.398396676799301,5.0,-0.19276325974322006,-0.11682295189868697,0.15770559595284084,2.0,-0.15771539433535509,-0.11682295189868697,0.1927534613607058,2.0,0.4608730048526823
2024-07-12__JDG__LGD__G1,2024-07-12__JDG__LGD__G1,2024-07-12,0.0,0.983715533627632,1.2372145438177267,0.7951044088826598,1.036132838813403,6.761859462395603,0.15323191665601454,2.846066296402398,63.362072928598394,0.044917505377263696,-5.637481498387331,202.97771873758262,-0.027773893142930578,-0.43300802744625155,0.9779640325261914,-0.442764324944977,3.813804083740777,21.859378466990375,0.17446991528281777,0.8712020856747671,2.098121376743199,0.41522939525914904,0.6397520215013928,3.1500792553480665,0.20309070551940706,5.151530687397788,25.108855577780485,0.20516787259665653,-1.1781706103002918,7.901928205562246,-0.14909910980611746,-0.1494182779005131,4.691186306020372,-0.031850844605748135,-9.491486157552309,1221.6993159813917,-0.007769085261506189,-0.26849062324895456,1.2854063782516787,-0.2088759001944868,0.2960550227135954,2.3401797705708023,0.12650946731836596,-8.969797581396652,7.463055899534399,-1.201893232511232,-250.26156550117003,284.82291920124334,-0.8786566942166951,-0.20324467535475899,0.825430022335082,-0.24622853982370949,-1.5945425604877386,8.003458579078341,-0.19923166284940022,-0.3635764580416545,0.48434402378846536,-0.7506559171348981,-0.19915739608765648,1.3460363928046728,-0.1479582938425521,LGD,JDG,0.0,-8508.0,0.09999999999999998,-1.0,-1.0,1.0,-1.0,2.0,-1.0,-23.200000000000003,0.0,,-0.6000000000000001,0.0,26.360337424533974,7.293855074560768,4.478772200851669,13.0,1.1,25.09784042813994,7.141861223865052,3.6722567565447832,15.0,1.15,25.09784042813994,7.141861223865052,3.6722567565447832,15.0,1.15,25.076570769848647,7.141861223865052,3.6509870982534913,15.0,0.9,24.044844497572775,8.148391854084652,-0.4003310646811826,2.0,1.0,25.157577800404866,7.363318557069747,3.067622129195622,12.132075471698114,29.313995232670404,6.90401274159111,8.601957007897074,18.0,1.1,29.510085925064523,6.90401274159111,8.798047700291193,18.0,1.15,29.510085925064523,6.90401274159111,8.798047700291193,18.0,1.15,28.529632463093968,6.90401274159111,7.817594238320638,18.0,0.9,25.741009655388712,7.357932825506594,3.667211178868932,12.0,1.0,28.59174929353946,6.9896580404430875,7.622775172210195,16.867924528301888,-3.4341714931345955,0.3736605166266598,-4.555153043014574,-4.735849056603774,-1.696165157815937,0.7904590285780584,-4.067542243550115,-10.0,-4.412245496924584,0.23784848227394217,-5.125790943746409,-3.0,-4.412245496924584,0.23784848227394217,-5.125790943746409,-3.0,-2.9536578081364304,0.38984233296965787,-4.123184807045405,-5.0,-3.4530616932453206,0.23784848227394217,-4.166607140067146,-3.0,0.4149796501831333
2024-07-12__JDG__LGD__G2,2024-07-12__JDG__LGD__G2,2024-07-12,1.0,-0.033923695645968976,1.2372145438177267,-0.02741939010989891,-1.6051907600492221,6.761859462395603,-0.23738892113732446,37.603138196165844,63.362072928598394,0.5934644474948872,-40.561568971426254,202.97771873758262,-0.19983261721466675,0.44357482077794863,0.9779640325261914,0.45356920342248436,-9.002237161941878,21.859378466990375,-0.41182491824784245,-0.2882014323251063,2.098121376743199,-0.1373615931652498,0.8266923232856982,3.1500792553480665,0.26243532109449486,-4.285065982613098,25.108855577780485,-0.17065954275293724,-2.6200798819829387,7.901928205562246,-0.33157470964668206,0.035713092395121215,4.691186306020372,0.007612804619693889,522.4019824302832,1221.6993159813917,0.4276027457566632,0.3132573573786903,1.2854063782516787,0.24370278456372416,0.07425020895318823,2.3401797705708023,0.03172840743199406,5.803327199789887,7.463055899534399,0.7776072563713057,192.70462766833873,284.82291920124334,0.6765769676547875,-0.2186536222451121,0.825430022335082,-0.26489629821103344,-1.0279793312428325,8.003458579078341,-0.1284418720536866,-0.015320397643234118,0.48434402378846536,-0.03163116557573059,0.8268402593060227,1.3460363928046728,0.6142773326550578,JDG,LGD,1.0,4940.0,-0.07999999999999985,1.0,1.0,-1.0,0.0,2.0,1.0,18.0,0.0,0.0,0.6000000000000001,1.0,29.78672432341069,6.829102798390897,9.299415928238002,19.0,1.1,30.00430270174755,6.829102798390897,9.516994306574862,19.0,1.15,30.00430270174755,6.829102798390897,9.516994306574862,19.0,1.15,28.916410810063294,6.829102798390897,8.429102414890604,19.0,0.9,26.19901851388867,7.278097757023992,4.3647252428166965,13.0,1.0,29.05643041749373,6.913818828321669,8.314973932528721,17.867924528301884,25.860915189024904,7.214715262715633,4.216769400878004,14.0,1.1,24.58659750816198,7.064370576230436,3.393485779470673,16.0,1.15,24.58659750816198,7.064370576230436,3.393485779470673,16.0,1.15,24.676467615083286,7.064370576230436,3.48335588639198,16.0,0.9,23.537631977398306,8.059980144285014,-0.6423084554567353,3.0,1.0,24.668421473145887,7.283425052303699,2.818146316234792,13.132075471698112,4.388008944347842,-0.36960622398203036,5.496827616293929,4.735849056603772,2.6613865364903653,-0.7818823872610219,5.007033698273432,10.0,5.417705193585572,-0.2352677778395389,6.123508527104189,3.0,5.417705193585572,-0.2352677778395389,6.123508527104189,3.0,3.925809134385787,-0.38561246432473606,5.082646527359998,5.0,4.2399431949800075,-0.2352677778395389,4.945746528498624,3.0,0.6079732708323056
2024-07-13__NIP__WBG__G1,2024-07-13__NIP__WBG__G1,2024-07-13,1.0,0.2541750930668556,1.2372145438177267,0.20544123805827488,-12.147152467546999,6.761859462395603,-1.7964216409226945,-19.893873189134865,63.362072928598394,-0.3139713073715504,-339.99106565486693,202.97771873758262,-1.6750166771723538,0.7110899071149923,0.9779640325261914,0.7271117917970633,10.831769673335202,21.859378466990375,0.495520455632885,0.36101627658378277,2.098121376743199,0.17206635827609285,-0.4662132351542887,3.1500792553480665,-0.14800043089783904,4.770270019905361,25.108855577780485,0.18998356237881034,-1.5120631907412267,7.901928205562246,-0.1913536747047633,-2.1172269742676337,4.691186306020372,-0.4513200680668877,382.38375739086956,1221.6993159813917,0.3129933462970855,-7.259611797453319,1.2854063782516787,-5.64771287319615,-6.311405796385792,2.3401797705708023,-2.6969736166349034,-4.213099384390045,7.463055899534399,-0.5645273031018817,-259.8651119663168,284.82291920124334,-0.912374298327914,-2.707820390851017,0.825430022335082,-3.2804926366721685,-27.994409361428616,8.003458579078341,-3.497788560662961,-1.1520515756969454,0.48434402378846536,-2.3785762609591643,4.777107894124459,1.3460363928046728,3.5490157403210256,WBG,NIP,1.0,2282.0,,0.0,1.0,1.0,0.0,6.0,1.0,16.599999999999994,0.0,1.0,1.0,1.0,24.526660756098195,6.573910882786331,4.804928107739201,24.0,1.1,24.50514533592085,6.573910882786331,4.783412687561857,24.0,1.15,25.85231046831645,6.844820168603512,5.317849962505914,20.0,1.15,25.369138058780273,6.725026247273703,5.194059316959166,22.0,0.9,24.56969159645291,6.573910882786331,4.847958948093915,24.0,1.0,24.960814501120012,6.658354185942632,4.985751943292117,22.79245283018868,25.73182401639331,6.5767032709419775,6.001714203567378,23.0,1.1,25.705482970068395,6.983727164781362,4.754301475724311,17.0,1.15,24.44363941414491,6.84772763040321,3.9004565229352792,19.0,1.15,25.598765104321785,6.5767032709419775,5.868655291495852,23.0,0.9,25.641521109410093,6.84772763040321,5.09833821820046,19.0,1.0,25.406963559090123,6.774963620141402,5.08207269866592,20.075471698113205,-0.4461490579701106,-0.11660943419876979,-0.09632075537380302,2.7169811320754746,-1.0718295129571835,-0.2738167476168796,-0.2503792701065457,5.0,-1.2003376341475445,-0.40981628199503106,0.02911121183754517,7.0,1.4086710541715384,-0.002907461799698474,1.4173934395706347,1.0,-1.205163260295116,-0.0027923881556466412,-1.1967860958281769,1.0,-0.2296270455415126,0.1483229763317251,-0.6745959745366861,-1.0,0.4888481232974699
2024-07-13__NIP__WBG__G2,2024-07-13__NIP__WBG__G2,2024-07-13,0.0,-0.6354419086943697,1.2372145438177267,-0.5136064704890149,1.758280950601332,6.761859462395603,0.26002916806396287,-8.466134071267277,63.362072928598394,-0.13361516671325524,67.52297534918745,202.97771873758262,0.33266200564517,-2.170296190222958,0.9779640325261914,-2.21919610419694,0.30324024004730177,21.859378466990375,0.01387231693860394,-2.155001168021027,2.098121376743199,-1.0271093773691682,-0.8982464599484716,3.1500792553480665,-0.2851503413043108,10.587493982471088,25.108855577780485,0.42166372449792283,6.529756028883838,7.901928205562246,0.8263495988153726,-0.034120527317582194,4.691186306020372,-0.007273324446839732,-203.79549746779728,1221.6993159813917,-0.1668131385808914,7.628951021429575,1.2854063782516787,5.935045301985073,6.665221434840941,2.3401797705708023,2.848165201022142,6.070009973343062,7.463055899534399,0.8133409747581791,213.59299721046682,284.82291920124334,0.7499150597134226,3.1657049181177936,0.825430022335082,3.8352143697752643,31.0622936051743,8.003458579078341,3.881108325501328,1.5583940529398808,0.48434402378846536,3.2175287788659097,-4.745858925257334,1.3460363928046728,-3.5258002122575647,NIP,WBG,0.0,-1554.0,-0.12679999999999997,-1.0,-1.0,1.0,-3.0,2.0,-1.0,-16.799999999999997,0.0,,-0.39999999999999997,0.0,25.177144470182796,6.511669664072424,5.642135477965525,24.0,1.1,25.08970191502016,6.914668709776206,4.345695785691543,18.0,1.15,23.83984994106852,6.780014004241446,3.499807928344179,20.0,1.15,25.144936384695,6.511669664072424,5.609927392477729,24.0,0.9,25.116486784995836,6.780014004241446,4.776444772271496,20.0,1.0,24.851089260929133,6.707969519529547,4.727180702340492,21.075471698113205,25.08110479212508,6.50890488839465,5.554390126941129,25.0,1.1,25.084791373585322,6.50890488839465,5.558076708401373,25.0,1.15,26.455843579732043,6.777135292823189,6.124437701262476,21.0,1.15,25.833201880047916,6.658525951436275,5.857624025739092,23.0,0.9,25.073731629204623,6.50890488839465,5.547016964020674,25.0,1.0,25.506520526207602,6.592513175532439,5.728980999610288,23.792452830188683,-0.6554312652784695,0.11545634399710814,-1.0018002972697957,-2.716981132075478,0.042755155791212474,0.2711091158467962,-0.7705721917491779,-5.0,0.004910541434838933,0.405763821381556,-1.21238092270983,-7.0,-2.615993638663525,0.0028787114182566853,-2.624629772918297,-1.0,0.09603967805771774,0.0027647756777744448,0.08774535102439529,-1.0,-0.6882654953529155,-0.1468562873638506,-0.24769663326136282,1.0,0.48362008182440364
2024-07-13__RA__iG__G1,2024-07-13__RA__iG__G1,2024-07-13,1.0,-0.5255976889409899,1.2372145438177267,-0.424823056554181,-1.6368184367260294,6.761859462395603,-0.24206628424658955,-30.34028874768501,63.362072928598394,-0.478839893748979,-84.11769569033748,202.97771873758262,-0.41441836965696566,0.374298842893384,0.9779640325261914,0.3827323375014021,-0.9354459252428171,21.859378466990375,-0.04279380055849364,-0.16773335208068474,2.098121376743199,-0.07994450368574213,0.7831956829962561,3.1500792553480665,0.24862721566111884,25.617633878436763,25.108855577780485,1.0202628621928769,12.6859098294648,7.901928205562246,1.6054193222251425,1.4308127521898673,4.691186306020372,0.3050001329841708,133.7193370581906,1221.6993159813917,0.10945355800688177,-0.47251273550927664,1.2854063782516787,-0.3675976530895252,-1.1096093226174482,2.3401797705708023,-0.47415538858000233,-2.1056346922436653,7.463055899534399,-0.2821410476416213,-125.32665496303832,284.82291920124334,-0.4400160453185721,0.025451368385671636,0.825430022335082,0.03083403421605313,0.23357730570363344,8.003458579078341,0.029184542433902273,-0.017375504039001566,0.48434402378846536,-0.03587422846443904,-0.8033034093048599,1.3460363928046728,-0.5967913028263321,RA,iG,1.0,6636.0,-0.19999999999999996,1.0,1.0,1.0,4.0,4.0,-1.0,12.200000000000003,0.0,-1.0,1.0,1.0,22.635842967820608,6.942860835427195,1.8072604615390233,18.0,1.1,22.528381284539726,6.942860835427195,1.6997987782581419,18.0,1.15,22.528381284539726,6.942860835427195,1.6997987782581419,18.0,1.15,23.06568970094414,6.942860835427195,2.2371071946625563,18.0,0.9,22.850766334382374,6.942860835427195,2.02218382810079,18.0,1.0,22.702753072504933,6.942860835427195,1.8741705662233474,18.0,22.273053643185964,6.600016610302488,2.4730038122785025,23.0,1.1,22.14910153605806,6.600016610302488,2.349051705150597,23.0,1.15,22.14910153605806,6.600016610302488,2.349051705150597,23.0,1.15,22.76886207169761,6.600016610302488,2.9688122407901467,23.0,0.9,24.793066464158862,7.694856837540872,1.7084959515362463,8.0,1.0,22.77893110738204,6.806590238083316,2.359160393132095,20.169811320754718,-0.07617803487710617,0.13627059734387892,-0.4849898269087476,-2.169811320754718,-1.9423001297764877,-0.7519960021136773,0.31368787656454344,10.0,0.3792797484816681,0.3428442251247068,-0.649252926892455,-5.0,0.3792797484816681,0.3428442251247068,-0.649252926892455,-5.0,0.36278932463464386,0.3428442251247068,-0.6657433507394792,-5.0,0.2968276292465326,0.3428442251247068,-0.7317050461275905,-5.0,0.4980955583377736
2024-07-13__RA__iG__G2,2024-07-13__RA__iG__G2,2024-07-13,0.0,-0.925074330163099,1.2372145438177267,-0.7477066827891277,2.625067217114797,6.761859462395603,0.38821670924939256,-38.47951520484861,63.362072928598394,-0.6072957026029562,36.509735805446155,202.97771873758262,0.1798706569994349,-0.9404013754021703,0.9779640325261914,-0.9615899793196184,-8.646163187914553,21.859378466990375,-0.39553561897633166,-1.2362592604842106,2.098121376743199,-0.5892217127978914,-1.0683771680083938,3.1500792553480665,-0.33915871387547997,-11.342801819762975,25.108855577780485,-0.4517450559576867,-0.97387540033154,7.901928205562246,-0.12324527023679475,-0.639479308002147,4.691186306020372,-0.13631502352964672,-544.7840856042426,1221.6993159813917,-0.44592321370065924,0.3820041006449735,1.2854063782516787,0.29718524034345345,0.9147966457535297,2.3401797705708023,0.39090853888624943,-5.802991065309968,7.463055899534399,-0.777562216586075,-179.99554519541437,284.82291920124334,-0.6319559713390953,-0.39326689462349007,0.825430022335082,-0.4764382292186787,-1.5238706764500805,8.003458579078341,-0.19040149592728572,-0.4849674788450682,0.48434402378846536,-1.0012851480371041,0.09039693581129349,1.3460363928046728,0.0671578191620203,iG,RA,0.0,4306.0,0.09279999999999994,1.0,1.0,1.0,0.0,4.0,1.0,6.400000000000006,0.0,0.6666666666666667,-0.6666666666666667,0.0,21.72647833064634,6.534142137665503,2.124051917649833,24.0,1.1,21.577681891130272,6.534142137665503,1.9752554781337643,24.0,1.15,21.577681891130272,6.534142137665503,1.9752554781337643,24.0,1.15,22.321664088710644,6.534142137665503,2.7192376757141368,24.0,0.9,24.213754040451356,7.6180548132249255,1.3595896007765802,9.0,1.0,22.232272874264442,6.7386539632427525,2.0163109845361844,21.169811320754715,23.210810661859306,6.873564449807223,2.5901173124376378,19.0,1.1,23.129483873762002,6.873564449807223,2.508790524340334,19.0,1.15,23.129483873762002,6.873564449807223,2.508790524340334,19.0,1.15,23.53611781424853,6.873564449807223,2.915424464826863,19.0,0.9,23.37346423805392,6.873564449807223,2.752770888632252,19.0,1.0,23.26144809595763,6.873564449807222,2.6407547465359618,19.0,-1.0291752216931869,-0.13491048656446925,-0.6244437619997774,2.1698113207547145,0.8402898023974359,0.7444903634177029,-1.393181287855672,-10.0,-1.55180198263173,-0.3394223121417195,-0.5335350462065698,5.0,-1.55180198263173,-0.3394223121417195,-0.5335350462065698,5.0,-1.4843323312129648,-0.3394223121417195,-0.4660653947878046,5.0,-1.2144537255378864,-0.3394223121417195,-0.19618678911272625,5.0,0.47429330593008123
2024-07-13__RNG__WE__G1,2024-07-13__RNG__WE__G1,2024-07-13,1.0,0.8332516035144675,1.2372145438177267,0.6734894397974253,0.4397646586302706,6.761859462395603,0.06503604460280005,24.802343710103685,63.362072928598394,0.39143831904954707,15.33006411333156,202.97771873758262,0.07552584654685673,-1.5552432137551255,0.9779640325261914,-1.5902850940771993,5.688685253874965,21.859378466990375,0.2602400156173413,-2.4783615480219225,2.098121376743199,-1.1812283094129845,-0.9760389398693861,3.1500792553480665,-0.30984573748948474,6.266722405006391,25.108855577780485,0.2495821498519365,2.3161054755545116,7.901928205562246,0.2931063307836499,0.1647237313621277,4.691186306020372,0.035113441569628166,-413.3313537920673,1221.6993159813917,-0.33832494464623075,0.6011438666839641,1.2854063782516787,0.46766797581448305,-0.4406270455496184,2.3401797705708023,-0.18828761055161708,1.0393724832475328,7.463055899534399,0.1392690015953619,-5.092171127154074,284.82291920124334,-0.017878375530860264,1.8602804961987243,0.825430022335082,2.253707997230503,14.896267270404316,8.003458579078341,1.8612285253922323,1.0375111399216665,0.48434402378846536,2.1420910486628495,0.4432258518039198,1.3460363928046728,0.32928197550321514,WE,RNG,1.0,5004.0,0.26680000000000004,0.0,1.0,-1.0,1.0,0.0,1.0,13.799999999999997,0.0,1.0,1.0,1.0,25.158588525796734,7.926754277283707,1.3783256939456123,5.0,1.1,26.281498887953767,8.158921207460063,1.8047352655735764,2.0,1.15,25.178989006134238,7.157203150874511,3.7073795535107053,15.0,1.15,25.140078352626794,7.157203150874511,3.668468900003262,15.0,0.9,25.155642614029773,7.157203150874511,3.6840331614062407,15.0,1.0,25.402966337353114,7.534275227124227,2.800140655980429,10.10377358490566,19.0132567605473,6.859392810827335,-1.5649216719347052,19.0,1.1,22.838341843707067,7.928477435990282,-0.9470904642637805,5.0,1.15,19.953920271291988,7.004362090489223,-1.0591660001756793,17.0,1.15,23.3082675298577,7.928477435990282,-0.4771647781131456,5.0,0.9,22.73638331111758,7.44648563055045,0.3969264194662294,11.0,1.0,21.47915244468688,7.415134503830794,-0.7662510668055013,11.641509433962264,3.923813892666235,0.11914072329343295,3.56639172278593,-1.5377358490566042,2.4192593029121916,-0.289282479675939,3.2871067419400113,4.0,3.4431570442467,0.23044377146978068,2.751825729837357,-3.0,5.2250687348422495,0.15284106038528833,4.7665455536863846,-2.0,6.145331765249434,1.0673614664563722,2.9432473658803175,-14.0,1.8318108227690928,-0.771274285115771,4.145633678116408,10.0,0.596855838597956
2024-07-13__RNG__WE__G2,2024-07-13__RNG__WE__G2,2024-07-13,1.0,0.9209630975721552,1.2372145438177267,0.7443837108045877,0.4664921723038695,6.761859462395603,0.06898873097103218,26.841380594584223,63.362072928598394,0.4236190347057027,7.7821004204086535,202.97771873758262,0.03833967802214771,1.1110554272898074,0.9779640325261914,1.1360891139633376,3.6904051120194055,21.859378466990375,0.16882478835194056,-0.46103820308170995,2.098121376743199,-0.21973847102157804,-0.2677893845049817,3.1500792553480665,-0.08501033713358279,5.494883666102332,25.108855577780485,0.21884244904106487,2.4646382927034054,7.901928205562246,0.3119033629114928,0.0535078103828317,4.691186306020372,0.011406027278885917,-440.9699994835744,1221.6993159813917,-0.3609480609133311,0.9944914755960959,1.2854063782516787,0.7736780513495525,0.06903174396722278,2.3401797705708023,0.02949846645837748,-0.24370653004521614,7.463055899534399,-0.0326550545340771,59.81225365784121,284.82291920124334,0.20999803532517855,-0.08048186446995498,0.825430022335082,-0.09750283463090333,-0.7649670780951325,8.003458579078341,-0.09557955163474748,-0.2901296307376531,0.48434402378846536,-0.5990143729944987,0.3862244866961131,1.3460363928046728,0.28693444087118253,WE,RNG,1.0,8170.0,0.09959999999999991,1.0,1.0,-1.0,-2.0,6.0,1.0,5.400000000000006,0.0,0.0,0.5,1.0,25.68586660224641,7.839809210182008,2.166438971700387,6.0,1.1,26.848889587755647,8.06942960382943,2.6406007762673553,3.0,1.15,25.67671786037122,7.078698950233827,4.440621009669741,16.0,1.15,25.52960528202965,7.078698950233827,4.293508431328171,16.0,0.9,25.58845031336628,7.078698950233827,4.3523534626648015,16.0,1.0,25.891320168869797,7.451635089399478,3.536414900671367,11.10377358490566,18.556978273743347,6.784155160289407,-1.7954872071248715,20.0,1.1,22.286976749427602,7.841513468321701,-1.2375636555375031,6.0,1.15,19.46682034629766,6.92753433594315,-1.3157826615317916,18.0,1.15,22.876764412595513,7.841513468321701,-0.647775992369592,6.0,0.9,22.28608223037949,7.3648084181414,0.19165697595528997,12.0,1.0,21.000889238286263,7.3338011680856345,-1.0005142659706399,12.641509433962264,4.890430930583534,0.11783392131384307,4.536929166642007,-1.5377358490566042,3.302368082986792,-0.28610946790757286,4.1606964867095115,4.0,4.561912838328045,0.22791613550772905,3.8781644318048585,-3.0,6.20989751407356,0.15116461429067662,5.756403671201532,-2.0,7.128888328503063,1.0556540498926008,3.9619261788252587,-14.0,2.6528408694341366,-0.7628145180878745,4.941284423697763,10.0,0.6198809836277105
2024-07-14__AL__JDG__G1,2024-07-14__AL__JDG__G1,2024-07-14,0.0,0.9771307820184933,1.2372145438177267,0.7897821740933847,-6.3818913542746,6.761859462395603,-0.9438070172796221,13.966319904258569,63.362072928598394,0.22042081387672016,-161.53027274920044,202.97771873758262,-0.7958029726515451,-0.8064958490599441,0.9779640325261914,-0.8246673676835627,-0.9723572185385336,21.859378466990375,-0.0444823797494746,0.5943490196049446,2.098121376743199,0.28327662208508547,0.9248508613518673,3.1500792553480665,0.2935959678429451,-0.13054852321814536,25.108855577780485,-0.005199301800690969,1.9978742817962498,7.901928205562246,0.2528337358919802,-0.08498745829075371,4.691186306020372,-0.018116406944929744,-7.169696331016553,1221.6993159813917,-0.0058686259633275685,-1.035140549133775,1.2854063782516787,-0.8053015461461728,-0.5557037186735663,2.3401797705708023,-0.23746187716003772,-9.625962896000175,7.463055899534399,-1.2898150215899753,-192.08764957110702,284.82291920124334,-0.6744107863067563,0.026501418409054178,0.825430022335082,0.03210615750070026,-0.7344753778159543,8.003458579078341,-0.09176973664437932,-0.2499404513377208,0.48434402378846536,-0.5160380288058471,0.27655022707646637,1.3460363928046728,0.20545508509257093,AL,JDG,0.0,1458.0,0.050000000000000044,0.0,-1.0,1.0,-2.0,2.0,1.0,-8.400000000000006,0.0,0.5,-1.0,0.0,32.15726423039796,6.4550888327959886,12.791997732009996,24.0,1.1,32.4825944226888,6.4550888327959886,13.117327924300831,24.0,1.15,32.4825944226888,6.4550888327959886,13.117327924300831,24.0,1.15,30.85594346123471,6.4550888327959886,11.490676962846742,24.0,0.9,31.506603845816336,6.4550888327959886,12.141337347428369,24.0,1.0,31.95470014840558,6.4550888327959886,12.589433650017613,24.0,30.22846081088921,6.753438164747065,9.968146316648017,20.0,1.1,30.46611812047509,6.753438164747065,10.205803626233898,20.0,1.15,30.46611812047509,6.753438164747065,10.205803626233898,20.0,1.15,29.27783157254572,6.753438164747065,9.017517078304525,20.0,0.9,26.626999842626,7.19745837925112,5.034624704872638,14.0,1.0,29.49064657112981,6.837215563710095,8.978999879999527,18.867924528301888,2.46405357727577,-0.38212673091410654,3.6104337700180853,5.132075471698112,4.879604003190337,-0.7423695464551319,7.106712642555731,10.0,2.0164763022137073,-0.2983493319510764,2.911524298066933,4.0,2.0164763022137073,-0.2983493319510764,2.911524298066933,4.0,1.9288034195087533,-0.2983493319510764,2.823851415361979,4.0,1.5781118886889907,-0.2983493319510764,2.4731598845422162,4.0,0.5612915400694615
2024-07-14__AL__JDG__G2,2024-07-14__AL__JDG__G2,2024-07-14,0.0,-0.5631698635848696,1.2372145438177267,-0.45519139037574113,-2.644062682706389,6.761859462395603,-0.39102591622685545,-34.73486693509352,63.362072928598394,-0.5481964964441605,-104.82060976344485,202.97771873758262,-0.5164143626155666,1.0701783271000203,0.9779640325261914,1.094290993549771,-1.359768155552743,21.859378466990375,-0.06220524958661864,0.23721686343609605,2.098121376743199,0.11306150016107011,0.016190518645420315,3.1500792553480665,0.005139716239906196,1.7071085583404013,25.108855577780485,0.06798830337224787,2.55671627952173,7.901928205562246,0.32355595867930986,0.18975438089463914,4.691186306020372,0.040449116293250625,-279.5644780445063,1221.6993159813917,-0.2288324747002903,0.9119730656022114,1.2854063782516787,0.7094817417670447,0.9928764698991834,2.3401797705708023,0.42427340758680243,4.054246205225986,7.463055899534399,0.5432420333655664,16.305570089859998,284.82291920124334,0.05724809674143921,-0.911872950298577,0.825430022335082,-1.1047233816327344,-7.5331019862362325,8.003458579078341,-0.9412307155181169,-0.45850103415168286,0.48434402378846536,-0.9466413643839362,-0.23035427048281676,1.3460363928046728,-0.17113511980736193,JDG,AL,0.0,4794.0,-0.05700000000000005,0.0,-1.0,-1.0,-2.0,6.0,1.0,4.400000000000006,0.0,0.0,-1.0,0.0,30.853917682751245,6.690043069358406,10.783788474676026,21.0,1.1,31.120004850149037,6.690043069358406,11.049875642073818,21.0,1.15,31.120004850149037,6.690043069358406,11.049875642073818,21.0,1.15,29.78956901316011,6.690043069358406,9.719439805084892,21.0,0.9,27.232980717367354,7.129895228545111,5.843295031732019,15.0,1.0,30.10545536520389,6.7730340427898605,9.786353236834309,19.867924528301888,31.559438416277498,6.394494367826502,12.375955312797995,25.0,1.1,31.857594707926495,6.394494367826502,12.674111604446992,25.0,1.15,31.857594707926495,6.394494367826502,12.674111604446992,25.0,1.15,30.366813249681602,6.394494367826502,11.183330146202099,25.0,0.9,30.96312583297955,6.394494367826502,11.779642729500047,25.0,1.0,31.37379393279796,6.3944943678265025,12.190310829318454,25.0,-1.2683385675940677,0.37853967496335805,-2.4039575924841454,-5.132075471698112,-3.7301451156121956,0.7354008607186096,-5.936347697768028,-10.0,-0.7375898577774578,0.2955487015319047,-1.6242359623731737,-4.0,-0.7375898577774578,0.2955487015319047,-1.6242359623731737,-4.0,-0.705520733526253,0.2955487015319047,-1.592166838121969,-4.0,-0.5772442365214907,0.2955487015319047,-1.4638903411172066,-4.0,0.46833397492245954
2024-07-14__AL__JDG__G3,2024-07-14__AL__JDG__G3,2024-07-14,0.0,0.06563401248854994,1.2372145438177267,0.05304978006178324,8.826007794311423,6.761859462395603,1.3052632250243936,-26.210160589986117,63.362072928598394,-0.4136569238488293,258.32708642589097,202.97771873758262,1.2726869075082041,-1.873396512590734,0.9779640325261914,-1.915606847160521,-3.0279287621940085,21.859378466990375,-0.13851851406699137,-2.797373248356397,2.098121376743199,-1.3332745884435047,-1.2662959082789245,3.1500792553480665,-0.4019884592238764,-8.177408150746103,25.108855577780485,-0.3256782372950633,-4.0494262156909215,7.901928205562246,-0.5124604524222376,0.051536513895896086,4.691186306020372,0.010985814578274756,9.391521667572846,1221.6993159813917,0.007687261126393748,0.2987871854535449,1.2854063782516787,0.23244551922514584,0.30216873736913996,2.3401797705708023,0.1291219640675181,1.0998535402311447,7.463055899534399,0.14737306107096165,56.44320081275248,284.82291920124334,0.19816944778486295,0.4465402994046661,0.825430022335082,0.5409783341331628,4.844452700326286,8.003458579078341,0.6052948293747942,-0.0075821614628734935,0.48434402378846536,-0.015654463430979638,0.6786766172951992,1.3460363928046728,0.504203390576746,AL,JDG,0.0,-6376.0,-0.09999999999999998,-1.0,-1.0,-1.0,-3.0,2.0,-1.0,-13.400000000000006,0.0,1.0,-1.0,0.0,32.05357364548657,6.328524541958139,13.068000019612157,26.0,1.1,32.37419062937234,6.328524541958139,13.388617003497927,26.0,1.15,32.37419062937234,6.328524541958139,13.388617003497927,26.0,1.15,30.77110570994357,6.328524541958139,11.785532084069153,26.0,0.9,31.41233967771507,6.328524541958139,12.426766051840655,26.0,1.0,31.853944202689792,6.3285245419581395,12.868370576815378,26.000000000000004,30.336943896343858,6.621024167948781,10.473871392497514,22.0,1.1,30.579532255268585,6.621024167948781,10.716459751422242,22.0,1.15,30.579532255268585,6.621024167948781,10.716459751422242,22.0,1.15,29.366590460644975,6.621024167948781,9.503517956798632,22.0,0.9,26.732104891392574,7.056338521848587,5.563089325846814,16.0,1.0,29.597282788503588,6.703158951703463,9.487805933393208,20.867924528301888,2.2566614141862047,-0.37463440974532336,3.3805646434221703,5.132075471698116,4.680234786322497,-0.7278139798904482,6.863676725993841,10.0,1.7946583741037578,-0.2924996259906427,2.672157252075685,4.0,1.7946583741037578,-0.2924996259906427,2.672157252075685,4.0,1.7166297491427152,-0.2924996259906427,2.5941286271146424,4.0,1.4045152492985942,-0.2924996259906427,2.2820141272705214,4.0,0.5561783297014868
2024-07-14__LNG__TES__G1,2024-07-14__LNG__TES__G1,2024-07-14,1.0,0.5919535201568351,1.2372145438177267,0.47845625858386803,1.5502358647328442,6.761859462395603,0.22926173548745846,-6.13476256733145,63.362072928598394,-0.096820734975383,-50.42294439008799,202.97771873758262,-0.2484161535328937,-1.1636814627626197,0.9779640325261914,-1.1899008901746746,5.983792747928675,21.859378466990375,0.2737402842091075,-0.7514594838166744,2.098121376743199,-0.3581580808375553,-1.4146623308081585,3.1500792553480665,-0.44908771083098836,-8.041155073462768,25.108855577780485,-0.3202517425894497,-9.312686866093394,7.901928205562246,-1.1785333206399902,-0.48717917800856725,4.691186306020372,-0.10384986704396826,98.06675202611098,1221.6993159813917,0.08027077584721665,0.029385853109481275,1.2854063782516787,0.022861120611778238,1.021714866418801,2.3401797705708023,0.43659655667095776,-5.156281008376013,7.463055899534399,-0.69090736916366,-198.77741502769686,284.82291920124334,-0.6978982410799296,0.4974992140649528,0.825430022335082,0.602714461418672,4.577182188501041,8.003458579078341,0.5719004567057661,0.4382816076965079,0.48434402378846536,0.904895448844179,-0.13738803316349113,1.3460363928046728,-0.10206851154203254,LNG,TES,1.0,4310.0,0.06639999999999996,2.0,1.0,-1.0,0.0,2.0,-1.0,14.799999999999997,0.0,,0.3333333333333333,1.0,27.2568613711359,6.811812716621595,6.821423221271118,20.0,1.1,27.359445978914803,6.811812716621595,6.924007829050019,20.0,1.15,27.359445978914803,6.811812716621595,6.924007829050019,20.0,1.15,26.84652294002028,6.811812716621595,6.4110847901554955,20.0,0.9,27.051692155578085,6.811812716621595,6.6162540057133015,20.0,1.0,27.192987936103748,6.811812716621596,6.757549786238967,20.0,29.922144911162796,7.030336101746818,8.831136605922342,16.0,1.1,30.145878770761097,7.030336101746818,9.054870465520644,16.0,1.15,30.145878770761097,7.030336101746818,9.054870465520644,16.0,1.15,29.027209472769556,7.030336101746818,7.936201167529102,16.0,0.9,29.47467719196618,7.030336101746818,8.383668886725726,16.0,1.0,29.78283892311102,7.030336101746819,8.691830617870561,16.0,-2.589850987007271,-0.2185233851252235,-1.934280831631594,4.0,-2.422985036388095,-0.2185233851252235,-1.7674148810124244,4.0,-2.7864327918462948,-0.2185233851252235,-2.1308626364706242,4.0,-2.7864327918462948,-0.2185233851252235,-2.1308626364706242,4.0,-2.665283540026895,-0.2185233851252235,-2.0097133846512243,4.0,-2.1806865327492773,-0.2185233851252235,-1.5251163773736067,4.0,0.4356132097619255
2024-07-14__LNG__TES__G2,2024-07-14__LNG__TES__G2,2024-07-14,0.0,-0.9022074451220794,1.2372145438177267,-0.7292241433841843,-2.705999343173545,6.761859462395603,-0.40018562320566714,-35.024837809095004,63.362072928598394,-0.5527729071583717,-19.284410485847445,202.97771873758262,-0.09500752353893359,1.6187641510913755,0.9779640325261914,1.6552372500578363,-3.5676382649779015,21.859378466990375,-0.16320857919893633,1.9713258902158124,2.098121376743199,0.9395666868944955,1.2167607527943782,3.1500792553480665,0.38626341367925965,7.9061759445236675,25.108855577780485,0.31487598489530816,6.121073673463613,7.901928205562246,0.7746302851150486,0.5329939561018247,4.691186306020372,0.11361600408020674,451.03093497557694,1221.6993159813917,0.3691832586843026,0.7339539448984524,1.2854063782516787,0.5709893667303555,0.5363141952142989,2.3401797705708023,0.22917639609673593,-6.592266581608595,7.463055899534399,-0.8833198875945686,-211.14608496109054,284.82291920124334,-0.7413240648326477,-0.9842523157366827,0.825430022335082,-1.1924101337411661,-7.348138538031392,8.003458579078341,-0.9181202785405442,-0.9139252358146079,0.48434402378846536,-1.8869301653313963,-0.5166150012673185,1.3460363928046728,-0.38380434602256697,TES,LNG,0.0,-108.0,0.0,0.0,1.0,-1.0,-3.0,4.0,-1.0,5.200000000000003,0.0,-1.0,-0.75,0.0,29.26745315474744,6.964559348488213,8.3737751092828,17.0,1.1,29.46142829814504,6.964559348488213,8.567750252680401,17.0,1.15,29.46142829814504,6.964559348488213,8.567750252680401,17.0,1.15,28.49155258115699,6.964559348488213,7.597874535692352,17.0,0.9,28.87950286795222,6.964559348488213,7.985824822487579,17.0,1.0,29.14667617866968,6.964559348488213,8.252998133205036,17.0,27.891203395084,6.74808049702064,7.646961904022078,21.0,1.1,28.022621731224177,6.74808049702064,7.778380240162257,21.0,1.15,28.022621731224177,6.74808049702064,7.778380240162257,21.0,1.15,27.36553005052327,6.74808049702064,7.121288559461348,21.0,0.9,27.62836672280363,6.74808049702064,7.384125231741709,21.0,1.0,27.809376883902374,6.7480804970206405,7.565135392840453,21.000000000000004,1.3372992947673055,0.2164788514675724,0.687862740364583,-4.0000000000000036,1.251136145148589,0.21647885146757329,0.60169959074587,-4.0,1.4388065669208636,0.21647885146757329,0.7893700125181446,-4.0,1.4388065669208636,0.21647885146757329,0.7893700125181446,-4.0,1.376249759663441,0.21647885146757329,0.7268132052607221,-4.0,1.1260225306337226,0.21647885146757329,0.4765859762310036,-4.0,0.5333827466227086
2024-07-14__TT__UP__G1,2024-07-14__TT__UP__G1,2024-07-14,0.0,-0.07737697300869684,1.2372145438177267,-0.06254122282519305,-3.316564291418757,6.761859462395603,-0.4904810310509956,15.526644987898123,63.362072928598394,0.24504635068282057,-152.04623896854037,202.97771873758262,-0.7490784661740785,0.1365281151780673,0.9779640325261914,0.13960429119372514,-6.127703801425042,21.859378466990375,-0.2803237763761055,0.3872085765825659,2.098121376743199,0.1845500438270949,1.0341828333492393,3.1500792553480665,0.32830364610344437,1.6665267360788647,25.108855577780485,0.06637206799586484,6.478431354486339,7.901928205562246,0.8198543907386702,-0.37198518568213323,4.691186306020372,-0.07929446458143999,139.1717875845183,1221.6993159813917,0.11391656330658168,0.29715334832467555,1.2854063782516787,0.23117445360306146,0.6958515215892298,2.3401797705708023,0.29734947416882757,3.5025975002493155,7.463055899534399,0.4693247750084598,48.325146815299036,284.82291920124334,0.16966733850335716,0.48182179040055617,0.825430022335082,0.5837214465692345,3.398902874890794,8.003458579078341,0.4246792079484962,0.1820698342600311,0.48434402378846536,0.375909373107442,0.38458033056388885,1.3460363928046728,0.2857129620764528,UP,TT,0.0,2476.0,-0.0006000000000000449,1.0,1.0,-1.0,-2.0,4.0,1.0,1.5999999999999943,0.0,,-0.375,0.0,21.89048205119506,6.609385506139762,2.062325532775777,23.0,1.1,21.749140326249385,6.609385506139762,1.9209838078301011,23.0,1.15,21.749140326249385,6.609385506139762,1.9209838078301011,23.0,1.15,22.455848950977778,6.609385506139762,2.6276924325584936,23.0,0.9,22.173165501086423,6.609385506139762,2.3450089826671388,23.0,1.0,21.978487276161243,6.609385506139762,2.1503307577419566,23.000000000000004,22.18351835069514,6.9366805316323745,1.3734767557980199,18.0,1.1,22.055496457544923,6.9366805316323745,1.2454548626478008,18.0,1.15,22.055496457544923,6.9366805316323745,1.2454548626478008,18.0,1.15,24.19612171970999,7.300439242869382,2.2948039911018405,13.0,0.9,22.43956213699559,6.9366805316323745,1.6295205420984686,18.0,1.0,22.51803466468916,6.998450878823565,1.5226820282184699,17.150943396226417,-0.5395473885279181,-0.38906537268380337,0.6276487295234867,5.849056603773587,-0.2663966359091674,-0.3272950254926128,0.7154884405686701,5.0,-0.3063561312955372,-0.3272950254926128,0.6755289451823003,5.0,-0.3063561312955372,-0.3272950254926128,0.6755289451823003,5.0,-0.2930362995000806,-0.3272950254926128,0.6888487769777569,5.0,-1.7402727687322113,-0.6910537367296206,0.3328884414566531,10.0,0.486514586592559
2024-07-14__TT__UP__G2,2024-07-14__TT__UP__G2,2024-07-14,1.0,-0.28012119357332566,1.2372145438177267,-0.22641260447548553,-1.278499195424608,6.761859462395603,-0.1890750633697134,-27.21958663256288,63.362072928598394,-0.4295880002797281,-47.03968732795562,202.97771873758262,-0.23174803317709122,-0.28015515879555153,0.9779640325261914,-0.2864674599580313,4.91937976716639,21.859378466990375,0.22504663385322055,-0.4885096634242885,2.098121376743199,-0.23283182565479107,-1.1914586607850532,3.1500792553480665,-0.378231208161204,2.043396903565352,25.108855577780485,0.08138151959391132,0.3184885442132064,7.901928205562246,0.04030516294540062,1.1513056199877592,4.691186306020372,0.24541881295386492,-344.3880474465453,1221.6993159813917,-0.28189264138861003,0.2654269849630104,1.2854063782516787,0.20649250148542456,0.1752262040650301,2.3401797705708023,0.07487720874754902,-9.08447801148943,7.463055899534399,-1.2172596475924213,-284.43023178014687,284.82291920124334,-0.9986212892529189,0.7461710110724349,0.825430022335082,0.9039774261955571,6.050843127189346,8.003458579078341,0.7560284483733404,0.6808877214840132,0.48434402378846536,1.4057906823491733,0.18031323630869167,1.3460363928046728,0.13395856405815126,TT,UP,1.0,-2772.0,0.13339999999999996,-1.0,-1.0,-1.0,-1.0,0.0,1.0,-9.200000000000003,0.0,0.0,0.0,1.0,22.740359733788484,6.866378286269606,2.1412248749796667,19.0,1.1,22.637648812597053,6.866378286269606,2.038513953788236,19.0,1.15,22.637648812597053,6.866378286269606,2.038513953788236,19.0,1.15,24.675610694035463,7.226450356028228,2.9962596259507777,14.0,0.9,22.945781576171356,6.866378286269606,2.346646717362539,19.0,1.0,23.063173429612043,6.927522600002202,2.2806056296054367,18.150943396226413,21.35991424576524,6.54240034811917,1.73271320140773,24.0,1.1,21.194455802390934,6.54240034811917,1.5672547580334246,24.0,1.15,21.194455802390934,6.54240034811917,1.5672547580334246,24.0,1.15,22.021748019262468,6.54240034811917,2.3945469749049586,24.0,0.9,21.690831132513857,6.54240034811917,2.063630088156348,24.0,1.0,21.462935540696414,6.54240034811917,1.8357344963389037,24.0,1.600237888915629,0.3851222518830326,0.44487113326653294,-5.849056603773587,1.2549504436574992,0.32397793815043663,0.2830166292061911,-5.0,1.4431930102061195,0.32397793815043663,0.47125919575481134,-5.0,1.4431930102061195,0.32397793815043663,0.47125919575481134,-5.0,1.3804454880232448,0.32397793815043663,0.40851167357193674,-5.0,2.653862674772995,0.6840500079090583,0.6017126510458191,-10.0,0.5399207938724304
2024-07-15__BLG__LGD__G1,2024-07-15__BLG__LGD__G1,2024-07-15,1.0,0.12836321507217896,1.2372145438177267,0.1037516993005789,-0.6518344860305305,6.761859462395603,-0.0963986893334379,28.76534944482063,63.362072928598394,0.4539837107799817,-41.504617816487325,202.97771873758262,-0.20447868795721072,-1.9504865009997898,0.9779640325261914,-1.9944337845714877,-3.520923202338537,21.859378466990375,-0.1610715074348495,-2.890104550396284,2.098121376743199,-1.3774718683866456,-1.1500417449645275,3.1500792553480665,-0.3650833158971228,-3.67824479474541,25.108855577780485,-0.14649192739427208,-4.209917818679067,7.901928205562246,-0.5327708853321115,0.708962508602986,4.691186306020372,0.15112645527778193,630.2097574293475,1221.6993159813917,0.5158468607369668,0.19226899215182058,1.2854063782516787,0.1495782546489903,0.8666457006099186,2.3401797705708023,0.3703328014265034,-3.9999809385336036,7.463055899534399,-0.535970848457976,-24.603899034924666,284.82291920124334,-0.08638314296314578,-0.47293418286491473,0.825430022335082,-0.5729542143049332,-5.0040685517076255,8.003458579078341,-0.6252381863448959,-0.3580239913541672,0.48434402378846536,-0.7391920506455578,1.5042554248715927,1.3460363928046728,1.1175435637320956,BLG,LGD,1.0,3004.0,-0.020000000000000018,0.0,1.0,1.0,0.0,-2.0,1.0,-14.200000000000003,0.0,,0.5,1.0,29.81949191721121,6.992492926392046,8.842013138035071,17.0,1.1,30.0385597316299,6.992492926392046,9.06108095245376,17.0,1.15,30.0385597316299,6.992492926392046,9.06108095245376,17.0,1.15,28.94322065953644,6.992492926392046,7.9657418803603015,17.0,0.9,29.381356288373826,6.992492926392046,8.403877509197688,17.0,1.0,29.683091202573156,6.992492926392046,8.705612423397016,17.0,25.394235586682328,7.1347781460380855,3.989901148568073,15.0,1.1,24.10887219752863,6.986099238493261,3.150574482048846,17.0,1.15,24.10887219752863,6.986099238493261,3.150574482048846,17.0,1.15,24.30259563284849,6.986099238493261,3.3442979173687064,17.0,0.9,25.92224849044526,7.303957794941013,4.01037510562222,13.0,1.0,24.750688633901007,7.07693043750214,3.519897321394582,15.830188679245282,4.932402568672149,-0.08443751111009412,5.185715102002433,1.169811320754718,3.459107797928567,-0.31146486854896693,4.393502403575468,4.0,5.929687534101269,0.006393687898785139,5.910506470404915,0.0,5.929687534101269,0.006393687898785139,5.910506470404915,0.0,4.425256330528882,-0.14228521964603935,4.852111989466998,2.0,4.64062502668795,0.006393687898785139,4.621443962991595,0.0,0.62086945643792
2024-07-15__BLG__LGD__G2,2024-07-15__BLG__LGD__G2,2024-07-15,0.0,-1.7441621752748677,1.2372145438177267,-1.4097480297514169,-6.034677947386653,6.761859462395603,-0.89245821929438,-67.87041444866082,63.362072928598394,-1.0711520352875887,-200.88409785665095,202.97771873758262,-0.9896854596473033,0.02699856313401572,0.9779640325261914,0.02760687983319348,7.533514688778936,21.859378466990375,0.3446353406397112,-0.0663949731755018,2.098121376743199,-0.03164494784072752,-1.158890022680216,3.1500792553480665,-0.3678922213847421,4.527942215825888,25.108855577780485,0.18033247359550367,-0.6387851333819441,7.901928205562246,-0.080839136464586,-1.4300445569819384,4.691186306020372,-0.3048363801519308,29.13812590215815,1221.6993159813917,0.023850488820893696,-1.102470610383234,1.2854063782516787,-0.8576818750509567,-1.3455713035480237,2.3401797705708023,-0.5749860525602987,-2.8551461054513965,7.463055899534399,-0.3825705932416945,-75.84128423762604,284.82291920124334,-0.26627521473356125,-0.8015458416281613,0.825430022335082,-0.9710633837829946,-6.831362008722749,8.003458579078341,-0.8535511351341681,-0.6912671833764872,0.48434402378846536,-1.4272205750551776,-0.6009891623622874,1.3460363928046728,-0.44648771689026817,LGD,BLG,0.0,-1388.0,1.1102230246251565e-16,0.0,1.0,-1.0,-2.0,2.0,1.0,-5.599999999999994,0.0,,-0.6000000000000001,0.0,24.947908554426455,7.054806597014537,3.783488763382845,16.0,1.1,23.6519811762408,6.907794185932548,2.928598618443157,18.0,1.15,23.6519811762408,6.907794185932548,2.928598618443157,18.0,1.15,23.945028746623233,6.907794185932548,3.2216461888255914,18.0,0.9,25.506875467102688,7.222089962906402,3.8406055783834816,14.0,1.0,24.320690085714443,6.99760728577482,3.327868228389982,16.830188679245285,30.256918078477316,6.914116208936536,9.514569451667708,18.0,1.1,30.495868900226284,6.914116208936536,9.753520273416676,18.0,1.15,30.495868900226284,6.914116208936536,9.753520273416676,18.0,1.15,29.30111479148144,6.914116208936536,8.55876616467183,18.0,0.9,29.77901643497938,6.914116208936536,9.03666780816977,18.0,1.0,30.10813737814306,6.914116208936536,9.365788751333444,18.0,-5.787447292428617,0.0834910768382846,-6.037920522943462,-1.1698113207547145,-4.272140967876691,0.3079737539698666,-5.196062229786289,-4.0,-6.843887723985485,-0.0063220230039879866,-6.824921654973519,0.0,-6.843887723985485,-0.0063220230039879866,-6.824921654973519,0.0,-5.309009524050861,0.14069038807800105,-5.731080688284862,-2.0,-5.3560860448582055,-0.0063220230039879866,-5.337119975846239,0.0,0.35922148256779346
2024-07-15__OMG__iG__G1,2024-07-15__OMG__iG__G1,2024-07-15,0.0,-1.2516708156098133,1.2372145438177267,-1.0116837133709795,-4.9475111965601855,6.761859462395603,-0.7316789845153612,-42.721834847519915,63.362072928598394,-0.6742493134877877,-204.69517712395435,202.97771873758262,-1.0084613098846127,1.6222634170973977,0.9779640325261914,1.6588153595910404,8.379922922312446,21.859378466990375,0.3833559381210652,1.2692015682097484,2.098121376743199,0.6049225642309104,0.06687099386973516,3.1500792553480665,0.021228346089343136,-14.776718442501036,25.108855577780485,-0.5885062267461976,-6.995467794123972,7.901928205562246,-0.8852860626997002,-1.6189704915596455,4.691186306020372,-0.34510890014601664,-871.9448905969023,1221.6993159813917,-0.7137148056621064,-0.8384148741489135,1.2854063782516787,-0.6522561550014337,-0.38290728256053796,2.3401797705708023,-0.16362295057537013,1.1581510204359304,7.463055899534399,0.15518453577758257,1.4234284004679694,284.82291920124334,0.004997590781887348,1.0242598671900813,0.825430022335082,1.240878812977646,8.941369374540848,8.003458579078341,1.1171880467684594,0.7471988944212589,0.48434402378846536,1.54269964121195,0.9422729007179562,1.3460363928046728,0.7000347135636313,iG,OMG,0.0,-1048.0,-0.13360000000000005,0.0,-1.0,1.0,-1.0,-4.0,1.0,7.200000000000003,0.0,,-0.4285714285714286,0.0,21.21512685112442,6.4671210043594245,1.813763838046146,25.0,1.1,21.043087162539173,6.4671210043594245,1.6417241494608987,25.0,1.15,21.043087162539173,6.4671210043594245,1.6417241494608987,25.0,1.15,21.903285605465438,6.4671210043594245,2.5019225923871637,25.0,0.9,23.671775180133203,7.539915915047762,1.0520274349899168,10.0,1.0,21.72084381794888,6.669535138451563,1.712238402594187,22.169811320754718,22.496420979417504,6.8441863793901945,1.9638618412469206,19.0,1.1,26.88741466989563,7.922525983433395,3.119836719595444,5.0,1.15,22.79227706060998,7.055993191579448,1.624297485871633,16.0,1.15,22.951617164977957,6.8441863793901945,2.419058026807374,19.0,0.9,24.535434071574862,7.197086264840581,2.9441752770531195,14.0,1.0,23.97539586556523,7.190708693374667,2.403269785441228,14.367924528301888,-2.2545520476163503,-0.521173554923104,-0.6910313828470409,7.80188679245283,-0.8636588914416592,0.3428296502071806,-1.8921478420632027,-4.0,-5.844327507356457,-1.455404979073971,-1.4781125701345452,20.0,-1.7491898980708065,-0.5888721872200238,0.0174266635892657,9.0,-1.2812941282930836,-0.37706537503077,-0.1500980032007746,6.0,-1.048331559512519,-0.37706537503077,0.08286456557978994,6.0,0.44387373936250163
2024-07-15__OMG__iG__G2,2024-07-15__OMG__iG__G2,2024-07-15,0.0,0.5136507051110986,1.2372145438177267,0.41516670856405957,-2.41313019283227,6.761859462395603,-0.356873704545116,-6.80411632670382,63.362072928598394,-0.10738468463597418,-81.60907661135536,202.97771873758262,-0.40205928373253336,1.7529376294375325,0.9779640325261914,1.792433851044246,-9.183374079943917,21.859378466990375,-0.4201113802801052,1.749211147056446,2.098121376743199,0.8337031082865866,2.1028872635332645,3.1500792553480665,0.6675662500861924,15.450220598070324,25.108855577780485,0.61532951730437,7.178723914931883,7.901928205562246,0.9084773766232564,1.5302443615315076,4.691186306020372,0.32619553680316477,767.0304473234775,1221.6993159813917,0.6278389753206028,0.5200453141571089,1.2854063782516787,0.40457626349121956,0.16790333497530696,2.3401797705708023,0.07174801924996291,4.767238292201824,7.463055899534399,0.6387782320806424,165.08564236124664,284.82291920124334,0.579607997293913,0.07342470848648475,0.825430022335082,0.08895317294808207,-1.2309560389288947,8.003458579078341,-0.15380299316394483,0.03537347810576952,0.48434402378846536,0.0730336358761036,-0.5014178959991522,1.3460363928046728,-0.37251409112370354,OMG,iG,0.0,5616.0,-0.10000000000000009,1.0,1.0,1.0,-1.0,2.0,1.0,0.4000000000000057,0.0,,-0.5,0.0,22.997683488601286,6.77190312971048,2.6819740994698478,20.0,1.1,27.494028382668027,7.838854106016526,3.9774660646184508,6.0,1.15,23.3325418999038,6.981472994534384,2.3881229163006488,17.0,1.15,23.361741036128326,6.77190312971048,3.0460316469968873,20.0,0.9,25.014623710508257,7.121075946796865,3.6513958701176605,15.0,1.0,24.48833930291373,7.114765730537995,3.144042111299746,15.367924528301884,20.741480295910478,6.398820041125181,1.545020172534933,26.0,1.1,20.547911218451873,6.398820041125181,1.351451095076328,26.0,1.15,20.547911218451873,6.398820041125181,1.351451095076328,26.0,1.15,21.51575660574494,6.398820041125181,2.3192964823693956,26.0,0.9,23.16975957937954,7.460284883038956,0.788904930262671,11.0,1.0,21.247125406130344,6.599096426391932,1.4498361269545486,23.16981132075472,3.2412138967833855,0.5156693041460629,1.6942059843451975,-7.801886792452837,1.8448641311287162,-0.33920893624209114,2.8624909398549896,4.0,6.9461171642161545,1.4400340648913446,2.6260149695421227,-20.0,2.784630681451926,0.5826529534092026,1.0366718212243207,-9.0,2.2562031926908084,0.3730830885852985,1.1369539269349147,-6.0,1.8459844303833854,0.3730830885852985,0.7267351646274918,-6.0,0.5803283367128825
2024-07-15__OMG__iG__G3,2024-07-15__OMG__iG__G3,2024-07-15,0.0,0.3082394043137944,1.2372145438177267,0.24913961504447918,10.092947410543395,6.761859462395603,1.4926287619617116,12.555058244109034,63.362072928598394,0.19814784248156253,232.6900949943203,202.97771873758262,1.1463824467786463,0.957249977845807,0.9779640325261914,0.9788182051592631,5.318056501854372,21.859378466990375,0.24328487960443315,1.1885662819999965,2.098121376743199,0.5664904464938517,0.4440196194058732,3.1500792553480665,0.14095501809899488,-18.167508453559137,25.108855577780485,-0.7235498118873347,-10.84692633960056,7.901928205562246,-1.3726934344040063,-0.8646548504473595,4.691186306020372,-0.18431471481382045,-1138.0397627683064,1221.6993159813917,-0.931521976766105,-0.09609792428574337,1.2854063782516787,-0.07476067580726747,-0.24661983464463688,2.3401797705708023,-0.10538495049016358,-4.60336141608397,7.463055899534399,-0.6168198203568784,-159.8770579155705,284.82291920124334,-0.5613209000266145,-0.07235261576967078,0.825430022335082,-0.08765434519893703,1.4459522213027896,8.003458579078341,0.18066589916723264,-0.03036487734013349,0.48434402378846536,-0.06269265884601131,0.4663573822871392,1.3460363928046728,0.34646688478349996,iG,OMG,0.0,3352.0,0.26660000000000006,0.0,1.0,-1.0,0.0,3.0,-1.0,-0.5999999999999943,0.0,1.0,-0.3333333333333333,0.0,21.35419403349003,6.339971906422216,2.3342783142233827,27.0,1.1,21.18847558046686,6.339971906422216,2.1685598612002117,27.0,1.15,21.18847558046686,6.339971906422216,2.1685598612002117,27.0,1.15,22.01706784558276,6.339971906422216,2.9971521263161094,27.0,0.9,23.81917178701628,7.391674756969155,1.6441475161088164,12.0,1.0,21.859932098104448,6.538406406525412,2.2447128785282118,24.169811320754718,22.349245487459754,6.709623855561279,2.2203739207759163,21.0,1.1,26.70930705169181,7.766762386077073,3.409019893460588,7.0,1.15,22.6336501095539,6.917266365723608,1.881851012383077,18.0,1.15,22.831200853376163,6.709623855561279,2.7023292866923256,21.0,0.9,24.394739386536646,7.05558542919302,3.227983098957587,16.0,1.0,23.824790740794995,7.0493332462049745,2.6767910021800763,16.367924528301888,-1.9648586426905474,-0.5109268396795628,-0.4320781236518645,7.80188679245283,-0.5755675995203653,0.3360893277761354,-1.5838355828487707,-4.0,-5.520831471224948,-1.4267904796548576,-1.2404600322603763,20.0,-1.4451745290870406,-0.5772944593013927,0.28670884881713476,9.0,-0.9950514539697224,-0.3696519491390635,0.11390439344746639,6.0,-0.814133007793405,-0.3696519491390635,0.29482283962378375,6.0,0.4510359609744994
2024-07-16__EDG__RA__G1,2024-07-16__EDG__RA__G1,2024-07-16,1.0,-0.9816498798373852,1.2372145438177267,-0.7934348099186243,-4.449932855941345,6.761859462395603,-0.658092973182238,-28.87276516088741,63.362072928598394,-0.45567897909124033,-152.43604233368706,202.97771873758262,-0.750998890571646,-0.24566512850649236,0.9779640325261914,-0.25120031937329323,-1.496757707455032,21.859378466990375,-0.06847210414711316,-1.1299343646903104,2.098121376743199,-0.5385455001172266,-1.1650240940913927,3.1500792553480665,-0.3698394960298127,5.879402795090471,25.108855577780485,0.23415653265124445,2.512292295287356,7.901928205562246,0.31793404242585827,0.4495004566850316,4.691186306020372,0.09581805785246972,-363.61400214558836,1221.6993159813917,-0.2976297007712305,-1.4250609631486348,1.2854063782516787,-1.108645389204863,-0.10538275239750305,2.3401797705708023,-0.045031885452079305,-2.930924570886372,7.463055899534399,-0.3927244037318307,-61.14726029393,284.82291920124334,-0.2146851814128092,-0.2818661299784804,0.825430022335082,-0.34147750975133256,-2.463370195629011,8.003458579078341,-0.30778817226346095,-0.26291653747121657,0.48434402378846536,-0.5428290259177799,-0.17000687419450244,1.3460363928046728,-0.12630174696727212,RA,EDG,1.0,1054.0,0.19999999999999996,0.0,-1.0,1.0,3.0,0.0,1.0,-2.5999999999999943,0.0,,0.8,1.0,23.748724786919027,6.80306183912434,3.3395392695460053,20.0,1.1,23.691848640869893,6.80306183912434,3.282663123496871,20.0,1.15,23.691848640869893,6.80306183912434,3.282663123496871,20.0,1.15,23.976229371115576,6.80306183912434,3.567043853742554,20.0,0.9,23.862477079017303,6.80306183912434,3.4532915616442814,20.0,1.0,23.78413823634585,6.80306183912434,3.374952718972828,20.0,21.260692114601007,6.728577366321215,1.0749600156373624,21.0,1.1,21.090723574355597,6.728577366321215,0.9049914753919523,21.0,1.15,21.090723574355597,6.728577366321215,0.9049914753919523,21.0,1.15,21.940566275582647,6.728577366321215,1.7548341766190028,21.0,0.9,21.600629195091837,6.728577366321215,1.4148970961281933,21.0,1.0,21.3665215830557,6.728577366321215,1.1807894840920536,21.000000000000004,2.4176166532901497,0.07448447280312553,2.194163234880774,-1.0000000000000036,2.2618478839254657,0.07448447280312553,2.038394465516088,-1.0,2.601125066514296,0.07448447280312553,2.3776716481049185,-1.0,2.601125066514296,0.07448447280312553,2.3776716481049185,-1.0,2.4880326723180204,0.07448447280312553,2.264579253908643,-1.0,2.0356630955329287,0.07448447280312553,1.8122096771235512,-1.0,0.5601477382178561
2024-07-16__EDG__RA__G2,2024-07-16__EDG__RA__G2,2024-07-16,1.0,0.10383619185993709,1.2372145438177267,0.08392732566188549,3.3762325150099812,6.761859462395603,0.4993052627728795,5.953665353026338,63.362072928598394,0.09396260229321753,121.68000328185065,202.97771873758262,0.5994746784975377,0.4735558551634549,0.9779640325261914,0.4842257539006359,6.456761366988573,21.859378466990375,0.2953771572856797,0.09118446774315458,2.098121376743199,0.04346003300565111,-0.4490965812525105,3.1500792553480665,-0.14256671095603174,5.228527026396925,25.108855577780485,0.2082343738035364,4.619086588136923,7.901928205562246,0.5845517553973405,0.15538814927698041,4.691186306020372,0.033123416129124734,-494.0003411874655,1221.6993159813917,-0.40435509320579394,0.5484113261016947,1.2854063782516787,0.4266439849190889,0.6530417839011058,2.3401797705708023,0.27905612767761523,2.3359087807029866,7.463055899534399,0.3129962443203023,165.8452484043047,284.82291920124334,0.5822749387132389,0.26756117194722284,0.825430022335082,0.32414722091533765,2.529943135194493,8.003458579078341,0.31610619260300377,0.2396047502434815,0.48434402378846536,0.49469848656508003,0.3654940030625262,1.3460363928046728,0.27153332070587144,EDG,RA,1.0,674.0,-0.013399999999999967,0.0,1.0,1.0,1.0,0.0,-1.0,15.599999999999994,0.0,1.0,0.5,1.0,20.77236141903084,6.657244505557922,0.8006279023570748,22.0,1.1,20.580196028986787,6.657244505557922,0.6084625123130216,22.0,1.15,20.580196028986787,6.657244505557922,0.6084625123130216,22.0,1.15,21.541022979207057,6.657244505557922,1.5692894625332912,22.0,0.9,21.156692199118957,6.657244505557922,1.1849586824451919,22.0,1.0,20.89201156754884,6.657244505557923,0.9202780508750729,22.0,24.242461239521162,6.730939332907302,4.049643240799256,21.0,1.1,24.208027659499397,6.730939332907302,4.01520966077749,21.0,1.15,24.208027659499397,6.730939332907302,4.01520966077749,21.0,1.15,24.380195559608232,6.730939332907302,4.1873775608863255,21.0,0.9,24.311328399564697,6.730939332907302,4.118510400842791,21.0,1.0,24.263901015761135,6.730939332907302,4.071083017039225,21.000000000000004,-3.371889448212297,-0.07369482734937893,-3.150804966164152,0.9999999999999964,-3.15463620044574,-0.07369482734937982,-2.9335517183975988,1.0,-3.6278316305126097,-0.07369482734937982,-3.4067471484644685,1.0,-3.6278316305126097,-0.07369482734937982,-3.4067471484644685,1.0,-3.470099820490322,-0.07369482734937982,-3.249015338442181,1.0,-2.8391725804011756,-0.07369482734937982,-2.6180880983530344,1.0,0.4164924771679836
2024-07-16__EDG__RA__G3,2024-07-16__EDG__RA__G3,2024-07-16,1.0,1.2368577307794117,1.2372145438177267,0.9997107916723946,3.042055843787086,6.761859462395603,0.4498844453689512,37.883964064295526,63.362072928598394,0.5978965288760324,79.40396673749598,202.97771873758262,0.3911954811599641,0.2588951229308165,0.9779640325261914,0.2647284047181747,-4.432388462776103,21.859378466990375,-0.20276826565316766,-0.3116724303979659,2.098121376743199,-0.14854826098454654,0.6407096897722515,3.1500792553480665,0.20339471944706267,5.352434778017525,25.108855577780485,0.21316919635257467,-0.3903681677330866,7.901928205562246,-0.04940162808068472,0.4019914654368133,4.691186306020372,0.08569077276469499,467.91622057803335,1221.6993159813917,0.3830044054818444,-0.885481428767573,1.2854063782516787,-0.6888722157266151,-1.1151716818225417,2.3401797705708023,-0.47653228154273564,4.948803190486743,7.463055899534399,0.6631067211608002,211.21039234589944,284.82291920124334,0.7415498450639698,-0.21505034823717306,0.825430022335082,-0.2605309740222894,-0.17141164100892325,8.003458579078341,-0.02141719331687593,-0.09439605997937361,0.48434402378846536,-0.1948942496425864,-0.968687018878466,1.3460363928046728,-0.719658327515003,RA,EDG,1.0,2782.0,0.3168,1.0,1.0,-1.0,1.0,4.0,-1.0,13.200000000000003,0.0,1.0,0.3333333333333333,1.0,23.594414873002403,6.669250780278466,3.586662532167008,22.0,1.1,23.530524639957058,6.669250780278466,3.5227722991216623,22.0,1.15,23.530524639957058,6.669250780278466,3.5227722991216623,22.0,1.15,23.849975805183792,6.669250780278466,3.842223464348397,22.0,0.9,23.722195339093098,6.669250780278466,3.7144429982577023,22.0,1.0,23.634195584143846,6.669250780278467,3.6264432433084512,22.0,21.41331254033449,6.5962313604778045,1.6246184589010788,23.0,1.1,21.250281292167877,6.5962313604778045,1.4615872107344643,23.0,1.15,21.250281292167877,6.5962313604778045,1.4615872107344643,23.0,1.15,22.065437533000953,6.5962313604778045,2.2767434515675404,23.0,0.9,21.73937503666773,6.5962313604778045,1.9506809552343185,23.0,1.0,21.514822562777855,6.5962313604778045,1.7261284813444453,23.000000000000004,2.119373021365991,0.07301941980066218,1.900314761964006,-1.0000000000000036,1.9828203024253668,0.07301941980066129,1.7637620430233838,-1.0,2.280243347789181,0.07301941980066129,2.061185088387198,-1.0,2.280243347789181,0.07301941980066129,2.061185088387198,-1.0,2.181102332667912,0.07301941980066129,1.962044073265929,-1.0,1.7845382721828393,0.07301941980066129,1.5654800127808564,-1.0,0.552786885734941
2024-07-16__FPX__NIP__G1,2024-07-16__FPX__NIP__G1,2024-07-16,0.0,-0.6249087435418224,1.2372145438177267,-0.5050928649130255,-2.1564273858042995,6.761859462395603,-0.31891036465433314,-66.17170879560956,63.362072928598394,-1.044342533203337,-17.62144464867515,202.97771873758262,-0.08681467439607081,0.32458220620266154,0.9779640325261914,0.3318955130371379,4.817134995302041,21.859378466990375,0.22036924710403363,0.4954250192992298,2.098121376743199,0.23612779921267077,0.1604073100943153,3.1500792553480665,0.05092165820917828,-6.835311035564949,25.108855577780485,-0.2722270930335276,-4.5819642943064665,7.901928205562246,-0.5798538780986771,0.17105110011332325,4.691186306020372,0.03646221925392046,708.4150739626037,1221.6993159813917,0.5798604158288106,-0.015372040762752448,1.2854063782516787,-0.011958886359949501,0.2643125169134457,2.3401797705708023,0.11294534176048983,-6.219583582969388,7.463055899534399,-0.8333828438796189,-213.48960383250744,284.82291920124334,-0.7495520503815672,-0.9617712241247443,0.825430022335082,-1.1651745549906352,-10.252501314252477,8.003458579078341,-1.2810086954213282,-0.7974138063726119,0.48434402378846536,-1.646375552979517,-0.047257922082149406,1.3460363928046728,-0.03510892218505191,FPX,NIP,0.0,-498.0,-0.040000000000000036,0.0,-1.0,-1.0,-4.0,0.0,1.0,-13.400000000000006,0.0,-1.0,-0.5,0.0,24.234411159861867,6.850054922054875,3.68424639369724,19.0,1.1,24.199611667128313,6.850054922054875,3.649446900963685,19.0,1.15,24.199611667128313,6.850054922054875,3.649446900963685,19.0,1.15,24.373609130796066,6.850054922054875,3.823444364631438,19.0,0.9,21.474017908055636,7.442547337630775,-0.8536241048366904,11.0,1.0,23.722117969059486,6.9618459438616505,2.8365801374745363,17.490566037735846,24.657530724583683,6.445486361268859,5.321071640777106,25.0,1.1,24.51284938337633,6.844389405601668,3.979681166571325,19.0,1.15,23.27423090607445,6.711103303452842,3.1409209957159234,21.0,1.15,24.719797865568456,6.445486361268859,5.3833387817618785,25.0,0.9,24.62464414587056,6.711103303452842,4.491334235512031,21.0,1.0,24.330356293357095,6.639791064415707,4.410983100109976,22.07547169811321,-0.6082383242976093,0.32205487944594324,-1.5744029626354399,-4.584905660377363,-3.1506262378149223,0.7314440341779331,-5.344958340348722,-10.0,-0.3132377162480182,0.005665516453206898,-0.3302342656076398,0.0,0.9253807610538622,0.1389516186020332,0.5085259052477618,-2.0,-0.4231195647218158,0.4045685607860161,-1.6368252470798659,-6.0,-0.3461887347723902,0.4045685607860161,-1.5598944171304403,-6.0,0.48479872807796487
2024-07-16__FPX__NIP__G2,2024-07-16__FPX__NIP__G2,2024-07-16,0.0,1.8082179400978298,1.2372145438177267,1.4615221649399406,5.184758686676682,6.761859462395603,0.7667651108020377,39.36792047049414,63.362072928598394,0.6213167914114863,126.99706236018721,202.97771873758262,0.625669962813524,-0.0012129646792331528,0.9779640325261914,-0.0012402945288339517,-9.81440088154504,21.859378466990375,-0.44897893356788404,-0.9256890031949219,2.098121376743199,-0.4411987658373952,-0.3549942487651747,3.1500792553480665,-0.11269371571168106,9.092593679872081,25.108855577780485,0.36212695116982613,0.8396525163252662,7.901928205562246,0.10625917981323174,1.5644303488314755,4.691186306020372,0.3334828150698193,-92.74828861048039,1221.6993159813917,-0.07591744328681906,-7.059175562091501,1.2854063782516787,-5.491780801579729,-5.683529740310529,2.3401797705708023,-2.4286712427451653,-15.306178083090074,7.463055899534399,-2.0509260868753376,-369.7265834706058,284.82291920124334,-1.2980928052046279,-2.6998499276578243,0.825430022335082,-3.2708365140192486,-29.74082035273085,8.003458579078341,-3.71599557152455,-1.4511649535611277,0.48434402378846536,-2.9961388726787352,5.64746263819063,1.3460363928046728,4.195620915421441,NIP,FPX,0.0,4718.0,0.04999999999999999,2.0,1.0,-1.0,0.0,6.0,-1.0,15.799999999999997,0.0,1.0,-0.14285714285714285,0.0,25.17311671689854,6.380051701747696,6.032961611655452,26.0,1.1,25.085230478884114,6.774905077300703,4.760515246982003,20.0,1.15,23.835465580675574,6.6429720973561865,3.906549288607014,22.0,1.15,25.141640950189704,6.380051701747696,6.001485844946615,26.0,0.9,25.112674297697623,6.6429720973561865,5.183758005629063,22.0,1.0,24.84705283206611,6.5723838210767935,5.129901368835733,23.075471698113212,23.68646300413826,6.780513077358816,3.3449237720618115,20.0,1.1,23.626756777053632,6.780513077358816,3.2852175449771828,20.0,1.15,23.626756777053632,6.780513077358816,3.2852175449771828,20.0,1.15,23.92528791247675,6.780513077358816,3.5837486804003014,20.0,0.9,20.932797285614118,7.366990502395748,-1.1681742215731248,12.0,1.0,23.181548358229932,6.8911691952903125,2.508040772358992,18.49056603773585,1.6655044738361795,-0.31878537421351893,2.6218605964767407,4.584905660377363,4.179877012083505,-0.724018405039561,6.351932227202187,10.0,1.4584737018304814,-0.005608000058113127,1.47529770200482,0.0,0.208708803621942,-0.1375409800026297,0.6213317436298311,2.0,1.4866537127602797,-0.40046137561111994,2.6880378395936404,6.0,1.2163530377129526,-0.40046137561111994,2.4177371645463133,6.0,0.5415416290958004
2024-07-16__FPX__NIP__G3,2024-07-16__FPX__NIP__G3,2024-07-16,1.0,-1.3210934131829557,1.2372145438177267,-1.0677956802146242,-8.386347837609891,6.761859462395603,-1.2402426646110887,-44.48123816388204,63.362072928598394,-0.7020167650132028,-179.4877246066847,202.97771873758262,-0.8842730366600497,0.874810419199302,0.9779640325261914,0.8945211639516092,-3.1407417051787263,21.859378466990375,-0.14367936244125906,0.32852259633743586,2.098121376743199,0.15657933015679645,0.5517063212492599,3.1500792553480665,0.17514040168106745,-3.0868839793513203,25.108855577780485,-0.12294004586744059,0.7823420703510848,7.901928205562246,0.09900646411769755,0.6103514775964163,4.691186306020372,0.13010597057447054,464.36697729892035,1221.6993159813917,0.3800992362394791,-0.3131502078285475,1.2854063782516787,-0.2436194261265814,-0.5446244550709665,2.3401797705708023,-0.23272751486549692,-7.965934262236136,7.463055899534399,-1.0673822227903838,-227.27847077072863,284.82291920124334,-0.7979641196366629,-0.0711384952806835,0.825430022335082,-0.08618345247000539,-2.8088657894583733,8.003458579078341,-0.35095645348181237,0.025520063236014634,0.48434402378846536,0.05268984294790724,-0.17088661934201177,1.3460363928046728,-0.1269553284741545,FPX,NIP,1.0,1470.0,0.3002,0.0,-1.0,-1.0,3.0,2.0,1.0,0.5999999999999943,0.0,0.0,0.6000000000000001,1.0,24.292331470311275,6.715524682178616,4.145757423775429,21.0,1.1,24.260164718961786,6.715524682178616,4.113590672425939,21.0,1.15,24.260164718961786,6.715524682178616,4.113590672425939,21.0,1.15,24.42099847570922,6.715524682178616,4.274424429173372,21.0,0.9,21.53122709134422,7.296380965241818,-0.3579158043812356,13.0,1.0,23.779258337818305,6.82512020728488,3.303897715963666,19.490566037735853,24.603031224172362,6.31890156214428,5.646326537739522,27.0,1.1,24.452346413522545,6.709970432466501,4.322435116123042,21.0,1.15,23.214906157467638,6.579301975212246,3.4770002318308997,23.0,1.15,24.67520736523192,6.31890156214428,5.71850267879908,27.0,0.9,24.57305740795159,6.579301975212246,4.835151482314853,23.0,1.0,24.27573940375257,6.509390258175729,4.747568629225384,24.07547169811321,-0.49648106593426533,0.3157299491091514,-1.4436709132617178,-4.5849056603773555,-3.0418303166073706,0.717078990029572,-5.193067286696088,-10.0,-0.19218169456075884,0.005554249712115045,-0.2088444436971031,0.0,1.0452585614941476,0.13622270696636996,0.6365904405950396,-2.0,-0.31069975386108695,0.3966231200343362,-1.5005691139640938,-6.0,-0.25420888952270104,0.3966231200343362,-1.4440782496257079,-6.0,0.48759052229272754
2024-07-17__TES__WBG__G1,2024-07-17__TES__WBG__G1,2024-07-17,1.0,-1.019493217469015,1.2372145438177267,-0.8240223157261047,-2.672813441046266,6.761859462395603,-0.3952778167947194,-33.32484355721431,63.362072928598394,-0.525943068005752,-3.7632998621789966,202.97771873758262,-0.018540457874117094,0.7377056535229274,0.9779640325261914,0.7543272294893331,-4.378491607227943,21.859378466990375,-0.20030264874809728,-0.5896983114235148,2.098121376743199,-0.2810600172611815,-0.08151453530947972,3.1500792553480665,-0.02587697096640251,7.444142708121468,25.108855577780485,0.2964747791306831,6.751036179069402,7.901928205562246,0.8543529059102783,-0.06618294223481946,4.691186306020372,-0.014107930022296163,418.53359832014314,1221.6993159813917,0.3425831483267646,0.5185213375751339,1.2854063782516787,0.4033906653627509,0.42765354156493274,2.3401797705708023,0.1827438063516017,1.575102024917669,7.463055899534399,0.2110531979216098,94.8701211812106,284.82291920124334,0.3330845744934416,0.4533547946226397,0.825430022335082,0.549234015145364,3.542584140510705,8.003458579078341,0.44263160268483054,0.1472247106784228,0.48434402378846536,0.3039666011779286,-0.0305826364803643,1.3460363928046728,-0.022720495466058893,TES,WBG,1.0,6242.0,0.03320000000000001,1.0,1.0,-1.0,3.0,0.0,1.0,6.0,0.0,0.5,0.3333333333333333,1.0,28.65451514868571,6.897238716204025,7.9627990000736375,18.0,1.1,28.82062947362596,6.897238716204025,8.128913325013887,18.0,1.15,28.82062947362596,6.897238716204025,8.128913325013887,18.0,1.15,27.990057848924668,6.897238716204025,7.298341700312594,18.0,0.9,28.322286498805195,6.897238716204025,7.630570350193121,18.0,1.0,28.5510854746663,6.897238716204025,7.859369326054227,18.0,25.60049791605267,6.442749686215857,6.272248857405099,26.0,1.1,25.62779327587326,6.442749686215857,6.299544217225687,26.0,1.15,27.021222459768705,6.708253850679343,6.896460907730674,22.0,1.15,26.267928456885492,6.590850030819365,6.4953783644273955,24.0,0.9,25.545907196411527,6.442749686215857,6.217658137763955,26.0,1.0,26.017728039859367,6.525508195513246,6.44120345331963,24.79245283018868,2.533357434806934,0.37173052069077883,1.4181658727345976,-6.7924528301886795,2.776379302393668,0.4544890299881681,1.4129122124291662,-8.0,3.192836197752701,0.4544890299881681,1.8293691077881995,-8.0,1.7994070138572553,0.18898486552468174,1.2324524172832128,-4.0,3.05401723263304,0.4544890299881681,1.6905501426685383,-8.0,1.7221293920391751,0.30638868538465935,0.8029633358851989,-6.0,0.5629973700342544
2024-07-17__TES__WBG__G2,2024-07-17__TES__WBG__G2,2024-07-17,0.0,-0.11971705625268392,1.2372145438177267,-0.09676329791595416,-2.8251520563199364,6.761859462395603,-0.4178069145365116,-15.18673870775757,63.362072928598394,-0.23968184382460775,-106.0354034914526,202.97771873758262,-0.5223992250407544,-0.9166142820831329,0.9779640325261914,-0.9372669283639081,-6.742502459092918,21.859378466990375,-0.3084489415298683,-0.8845059107885369,2.098121376743199,-0.42157021944616363,-1.5632278069623244,3.1500792553480665,-0.4962501524551146,0.20476385693314825,25.108855577780485,0.008155045065427208,1.459180057676246,7.901928205562246,0.18466124154201669,-0.016828741621394805,4.691186306020372,-0.0035873096774025346,-429.97959299167445,1221.6993159813917,-0.35195206137470864,0.003915473496137523,1.2854063782516787,0.0030460953954248157,0.4709179391393441,2.3401797705708023,0.20123143693060971,-11.676643329956544,7.463055899534399,-1.5645925640316396,-430.6359309516084,284.82291920124334,-1.5119426858180514,0.3044428578935596,0.825430022335082,0.3688289507611596,4.488198658820529,8.003458579078341,0.5607823235033292,0.49247692009427757,0.48434402378846536,1.0167894701223643,-1.8777544262755619,1.3460363928046728,-1.3950239691060708,WBG,TES,0.0,-13498.0,-0.08900000000000008,-3.0,-1.0,-1.0,-3.0,-4.0,-1.0,-21.799999999999997,0.0,0.0,-1.0,0.0,25.135940654133265,6.374263426493492,6.013150374652788,27.0,1.1,25.142119774775697,6.374263426493492,6.019329495295221,27.0,1.15,26.51553447054244,6.6369452886713995,6.604698604528242,23.0,1.15,25.87909891926648,6.520789468328854,6.316730514279918,25.0,0.9,25.12358241284843,6.374263426493492,6.0007921333679555,27.0,1.0,25.560492177707683,6.456142215013571,6.192065532666968,25.79245283018868,29.15184353933536,6.8239212500457915,8.680079789197986,19.0,1.1,29.34056370021423,6.8239212500457915,8.868799950076856,19.0,1.15,29.34056370021423,6.8239212500457915,8.868799950076856,19.0,1.15,28.396962895819836,6.8239212500457915,7.925199145682463,19.0,0.9,28.774403217577603,6.8239212500457915,8.30263946744023,19.0,1.0,29.03433853350511,6.823921250045792,8.562574783367737,19.0,-3.473846355797427,-0.3677790350322212,-2.370509250700769,6.7924528301886795,-3.6508208047291717,-0.44965782355229944,-2.3018473340722743,8.0,-4.198443925438532,-0.44965782355229944,-2.8494704547816347,8.0,-2.825029229671788,-0.18697596137439199,-2.264101345548614,4.0,-4.015902885202095,-0.44965782355229944,-2.666929414545198,8.0,-2.5178639765533575,-0.3031317817169379,-1.6084686314025447,6.0,0.41401678348628373
2024-07-17__TT__WE__G1,2024-07-17__TT__WE__G1,2024-07-17,0.0,0.20504570252992682,1.2372145438177267,0.16573159265135717,-6.699970329018839,6.761859462395603,-0.9908471738331558,46.0435757158524,63.362072928598394,0.7266740632217641,-210.18891844686203,202.97771873758262,-1.0355270456215704,1.0505609233653486,0.9779640325261914,1.074231581319052,3.26906432479268,21.859378466990375,0.1495497312597213,1.2938434861884858,2.098121376743199,0.6166673119405209,1.0383889245960527,3.1500792553480665,0.3296388791470065,-0.9631206993128103,25.108855577780485,-0.03835780798417966,4.009930603055331,7.901928205562246,0.5074622283673081,1.2955507126272767,4.691186306020372,0.27616691215135436,-319.9754903495783,1221.6993159813917,-0.26191018190972104,1.0067412747887374,1.2854063782516787,0.7832079477854225,-0.023622072496799262,2.3401797705708023,-0.010094122981378705,7.008070389986852,7.463055899534399,0.9390348330888469,210.92978486491643,284.82291920124334,0.7405646452746244,1.3948021444462886,0.825430022335082,1.6897864348501206,9.753672900594907,8.003458579078341,1.2186820966887568,0.8452418725866644,0.48434402378846536,1.7451234782497085,0.5721933382508535,1.3460363928046728,0.42509468259169386,WE,TT,0.0,3294.0,-0.07999999999999996,-1.0,-1.0,1.0,-3.0,-2.0,1.0,1.5999999999999943,0.0,-0.5,-0.3333333333333333,0.0,26.17757659555734,7.752012677684486,2.9215385625038834,7.0,1.1,27.378006366292702,7.97906159620892,3.440821577665943,4.0,1.15,26.140871904543552,6.999425946801904,5.142594064137839,17.0,1.15,25.89285627312104,6.999425946801904,4.894578432715328,17.0,0.9,25.992062525690045,6.999425946801904,4.993784685284332,17.0,1.0,26.346731592089387,7.368185645063963,4.2421746568975,12.103773584905662,23.261607582490036,6.794973390684747,2.8766874104357925,20.0,1.1,23.182589745330496,6.794973390684747,2.797669573276252,20.0,1.15,23.182589745330496,6.794973390684747,2.797669573276252,20.0,1.15,25.1244505323299,7.151300996117023,3.670547543978831,15.0,0.9,23.41964325680913,6.794973390684747,3.034723084754887,20.0,1.0,23.57346669639721,6.855481851984568,3.007021140443507,19.150943396226417,2.7732648956921757,0.5127037930793943,1.2351535164539933,-7.047169811320755,2.572419268880914,0.20445255611715663,1.959061600529445,-3.0,4.195416620962206,1.1840882055241728,0.643152004389691,-16.0,2.9582821592130557,0.20445255611715663,2.3449244908615867,-3.0,2.915969013067304,0.9570392869997386,0.04485115206809098,-13.0,0.7684057407911418,-0.15187504931511864,1.2240308887364968,2.0,0.5688906557376603
2024-07-17__TT__WE__G2,2024-07-17__TT__WE__G2,2024-07-17,1.0,0.46979194749840314,1.2372145438177267,0.37971713970610727,-1.174595789733111,6.761859462395603,-0.17370896608490102,9.218469846040477,63.362072928598394,0.1454887644054803,16.901369589448564,202.97771873758262,0.08326711725454056,0.5203086033176323,0.9779640325261914,0.5320319091303478,7.7666745985111305,21.859378466990375,0.3553016960174696,0.6700992901882685,2.098121376743199,0.3193804601752673,-0.4257253265099976,3.1500792553480665,-0.13514745403302664,-1.8872777104317606,25.108855577780485,-0.07516382534527137,-2.8587845602742377,7.901928205562246,-0.3617831147186071,-1.5427289619734372,4.691186306020372,-0.32885682479435363,-45.57745227979168,1221.6993159813917,-0.037306603716866844,-0.42694940577750273,1.2854063782516787,-0.3321510464318398,0.4964809793143594,2.3401797705708023,0.21215496920490498,-4.88571773815228,7.463055899534399,-0.6546536900257437,-93.99593121300995,284.82291920124334,-0.3300153342525825,-0.4187628788585043,0.825430022335082,-0.5073263150127987,-4.103048375652257,8.003458579078341,-0.5126593487618706,0.06844332324412328,0.48434402378846536,0.14131108999277234,-0.1654064671333444,1.3460363928046728,-0.12288400605921873,TT,WE,1.0,-286.0,0.07499999999999996,0.0,1.0,1.0,4.0,-2.0,1.0,8.200000000000003,0.0,0.0,1.0,1.0,23.899431065701226,6.731704758503942,3.7043167901893987,21.0,1.1,23.849405205051283,6.731704758503942,3.6542909295394566,21.0,1.15,23.849405205051283,6.731704758503942,3.6542909295394566,21.0,1.15,25.673672154592783,7.084714564305852,4.4195284616752275,16.0,0.9,23.99948278700112,6.731704758503942,3.804368511489294,21.0,1.0,24.19788563585357,6.791649819866532,3.822936176253979,20.150943396226417,25.449918745600733,7.679832963274165,2.4104198557782404,8.0,1.1,26.594992023115065,7.9047678081021715,2.8806885988085504,5.0,1.15,25.453992771669128,6.934253637766509,4.651231858369602,18.0,1.15,25.355298690871493,6.934253637766509,4.552537777571967,18.0,0.9,25.394776323190545,6.934253637766509,4.592015409891019,18.0,1.0,25.6727902413467,7.299579780020176,3.7740509012861754,13.103773584905662,-1.4749046054931298,-0.5079299601536444,0.04888527496780348,7.047169811320755,-1.395293536189424,-0.20254887926256693,-0.7876468984017251,3.0,-2.7455868180637815,-1.1730630495982295,0.7736023307309061,16.0,-1.6045875666178446,-0.20254887926256693,-0.9969409288301456,3.0,-1.5504876798995078,-0.9481282047702226,1.2938969344111584,13.0,0.31837346372129005,0.15046092653934284,-0.13300931589673937,-2.0,0.46319408194999745
2024-07-18__AL__WBG__G1,2024-07-18__AL__WBG__G1,2024-07-18,1.0,-0.40684819711426634,1.2372145438177267,-0.328841808646243,-0.1444952222422735,6.761859462395603,-0.021369151736544634,-12.890461046962344,63.362072928598394,-0.20344127405754392,-127.05545227057729,202.97771873758262,-0.6259576294129201,0.15309528257749072,0.9779640325261914,0.1565447408503234,-2.4559132489290505,21.859378466990375,-0.11235054739946758,0.616925884238448,2.098121376743199,0.2940371310447908,0.7905146350817134,3.1500792553480665,0.2509506333178695,-5.374117342102728,25.108855577780485,-0.21403273882485083,1.9323748455762662,7.901928205562246,0.2445446922273169,-3.6610518618808614,4.691186306020372,-0.7804105065646174,716.9685059868075,1221.6993159813917,0.5868616737531727,-0.03407742277431858,1.2854063782516787,-0.02651099048510855,0.6151938983128318,2.3401797705708023,0.2628830670045962,-4.045227592776186,7.463055899534399,-0.5420335992652766,-206.76816203741407,284.82291920124334,-0.7259533814600342,-0.24482491688196228,0.825430022335082,-0.29660251463456155,0.32011290912476653,8.003458579078341,0.03999681712163154,-0.11665667084941678,0.48434402378846536,-0.24085448413807975,-0.40604946334427794,1.3460363928046728,-0.3016628405086224,WBG,AL,1.0,4666.0,-0.00020000000000003348,1.0,1.0,1.0,4.0,6.0,1.0,17.0,0.0,1.0,1.0,1.0,24.700497067379633,6.305039995505401,5.78537708086343,28.0,1.1,24.686883297715084,6.305039995505401,5.771763311198882,28.0,1.15,26.041537807790636,6.56486917674723,6.346930277548946,24.0,1.15,25.5146372212682,6.449974789118608,6.1647128539123734,26.0,0.9,24.72772460670877,6.305039995505401,5.812604620192566,28.0,1.0,25.131911160622515,6.386029594124267,5.973822378249713,26.79245283018868,31.472808590965084,6.2687945559209775,12.66642492320215,27.0,1.1,31.767027163281696,6.2687945559209775,12.960643495518763,27.0,1.15,31.767027163281696,6.2687945559209775,12.960643495518763,27.0,1.15,30.295934301698715,6.2687945559209775,11.489550633935782,27.0,0.9,30.8843714463319,6.2687945559209775,12.077987778568968,27.0,1.0,31.289615894994387,6.2687945559209775,12.48323222723145,27.0,-6.1577047343718725,0.1172350382032894,-6.509409848981738,-0.2075471698113205,-6.156646839623132,0.03624543958442317,-6.265383158376402,1.0,-7.080143865566612,0.03624543958442317,-7.188880184319881,1.0,-5.72548935549106,0.2960746208262526,-6.613713217969817,-3.0,-6.772311523585451,0.03624543958442317,-6.88104784233872,1.0,-4.781297080430516,0.18118023319763044,-5.324837780023408,-1.0,0.3507440013344846
2024-07-18__AL__WBG__G2,2024-07-18__AL__WBG__G2,2024-07-18,0.0,1.1609859251410368,1.2372145438177267,0.9383861453587425,1.466119234238338,6.761859462395603,0.2168218706067352,48.466597238774625,63.362072928598394,0.7649149441255787,98.4270919424876,202.97771873758262,0.48491574380546754,0.5744169297178043,0.9779640325261914,0.5873593744287791,-1.1084330045333104,21.859378466990375,-0.05070743230415775,-0.1632483423364235,2.098121376743199,-0.07780687349125219,-0.47337753770507307,3.1500792553480665,-0.1502747547150247,1.8738083940213528,25.108855577780485,0.07462738847612588,4.546416346526378,7.901928205562246,0.5753552364561948,0.15146408555429058,4.691186306020372,0.032286940527808644,247.19620222971196,1221.6993159813917,0.20233800477231265,-0.5271869162473521,1.2854063782516787,-0.41013216912166395,-1.214078756043783,2.3401797705708023,-0.5187969969292809,-2.5330373133580864,7.463055899534399,-0.33941015691788656,-32.712401815480575,284.82291920124334,-0.11485171836721368,0.6721436375578609,0.825430022335082,0.8142941316361206,5.370534005705302,8.003458579078341,0.6710265670291247,0.32167310551510453,0.48434402378846536,0.6641404158527976,0.31758895659365827,1.3460363928046728,0.23594363595792356,AL,WBG,0.0,1490.0,-0.4,0.0,-1.0,1.0,-3.0,0.0,1.0,1.7999999999999972,0.0,,-0.5714285714285714,0.0,30.80124993344257,6.215463162280496,12.15486044660108,28.0,1.1,31.064943112235433,6.215463162280496,12.418553625393944,28.0,1.15,31.064943112235433,6.215463162280496,12.418553625393944,28.0,1.15,29.746477218271203,6.215463162280496,11.100087731429714,28.0,0.9,30.27386357585689,6.215463162280496,11.6274740890154,28.0,1.0,30.637063614571563,6.215463162280496,11.990674127730077,27.999999999999996,25.375938598799433,6.251400245961898,6.621737860913736,29.0,1.1,25.39302671692669,6.251400245961898,6.638825979040995,29.0,1.15,26.77678122741205,6.509018946030596,7.249724389320264,25.0,1.15,26.07997467238354,6.395102015512594,6.894668625845757,27.0,0.9,25.34176236254495,6.251400245961898,6.587561624659255,29.0,1.0,25.79670776648284,6.331700830428809,6.8016052751964144,27.792452830188683,4.840355848088723,-0.1162376681483126,5.189068852533663,0.20754716981131338,4.932101213311938,-0.035937083681401916,5.039912464356146,-1.0,5.671916395308742,-0.035937083681401916,5.779727646352949,-1.0,4.288161884823381,-0.29355578375009994,5.16882923607368,3.0,5.425311334643137,-0.035937083681401916,5.5331225856873445,-1.0,3.6665025458876634,-0.17963885323209805,4.205419105583957,1.0,0.6187003654569564
2024-07-18__BLG__LNG__G1,2024-07-18__BLG__LNG__G1,2024-07-18,0.0,0.5132747069033234,1.2372145438177267,0.41486280177137985,9.520591126129096,6.761859462395603,1.4079839681808703,35.57943079035664,63.362072928598394,0.5615256664491518,268.2247429819646,202.97771873758262,1.3214491882593609,-1.5063111419973767,0.9779640325261914,-1.5402505119292549,3.5493637899485293,21.859378466990375,0.16237257765291951,-1.6924502116831874,2.098121376743199,-0.8066499030005511,-0.6874397535643528,3.1500792553480665,-0.218229282380107,8.213790177589644,25.108855577780485,0.3271272091640466,1.605729586340665,7.901928205562246,0.20320728578666283,1.3447490700451254,4.691186306020372,0.2866543120798779,392.2399247057766,1221.6993159813917,0.32106093476006337,0.09428387137710637,1.2854063782516787,0.07334940888961188,-0.5984495763637376,2.3401797705708023,-0.25572792661558685,3.100517061827574,7.463055899534399,0.4154486698367538,128.14022375113927,284.82291920124334,0.4498943542205137,1.3320175681128275,0.825430022335082,1.613723657180524,12.775034723399664,8.003458579078341,1.5961890726348626,1.0493081519837755,0.48434402378846536,2.1664476776828705,-0.5496232379431163,1.3460363928046728,-0.4083268718099228,BLG,LNG,0.0,-5548.0,-0.02839999999999998,-1.0,-1.0,-1.0,-4.0,6.0,1.0,-9.400000000000006,0.0,-1.0,-1.0,0.0,30.66672842588865,6.835241456554689,10.161004056224584,19.0,1.1,30.92430699070177,6.835241456554689,10.418582621037704,19.0,1.15,30.92430699070177,6.835241456554689,10.418582621037704,19.0,1.15,29.636414166636165,6.835241456554689,9.1306897969721,19.0,0.9,30.151571296262407,6.835241456554689,9.645846926598342,19.0,1.0,30.506349319495573,6.835241456554689,10.00062494983151,19.0,28.485089497222777,6.68285238666465,8.436532337228826,22.0,1.1,28.643502656187447,6.68285238666465,8.594945496193496,22.0,1.15,28.643502656187447,6.68285238666465,8.594945496193496,22.0,1.15,27.85143686136409,6.68285238666465,7.802879701370138,22.0,0.9,28.16826317929343,6.68285238666465,8.119706019299478,22.0,1.0,28.38645488881081,6.68285238666465,8.337897728816857,22.0,2.119894430684763,0.15238906989003898,1.6627272210146522,-3.0,1.9833081169689777,0.15238906989003898,1.5261409072988634,-3.0,2.280804334514322,0.15238906989003898,1.8236371248442076,-3.0,2.280804334514322,0.15238906989003898,1.8236371248442076,-3.0,2.1816389286658726,0.15238906989003898,1.7244717189957584,-3.0,1.7849773052720757,0.15238906989003898,1.3278100956019614,-3.0,0.5527997756440534
2024-07-18__BLG__LNG__G2,2024-07-18__BLG__LNG__G2,2024-07-18,0.0,-0.5066289170526623,1.2372145438177267,-0.40949123181021213,-4.131021051290393,6.761859462395603,-0.6109296508355998,-22.930593109743995,63.362072928598394,-0.3618977676706744,-191.661267346228,202.97771873758262,-0.9442478100257261,1.0830492993519538,0.9779640325261914,1.1074519674331487,-1.402675436796585,21.859378466990375,-0.0641681269550561,1.5557517953771374,2.098121376743199,0.7414971655714601,0.9108382073084074,3.1500792553480665,0.28914761957636687,4.541448492957123,25.108855577780485,0.18087038248392304,2.8028358198866705,7.901928205562246,0.35470272473635,-0.5593760556129155,4.691186306020372,-0.11923976151944472,-130.4171168425299,1221.6993159813917,-0.10675058504965698,0.08422829376075569,1.2854063782516787,0.06552653671189995,1.0179510416920827,2.3401797705708023,0.4349882088142235,-9.144300174924275,7.463055899534399,-1.2252754197137055,-257.55992225442867,284.82291920124334,-0.9042808846719504,0.1661659897123675,0.825430022335082,0.20130814715722276,1.0141940437439843,8.003458579078341,0.1267194559706612,0.19572902926881008,0.48434402378846536,0.40411074679337167,-0.8875825061505509,1.3460363928046728,-0.659404048427762,LNG,BLG,0.0,-156.0,0.06699999999999995,0.0,1.0,-1.0,-3.0,6.0,1.0,-2.200000000000003,0.0,-1.0,-1.0,0.0,29.094645581724517,6.619552393864786,9.23598840013016,23.0,1.1,29.280765835439265,6.619552393864786,9.422108653844909,23.0,1.15,29.280765835439265,6.619552393864786,9.422108653844909,23.0,1.15,28.350164566865512,6.619552393864786,8.491507385271156,23.0,0.9,28.72240507429501,6.619552393864786,8.863747892700655,23.0,1.0,28.97875938601533,6.619552393864786,9.120102204420975,23.000000000000004,30.04327263518535,6.770498034142932,9.731778532756554,20.0,1.1,30.272512300421045,6.770498034142932,9.96101819799225,20.0,1.15,30.272512300421045,6.770498034142932,9.96101819799225,20.0,1.15,29.126313974242557,6.770498034142932,8.81481987181376,20.0,0.9,29.58479330471395,6.770498034142932,9.273299202285155,20.0,1.0,29.900538504000853,6.770498034142933,9.58904440157206,20.0,-0.9217791179855226,-0.15094564027814705,-0.468942197151085,3.0000000000000036,-0.8623882304189401,-0.15094564027814616,-0.4095513095845007,3.0,-0.9917464649817802,-0.15094564027814616,-0.5389095441473408,3.0,-0.9917464649817802,-0.15094564027814616,-0.5389095441473408,3.0,-0.9486270534608323,-0.15094564027814616,-0.49579013262639293,3.0,-0.7761494073770443,-0.15094564027814616,-0.3233124865426049,3.0,0.4769718251622549
2024-07-18__BLG__LNG__G3,2024-07-18__BLG__LNG__G3,2024-07-18,1.0,-0.4741884728254995,1.2372145438177267,-0.38327070428025556,-4.314745101959275,6.761859462395603,-0.6381002870370738,-35.410200037071206,63.362072928598394,-0.5588548139534438,-182.04596293281003,202.97771873758262,-0.896876579203698,0.7307652298464706,0.9779640325261914,0.7472304280234064,11.061107847916617,21.859378466990375,0.5060119782732113,0.7565805898043436,2.098121376743199,0.3605988850749222,0.010734116726910603,3.1500792553480665,0.0034075692861115824,-5.751041018902228,25.108855577780485,-0.22904432151607737,2.1814580719583745,7.901928205562246,0.27606651682260386,-2.0183484949620283,4.691186306020372,-0.43024257257257836,-102.81169775778899,1221.6993159813917,-0.08415466582384523,0.05495946352066916,1.2854063782516787,0.04275645561909033,0.2989233363296613,2.3401797705708023,0.12773514768124078,-9.019145527168309,7.463055899534399,-1.2085055291124727,-266.99725881064603,284.82291920124334,-0.9374149335383456,1.1634499655410901,0.825430022335082,1.4095059842187394,6.646415750136285,8.003458579078341,0.8304428459300934,0.9490885030802971,0.48434402378846536,1.9595297906783193,0.06518593537301598,1.3460363928046728,0.04842802712723397,LNG,BLG,1.0,-322.0,,-1.0,-1.0,1.0,3.0,0.0,1.0,15.599999999999994,0.0,,0.5,1.0,28.573684483859804,6.5518325078274025,8.918186960377597,24.0,1.1,28.736124687671612,6.5518325078274025,9.080627164189405,24.0,1.15,28.736124687671612,6.5518325078274025,9.080627164189405,24.0,1.15,27.923923668612566,6.5518325078274025,8.26842614513036,24.0,0.9,28.248804076236183,6.5518325078274025,8.593306552753976,24.0,1.0,28.47254247016566,6.5518325078274025,8.81704494668345,24.0,30.57611320794478,6.701233931676814,10.472411412914337,21.0,1.1,30.829572899214995,6.701233931676814,10.725871104184552,21.0,1.15,30.829572899214995,6.701233931676814,10.725871104184552,21.0,1.15,29.56227444286391,6.701233931676814,9.458572647833467,21.0,0.9,30.069193825404344,6.701233931676814,9.965492030373902,21.0,1.0,30.418298683191622,6.701233931676813,10.314596888161182,21.000000000000004,-1.9457562130259625,-0.1494014238494108,-1.497551941477731,2.9999999999999964,-1.8203897491681609,-0.14940142384941169,-1.3721854776199258,3.0,-2.0934482115433823,-0.14940142384941169,-1.6452439399951473,3.0,-2.0934482115433823,-0.14940142384941169,-1.6452439399951473,3.0,-2.002428724084975,-0.14940142384941169,-1.5542244525367401,3.0,-1.638350774251343,-0.14940142384941169,-1.190146502703108,3.0,0.451508986052027
2024-07-18__RNG__UP__G1,2024-07-18__RNG__UP__G1,2024-07-18,0.0,0.5642997130146084,1.2372145438177267,0.45610460993185203,2.9628907513156655,6.761859462395603,0.4381768549932436,10.40085375188562,63.362072928598394,0.16414951574353706,67.92604864130811,202.97771873758262,0.3346478063165037,-0.6739715097103085,0.9779640325261914,-0.6891570631818664,2.320473610301306,21.859378466990375,0.10615459664833714,-0.95892512179379,2.098121376743199,-0.4570396524164034,-0.9282093463006482,3.1500792553480665,-0.2946621263775028,9.841895549330744,25.108855577780485,0.39196908544374365,-0.12481369821115607,7.901928205562246,-0.015795345030843667,1.7352159402754905,4.691186306020372,0.36988843699517704,-257.15941186624013,1221.6993159813917,-0.2104932108021773,0.6000593234866631,1.2854063782516787,0.46682424081213997,-0.0021094466049405014,2.3401797705708023,-0.0009014032725454702,7.8212241313563915,7.463055899534399,1.0479920274819743,170.15016805299558,284.82291920124334,0.5973893109893508,-0.009446300205274927,0.825430022335082,-0.011444081879249045,-4.348650041862932,8.003458579078341,-0.5433462865522103,-0.0686353405761928,0.48434402378846536,-0.14170753740657582,0.6142390885963067,1.3460363928046728,0.4563313707923422,RNG,UP,0.0,-264.0,-0.19999999999999996,0.0,1.0,-1.0,1.0,0.0,-1.0,-2.6000000000000014,0.0,,-0.6666666666666667,0.0,18.131478519979723,6.708180696749528,-1.993063570268859,21.0,1.1,25.0,8.333333333333334,0.0,0.0,1.15,23.684786873000576,8.160858336337375,-0.7977881360115475,2.0,1.15,25.0,8.333333333333334,0.0,0.0,0.9,21.86615667062835,7.282331329186022,0.01916268307028446,13.0,1.0,22.697790178595607,7.760311418062607,-0.5831440755922153,7.245283018867926,20.863260556640558,6.474364566480697,1.4401668571984665,25.0,1.1,20.675226945578768,6.474364566480697,1.252133246136676,25.0,1.15,20.675226945578768,6.474364566480697,1.252133246136676,25.0,1.15,21.615395000887727,6.474364566480697,2.192301301445635,25.0,0.9,21.239327778764146,6.474364566480697,1.8162340793220544,25.0,1.0,20.980338088056392,6.4743645664806975,1.5572443886143006,25.0,1.717452090539215,1.28594685158191,-2.1403884642065156,-17.754716981132074,0.6268288918642035,0.8079667627053251,-1.79707139625177,-12.0,4.324773054421232,1.8589687668526373,-1.252133246136676,-25.0,3.009559927421808,1.6864937698566784,-2.0499213821482236,-23.0,-2.731782036660835,0.2338161302688313,-3.4332304274673255,-4.0,3.3846049991122733,1.8589687668526373,-2.192301301445635,-25.0,0.5428310737166901
2024-07-18__RNG__UP__G2,2024-07-18__RNG__UP__G2,2024-07-18,0.0,-0.35623206964716747,1.2372145438177267,-0.28793048343696653,-2.327127336344187,6.761859462395603,-0.34415488892234974,-57.94967532592034,63.362072928598394,-0.914579838267649,-33.84949977920439,202.97771873758262,-0.16676460757843928,1.4791809596644745,0.9779640325261914,1.5125090473261473,0.18349290964576426,21.859378466990375,0.00839424147070849,2.2999054007085995,2.098121376743199,1.0961731432837665,1.2803369235874857,3.1500792553480665,0.40644581083729103,-2.0774370420034245,25.108855577780485,-0.08273722204625619,3.5341695565931204,7.901928205562246,0.44725401413434374,0.28992759392589207,4.691186306020372,0.0618026045461492,-19.935317657049033,1221.6993159813917,-0.016317695671882477,-0.7104122804966195,1.2854063782516787,-0.5526748115160757,-0.1679729222747639,2.3401797705708023,-0.07177775511495763,-6.992117248497827,7.463055899534399,-0.9368972182074677,-142.0767870565403,284.82291920124334,-0.4988249785380864,0.4761445406237397,0.825430022335082,0.5768435250673796,4.093992903320391,8.003458579078341,0.511527904010711,0.18984957563580895,0.48434402378846536,0.3919717687008271,0.6336518987355078,1.3460363928046728,0.4707535631051067,UP,RNG,0.0,1348.0,0.25,1.0,1.0,-1.0,-1.0,2.0,1.0,1.2000000000000028,0.0,0.5,-0.6000000000000001,0.0,21.4431507910678,6.412393960676046,2.2059689090396617,26.0,1.1,21.281475827025428,6.412393960676046,2.044293944997289,26.0,1.15,21.281475827025428,6.412393960676046,2.044293944997289,26.0,1.15,22.089850647237288,6.412393960676046,2.852668765209149,26.0,0.9,21.766500719152546,6.412393960676046,2.529318837124407,26.0,1.0,21.543816334716826,6.412393960676046,2.3066344526886855,26.000000000000004,17.530646046479873,6.643972075601306,-2.4012701803240475,22.0,1.1,25.0,8.333333333333334,0.0,0.0,1.15,19.012578246050623,6.849954196280643,-1.537284342791306,19.0,1.15,22.474368780424964,7.753697850161361,-0.78672477005912,7.0,0.9,21.27319531044094,7.212627116594058,-0.3646860393412368,14.0,1.0,21.018547706964053,7.350963230935244,-1.0343419858416791,12.518867924528301,0.5252686277527729,-0.9385692702591983,3.3409764385303644,13.481132075471702,0.4933054087116062,-0.8002331559180123,2.894004876465644,12.0,-3.718524172974572,-1.9209393726572879,2.044293944997289,26.0,2.268897580974805,-0.43756023560459667,3.581578287788595,7.0,3.9125047445879275,-0.23157811492526026,4.607239089363709,4.0,-0.3845181331876759,-1.3413038894853146,3.639393535268269,19.0,0.5131286972482888
2024-07-18__RNG__UP__G3,2024-07-18__RNG__UP__G3,2024-07-18,0.0,-0.10537782765671277,1.2372145438177267,-0.08517337838445199,-10.798208549035182,6.761859462395603,-1.5969286277181731,-18.304083383916804,63.362072928598394,-0.28888074914566964,-296.4402112919446,202.97771873758262,-1.4604568997779355,3.5287807596982974,0.9779640325261914,3.608289296993644,6.92731200932046,21.859378466990375,0.3169034152950829,4.596870266736222,2.098121376743199,2.1909447788606555,1.783046798825229,3.1500792553480665,0.5660321814969796,5.641577772882734,25.108855577780485,0.22468477429096154,5.721110168096512,7.901928205562246,0.7240143538706175,0.15082799458806484,4.691186306020372,0.03215134778236242,140.7019786376388,1221.6993159813917,0.11516907366805207,-0.08329677878704622,1.2854063782516787,-0.06480185207925342,0.45168531112488,2.3401797705708023,0.19301300002337327,-7.048805214381662,7.463055899534399,-0.9444930286973183,-201.45123741863847,284.82291920124334,-0.7072859068936653,0.5007964658572308,0.825430022335082,0.6067090432832478,5.5924094536269,8.003458579078341,0.6987490095215685,0.19639468846583985,0.48434402378846536,0.40548509599556454,0.2469274262232961,1.3460363928046728,0.18344767206562176,UP,RNG,0.0,8772.0,0.15000000000000002,1.0,1.0,-1.0,1.0,4.0,1.0,12.0,0.0,1.0,0.25,0.0,20.90023753678586,6.34911188485875,1.8529018822096077,27.0,1.1,20.713884697548853,6.34911188485875,1.6665490429726013,27.0,1.15,20.713884697548853,6.34911188485875,1.6665490429726013,27.0,1.15,21.64564889373388,6.34911188485875,2.59831323915763,27.0,0.9,21.272943215259872,6.34911188485875,2.2256075606836205,27.0,1.0,21.016268549895695,6.34911188485875,1.9689328953194412,27.0,18.093166147871578,6.57840462182436,-1.6420477176014998,23.0,1.1,25.737622502294414,8.251094058104025,0.9843403279823377,1.0,1.15,19.618899888634143,6.782353964065912,-0.7281620035635932,20.0,1.15,23.011485838780835,7.677178831176041,-0.020050654747286956,8.0,0.9,21.828346203852277,7.141447769405903,0.40400289563456937,15.0,1.0,21.62286169263804,7.278418684333314,-0.21239436036190232,13.518867924528303,-0.6065931427423443,-0.9293067994745634,2.1813272556813437,13.481132075471697,-0.5554029885924052,-0.7923358845471524,1.8216046650490512,12.0,-5.023737804745561,-1.9019821732452744,0.6822087149902636,26.0,1.0949848089147096,-0.4332420792071616,2.3947110465361945,7.0,2.807071388914281,-0.22929273696560948,3.4949495998111075,4.0,-1.3658369450469543,-1.328066946317291,2.6183638939049168,19.0,0.4848398197028831
2024-07-19__EDG__iG__G1,2024-07-19__EDG__iG__G1,2024-07-19,1.0,-0.9064448888025094,1.2372145438177267,-0.7326491275767967,2.0931662359792025,6.761859462395603,0.30955478120553115,-15.085429101816374,63.362072928598394,-0.23808294404655816,62.1641801164983,202.97771873758262,0.3062611019419596,0.5037443058083966,0.9779640325261914,0.5150943940267164,-3.5174034729739247,21.859378466990375,-0.16091049054185275,-0.24453134148641098,2.098121376743199,-0.11654770198199002,0.5644995821386942,3.1500792553480665,0.17920165087232678,0.3578705569538201,25.108855577780485,0.014252762002333054,3.3336227750095198,7.901928205562246,0.42187454332834945,0.08801104888569533,4.691186306020372,0.01876093260500333,-335.27828267664313,1221.6993159813917,-0.27443600730256434,-1.9354764975933865,1.2854063782516787,-1.5057300357384649,-1.550542600376673,2.3401797705708023,-0.6625738574881436,8.34741652771896,7.463055899534399,1.118498309752902,325.3467327253811,284.82291920124334,1.1422772173514177,-0.08724731774397299,0.825430022335082,-0.10569910190333882,-0.36049297109101275,8.003458579078341,-0.04504214302941807,-0.19567793056741212,0.48434402378846536,-0.40400524617111216,0.2579512094022771,1.3460363928046728,0.19163747662670552,iG,EDG,1.0,-2482.0,-0.0666000000000001,0.0,1.0,1.0,4.0,-6.0,-1.0,0.0,0.0,,0.75,1.0,20.882367405464894,6.273467881039527,2.0619637623463127,28.0,1.1,20.69520228753149,6.273467881039527,1.874798644412909,28.0,1.15,20.69520228753149,6.273467881039527,1.874798644412909,28.0,1.15,21.631027877198555,6.273467881039527,2.810624234079974,28.0,0.9,23.319085117933202,7.314138746886823,1.3766688772727314,13.0,1.0,21.388033889574665,6.469820874595621,1.9785712657878007,25.169811320754715,20.926575547427692,6.5267871017619585,1.3462142421418157,24.0,1.1,20.741419890492587,6.5267871017619585,1.1610585852067103,24.0,1.15,20.741419890492587,6.5267871017619585,1.1610585852067103,24.0,1.15,21.667198175168117,6.5267871017619585,2.086836869882241,24.0,0.9,21.296886861297914,6.5267871017619585,1.7165255560120372,24.0,1.0,21.041861145142004,6.526787101761959,1.4614998398561294,24.0,0.34617274443266055,-0.05696622716633826,0.5170714259316713,1.1698113207547145,2.0221982566352885,0.7873516451248648,-0.3398566787393058,-11.0,-0.04621760296109656,-0.25331922072243174,0.7137400592061987,4.0,-0.04621760296109656,-0.25331922072243174,0.7137400592061987,4.0,-0.04420814196279821,-0.25331922072243174,0.715749520204497,4.0,-0.03617029796956217,-0.25331922072243174,0.723787364197733,4.0,0.5086534544683756
2024-07-19__EDG__iG__G2,2024-07-19__EDG__iG__G2,2024-07-19,0.0,-2.1926088764902705,1.2372145438177267,-1.7722125198366387,-14.41716775658197,6.761859462395603,-2.1321303266696265,-90.25125012698084,63.362072928598394,-1.4243733598222081,-267.0471755298146,202.97771873758262,-1.3156477266325752,-0.9101476577302625,0.9779640325261914,-0.9306546016060011,-6.347219420375069,21.859378466990375,-0.2903659470279081,-1.0661128111333156,2.098121376743199,-0.508127086842372,-0.7266372074394694,3.1500792553480665,-0.2306726015014433,-0.7609202582367232,25.108855577780485,-0.03030485501717678,4.612232126279256,7.901928205562246,0.5836843138296735,0.608873849108396,4.691186306020372,0.12979099093464164,-170.26367788636145,1221.6993159813917,-0.139366270832543,0.7834986749355597,1.2854063782516787,0.6095333574335164,0.12150284404035006,2.3401797705708023,0.05192028135959507,5.497985719238908,7.463055899534399,0.7366935283023118,85.69120332222815,284.82291920124334,0.3008578216306557,0.7938811353171409,0.825430022335082,0.9617776820058339,4.430415416726028,8.003458579078341,0.5535625404178307,0.6227664119307681,0.48434402378846536,1.2857908749832794,0.830528806700066,1.3460363928046728,0.617017633491989,EDG,iG,0.0,3498.0,-0.09999999999999998,1.0,1.0,1.0,1.0,0.0,1.0,-8.799999999999997,0.0,,-1.0,0.0,20.39743468860896,6.46095443819424,1.0145713740262394,25.0,1.1,20.188227174454823,6.46095443819424,0.8053638598721022,25.0,1.15,20.188227174454823,6.46095443819424,0.8053638598721022,25.0,1.15,21.23426474522552,6.46095443819424,1.8514014306427988,25.0,0.9,20.81584971691725,6.46095443819424,1.432986402334528,25.0,1.0,20.52769597100682,6.46095443819424,1.144832656424103,25.0,21.390971122820535,6.210190330542457,2.760400131193162,29.0,1.1,21.226924355676026,6.210190330542457,2.596353364048653,29.0,1.15,21.226924355676026,6.210190330542457,2.596353364048653,29.0,1.15,22.047158191398626,6.210190330542457,3.4165871997712536,29.0,0.9,23.85815163895648,7.240364433751739,2.137058337701262,14.0,1.0,21.896714766862768,6.404562802846095,2.683026358324485,26.169811320754715,-1.369018795855947,0.056391635348145286,-1.5381937019003822,-1.1698113207547145,-3.042301922039229,-0.7794099955574989,-0.7040719353667342,11.0,-1.0386971812212025,0.2507641076517828,-1.790989504176551,-4.0,-1.0386971812212025,0.2507641076517828,-1.790989504176551,-4.0,-0.993536434211574,0.2507641076517828,-1.7458287571669224,-4.0,-0.8128934461731063,0.2507641076517828,-1.5651857691284548,-4.0,0.46582788494273236
2024-07-19__FPX__LGD__G1,2024-07-19__FPX__LGD__G1,2024-07-19,1.0,0.1340458962326636,1.2372145438177267,0.10834482067613918,13.181777582067491,6.761859462395603,1.949430582807003,17.137657011120496,63.362072928598394,0.2704718445679764,414.45989999400194,202.97771873758262,2.0418984927500006,0.8569738045696784,0.9779640325261914,0.8762826645815962,-2.494833539037927,21.859378466990375,-0.11413103207276994,0.3748118179940967,2.098121376743199,0.17864154262340817,0.2671085802894777,3.1500792553480665,0.08479421431755353,-2.5605285850970034,25.108855577780485,-0.10197710824326764,-2.7200837398728765,7.901928205562246,-0.34423033529054936,-0.5742017843989489,4.691186306020372,-0.12240009766014986,197.0500609029867,1221.6993159813917,0.16129178281761128,0.823000021479082,1.2854063782516787,0.6402639625411745,-0.5322070243305461,2.3401797705708023,-0.2274213304473626,3.229824913592548,7.463055899534399,0.4327750621590529,195.1440419050606,284.82291920124334,0.6851416373625423,-0.48840688450500824,0.825430022335082,-0.5916992108236276,-3.4492108460047177,8.003458579078341,-0.43096498606942685,-0.2926682953807531,0.48434402378846536,-0.604255811469995,0.20772913836259121,1.3460363928046728,0.15432642471377123,LGD,FPX,1.0,7188.0,0.07139999999999991,1.0,1.0,-1.0,1.0,2.0,-1.0,21.0,0.0,0.0,0.0,1.0,23.761596622219386,8.159678193559316,-0.7174379584585608,2.0,1.1,23.22393483438248,6.828991553830998,2.7369601728894857,19.0,1.15,23.22393483438248,6.828991553830998,2.7369601728894857,19.0,1.15,23.61003595734281,6.828991553830998,3.1230612958498156,19.0,0.9,25.117725987545704,7.139701912099938,3.698620251245888,15.0,1.0,23.758408443900993,7.163796395712148,2.2670192567645513,14.716981132075473,24.860112721973973,6.6492027968951914,4.9125043312884,22.0,1.1,24.853754209336426,6.6492027968951914,4.906145818650852,22.0,1.15,24.853754209336426,6.6492027968951914,4.906145818650852,22.0,1.15,24.885546772524155,6.6492027968951914,4.937938381838581,22.0,0.9,22.09203730527715,7.22432259835872,0.4190695102009876,14.0,1.0,24.339393976640388,6.75771596698265,4.066246075692436,20.49056603773585,-0.580985532739394,0.40608042872949834,-1.7992268189278846,-5.7735849056603765,3.025688682268555,-0.0846206862587815,3.2795507410449005,1.0,-1.6298193749539465,0.17978875693580676,-2.1691856457613667,-3.0,-1.6298193749539465,0.17978875693580676,-2.1691856457613667,-3.0,-1.0985160997545869,1.5104753966641242,-5.62994228974696,-20.0,-1.2755108151813452,0.17978875693580676,-1.8148770859887655,-3.0,0.48547944589230696
2024-07-19__FPX__LGD__G2,2024-07-19__FPX__LGD__G2,2024-07-19,1.0,-0.05312591082696283,1.2372145438177267,-0.04293989927012235,-11.949210687283243,6.761859462395603,-1.7671483689638068,-8.178340659451976,63.362072928598394,-0.12907312138595722,-361.3445237248858,202.97771873758262,-1.780217672126999,0.02205047909412805,0.9779640325261914,0.02254730829912112,-9.101734577824743,21.859378466990375,-0.41637662183270935,0.6175616531422286,2.098121376743199,0.2943401490721603,1.5115277707898498,3.1500792553480665,0.47983786070962636,-2.1000249855304745,25.108855577780485,-0.08363682268944274,-2.8167302031437025,7.901928205562246,-0.3564610780315493,0.5458746209149359,4.691186306020372,0.11636171939124985,410.31405872119296,1221.6993159813917,0.3358551920410402,0.12394240987639016,1.2854063782516787,0.09642266877677952,1.3114747016770103,2.3401797705708023,0.5604159807522576,-1.8425003177988977,7.463055899534399,-0.2468827911406982,-165.93571912221796,284.82291920124334,-0.5825925771878719,0.11277672044206044,0.825430022335082,0.13662767377342278,2.819848184316214,8.003458579078341,0.3523286594321679,0.06892491919938637,0.48434402378846536,0.14230541414520426,-0.29075719363505925,1.3460363928046728,-0.21600974474358592,FPX,LGD,1.0,-5084.0,-0.37339999999999995,-2.0,-1.0,-1.0,-4.0,-6.0,-1.0,-9.200000000000003,0.0,,-0.125,1.0,24.29562272324754,6.583676270016093,4.544593913199261,23.0,1.1,24.263605574304243,6.583676270016093,4.512576764255964,23.0,1.15,24.263605574304243,6.583676270016093,4.512576764255964,23.0,1.15,24.42369131902071,6.583676270016093,4.672662508972429,23.0,0.9,21.53447793532311,7.1531283840469415,0.07509278318228496,15.0,1.0,23.782505271493168,6.6911200651162535,3.709145076144411,21.49056603773585,24.454319776225336,8.079266242110831,0.21652104989284382,3.0,1.1,23.830040583784722,6.7616932457062715,3.5449608466659086,20.0,1.15,23.830040583784722,6.7616932457062715,3.5449608466659086,20.0,1.15,24.084379587309783,6.7616932457062715,3.7992998501909696,20.0,0.9,25.668754495142316,7.069341617258213,4.460729643367678,16.0,1.0,24.349724758542234,7.093198654686829,3.0701287944817484,15.716981132075471,-0.5672194870490657,-0.40207858957057585,0.6390162816626628,5.773584905660378,-4.134276559819206,0.08378676678872843,-4.385636860185393,-1.0,0.43356499051952113,-0.17801697569017882,0.9676159175900558,3.0,0.43356499051952113,-0.17801697569017882,0.9676159175900558,3.0,-0.15869705297779646,-1.4955899720947388,4.328072863306417,20.0,0.3393117317109251,-0.17801697569017882,0.8733626587814598,3.0,0.4858233136016105
2024-07-19__FPX__LGD__G3,2024-07-19__FPX__LGD__G3,2024-07-19,0.0,0.2856185322965876,1.2372145438177267,0.23085591974963623,0.25835717392455493,6.761859462395603,0.038208001386799355,-1.2567791157903798,63.362072928598394,-0.019834879729578016,82.94017031434356,202.97771873758262,0.40861711532463657,0.9457359816778661,0.9779640325261914,0.9670447819948387,-2.1866655513810684,21.859378466990375,-0.10003328569702218,0.24663761783677174,2.098121376743199,0.11755158830135248,0.3363671656231313,3.1500792553480665,0.10678050664012831,3.289206161625053,25.108855577780485,0.1309978473705474,1.9412514245117052,7.901928205562246,0.24566803549002172,-0.3206614353586765,4.691186306020372,-0.06835400388877247,90.07127581851249,1221.6993159813917,0.07372622262003312,0.4537632171713426,1.2854063782516787,0.35301121251421447,-0.9115558032705735,2.3401797705708023,-0.3895236704505663,3.2766050603825825,7.463055899534399,0.439043290770971,165.23922991908057,284.82291920124334,0.5801472360522454,0.11660522605726564,0.825430022335082,0.1412658634120611,1.8578041643778604,8.003458579078341,0.2321251386380839,0.029674376075613518,0.48434402378846536,0.06126701962065293,-0.30783871230345383,1.3460363928046728,-0.22869997070588452,LGD,FPX,0.0,-3028.0,-0.2799999999999999,0.0,-1.0,-1.0,-2.0,2.0,-1.0,0.0,0.0,-0.3333333333333333,-0.3333333333333333,0.0,23.768881669317015,7.999618951928158,-0.22997518646745974,4.0,1.1,23.23030896653759,6.695034897295874,3.1452042746499664,21.0,1.15,23.23030896653759,6.695034897295874,3.1452042746499664,21.0,1.15,23.615024408594635,6.695034897295874,3.5299197167070133,21.0,0.9,25.123520897975308,6.999650399477141,4.124569699543883,17.0,1.0,23.76462704245201,7.023272248668851,2.6948102964454552,16.71698113207547,24.854176243305577,6.518772854454217,5.297857679942926,24.0,1.1,24.847547890728553,6.518772854454217,5.291229327365901,24.0,1.15,24.847547890728553,6.518772854454217,5.291229327365901,24.0,1.15,24.880689653613647,6.518772854454217,5.324371090250995,24.0,0.9,22.08617371280684,7.082611176785153,0.8383401824513825,16.0,1.0,24.333537437239798,6.625157443573261,4.458065106520013,22.49056603773585,-0.5689103947877889,0.39811480509558983,-1.7632548100745575,-5.773584905660378,3.0373471851684677,-0.08296077730801166,3.286229517092501,1.0,-1.6172389241909642,0.1762620428416568,-2.1460250527159346,-3.0,-1.6172389241909642,0.1762620428416568,-2.1460250527159346,-3.0,-1.0852945739885627,1.4808460974739415,-5.527832866410385,-20.0,-1.2656652450190116,0.1762620428416568,-1.794451373543982,-3.0,0.4857810749930947
2024-07-19__JDG__NIP__G1,2024-07-19__JDG__NIP__G1,2024-07-19,0.0,-0.662375582856308,1.2372145438177267,-0.5353760597061273,-0.4853396023779233,6.761859462395603,-0.07177604522853114,-21.97304335537251,63.362072928598394,-0.34678541898949755,-60.955379715763456,202.97771873758262,-0.3003057665371791,-1.4454581325894251,0.9779640325261914,-1.4780263961541116,4.236036577865406,21.859378466990375,0.19378576524837773,-0.6893919831652866,2.098121376743199,-0.32857567833359275,-1.1354778004659627,3.1500792553480665,-0.36045995924649815,10.180891311125208,25.108855577780485,0.40547012882038436,5.372919181878704,7.901928205562246,0.6799503060716683,-0.14043829578618627,4.691186306020372,-0.02993662086481959,-707.9120922868408,1221.6993159813917,-0.5794487092257442,-0.10386322596749231,1.2854063782516787,-0.08080179694375166,0.5417367133004731,2.3401797705708023,0.2314935325138733,-8.737732798830237,7.463055899534399,-1.1707980947291667,-222.55687079063455,284.82291920124334,-0.7813868021344127,0.115810731045352,0.825430022335082,0.1403033420257603,2.9614395217821325,8.003458579078341,0.370019926073415,-0.20967986958532503,0.48434402378846536,-0.4329142641855683,-0.132564113702756,1.3460363928046728,-0.09848471848656344,NIP,JDG,0.0,1818.0,0.0,0.0,1.0,-1.0,-2.0,0.0,1.0,-10.400000000000006,0.0,,-0.3333333333333333,0.0,24.06878349106393,6.256496689203536,5.299293423453321,28.0,1.1,23.859247866806378,6.643703400426817,3.9281376655259237,22.0,1.15,22.63335747865017,6.514325412472032,3.0903812412340734,24.0,1.15,24.238095583597747,6.256496689203536,5.468605515987139,28.0,0.9,24.067362904632052,6.514325412472032,4.524386667215957,24.0,1.0,23.740340927795355,6.44510413692694,4.405028517014534,25.07547169811321,30.944551473179942,6.558533507055978,11.268950952012005,23.0,1.1,31.21475835832449,6.558533507055978,11.539157837156555,23.0,1.15,31.21475835832449,6.558533507055978,11.539157837156555,23.0,1.15,29.863723932601772,6.558533507055978,10.188123411433835,23.0,0.9,27.320792277326074,6.989739269749758,6.351574468076802,17.0,1.0,30.194546162511685,6.639893084922729,10.274866907743498,21.867924528301888,-6.45420523471633,-0.19478894799578939,-5.8698383907289635,3.2075471698113205,-3.253429372694022,-0.4754138572777258,-1.8271878008608446,7.0,-7.355510491518114,0.08516989337083913,-7.611020171630631,-1.0,-8.581400879674323,-0.044208094583946256,-8.448776595922482,1.0,-6.875767982116013,-0.30203681785244196,-5.969657528558685,5.0,-5.625628349004025,-0.30203681785244196,-4.719517895446696,5.0,0.344022252640357
2024-07-19__JDG__NIP__G2,2024-07-19__JDG__NIP__G2,2024-07-19,1.0,-1.0810359364584494,1.2372145438177267,-0.8737652399052898,-6.4006802967821415,6.761859462395603,-0.9465856819107589,-39.67397328571616,63.362072928598394,-0.6261470123346036,-172.53587203582708,202.97771873758262,-0.8500236984575847,0.951216090056632,0.9779640325261914,0.972648365146079,6.271951421326975,21.859378466990375,0.28692266543056194,0.3156161223236609,2.098121376743199,0.1504278901088575,-0.39614840583812994,3.1500792553480665,-0.12575819462553905,-1.985994734734824,25.108855577780485,-0.07909538726236881,1.3990495366372464,7.901928205562246,0.17705164147160943,0.19231323115055066,4.691186306020372,0.040994575276017665,802.7188760999952,1221.6993159813917,0.6570510967325209,0.5406421607225163,1.2854063782516787,0.4205998579670983,0.1921917906173647,2.3401797705708023,0.08212689935508122,-7.287392719194148,7.463055899534399,-0.9764621678884413,-282.45309015726923,284.82291920124334,-0.99167963715034,-0.15273969237146057,0.825430022335082,-0.18504234543956383,-3.2554714324302836,8.003458579078341,-0.40675802760850277,0.2000540071683239,0.48434402378846536,0.41304028604141546,0.16018063194798238,1.3460363928046728,0.11900162120624433,JDG,NIP,1.0,7230.0,0.15999999999999992,0.0,1.0,1.0,4.0,2.0,1.0,21.0,0.0,1.0,0.39999999999999997,1.0,31.31683791591386,6.482718319161285,11.868682958430007,24.0,1.1,31.60396691209177,6.482718319161285,12.155811954607916,24.0,1.15,31.60396691209177,6.482718319161285,12.155811954607916,24.0,1.15,30.16832193120225,6.482718319161285,10.720166973718396,24.0,0.9,27.681486154668285,6.9089394391929915,6.9546678370893105,18.0,1.0,30.560494622276725,6.563137398412551,10.871082427039072,22.867924528301884,23.713641767095567,6.18417297971205,5.161122827959417,29.0,1.1,23.464985004634986,6.566903667517307,3.7642740020830665,23.0,1.15,22.24677240291183,6.439021260313261,2.929708621972047,25.0,1.15,23.947525082169086,6.18417297971205,5.395006143032937,29.0,0.9,23.731201969207408,6.439021260313261,4.414138188267625,25.0,1.0,23.38443424634784,6.370600167309909,4.272633744418115,26.075471698113205,7.176060375928884,0.19253723110264254,6.598448682620957,-3.2075471698113205,3.950284185460877,0.4699181788797304,2.5405296488216855,-7.0,8.138981907456785,-0.08418534835602198,8.39153795252485,1.0,9.35719450917994,0.043697058848024106,9.22610333263587,-1.0,7.603196148818295,0.2985453394492348,6.70756013047059,-5.0,6.220796849033164,0.2985453394492348,5.3251608306854585,-5.0,0.6720796325533284
2024-07-20__BLG__JDG__G1,2024-07-20__BLG__JDG__G1,2024-07-20,1.0,0.07087548673954114,1.2372145438177267,0.05728628862909187,6.784957859974973,6.761859462395603,1.0034158346963562,22.44871265255324,63.362072928598394,0.35429258009847187,185.35368475736163,202.97771873758262,0.9131725639493536,0.8679316504343157,0.9779640325261914,0.8874874065715342,2.532775592903448,21.859378466990375,0.11586676541885219,-0.12263978680673304,2.098121376743199,-0.05845216092547475,0.9421558132681938,3.1500792553480665,0.29908946340927134,-4.2731834009473175,25.108855577780485,-0.1701863001092919,2.0070198159610264,7.901928205562246,0.253991115808563,-0.36498037538752826,4.691186306020372,-0.07780127962896208,-532.1205782636587,1221.6993159813917,-0.4355577275580679,7.033073790681238,1.2854063782516787,5.471474576602426,6.432176541416563,2.3401797705708023,2.748581059337423,4.330100780022679,7.463055899534399,0.5802047121324806,208.04494557878996,284.82291920124334,0.7304361089753401,2.4792234910777213,0.825430022335082,3.003550174385481,26.409169067927653,8.003458579078341,3.299719178561638,1.7352884648129034,0.48434402378846536,3.582752747699912,-5.929077924377678,1.3460363928046728,-4.40483894137855,JDG,BLG,1.0,4436.0,0.08000000000000007,0.0,-1.0,-1.0,0.0,4.0,1.0,10.599999999999994,0.0,,0.19999999999999996,1.0,31.66759745250385,6.406735698106592,12.447390358184073,25.0,1.1,31.970670063981302,6.406735698106592,12.750462969661527,25.0,1.15,31.970670063981302,6.406735698106592,12.750462969661527,25.0,1.15,30.455307006594055,6.406735698106592,11.23509991227428,25.0,0.9,28.02132344860333,6.827961167200766,7.53743994700103,19.0,1.0,30.90528266027344,6.486212201709267,11.446646055145635,23.867924528301888,29.969644719953262,6.637471088640542,10.057231454031637,22.0,1.1,30.19553766176932,6.637471088640542,10.283124395847693,22.0,1.15,30.19553766176932,6.637471088640542,10.283124395847693,22.0,1.15,29.066072952689034,6.637471088640542,9.153659686767408,22.0,0.9,29.517858836321146,6.637471088640542,9.605445570399521,22.0,1.0,29.828994397690437,6.637471088640541,9.916581131768806,22.0,1.0762882625830024,-0.15125888693127365,1.5300649233768286,1.867924528301888,-1.4965353877178167,0.1904900785602246,-2.0680056233984914,-3.0,1.7751324022119839,-0.2307353905339493,2.4673385738138336,3.0,1.7751324022119839,-0.2307353905339493,2.4673385738138336,3.0,1.6979527325505863,-0.2307353905339493,2.390158904152436,3.0,1.389234053905021,-0.2307353905339493,2.0814402255068707,3.0,0.5268812622747092
2024-07-20__BLG__JDG__G2,2024-07-20__BLG__JDG__G2,2024-07-20,1.0,0.006079158898396386,1.2372145438177267,0.0049135810884154245,8.61146876369137,6.761859462395603,1.2735354140449808,-34.30154703700231,63.362072928598394,-0.541357706751457,229.74968693262497,202.97771873758262,1.1318960880517044,-2.3170632475685125,0.9779640325261914,-2.369270035742774,9.157284397740455,21.859378466990375,0.4189178568206282,-2.146058758945589,2.098121376743199,-1.0228472765620082,-2.105531173470061,3.1500792553480665,-0.668405565190088,3.7298464989335827,25.108855577780485,0.1485470470301792,-1.0432653245877468,7.901928205562246,-0.13202666050885167,0.5040756334635121,4.691186306020372,0.1074516109848382,262.97682790157813,1221.6993159813917,0.21525495205428166,0.11822912687996201,1.2854063782516787,0.09197794324221868,0.6975254667763231,2.3401797705708023,0.2980647801008069,-7.738085837527311,7.463055899534399,-1.0368520489251625,-206.21763981923868,284.82291920124334,-0.7240205236065075,0.024245367116228156,0.825430022335082,0.029372977826348037,0.8250884819479367,8.003458579078341,0.10309147860317575,-0.32211761661050353,0.48434402378846536,-0.6650581729754416,0.6515340441478497,1.3460363928046728,0.48403859181822567,BLG,JDG,1.0,1074.0,-0.09999999999999998,0.0,1.0,1.0,0.0,6.0,1.0,-1.2000000000000028,0.0,1.0,1.0,1.0,29.451493249334217,6.56931214174239,9.743556824107046,23.0,1.1,20.611309858782896,7.209657493305948,-1.0176626211349493,14.0,1.15,29.65383385157668,6.56931214174239,9.94589742634951,23.0,1.15,28.64213084036436,6.56931214174239,8.934194415137188,23.0,0.9,29.046812044849286,6.56931214174239,9.338875619622115,23.0,1.0,27.36345049855818,6.708255001043917,7.23868549542643,21.047169811320757,32.167736659064424,6.340946129699271,13.14489826996661,26.0,1.1,32.49354287084009,6.340946129699271,13.470704481742274,26.0,1.15,32.49354287084009,6.340946129699271,13.470704481742274,26.0,1.15,30.8645118119618,6.340946129699271,11.841673422863987,26.0,0.9,28.50588890390283,6.7578461133793875,8.232350563764665,20.0,1.0,31.39690725708897,6.419606503978538,12.13808774515335,24.86792452830189,-4.033456758530789,0.2886484970653793,-4.899402249726919,-3.820754716981135,0.5409231409464574,-0.18853397163699714,1.1065250558574498,3.0,-11.882233012057192,0.8687113636066774,-14.488367102877223,-12.0,-2.839709019263406,0.22836601204311968,-3.5248070553927633,-3.0,-2.7162434097302075,0.22836601204311968,-3.4013414458595648,-3.0,-2.222380971597442,0.22836601204311968,-2.907479007726799,-3.0,0.4005087713814183
2024-07-20__BLG__JDG__G3,2024-07-20__BLG__JDG__G3,2024-07-20,0.0,-0.6114599112506127,1.2372145438177267,-0.49422262297465636,-7.923494739705916,6.761859462395603,-1.1717921101404638,-34.7644974213876,63.362072928598394,-0.5486641340143491,-235.70743438664152,202.97771873758262,-1.1612478191762778,1.6989577494858317,0.9779640325261914,1.7372377262786551,-6.027290148483999,21.859378466990375,-0.27573015773781445,0.24903287421695097,2.098121376743199,0.11869320730638748,1.0898887040533136,3.1500792553480665,0.34598759895178827,-2.097608875844898,25.108855577780485,-0.08354059729271501,1.1983478648638908,7.901928205562246,0.15165256909924754,-0.419991421382897,4.691186306020372,-0.08952774510706633,-213.1239556633595,1221.6993159813917,-0.17444878023665597,0.13308796364250242,1.2854063782516787,0.10353757563109632,-0.22988268946879842,2.3401797705708023,-0.09823287686135754,-11.259192159730873,7.463055899534399,-1.5086568830037066,-310.1837976977106,284.82291920124334,-1.0890408590662168,0.585280149284868,0.825430022335082,0.7090600346339718,5.133349777075011,8.003458579078341,0.6413913541206584,0.6324657382663905,0.48434402378846536,1.3058165299590565,-0.6712378797158589,1.3460363928046728,-0.4986769931533872,JDG,BLG,0.0,1668.0,0.16660000000000008,0.0,-1.0,-1.0,-3.0,6.0,-1.0,6.400000000000006,0.0,,-0.5,0.0,31.540515297391313,6.283845353612758,12.688979236553038,27.0,1.1,31.837811447272742,6.283845353612758,12.986275386434468,27.0,1.15,31.837811447272742,6.283845353612758,12.986275386434468,27.0,1.15,30.351330697865617,6.283845353612758,11.499794637027343,27.0,0.9,27.89819848350406,6.696991116371948,7.807225134388215,21.0,1.0,30.780364012724693,6.361797384322039,11.694971859758573,25.867924528301888,30.101303675494513,6.510154909686576,10.570838946434787,24.0,1.1,21.356876667713145,7.144733895192171,-0.07732501786336599,15.0,1.15,30.333181115289722,6.510154909686576,10.802716386229996,24.0,1.15,29.173793916313695,6.510154909686576,9.643329187253968,24.0,0.9,29.637548795904102,6.510154909686576,10.107084066844376,24.0,1.0,28.00923845548749,6.647846576352884,8.065698726428836,22.047169811320753,2.7711255572372018,-0.2860491920308448,3.629273133329736,3.820754716981135,-1.7393503124000418,0.18683620668537237,-2.2998589324561607,-3.0,10.480934779559597,-0.8608885415794125,13.063600404297834,12.0,1.5046303319830194,-0.22630955607381775,2.183559000204472,3.0,1.4392116218967992,-0.22630955607381775,2.1181402901182516,3.0,1.1775367815519218,-0.22630955607381775,1.8564654497733741,3.0,0.5688381868166364
2024-07-20__LGD__TES__G1,2024-07-20__LGD__TES__G1,2024-07-20,1.0,-0.3733286721591398,1.2372145438177267,-0.30174909620610185,-4.247900121098546,6.761859462395603,-0.6282146969346943,-7.473243560460389,63.362072928598394,-0.11794505919869126,-98.19696762556498,202.97771873758262,-0.48378200204691324,-0.02839187989108627,0.9779640325261914,-0.029031590033180343,-8.060774415692038,21.859378466990375,-0.36875586646293096,-0.5360149227452702,2.098121376743199,-0.25547362188534345,0.5661677206946476,3.1500792553480665,0.17973120517594215,1.2054077610992948,25.108855577780485,0.04800727414110896,-2.401605830694571,7.901928205562246,-0.3039265182234304,0.469078802843816,4.691186306020372,0.09999148877339219,532.7624078720936,1221.6993159813917,0.4360830856388277,1.2831070509491465,1.2854063782516787,0.9982104293615764,1.3795353161505588,2.3401797705708023,0.589499466664736,12.38201295847291,7.463055899534399,1.6591074039976021,339.3617835442344,284.82291920124334,1.1914834076711815,0.7797345145635148,0.825430022335082,0.9446392169241529,6.398598760924671,8.003458579078341,0.7994791124642024,0.223958687733113,0.48434402378846536,0.4623949390072098,-0.22113205384675716,1.3460363928046728,-0.16428373760553192,TES,LGD,1.0,4214.0,0.040000000000000036,0.0,1.0,-1.0,-1.0,-2.0,1.0,13.400000000000006,0.0,1.0,0.6666666666666667,1.0,29.618004497242122,6.749814610562181,9.36856066555558,20.0,1.1,29.8279137925713,6.749814610562181,9.57846996088476,20.0,1.15,29.8279137925713,6.749814610562181,9.57846996088476,20.0,1.15,28.77836731592537,6.749814610562181,8.528923484238828,20.0,0.9,29.198185906583753,6.749814610562181,8.948742074897211,20.0,1.0,29.487306256754135,6.749814610562181,9.237862425067592,20.0,23.127681192806552,7.918485302589264,-0.6277747149612409,5.0,1.1,22.66928355099458,6.627132586331682,2.7878857919995355,22.0,1.15,22.66928355099458,6.627132586331682,2.7878857919995355,22.0,1.15,23.175961039908806,6.627132586331682,3.29456328091376,22.0,0.9,24.61347624363023,6.928658620441323,3.827500382306262,18.0,1.0,23.217291067721302,6.952040892368094,2.3611683906170216,17.71698113207547,6.270015189032833,-0.2022262818059133,6.87669403445057,2.283018867924529,4.584709662953522,-0.17884400987914173,5.121241692590949,2.0,7.15863024157672,0.12268202423049868,6.790584168885225,-2.0,7.15863024157672,0.12268202423049868,6.790584168885225,-2.0,6.49032330443557,-1.1686706920270833,9.996335380516822,15.0,5.602406276016563,0.12268202423049868,5.234360203325068,-2.0,0.6518092552016833
2024-07-20__LGD__TES__G2,2024-07-20__LGD__TES__G2,2024-07-20,0.0,-1.5324604445876915,1.2372145438177267,-1.2386365918576447,-5.033452448277147,6.761859462395603,-0.7443886895136975,-55.950950960184855,63.362072928598394,-0.8830353473472948,-175.6172112316757,202.97771873758262,-0.865204375429581,-0.41954317625481696,0.9779640325261914,-0.4289960911701421,13.885768048312713,21.859378466990375,0.6352315750445463,0.3902020898267615,2.098121376743199,0.1859768019978181,-1.4927997779801103,3.1500792553480665,-0.47389261763909063,-1.5091981666939347,25.108855577780485,-0.060106208421671636,1.1243072471199582,7.901928205562246,0.14228262717521528,-0.6821279709235384,4.691186306020372,-0.14540625356146805,-448.19833055651185,1221.6993159813917,-0.3668646812899369,-1.2808208502741039,1.2854063782516787,-0.9964318487234661,-1.8372457856302837,2.3401797705708023,-0.7850871217876704,-11.958257949338073,7.463055899534399,-1.602327050472323,-374.75896096358986,284.82291920124334,-1.3157612480723169,-0.48222571489106736,0.825430022335082,-0.5842107963508413,-3.7112577500199038,8.003458579078341,-0.4637066900070836,-0.03055191679951985,0.48434402378846536,-0.06307882872533281,-0.11559107168169902,1.3460363928046728,-0.08587508214823625,LGD,TES,0.0,252.0,0.29999999999999993,0.0,-1.0,-1.0,-3.0,6.0,-1.0,-16.799999999999997,0.0,-1.0,-0.5,0.0,22.672752549101343,7.827279456002256,-0.8090858189054266,6.0,1.1,22.27123872612776,6.550800659847827,2.618836746584279,23.0,1.15,22.27123872612776,6.550800659847827,2.618836746584279,23.0,1.15,22.864447698708684,6.550800659847827,3.2120457191652036,23.0,0.9,24.25160202280452,6.84885368918975,3.705040955235269,19.0,1.0,22.82895883504673,6.871966641944392,2.2130589092135513,18.71698113207547,30.005791288364986,6.67206962116877,9.989582424858675,21.0,1.1,30.233327256017933,6.67206962116877,10.217118392511622,21.0,1.15,30.233327256017933,6.67206962116877,10.217118392511622,21.0,1.15,29.095647417753167,6.67206962116877,9.079438554246856,21.0,0.9,29.550719353059083,6.67206962116877,9.534510489552773,21.0,1.0,29.864117950015036,6.672069621168769,9.84790908650872,21.000000000000004,-7.035159114968305,0.199897020775623,-7.634850177295169,-2.2830188679245325,-5.299117330254564,0.17678406802097957,-5.829469534317504,-2.0,-7.962088529890174,-0.12126896132094345,-7.598281645927344,2.0,-7.962088529890174,-0.12126896132094345,-7.598281645927344,2.0,-7.3330387392636425,1.155209834833486,-10.798668243764102,-15.0,-6.231199719044483,-0.12126896132094345,-5.867392835081652,2.0,0.33103316647910397
2024-07-20__OMG__WE__G1,2024-07-20__OMG__WE__G1,2024-07-20,0.0,0.13201740293429332,1.2372145438177267,0.10670525729649485,-10.180763127959985,6.761859462395603,-1.5056156784922958,-12.96933915773144,63.362072928598394,-0.20468615298713802,-275.2829660246409,202.97771873758262,-1.356222576450939,-0.5141027411497268,0.9779640325261914,-0.5256862199068025,5.325359811941453,21.859378466990375,0.2436189837860322,-1.9146097164165568,2.098121376743199,-0.9125348157186621,-2.9516088567710117,3.1500792553480665,-0.9369948120400745,-3.9024684423717417,25.108855577780485,-0.15542198945949387,-0.949517259705086,7.901928205562246,-0.1201627140669283,-0.8807894769422973,4.691186306020372,-0.18775406298783848,558.2371844457033,1221.6993159813917,0.45693500576312923,0.45067093936732405,1.2854063782516787,0.35060553330594324,-0.3869040848424703,2.3401797705708023,-0.16533085379899906,0.14880819960757918,7.463055899534399,0.019939309268412912,-9.109372202103941,284.82291920124334,-0.0319825813023322,-0.8752004741225488,0.825430022335082,-1.0602951069692932,-5.449739120764349,8.003458579078341,-0.6809229267566225,-0.6778347008805785,0.48434402378846536,-1.399487281976533,-0.10028338907416057,1.3460363928046728,-0.07450267697630966,WE,OMG,0.0,-2714.0,-0.28900000000000003,0.0,1.0,-1.0,-4.0,1.0,1.0,7.599999999999994,0.0,1.0,-0.8,0.0,24.769693081187757,7.605861266668263,1.9521092811829703,9.0,1.1,25.8630182639305,7.828629552382642,2.3771296067825745,6.0,1.15,24.811887674391915,6.867463317100139,4.2094977230914985,19.0,1.15,24.85278165821976,6.867463317100139,4.250391706919345,19.0,0.9,24.83642406468862,6.867463317100139,4.234034113388205,19.0,1.0,25.042779580276175,7.229270659571803,3.354967601560767,14.10377358490566,22.848581958632387,6.639242314162565,2.930855016144694,22.0,1.1,27.313589927732,7.685291841650566,4.257714402780305,8.0,1.15,23.171839049299077,6.844706729063562,2.6377188621083896,19.0,1.15,23.239748875244683,6.639242314162565,3.3220219327569893,22.0,0.9,24.87208779968071,6.981574875298062,3.9273631737865244,17.0,1.0,24.335763257638167,6.975388275461214,3.4095984312545236,17.367924528301888,0.7070163226380082,0.2538823841105886,-0.054630829693756766,-3.2641509433962277,-0.03566373499208808,-0.11411155819792285,0.30667093960168046,2.0,-1.450571663801501,0.14333771073207657,-1.8805847959977307,-2.0,1.640048625092838,0.022756588036576986,1.571778860983109,0.0,1.92111112255537,0.9666189525056978,-0.9787457349617235,-13.0,1.613032782975079,0.2282210029375742,0.9283697741623556,-3.0,0.5176680488754128
2024-07-20__OMG__WE__G2,2024-07-20__OMG__WE__G2,2024-07-20,1.0,0.07274145482150285,1.2372145438177267,0.05879448830479576,-6.876235848938229,6.761859462395603,-1.0169147806552201,-15.548015519121009,63.362072928598394,-0.24538362706753877,-165.31117485466933,202.97771873758262,-0.8144301506017013,1.3869743988044476,0.9779640325261914,1.418224939210495,-6.30443851927393,21.859378466990375,-0.28840885116588955,2.238848678027246,2.098121376743199,1.067072494361596,2.245628420330876,3.1500792553480665,0.712879748545564,-3.3365731167709,25.108855577780485,-0.13288431141557935,2.1848752837489656,7.901928205562246,0.27649896967072424,-0.6928544144122037,4.691186306020372,-0.14769276287967406,22.23651819204828,1221.6993159813917,0.018201301975833858,-0.5255695312252424,1.2854063782516787,-0.4088739026378434,0.08754651343364728,2.3401797705708023,0.0374101499057671,3.710904448888769,7.463055899534399,0.49723652101865695,93.69461630733372,284.82291920124334,0.3289574316601109,-0.0907902836713852,0.825430022335082,-0.10999136356002993,-1.2462607363909726,8.003458579078341,-0.1557152533947687,-0.03756520488919035,0.48434402378846536,-0.07755877121511776,0.17191640415594556,1.3460363928046728,0.1277203776618209,OMG,WE,1.0,-2316.0,0.040000000000000036,0.0,1.0,-1.0,0.0,2.0,1.0,12.0,0.0,0.0,0.5,1.0,23.415674355071683,6.574022915597962,3.693605608277796,23.0,1.1,27.999869108373677,7.60979676435286,5.1704788153150965,9.0,1.15,23.78305588042796,6.7774689879031955,3.4506489167183716,20.0,1.15,23.70373356324047,6.574022915597962,3.9816648164465818,23.0,0.9,25.414208536246683,6.912992634606322,4.675230632427716,18.0,1.0,24.91607061714412,6.9068668077163595,4.195470193995039,18.367924528301888,24.120036706468774,7.5311464612875705,1.5265973226060616,10.0,1.1,25.16393934988857,7.751726422954405,1.9087600810253527,7.0,1.15,24.19863873141696,6.800002030704503,3.7986326393034524,20.0,1.15,24.372847702848055,6.800002030704503,3.972841610734548,20.0,0.9,24.303164114275617,6.800002030704503,3.90315802216211,20.0,1.0,24.441081550463373,7.158255224049552,2.9663158783147168,15.10377358490566,0.47498906668074525,-0.2513884163331923,1.2291543156803222,3.2641509433962277,1.1110444219710658,0.11299060390181914,0.7720726102656066,-2.0,2.8359297584851078,-0.14192965860154505,3.261718734289744,2.0,-0.4155828509890007,-0.022533042801307523,-0.3479837225850808,0.0,-0.7043623513970907,-0.9571235456896083,2.1670082856717343,13.0,-0.6691141396075864,-0.2259791151065409,0.008823205712033655,3.0,0.5118724945773868
2024-07-21__FPX__LNG__G1,2024-07-21__FPX__LNG__G1,2024-07-21,0.0,-0.36376552426929454,1.2372145438177267,-0.2940195231841401,-0.5136838287744538,6.761859462395603,-0.07596782448132108,-33.090095808080605,63.362072928598394,-0.5222382058606423,-13.065125451557208,202.97771873758262,-0.06436728853023033,-0.02187177756610037,0.9779640325261914,-0.022364580367053778,4.976858841926173,21.859378466990375,0.22767612637136733,-0.472990985570771,2.098121376743199,-0.22543536583646234,-0.3899376848328959,3.1500792553480665,-0.12378658739594872,-6.004688442489297,25.108855577780485,-0.23914623208302563,-3.1523765949541627,7.901928205562246,-0.39893759016914165,-1.4610889508279978,4.691186306020372,-0.3114539786021609,-21.412891708292108,1221.6993159813917,-0.01752713733294021,0.4270889580402546,1.2854063782516787,0.33225961299611584,0.13439103400128616,2.3401797705708023,0.05742762939142788,0.5536785268910478,7.463055899534399,0.07418924099662035,-18.755715417462852,284.82291920124334,-0.06585044280920542,1.1840983136780814,0.825430022335082,1.4345212157502352,9.321937595451217,8.003458579078341,1.1647385113082198,0.7997538576223273,0.48434402378846536,1.651206925523436,0.7674295346186266,1.3460363928046728,0.5701398332029773,LNG,FPX,0.0,-4918.0,0.13339999999999996,0.0,-1.0,-1.0,-2.0,-6.0,-1.0,-4.599999999999994,0.0,-1.0,-0.39999999999999997,0.0,29.166631991006668,6.489491232764347,9.698158292713629,25.0,1.1,29.356024354234243,6.489491232764347,9.887550655941205,25.0,1.15,29.356024354234243,6.489491232764347,9.887550655941205,25.0,1.15,28.409062538096364,6.489491232764347,8.940588839803326,25.0,0.9,28.787847264551516,6.489491232764347,9.319373566258477,25.0,1.0,29.048708444091385,6.489491232764347,9.580234745798347,25.0,25.376681163309552,6.45265822648613,6.018706483851162,25.0,1.1,25.39380303436907,6.45265822648613,6.035828354910681,25.0,1.15,25.39380303436907,6.45265822648613,6.035828354910681,25.0,1.15,25.308193679071444,6.45265822648613,5.950218999613053,25.0,0.9,22.60226348348936,7.010777993845544,1.5699295019527284,17.0,1.0,24.849006425159065,6.557963842969038,5.175114896251947,23.49056603773585,4.199702018932321,-0.06847261020469109,4.4051198495463995,1.5094339622641506,6.185583781062157,-0.5212867610811971,7.749444064305749,8.0,3.962221319865172,0.03683300627821673,3.8517223010305237,0.0,3.962221319865172,0.03683300627821673,3.8517223010305237,0.0,3.7899508276971154,0.03683300627821673,3.679451808862467,0.0,3.1008688590249207,0.03683300627821673,2.9903698401902723,0.0,0.6034761194175066
2024-07-21__FPX__LNG__G2,2024-07-21__FPX__LNG__G2,2024-07-21,1.0,-0.22969243533611916,1.2372145438177267,-0.18565272355643692,-1.7689574201867053,6.761859462395603,-0.2616080929241767,14.181554838174065,63.362072928598394,0.223817718690127,-119.28785128577147,202.97771873758262,-0.5876893850221167,-0.44922121849695174,0.9779640325261914,-0.4593428226534479,0.6831042181493245,21.859378466990375,0.03124993640285504,0.19472788055752943,2.098121376743199,0.0928105446641272,-0.007293538486944584,3.1500792553480665,-0.002315350053244497,7.327412410032785,25.108855577780485,0.2918258100417449,2.0594461020266266,7.901928205562246,0.26062573435572695,1.5634149225091116,4.691186306020372,0.33326636105591523,-18.245960808901145,1221.6993159813917,-0.014934903011965142,-1.068279483045643,1.2854063782516787,-0.8310824265678654,-0.6889557196221006,2.3401797705708023,-0.29440277789055364,-8.347704070158095,7.463055899534399,-1.1185368385277736,-208.9465628827204,284.82291920124334,-0.733601645313825,-0.008439847168634884,0.825430022335082,-0.010224775832581618,-0.3238567062223936,8.003458579078341,-0.04046458947190537,0.09913066660710901,0.48434402378846536,0.20466952634658162,-0.4523906152139556,1.3460363928046728,-0.3360906744732635,FPX,LNG,1.0,-398.0,0.0,0.0,-1.0,1.0,0.0,0.0,1.0,5.200000000000003,0.0,0.0,0.0,1.0,26.019195312473357,6.394808604553311,6.834769498813426,26.0,1.1,26.06552237213123,6.394808604553311,6.881096558471299,26.0,1.15,26.06552237213123,6.394808604553311,6.881096558471299,26.0,1.15,25.83388707384183,6.394808604553311,6.649461260181898,26.0,0.9,23.236889048162894,6.947924694916097,2.393114963414604,18.0,1.0,25.482868625328877,6.499170131036856,5.985358232218315,24.490566037735853,28.520450248293145,6.431311394134307,9.226516065890223,26.0,1.1,28.680470714124652,6.431311394134307,9.386536531721731,26.0,1.15,28.680470714124652,6.431311394134307,9.386536531721731,26.0,1.15,27.88036838496712,6.431311394134307,8.586434202564199,26.0,0.9,28.200409316630132,6.431311394134307,8.906475134227211,26.0,1.0,28.42081486390749,6.431311394134307,9.12688068150457,26.000000000000004,-2.937946238578615,0.06785873690254896,-3.1415224492862546,-1.5094339622641506,-4.963520268467239,0.5166133007817892,-6.513360170812607,-8.0,-2.614948341993422,-0.03650278958099662,-2.505439973250432,0.0,-2.614948341993422,-0.03650278958099662,-2.505439973250432,0.0,-2.5012549358197873,-0.03650278958099662,-2.3917465670767974,0.0,-2.046481311125291,-0.03650278958099662,-1.936972942382301,0.0,0.42707513516342493
2024-07-21__UP__WE__G1,2024-07-21__UP__WE__G1,2024-07-21,0.0,-0.04262148287644596,1.2372145438177267,-0.034449521014686825,11.83108724096548,6.761859462395603,1.7496792941470938,19.46666418950292,63.362072928598394,0.3072289617830307,256.463751015967,202.97771873758262,1.2635069077903385,-1.5096138441876272,0.9779640325261914,-1.5436276287794548,-1.628182075878641,21.859378466990375,-0.07448436852186686,-2.5313861181707082,2.098121376743199,-1.2065007009267212,-1.1556090669537649,3.1500792553480665,-0.3668506746746604,5.286372040007109,25.108855577780485,0.2105381431301481,-2.088781900561287,7.901928205562246,-0.26433821997430357,-0.0034907028993229616,4.691186306020372,-0.0007440979589203815,177.8633125529949,1221.6993159813917,0.1455868150867633,-0.17022683579530984,1.2854063782516787,-0.13243026193520105,-0.8058833205625611,2.3401797705708023,-0.3443679781908451,3.359067593280116,7.463055899534399,0.4500927218563321,186.83722872061844,284.82291920124334,0.6559768033717494,0.07597190511164564,0.825430022335082,0.09203907177698127,0.7361850380611159,8.003458579078341,0.09198335179771011,-0.03834464627632661,0.48434402378846536,-0.0791680401223104,-0.430620871377446,1.3460363928046728,-0.3199174656509224,WE,UP,0.0,-792.0,-0.09999999999999998,0.0,-1.0,-1.0,-2.0,6.0,-1.0,-11.0,0.0,,-0.6666666666666667,0.0,23.51347035017387,7.454940861719463,1.1486477650154825,11.0,1.1,24.511228522820282,7.673288835425642,1.4913620165433557,8.0,1.15,23.626064996566864,6.7311946805251,3.432480954991565,21.0,1.15,23.924746519052327,6.7311946805251,3.731162477477028,21.0,0.9,23.805273910058144,6.7311946805251,3.611689868482845,21.0,1.0,23.879292586734287,7.085822808345746,2.6218241616970492,16.103773584905664,20.39231766363368,6.284658229201153,1.538342976030222,28.0,1.1,20.182877557435212,6.284658229201153,1.3289028698317544,28.0,1.15,20.182877557435212,6.284658229201153,1.3289028698317544,28.0,1.15,21.230078088427554,6.284658229201153,2.376103400824096,28.0,0.9,20.81119787603062,6.284658229201153,1.957223188427161,28.0,1.0,20.522723767493105,6.2846582292011535,1.6687490798896465,27.999999999999996,3.3565688192411827,0.8011645791445927,0.9530750818074027,-11.896226415094333,2.9940760340275254,0.44653645132394715,1.654466680055684,-7.0,4.32835096538507,1.3886306062244893,0.16245914671160122,-20.0,3.443187439131652,0.44653645132394715,2.1035780851598105,-7.0,3.1211526865401886,1.17028263251831,-0.3896952110147396,-17.0,2.6946684306247732,0.44653645132394715,1.3550590766529318,-7.0,0.5831351433891775
2024-07-21__UP__WE__G2,2024-07-21__UP__WE__G2,2024-07-21,1.0,-0.8571559449234138,1.2372145438177267,-0.6928105205326249,-2.3833643189945732,6.761859462395603,-0.35247168027927495,-21.776802275659804,63.362072928598394,-0.34368828110329375,-63.843693222070726,202.97771873758262,-0.31453547366977175,0.5220846508548407,0.9779640325261914,0.5338479735888292,0.259927438356371,21.859378466990375,0.011890888245427313,0.03226357948486225,2.098121376743199,0.015377358271610086,-0.3055758838023941,3.1500792553480665,-0.0970057455785772,-4.460677217745804,25.108855577780485,-0.17765353846073498,1.9171917860523138,7.901928205562246,0.24262325517960645,-0.09409427870791376,4.691186306020372,-0.020057668255360244,-145.5915929543183,1221.6993159813917,-0.11917137951263654,-0.6735138500322861,1.2854063782516787,-0.5239691800651967,0.5527168390718913,2.3401797705708023,0.2361855314865595,-2.6536693878512594,7.463055899534399,-0.3555740527741139,-73.8704617819136,284.82291920124334,-0.25935574893242436,0.6601968947877426,0.825430022335082,0.7998207929235509,5.637171887482388,8.003458579078341,0.704341895124752,0.6285533942193011,0.48434402378846536,1.2977389326783253,0.7692470357469077,1.3460363928046728,0.5714900937068806,UP,WE,1.0,4206.0,-0.2572000000000001,1.0,1.0,1.0,3.0,0.0,1.0,-3.799999999999997,0.0,1.0,0.6000000000000001,1.0,20.997010501443818,6.227036406539507,2.3159012818252975,29.0,1.1,20.815056433327626,6.227036406539507,2.1339472137091064,29.0,1.15,20.815056433327626,6.227036406539507,2.1339472137091064,29.0,1.15,21.724826773908575,6.227036406539507,3.0437175542900547,29.0,0.9,21.360918637676196,6.227036406539507,2.679809418057676,29.0,1.0,21.11030265706333,6.227036406539507,2.429193437444811,29.0,22.79617607879503,7.386589128877237,0.6364086921633181,12.0,1.1,23.739366166353875,7.602935146747383,0.9305607261117288,9.0,1.15,22.948968656343403,6.669478722069308,2.940532490135478,22.0,1.15,23.394845035399182,6.669478722069308,3.386408869191257,22.0,0.9,23.216494483776874,6.669478722069308,3.2080583175689483,22.0,1.0,23.214949763851422,7.02085538921431,2.1523835962084936,17.10377358490566,-2.104647106788093,-0.7938189826748028,0.2768098412363176,11.89622641509434,-1.8555758461006775,-0.4424423155298012,-0.5282488995112722,7.0,-2.9243097330262486,-1.3758987402078757,1.2033864875973777,20.0,-2.133912223015777,-0.4424423155298012,-0.8065852764263717,7.0,-1.7991655773512107,-1.1595527223377298,1.6794925896619795,17.0,-1.6700182614906076,-0.4424423155298012,-0.3426913149012023,7.0,0.44757718705409255
2024-07-22__EDG__TT__G1,2024-07-22__EDG__TT__G1,2024-07-22,0.0,0.5201346785322656,1.2372145438177267,0.42040748771007574,4.42350011338937,6.761859462395603,0.6541838800119523,12.20177757554336,63.362072928598394,0.19257225685657525,117.04765023432759,202.97771873758262,0.5766527005311286,0.005404233894982902,0.9779640325261914,0.005525999105533631,4.582197928186716,21.859378466990375,0.209621592191409,0.20885522826554848,2.098121376743199,0.09954387340825326,-0.5830979448029932,3.1500792553480665,-0.18510574256418874,1.9086926448901664,25.108855577780485,0.07601670904358189,-2.514247231866314,7.901928205562246,-0.31818144233644996,-0.6120310189148102,4.691186306020372,-0.1304639910944013,416.7088570683674,1221.6993159813917,0.341089539198551,-1.0006055083274017,1.2854063782516787,-0.7784345455433401,-1.1175653597591797,2.3401797705708023,-0.47755514181350617,0.8278484073654866,7.463055899534399,0.11092618192648832,37.23425461672093,284.82291920124334,0.13072773283278202,0.2915050759602926,0.825430022335082,0.35315497972882914,4.228599656535344,8.003458579078341,0.5283464750155332,0.22925359014911817,0.48434402378846536,0.4733270269939704,-1.0795198195651192,1.3460363928046728,-0.801998388258573,TT,EDG,0.0,2934.0,,1.0,1.0,-1.0,0.0,-2.0,1.0,-0.7999999999999972,0.0,,-1.0,0.0,24.495678192934722,6.666865376655685,4.495082062967668,22.0,1.1,24.472754474431756,6.666865376655685,4.472158344464702,22.0,1.15,24.472754474431756,6.666865376655685,4.472158344464702,22.0,1.15,26.18709290987773,7.016475012899408,5.137667871179506,17.0,0.9,24.54152562994066,6.666865376655685,4.540929499973608,22.0,1.0,24.781601990990918,6.726233050734807,4.602902838786493,21.150943396226413,19.90083538640082,6.39413704902788,0.71842423931718,26.0,1.1,19.66905517669177,6.39413704902788,0.48664402960812936,26.0,1.15,19.66905517669177,6.39413704902788,0.48664402960812936,26.0,1.15,20.827956225237042,6.39413704902788,1.6455450781534005,26.0,0.9,20.36439580581894,6.39413704902788,1.1819846587352991,26.0,1.0,20.045151366030993,6.39413704902788,0.8627402189473501,26.000000000000004,4.736450624959925,0.332096001706927,3.740162619839143,-4.84905660377359,4.177129824121721,0.27272832762780475,3.3589448412383085,-4.0,4.8036992977399855,0.27272832762780475,3.985514314856573,-4.0,4.8036992977399855,0.27272832762780475,3.985514314856573,-4.0,4.594842806533901,0.27272832762780475,3.7766578236504884,-4.0,5.3591366846406885,0.6223379638715274,3.4921227930261054,-9.0,0.6162461301463348
2024-07-22__EDG__TT__G2,2024-07-22__EDG__TT__G2,2024-07-22,0.0,-0.1976719182769413,1.2372145438177267,-0.1597716091304325,-1.8072573658500914,6.761859462395603,-0.26727220650303296,8.523174616011488,63.362072928598394,0.1345153983693164,-132.31400646994206,202.97771873758262,-0.6518646807196508,0.18520559662007585,0.9779640325261914,0.18937854673767773,-3.328628758766385,21.859378466990375,-0.15227462260733032,-0.08120049093279036,2.098121376743199,-0.03870150370296009,0.6674153915921535,3.1500792553480665,0.2118725040287609,0.01641445908072825,25.108855577780485,0.0006537318427814772,2.857188604129984,7.901928205562246,0.36158114427534743,0.48154329284370245,4.691186306020372,0.10264848990909409,-376.75134766062274,1221.6993159813917,-0.30838303862812194,-6.528255465570109,1.2854063782516787,-5.07874435453248,-5.491302879764568,2.3401797705708023,-2.346529357398815,-3.039213710865482,7.463055899534399,-0.40723442843576485,-114.1728273706043,284.82291920124334,-0.4008554764129755,-2.1084102369594575,0.825430022335082,-2.5543142672235946,-23.836343544632022,8.003458579078341,-2.978255004491065,-1.2118421882236743,0.48434402378846536,-2.5020225845304416,5.731330823950934,1.3460363928046728,4.257928386379251,EDG,TT,0.0,-8520.0,-0.07500000000000007,-1.0,-1.0,-1.0,-4.0,0.0,-1.0,-15.400000000000006,0.0,,-0.7142857142857142,0.0,20.550995151395462,6.337628615413349,1.538109305155416,27.0,1.1,20.348767658277076,6.337628615413349,1.3358818120370302,27.0,1.15,20.348767658277076,6.337628615413349,1.3358818120370302,27.0,1.15,21.35990512386902,6.337628615413349,2.3470192776289736,27.0,0.9,20.95545013763225,6.337628615413349,1.9425642913922054,27.0,1.0,20.676910382959747,6.33762861541335,1.6640245367197,27.0,23.817787244820565,6.607946695891556,3.9939471571458967,23.0,1.1,23.76405030140332,6.607946695891556,3.940210213728651,23.0,1.15,23.76405030140332,6.607946695891556,3.940210213728651,23.0,1.15,25.60336970739209,6.954466643445594,4.7399697770553075,18.0,0.9,23.925261131655063,6.607946695891556,4.101421043980395,23.0,1.0,24.117957647327962,6.666789705853564,4.117588529767275,22.150943396226417,-3.4410472643682155,-0.3291610904402136,-2.4535639930475748,4.849056603773583,-2.9698109940228115,-0.2703180804782068,-2.158856752588189,4.0,-3.4152826431262433,-0.2703180804782068,-2.604328401691621,4.0,-3.4152826431262433,-0.2703180804782068,-2.604328401691621,4.0,-3.266792093425103,-0.2703180804782068,-2.4558378519904807,4.0,-4.243464583523071,-0.6168380280322445,-2.392950499426334,9.0,0.41481273579001093
2024-07-22__EDG__TT__G3,2024-07-22__EDG__TT__G3,2024-07-22,0.0,-0.3805956719907915,1.2372145438177267,-0.3076227694459543,-3.840604937750017,6.761859462395603,-0.5679805075997326,-28.53322377951082,63.362072928598394,-0.4503202311790553,-114.74962573028859,202.97771873758262,-0.5653311401795296,-0.36127950957210153,0.9779640325261914,-0.36941965975907826,3.2476088620967403,21.859378466990375,0.14856820922116848,-0.5785389505774852,2.098121376743199,-0.2757412803897166,-0.9853109324446612,3.1500792553480665,-0.31278915220393,3.143959470067202,25.108855577780485,0.12521316772542232,-1.499818128314569,7.901928205562246,-0.18980404522718733,-0.6538647063355905,4.691186306020372,-0.1393814963423997,142.74626231683084,1221.6993159813917,0.11684238530110029,-0.5840974084134825,1.2854063782516787,-0.4544064537796033,-0.6890020125827228,2.3401797705708023,-0.2944225596788686,-13.631969300400932,7.463055899534399,-1.82659324240867,-305.4871130082081,284.82291920124334,-1.0725510179881743,0.5536617897712919,0.825430022335082,0.6707547630146302,5.11672853270079,8.003458579078341,0.6393145966622126,0.47495794668403635,0.48434402378846536,0.9806190284954208,-0.0014328429094110362,1.3460363928046728,-0.0010644896769364564,TT,EDG,0.0,-720.0,-0.29980000000000007,0.0,1.0,1.0,-3.0,6.0,1.0,-2.799999999999997,0.0,,-1.0,0.0,24.270062218555324,6.536238099921956,4.661347918789456,24.0,1.1,24.23688322848966,6.536238099921956,4.628168928723792,24.0,1.15,24.23688322848966,6.536238099921956,4.628168928723792,24.0,1.15,25.992817887526375,6.87899765713719,5.3558249161148055,19.0,0.9,24.336420198686664,6.536238099921956,4.727705898920796,24.0,1.0,24.560727577999526,6.594442553033978,4.777399918897593,23.150943396226413,20.11722185577265,6.268853476825956,1.3106614252947857,28.0,1.1,19.89527739467141,6.268853476825956,1.0887169641935444,28.0,1.15,19.89527739467141,6.268853476825956,1.0887169641935444,28.0,1.15,21.004999700177628,6.268853476825956,2.1984392696997617,28.0,0.9,20.561110777975152,6.268853476825956,1.7545503474972861,28.0,1.0,20.25541369004324,6.268853476825956,1.4488532595653751,27.999999999999996,4.3053138879562844,0.325589076208022,3.3285466593322175,-4.849056603773583,3.775309420711512,0.2673846230960004,2.9731555514235097,-4.0,4.3416058338182495,0.2673846230960004,3.5394519645302474,-4.0,4.3416058338182495,0.2673846230960004,3.5394519645302474,-4.0,4.152840362782673,0.2673846230960004,3.3506864934946705,-4.0,4.987818187348747,0.6101441803112344,3.157385646415044,-9.0,0.6060005520280222
2024-07-22__RA__RNG__G1,2024-07-22__RA__RNG__G1,2024-07-22,1.0,0.9108388944399968,1.2372145438177267,0.7362006555699938,9.287973738735802,6.761859462395603,1.3735825798814612,56.8948881485461,63.362072928598394,0.8979328582688116,261.99554658252674,202.97771873758262,1.2907601234324864,0.46664843687402335,0.9779640325261914,0.477162701480869,2.2354657395008104,21.859378466990375,0.10226574559797383,0.15179741272022085,2.098121376743199,0.07234917009743143,0.7250300864014778,3.1500792553480665,0.2301624173449403,0.7604767789710962,25.108855577780485,0.03028719275269838,1.2793067434901282,7.901928205562246,0.16189802644518905,0.35991008878189845,4.691186306020372,0.07672046867964805,-512.7794582983006,1221.6993159813917,-0.4197264017182969,-0.013609931407440712,1.2854063782516787,-0.010588029629915452,0.7428818091870966,2.3401797705708023,0.31744633514183496,-6.77131436544979,7.463055899534399,-0.9073111000764627,-111.13249907753391,284.82291920124334,-0.3901810254561416,-0.23144029538387478,0.825430022335082,-0.2803872027115575,-4.639650078088415,8.003458579078341,-0.5797055676043917,-0.2710212062402928,0.48434402378846536,-0.5595622808724461,0.7720190899228854,1.3460363928046728,0.5735495121084762,RA,RNG,1.0,2626.0,0.0,1.0,1.0,-1.0,-2.0,6.0,1.0,-1.5999999999999943,0.0,,0.6666666666666667,1.0,24.0865399808608,6.599037782686919,4.289426632800044,23.0,1.1,24.045019070899926,6.599037782686919,4.247905722839171,23.0,1.15,24.045019070899926,6.599037782686919,4.247905722839171,23.0,1.15,24.2526236207043,6.599037782686919,4.455510272643544,23.0,0.9,24.16958180078255,6.599037782686919,4.372468452721794,23.0,1.0,24.112392622911912,6.59903778268692,4.3152792748511555,23.000000000000004,18.619429112149938,6.511623277604774,-0.9154407206643853,24.0,1.1,25.0,8.333333333333334,0.0,0.0,1.15,20.186141173243694,6.713502207335912,0.04563455123595972,21.0,1.15,23.51398310882595,7.599243168711743,0.716253602690724,9.0,0.9,22.347714941192724,7.068950635354177,1.1408630351301916,16.0,1.0,21.87844039843986,7.240550181948987,0.15678985259290054,14.08490566037736,2.233952224472052,-0.6415123992620675,4.158489422258255,8.915094339622643,1.821866859589825,-0.46991285266725846,3.2316054175916022,7.0,-0.9549809291000741,-1.734295550646415,4.247905722839171,23.0,3.8588778976562317,-0.1144644246489932,4.202271171603211,2.0,5.467110868710861,0.08741450508214488,5.204867353464429,-1.0,0.7386405118783479,-1.000205386024824,3.7392566699528196,14.0,0.5556176957068935
2024-07-22__RA__RNG__G2,2024-07-22__RA__RNG__G2,2024-07-22,1.0,0.8292138152755033,1.2372145438177267,0.6702258304294855,9.293755362197775,6.761859462395603,1.3744376143049197,54.919405582355466,63.362072928598394,0.8667551766730864,279.9367820743498,202.97771873758262,1.3791502950977221,-0.5607172832344283,0.9779640325261914,-0.5733510550842843,2.3406710117387632,21.859378466990375,0.1070785662179197,0.1687998932594006,2.098121376743199,0.08045283493969471,-0.9002930461918996,3.1500792553480665,-0.28580003467004433,-0.05885822357045356,25.108855577780485,-0.002344122018783556,1.0117308551969906,7.901928205562246,0.12803593007196562,0.30606474284355123,4.691186306020372,0.06524249041405086,-464.50146137690473,1221.6993159813917,-0.380209315762415,0.27215269667106945,1.2854063782516787,0.2117248595859412,0.21816052354151338,2.3401797705708023,0.09322379120665153,-5.72990271769379,7.463055899534399,-0.7677688639961011,-160.58545582871125,284.82291920124334,-0.5638080520881137,0.2895664033882044,0.825430022335082,0.35080630065131657,4.5738045649494765,8.003458579078341,0.5714784362634571,0.031147138161131016,0.48434402378846536,0.06430774888013371,-0.30690152616280564,1.3460363928046728,-0.22800371505529266,RA,RNG,1.0,7672.0,,0.0,1.0,-1.0,-2.0,2.0,1.0,3.200000000000003,0.0,1.0,1.0,1.0,24.570401757498768,6.529377172106492,4.982270241179293,24.0,1.1,24.5508745646578,6.529377172106492,4.962743048338325,24.0,1.15,24.5508745646578,6.529377172106492,4.962743048338325,24.0,1.15,24.648510528862637,6.529377172106492,5.060379012543162,24.0,0.9,24.6094561431807,6.529377172106492,5.021324626861226,24.0,1.0,24.582560198324273,6.529377172106492,4.994428682004801,24.0,18.141976836279483,6.442885430008609,-1.1866794537463434,25.0,1.1,24.36120043757866,8.245365192024426,-0.37489513849461886,1.0,1.15,19.67151130056039,6.642633290033602,-0.256388569540416,22.0,1.15,23.058092268149522,7.519024213083025,0.5010196289004476,10.0,0.9,21.876517455351788,6.994329541546594,0.8935288307120075,17.0,1.0,21.362753493481833,7.164117652961797,-0.129599465403558,15.084905660377359,3.2198067048424406,-0.6347404808553048,5.124028147408359,8.915094339622641,2.732938687828913,-0.4649523694401019,4.127795796149218,7.0,0.18967412707914022,-1.7159880199179343,5.337638186832944,23.0,4.87936326409741,-0.11325611792710966,5.219131617878741,2.0,6.428424921219285,0.08649174209788324,6.168949694925637,-1.0,1.5904182607131148,-0.989647040976533,4.559359383642715,14.0,0.5798068807376081
2024-07-23__BLG__WBG__G1,2024-07-23__BLG__WBG__G1,2024-07-23,1.0,-0.4524970343643684,1.2372145438177267,-0.36573823908490494,-5.098772495154396,6.761859462395603,-0.7540487597326128,-30.339043246417532,63.362072928598394,-0.4788202368597667,-196.29703945740533,202.97771873758262,-0.967086632519006,0.20046527699193017,0.9779640325261914,0.20498204979180726,1.4801700281617372,21.859378466990375,0.06771326836596285,0.1284554548814505,2.098121376743199,0.061224004998623995,0.44318395687490764,3.1500792553480665,0.1406897351654738,12.765411674484888,25.108855577780485,0.508402747649662,-1.3439856250746551,7.901928205562246,-0.17008322779310783,0.9092084174685926,4.691186306020372,0.19381200496978074,-248.09520957217458,1221.6993159813917,-0.20307387106115032,0.36623812890137053,1.2854063782516787,0.2849198900659043,0.9447009126400729,2.3401797705708023,0.4036871529414573,3.4704344768167275,7.463055899534399,0.4650151437319524,29.53629085874411,284.82291920124334,0.10370054080575772,0.4689002207503874,0.825430022335082,0.5680671165276828,5.717451187740892,8.003458579078341,0.714372469961209,0.27999827759786045,0.48434402378846536,0.5780967365118382,-1.156424140694357,1.3460363928046728,-0.8591322550741122,WBG,BLG,1.0,-294.0,0.0,-1.0,-1.0,-1.0,-2.0,2.0,-1.0,17.400000000000006,0.0,,1.0,1.0,26.0141162955705,6.196306678440413,7.425196260249262,30.0,1.1,26.060212490823712,6.196306678440413,7.471292455502475,30.0,1.15,27.471461566528554,6.451654985846892,8.11649660898788,26.0,1.15,26.61412268619138,6.338742004821227,7.5978966717277,28.0,0.9,25.9219239050641,6.196306678440413,7.333003869742864,30.0,1.0,26.424827813909243,6.275899574149882,7.5971290914596015,28.792452830188683,30.712335753423567,6.449534833188492,11.363731253858091,25.0,1.1,22.057950732017556,7.078204861506572,0.8233361474978373,16.0,1.15,30.971987378579186,6.449534833188492,11.623382879013711,25.0,1.15,29.673729252801103,6.449534833188492,10.325124753235627,25.0,0.9,30.19303250311233,6.449534833188492,10.844428003546856,25.0,1.0,28.616488110676507,6.585944367634869,8.858655007771906,23.047169811320757,-2.191660296767264,-0.3100447934849866,-1.261525916312305,5.7452830188679265,-4.2711085980482295,-0.25322815474807925,-3.5114241338039918,5.0,4.002261758806156,-0.8818981830661592,6.6479563080046375,14.0,-3.5005258120506326,0.002120152658399377,-3.5068862700258308,1.0,-4.698219457853067,-0.25322815474807925,-3.9385349936088296,5.0,-3.059606566609723,-0.11079282836726545,-2.7272280815079277,3.0,0.4454267643239723
2024-07-23__BLG__WBG__G2,2024-07-23__BLG__WBG__G2,2024-07-23,1.0,0.6243264318298278,1.2372145438177267,0.5046222018059345,9.478944210236923,6.761859462395603,1.4018248768887944,53.69716646634464,63.362072928598394,0.847465417985766,290.6523856398354,202.97771873758262,1.4319423137455773,-2.140416096334225,0.9779640325261914,-2.1886427685510337,4.809816623069182,21.859378466990375,0.22003445387516313,-2.5130327426963035,2.098121376743199,-1.1977531771035905,-1.6628624135933292,3.1500792553480665,-0.5278793804602899,-8.652801901986244,25.108855577780485,-0.34461154673380645,0.5615379739933921,7.901928205562246,0.07106340228891446,-0.13640024607957812,4.691186306020372,-0.029075847366940712,229.99582573819532,1221.6993159813917,0.18825894599538234,7.67102391755861,1.2854063782516787,5.967776478762866,6.8756256457690945,2.3401797705708023,2.938074584764678,8.259309798545317,7.463055899534399,1.1066925938968246,255.51044048716778,284.82291920124334,0.8970852496935126,2.4897268120232647,0.825430022335082,3.016274824491107,27.153344425126924,8.003458579078341,3.3927008885142445,1.2092514340767482,0.48434402378846536,2.4966735997784943,-4.628389680258998,1.3460363928046728,-3.4385297949376037,BLG,WBG,1.0,10156.0,-0.040200000000000125,2.0,1.0,1.0,1.0,4.0,1.0,8.200000000000003,0.0,-1.0,0.0,1.0,30.12217375225088,6.388559204701131,10.95649613814749,26.0,1.1,21.380822169205505,7.0112856183122085,0.34696531426887844,17.0,1.15,30.35499983189865,6.388559204701131,11.189322217795258,26.0,1.15,29.190869433659813,6.388559204701131,10.025191819556422,26.0,0.9,29.656521592955343,6.388559204701131,10.490843978851952,26.0,1.0,28.029979341885834,6.523679086899761,8.458942081186553,24.047169811320757,26.581106759814606,6.137725136702843,8.167931349706077,31.0,1.1,26.652975248897096,6.137725136702843,8.239799838788567,31.0,1.15,28.088651935245274,6.390659312868853,8.916673996638714,27.0,1.15,27.088687735794828,6.278813841386201,8.252246211636226,29.0,0.9,26.437369781649654,6.137725136702843,8.024194371541125,31.0,1.0,26.98288253611789,6.216565539873775,8.333185916496564,29.792452830188683,1.0470968057679428,0.3071135470259856,0.12575616468998874,-5.7452830188679265,3.2191518113056894,0.2508340679982872,2.4666496073108277,-5.0,-5.272153079691591,0.8735604816093652,-7.892834524519689,-14.0,2.266347896653375,-0.0021001081677223254,2.272648221156544,-1.0,3.5410669924362743,0.2508340679982872,2.7885647884414126,-5.0,2.102181697864985,0.10974536331492946,1.772945607920196,-3.0,0.526153528646889
2024-07-23__BLG__WBG__G3,2024-07-23__BLG__WBG__G3,2024-07-23,0.0,-0.4357357032240934,1.2372145438177267,-0.35219061496715914,-5.180451747932295,6.761859462395603,-0.766128164983895,-32.73375163269833,63.362072928598394,-0.5166142710162142,-199.87483867541698,202.97771873758262,-0.984713193811729,0.5070343509998931,0.9779640325261914,0.5184585686976635,2.1690010093317653,21.859378466990375,0.09922518672623583,0.05537413766634813,2.098121376743199,0.026392234447402626,0.4428523178006267,3.1500792553480665,0.1405844556019713,-4.875625841186512,25.108855577780485,-0.1941795249052116,-6.383265548137157,7.901928205562246,-0.8078110271658613,-0.3982655703373066,4.691186306020372,-0.08489653990711431,-239.5747140393791,1221.6993159813917,-0.19609957270936917,-0.8423000233137774,1.2854063782516787,-0.6552786591745063,-0.05717320469138798,2.3401797705708023,-0.024431106096749373,10.869286403012854,7.463055899534399,1.4564121042264815,358.07747355853905,284.82291920124334,1.2571933231550934,-0.9201690007925869,0.825430022335082,-1.1147739494809612,-6.567125196858235,8.003458579078341,-0.8205358110416658,-0.6800658176640424,0.48434402378846536,-1.4040937436389496,-1.0273620620309138,1.3460363928046728,-0.7632492734026128,WBG,BLG,0.0,-10222.0,-0.17139999999999989,-1.0,-1.0,-1.0,-4.0,0.0,-1.0,-16.0,0.0,-1.0,-1.0,0.0,26.101230759117886,6.07474265363392,7.877002798216125,32.0,1.1,26.151286702714163,6.07474265363392,7.927058741812402,32.0,1.15,27.56628892477884,6.325081336826048,8.591044914300696,28.0,1.15,26.687036575086598,6.214383571595647,8.043885860299657,30.0,0.9,26.001118871925364,6.07474265363392,7.776890911023603,32.0,1.0,26.510569357764137,6.152774033225714,8.052247258086998,30.79245283018868,30.62166113122026,6.323002778992394,11.652652794243078,27.0,1.1,21.953914253060848,6.939339063536386,1.13589706245169,18.0,1.15,30.877191182639365,6.323002778992394,11.908182845662182,27.0,1.15,29.599540925543852,6.323002778992394,10.63053258856667,27.0,0.9,30.110601028382053,6.323002778992394,11.14159269140487,27.0,1.0,28.52637478429605,6.4567361237519405,9.156166413040228,25.047169811320757,-2.0158054265319123,-0.3039620905262268,-1.1039191549532301,5.745283018867923,-4.109482156456689,-0.24826012535847397,-3.3647017803812673,5.0,4.197372449653315,-0.8645964099024663,6.791161679360712,14.0,-3.3109022578605263,0.00207855783365396,-3.3171379313614864,1.0,-4.520430372102375,-0.24826012535847397,-3.775649996026953,5.0,-2.9125043504572545,-0.10861920739674691,-2.586646728267013,3.0,0.44977482307958094
2024-07-23__NIP__TES__G1,2024-07-23__NIP__TES__G1,2024-07-23,1.0,-0.718354726299709,1.2372145438177267,-0.5806221315996827,-4.893315520708217,6.761859462395603,-0.7236640785359545,-27.199297027104194,63.362072928598394,-0.4292677834023331,-85.78324044218283,202.97771873758262,-0.422623924207478,0.5856090991467049,0.9779640325261914,0.5988037196319914,-0.9120866749157415,21.859378466990375,-0.041725186037100195,0.057641932135165774,2.098121376743199,0.027473102986795363,0.7483150907489282,3.1500792553480665,0.23755429388774207,0.20299991526888306,25.108855577780485,0.00808479329355536,2.8761381770543153,7.901928205562246,0.3639792387699162,-0.503793534054437,4.691186306020372,-0.10739147708041852,224.81567860558192,1221.6993159813917,0.18401882974041656,0.8582842011490275,1.2854063782516787,0.6677137658229454,0.12847807184352433,2.3401797705708023,0.0549009176808964,1.5830470117637567,7.463055899534399,0.21211777332992315,10.3774060107678,284.82291920124334,0.03643458891382611,-0.7905041648650615,0.825430022335082,-0.9576865219201296,-8.616741965746677,8.003458579078341,-1.0766271611181124,-0.9052003016541657,0.48434402378846536,-1.8689162832186055,-0.04393698294894932,1.3460363928046728,-0.03264172539620164,TES,NIP,1.0,116.0,-0.0666000000000001,1.0,1.0,-1.0,1.0,2.0,-1.0,3.4000000000000057,0.0,,-0.39999999999999997,1.0,30.370222883419633,6.594075340187883,10.587996862855984,22.0,1.1,30.614323923575064,6.594075340187883,10.832097903011416,22.0,1.15,30.614323923575064,6.594075340187883,10.832097903011416,22.0,1.15,29.393818722797878,6.594075340187883,9.61159270223423,22.0,0.9,29.882020803108762,6.594075340187883,10.099794782545114,22.0,1.0,30.218235443322847,6.594075340187883,10.436009422759199,22.0,23.37903558157851,6.111689547774979,5.043966938253572,30.0,1.1,23.09351980215723,6.489934327140939,3.623716820734412,24.0,1.15,21.882541030362226,6.363550803585351,2.7918886196061727,26.0,1.15,23.673756384927856,6.111689547774979,5.338687741602918,30.0,0.9,23.41447903655558,6.363550803585351,4.323826625799526,26.0,1.0,23.049107335872524,6.295931660277461,4.161312355040142,27.07547169811321,7.169128107450323,0.2981436799104227,6.274697067719057,-5.075471698113208,6.4675417665531825,0.23052453660253214,5.775968156745588,-4.0,7.520804121417836,0.10414101304694423,7.208381082277004,-2.0,8.731782893212838,0.23052453660253214,8.040209283405243,-4.0,6.991187301841123,0.482385792412904,5.5440299246024125,-8.0,5.720062337870022,0.482385792412904,4.272904960631312,-8.0,0.6719268350376749
2024-07-23__NIP__TES__G2,2024-07-23__NIP__TES__G2,2024-07-23,0.0,0.4718488302951167,1.2372145438177267,0.3813796493690287,12.856564564635057,6.761859462395603,1.9013353848594818,27.346486660104688,63.362072928598394,0.4315907760677304,293.7906161981335,202.97771873758262,1.4474032744971086,-0.7167163972943467,0.9779640325261914,-0.7328650549427,6.2966393821469495,21.859378466990375,0.28805206440811554,-0.5137617468242013,2.098121376743199,-0.24486738834637736,0.00723963010963935,3.1500792553480665,0.0022982367186830327,7.7586361804740775,25.108855577780485,0.3089999800046613,1.6067619736390668,7.901928205562246,0.203337935818009,-0.0160811921012618,4.691186306020372,-0.003427957796659327,-958.7820504823169,1221.6993159813917,-0.7847938008603474,-7.462709179607019,1.2854063782516787,-5.805715219837368,-6.215686686007274,2.3401797705708023,-2.656071173720132,-15.452044265391894,7.463055899534399,-2.0704711853873055,-454.39474052838614,284.82291920124334,-1.595358759075045,-2.8561368159108436,0.825430022335082,-3.460176245655328,-28.926096588116025,8.003458579078341,-3.6141991225558345,-1.3065776072964848,0.48434402378846536,-2.697617489856001,5.056151021273816,1.3460363928046728,3.7563228542548583,NIP,TES,0.0,-3000.0,0.04580000000000006,0.0,1.0,-1.0,-3.0,6.0,-1.0,-17.200000000000003,0.0,-0.3333333333333333,-1.0,0.0,23.04819716159957,6.040065017890412,4.928002107928336,31.0,1.1,22.726237408752002,6.413877045184853,3.4846062731974463,25.0,1.15,21.522411011800664,6.288974644056879,2.655487079630028,27.0,1.15,23.403070404945087,6.040065017890412,5.2828753512738515,31.0,0.9,23.101322498675962,6.288974644056879,4.234398566505327,27.0,1.0,22.71755630651351,6.222147947635037,4.0511124636084075,28.075471698113212,30.727173845950784,6.51679760175362,11.176781040689924,23.0,1.1,30.98749992985763,6.51679760175362,11.437107124596771,23.0,1.15,30.98749992985763,6.51679760175362,11.437107124596771,23.0,1.15,29.685869510323364,6.51679760175362,10.135476705062505,23.0,0.9,30.206521678137083,6.51679760175362,10.656128872876224,23.0,1.0,30.565084020121986,6.51679760175362,11.014691214861125,23.000000000000004,-7.847527713608475,-0.294649654118583,-6.963578751252718,5.075471698113208,-7.1051991794611205,-0.2278229576967412,-6.421730306370897,4.0,-8.261262521105628,-0.1029205565687672,-7.952500851399325,2.0,-9.465088918056967,-0.2278229576967412,-8.781620044966743,4.0,-7.678976684351213,-0.4767325838632077,-6.248778932761589,8.0,-6.2827991053782775,-0.4767325838632077,-4.852601353788653,8.0,0.3132964601123283
2024-07-24__JDG__LNG__G1,2024-07-24__JDG__LNG__G1,2024-07-24,1.0,1.013148927987312,1.2372145438177267,0.8188944384427931,6.630608900039238,6.761859462395603,0.9805894305145325,46.21900019960822,63.362072928598394,0.7294426671022731,144.0586378684472,202.97771873758262,0.7097263584135821,0.027429804223777943,0.9779640325261914,0.028047837408791333,1.021021503481137,21.859378466990375,0.04670862249420076,0.7292786125991917,2.098121376743199,0.34758630892217596,0.6146721591664255,3.1500792553480665,0.1951290473069257,2.7104245922102805,25.108855577780485,0.10794695424756257,-1.1165210256496074,7.901928205562246,-0.14129727014811486,-0.09693184382341169,4.691186306020372,-0.020662539672849027,72.36689732533438,1221.6993159813917,0.05923462207062577,-0.2271107613693104,1.2854063782516787,-0.17668387875461755,-0.6752410510487863,2.3401797705708023,-0.2885422611536483,-2.18185352901396,7.463055899534399,-0.29235386496250354,-42.230966438964856,284.82291920124334,-0.14827095519253267,0.34612751746451753,0.825430022335082,0.4193294268070382,3.7966900659744525,8.003458579078341,0.4743811133749326,-0.06552866039789418,0.48434402378846536,-0.13529334911988983,-0.30404720676166086,1.3460363928046728,-0.225883180056486,LNG,JDG,1.0,710.0,,0.0,-1.0,1.0,-2.0,0.0,-1.0,11.400000000000006,0.0,,0.3333333333333333,1.0,27.912481643444103,6.371688305334356,8.797416727441036,27.0,1.1,28.04486717269156,6.371688305334356,8.929802256688493,27.0,1.15,28.04486717269156,6.371688305334356,8.929802256688493,27.0,1.15,27.382939526454265,6.371688305334356,8.267874610451198,27.0,0.9,27.647710584949184,6.371688305334356,8.532645668946117,27.0,1.0,27.830052917686253,6.371688305334357,8.714988001683183,27.0,30.95072424985575,6.225332585280419,12.274726494014494,28.0,1.1,31.22121171575829,6.225332585280419,12.545213959917035,28.0,1.15,31.22121171575829,6.225332585280419,12.545213959917035,28.0,1.15,29.86877438624561,6.225332585280419,11.192776630404357,28.0,0.9,27.32677284093944,6.63463129246401,7.4228789635474115,22.0,1.0,30.200613850876582,6.302558756447135,11.292937581535181,26.867924528301884,-2.3705609331903297,0.06912954888722211,-2.577949579851998,0.13207547169811562,0.3209377440097434,-0.26294298712965425,1.1097667053987053,5.0,-3.1763445430667296,0.14635572005393716,-3.615411703228542,-1.0,-3.1763445430667296,0.14635572005393716,-3.615411703228542,-1.0,-3.0382426064116466,0.14635572005393716,-3.477309766573459,-1.0,-2.485834859791346,0.14635572005393716,-2.9249020199531586,-1.0,0.44101195728774273
2024-07-24__JDG__LNG__G2,2024-07-24__JDG__LNG__G2,2024-07-24,1.0,0.28688303625444256,1.2372145438177267,0.2318779760632459,-6.658369083024244,6.761859462395603,-0.9846948365842655,2.6366531983887285,63.362072928598394,0.04161248259266145,-136.97834113412728,202.97771873758262,-0.6748442208889632,-0.10661240129963723,0.9779640325261914,-0.10901453298820475,1.2825013528853475,21.859378466990375,0.058670528814509106,0.07541206107808662,2.098121376743199,0.03594264181822637,0.059740398848650234,3.1500792553480665,0.018964722802609753,2.0423955981480404,25.108855577780485,0.08134164101902641,2.83783377227876,7.901928205562246,0.359131763706663,0.33890272962068835,4.691186306020372,0.07224242127057304,531.5172128641158,1221.6993159813917,0.43506385366360284,0.5711633184556497,1.2854063782516787,0.4443442041172241,-0.33276804959432127,2.3401797705708023,-0.14219758310087924,-1.792189106344999,7.463055899534399,-0.2401414233431356,81.86942940345921,284.82291920124334,0.28743975149757567,-0.9825744676747674,0.825430022335082,-1.1903774404978607,-6.131124072213446,8.003458579078341,-0.766059228716626,-0.4687601898381115,0.48434402378846536,-0.967822867615214,-1.1153641476296947,1.3460363928046728,-0.8286279070640561,JDG,LNG,1.0,5036.0,0.07499999999999996,1.0,1.0,1.0,2.0,4.0,1.0,13.0,0.0,1.0,0.39999999999999997,1.0,30.376542981137757,6.166751461272,11.876288597321757,29.0,1.1,30.620931298462207,6.166751461272,12.120676914646207,29.0,1.15,30.620931298462207,6.166751461272,12.120676914646207,29.0,1.15,29.39898971183998,6.166751461272,10.898735328023982,29.0,0.9,26.77047090689565,6.57219861867997,7.053875050855741,23.0,1.0,29.636207719484197,6.243250924933881,10.906454944682553,27.867924528301884,28.500161743248388,6.311729956500055,9.564971873748224,28.0,1.1,28.659260004305132,6.311729956500055,9.724070134804968,28.0,1.15,28.659260004305132,6.311729956500055,9.724070134804968,28.0,1.15,27.86376869902141,6.311729956500055,8.928578829521246,28.0,0.9,28.1819652211349,6.311729956500055,9.246775351634735,28.0,1.0,28.401100561835694,6.311729956500055,9.465910692335536,27.999999999999996,1.2351071576485033,-0.06847903156617363,1.440544252347017,-0.13207547169811207,-1.411494314239249,0.2604686621799148,-2.1929003007789944,-5.0,1.9616712941570746,-0.14497849522805506,2.396606779841239,1.0,1.9616712941570746,-0.14497849522805506,2.396606779841239,1.0,1.876381237889369,-0.14497849522805506,2.3113167235735332,1.0,1.535221012818571,-0.14497849522805506,1.9701564985027353,1.0,0.5308384857448581
2024-07-24__JDG__LNG__G3,2024-07-24__JDG__LNG__G3,2024-07-24,1.0,0.33259641852479405,1.2372145438177267,0.26882657608591604,-1.8346150953946712,6.761859462395603,-0.2713180944205259,6.832636667731492,63.362072928598394,0.1078348015475483,-107.02374307337527,202.97771873758262,-0.5272684273512367,-0.05151574229164968,0.9779640325261914,-0.05267646651800918,1.588885199056591,21.859378466990375,0.07268665615398416,0.46597090637874317,2.098121376743199,0.22208947940493554,0.5193548426134722,3.1500792553480665,0.1648703526622011,-2.465157476894639,25.108855577780485,-0.09817880273672534,-3.177221857573521,7.901928205562246,-0.4020817922966259,-0.21116859841774183,4.691186306020372,-0.04501389193024577,-541.6526417330567,1221.6993159813917,-0.4433600266482811,-0.9868892334491779,1.2854063782516787,-0.7677637845765874,-0.6768215107153708,2.3401797705708023,-0.2892176190945645,11.566382587267995,7.463055899534399,1.549818357674533,500.4459660712133,284.82291920124334,1.7570424659561115,0.12231935658713056,0.825430022335082,0.14818846551356687,1.4969627231794078,8.003458579078341,0.18703945567396676,-0.20680231229710877,0.48434402378846536,-0.42697313307678036,0.6731082616478705,1.3460363928046728,0.5000665399386472,LNG,JDG,1.0,2808.0,0.0666000000000001,2.0,1.0,-1.0,-1.0,0.0,-1.0,-3.200000000000003,0.0,-1.0,1.0,1.0,28.011560313894805,6.246666214992166,9.27156166891831,29.0,1.1,28.14844941907184,6.246666214992166,9.408450774095346,29.0,1.15,28.14844941907184,6.246666214992166,9.408450774095346,29.0,1.15,27.46400389318666,6.246666214992166,8.724005248210165,29.0,0.9,27.737782103540734,6.246666214992166,8.99778345856424,29.0,1.0,27.926327474822312,6.246666214992166,9.186328829845815,29.0,30.853921385982662,6.103182213888974,12.54437474431574,30.0,1.1,31.12000872170915,6.103182213888974,12.810462080042228,30.0,1.15,31.12000872170915,6.103182213888974,12.810462080042228,30.0,1.15,29.78957204307672,6.103182213888974,11.480025401409797,30.0,0.9,27.232984305284468,6.504449865959025,7.719634707407394,24.0,1.0,30.105459005389715,6.17889309163804,11.568779730475596,28.867924528301888,-2.1791315305674033,0.06777312335412589,-2.382450900629781,0.13207547169811207,0.5047977982562664,-0.25778365096685896,1.278148751156845,5.0,-2.97155930263731,0.14348400110319126,-3.402011305946882,-1.0,-2.97155930263731,0.14348400110319126,-3.402011305946882,-1.0,-2.842361072087858,0.14348400110319126,-3.27281307539743,-1.0,-2.32556814989006,0.14348400110319126,-2.756020153199632,-1.0,0.4457362732358754
2024-07-24__OMG__UP__G1,2024-07-24__OMG__UP__G1,2024-07-24,1.0,0.015820882243204437,1.2372145438177267,0.01278749068604917,0.5745890197746313,6.761859462395603,0.08497498920157617,-35.99384492870735,63.362072928598394,-0.5680660795489141,-20.714849997744977,202.97771873758262,-0.10205479707095898,1.7818663630548244,0.9779640325261914,1.822014390895007,1.1524298132983972,21.859378466990375,0.05272015223664833,2.4036958144937586,2.098121376743199,1.1456413797105982,1.1757196212484105,3.1500792553480665,0.37323481497092836,-4.283740061529258,25.108855577780485,-0.17060673584475594,2.310044033396103,7.901928205562246,0.2923392469487123,-0.004579098552308203,4.691186306020372,-0.000976106527750806,-70.55283323608327,1221.6993159813917,-0.057749752541736005,0.2341649788892859,1.2854063782516787,0.18217180238048794,0.4847768012041094,2.3401797705708023,0.207153570057695,-4.774687795560165,7.463055899534399,-0.6397764159962449,-220.81312527595992,284.82291920124334,-0.7752645928914116,-0.23492721600861177,0.825430022335082,-0.28461156614155403,-1.2577155006288692,8.003458579078341,-0.15714647999430575,-0.01362653924246926,0.48434402378846536,-0.02813395115714158,0.48024603213086614,1.3460363928046728,0.356785060131354,UP,OMG,1.0,2810.0,0.09999999999999998,1.0,1.0,-1.0,1.0,6.0,1.0,22.200000000000003,0.0,-1.0,0.3333333333333333,1.0,21.564603401166643,6.168030430121585,3.060512110801888,30.0,1.1,21.40844901031058,6.168030430121585,2.904357719945825,30.0,1.15,21.40844901031058,6.168030430121585,2.904357719945825,30.0,1.15,22.189220964590888,6.168030430121585,3.6851296742261326,30.0,0.9,21.876912182878765,6.168030430121585,3.37282089251401,30.0,1.0,21.661831606794006,6.1680304301215845,3.157740316429246,30.0,23.9451529871247,6.5075021859278115,4.422646429341267,24.0,1.1,28.640629175082697,7.532795324001134,6.042243203079298,10.0,1.15,24.35373228812785,6.70888964338609,4.22706335796958,21.0,1.15,24.13694335310203,6.5075021859278115,4.614436795318596,24.0,0.9,25.920371813706975,6.84304196358458,5.391245922953235,19.0,1.0,25.45788769811851,6.836978122251983,4.946953331362561,19.367924528301888,-3.796056091324502,-0.6689476921303985,-1.7892130149333152,10.632075471698112,-4.04345963082821,-0.6750115334629943,-2.018425030439225,11.0,-7.232180164772117,-1.3647648938795482,-3.1378854831334735,20.0,-2.9452832778172713,-0.5408592132645049,-1.3227056380237556,9.0,-2.3805495859580574,-0.3394717558062261,-1.362134318539379,6.0,-1.947722388511142,-0.3394717558062261,-0.9293071210924637,6.0,0.40622202286811304
2024-07-24__OMG__UP__G2,2024-07-24__OMG__UP__G2,2024-07-24,0.0,-1.3308067847764153,1.2372145438177267,-1.0756466740386161,-8.205605469161714,6.761859462395603,-1.2135129843029353,-46.03885585848303,63.362072928598394,-0.7265995729616334,-279.07600210645455,202.97771873758262,-1.3749095342447177,1.88525783236072,0.9779640325261914,1.9277354196303844,0.9034100406314565,21.859378466990375,0.04132825645831743,2.493464709245515,2.098121376743199,1.1884267270987234,1.3251690110976386,3.1500792553480665,0.42067785696819165,-5.369421875913687,25.108855577780485,-0.21384573444356825,2.4958818953444784,7.901928205562246,0.3158572837614898,-0.2604918902445199,4.691186306020372,-0.055527923583486245,-89.91085937155349,1221.6993159813917,-0.07359491662294426,0.32484593191105837,1.2854063782516787,0.25271827236038674,0.30855690376504796,2.3401797705708023,0.13185173882519627,2.954085936576078,7.463055899534399,0.3958278727260375,-63.84852230205763,284.82291920124334,-0.22416918644379139,-0.8049609154714812,0.825430022335082,-0.9752007056801761,-6.942117944591352,8.003458579078341,-0.867389642691341,-0.6101072581292588,0.48434402378846536,-1.2596542302780411,-0.2553030515368544,1.3460363928046728,-0.18967010344704602,UP,OMG,0.0,-444.0,-0.0666000000000001,1.0,1.0,-1.0,-4.0,2.0,1.0,-3.5999999999999943,0.0,0.0,-1.0,0.0,22.168906105394754,6.112134379986617,3.832502965434905,31.0,1.1,22.040220019276333,6.112134379986617,3.7038168793164843,31.0,1.15,22.040220019276333,6.112134379986617,3.7038168793164843,31.0,1.15,22.683650449868434,6.112134379986617,4.347247309908585,31.0,0.9,22.426278277631592,6.112134379986617,4.0898751376717435,31.0,1.0,22.249031404298677,6.1121343799866175,3.912628264338826,31.000000000000004,23.307591092241346,6.448529767980309,3.9620017883004195,25.0,1.1,27.869069800320844,7.4645314738374555,5.475475378808476,11.0,1.15,23.666562854212078,6.6480922079478075,3.722286230368656,22.0,1.15,23.61530180274292,6.448529767980309,4.269712498801994,25.0,0.9,25.310884671522096,6.781028810276469,4.967798240692687,20.0,1.0,24.805468688333786,6.77501992080946,4.4804089259054045,20.367924528301888,-2.556437284035109,-0.6628855408228427,-0.5677806615665784,10.632075471698116,-2.884606393890504,-0.6688944302898525,-0.8779231030209438,11.0,-5.828849781044511,-1.352397093850839,-1.7716584994919913,20.0,-1.6263428349357447,-0.535957827961191,-0.018469351052171845,9.0,-1.1386849868465916,-0.33639538799369273,-0.12949882286551428,6.0,-0.9316513528744856,-0.33639538799369273,0.07753481110659166,6.0,0.43643487616411963
2024-07-24__OMG__UP__G3,2024-07-24__OMG__UP__G3,2024-07-24,1.0,-0.0924366151176148,1.2372145438177267,-0.07471342853677651,7.968978085591605,6.761859462395603,1.178518564514764,7.995189638177976,63.362072928598394,0.1261825748820598,221.33918593206442,202.97771873758262,1.0904605008777328,-1.8050550399412915,0.9779640325261914,-1.8457255422299053,-4.761817876754662,21.859378466990375,-0.21783865749462078,-2.481210472930819,2.098121376743199,-1.1825861543797394,-0.8513284412356599,3.1500792553480665,-0.2702561116626512,4.887048053728051,25.108855577780485,0.19463443261899604,-2.612510574475291,7.901928205562246,-0.33061680337965044,0.255306802597965,4.691186306020372,0.05442264099545129,163.0631880388798,1221.6993159813917,0.13347243939022638,0.1123838066957834,1.2854063782516787,0.08743049759729869,0.3287187153819815,2.3401797705708023,0.1404672320684878,-9.463392629676928,7.463055899534399,-1.2680316868905723,-166.86067310362603,284.82291920124334,-0.5858400475134853,-0.3140643302494821,0.825430022335082,-0.3804852516458829,-1.9394339190928562,8.003458579078341,-0.2423244473130952,-0.24718934204050114,0.48434402378846536,-0.5103579677706352,-0.3241594218230368,1.3460363928046728,-0.24082497526134958,OMG,UP,1.0,2752.0,0.0,0.0,-1.0,1.0,1.0,6.0,1.0,-2.200000000000003,0.0,,0.6666666666666667,1.0,23.77196103521165,6.3799454543678955,4.632124672107963,26.0,1.1,28.431037172793623,7.385141320423967,6.275613211521723,12.0,1.15,24.167064583376405,6.577385417823623,4.434908329905536,23.0,1.15,23.99524084699135,6.3799454543678955,4.855404483887664,26.0,0.9,25.754806291883845,6.708908152813105,5.628081833444529,21.0,1.0,25.280659851415923,6.702963171798798,5.171770336019535,21.367924528301888,21.728760584542147,6.047127850399097,3.5873770333448576,32.0,1.1,21.58006788383952,6.047127850399097,3.4386843326422287,32.0,1.15,21.58006788383952,6.047127850399097,3.4386843326422287,32.0,1.15,22.323531387352666,6.047127850399097,4.1821478361553766,32.0,0.9,22.026145985947405,6.047127850399097,3.8847624347501153,32.0,1.0,21.821342832149448,6.047127850399095,3.679959280952155,32.0,3.459317019266475,0.655835321399703,1.4918110550673802,-10.632075471698112,3.7286603059364403,0.6617803024140088,1.743319398694414,-11.0,6.850969288954104,1.3380134700248707,2.836928878879494,-20.0,2.5869966995368863,0.5302575674245267,0.9962239972633071,-9.0,2.0432004506695023,0.3328176039687989,1.0447476387631056,-6.0,1.6717094596386843,0.3328176039687989,0.6732566477322877,-6.0,0.5856306808243508
2024-07-25__LGD__WBG__G1,2024-07-25__LGD__WBG__G1,2024-07-25,1.0,0.9205729611217315,1.2372145438177267,0.7440683765426046,10.180264036618862,6.761859462395603,1.505541868725901,48.95916835845378,63.362072928598394,0.7726888550653346,258.3971356512647,202.97771873758262,1.2730320154612558,-1.8073512729033254,0.9779640325261914,-1.8480735126436352,-3.343004513084523,21.859378466990375,-0.15293226956111722,-2.4497658201862826,2.098121376743199,-1.1675991102048682,-0.8608778565835804,3.1500792553480665,-0.2732875948547724,-9.099756754739495,25.108855577780485,-0.3624122319768284,-2.7729152026941506,7.901928205562246,-0.3509162295129483,-1.0196356001858558,4.691186306020372,-0.21735128735476414,456.500238881703,1221.6993159813917,0.37366005901487803,1.1697768695726705,1.2854063782516787,0.9100436868222426,1.4526852656226197,2.3401797705708023,0.6207577140582561,10.512108419772833,7.463055899534399,1.4085526294766233,218.2095263226488,284.82291920124334,0.7661234782947649,0.4741531456492032,0.825430022335082,0.5744309734178148,5.698404479846893,8.003458579078341,0.7119926606167865,0.1918639824327948,0.48434402378846536,0.3961308014110829,-0.785102366462322,1.3460363928046728,-0.5832693583841994,WBG,LGD,1.0,8800.0,,1.0,1.0,1.0,0.0,0.0,1.0,-4.200000000000003,0.0,1.0,1.0,1.0,25.650406819239677,6.010944176852333,7.617574288682679,33.0,1.1,25.67997076556876,6.010944176852333,7.647138235011763,33.0,1.15,27.07555017126082,6.2586537401660065,8.2995889507628,29.0,1.15,26.30970168343908,6.149118550736343,7.86234603123005,31.0,0.9,25.591278926581538,6.010944176852333,7.558446396024539,33.0,1.0,26.066850381168752,6.088156051249755,7.802382227419488,31.79245283018868,24.529759270400035,6.974326878909404,3.606778633671823,17.0,1.1,21.89716690689577,6.474223972804137,2.4744949884833574,24.0,1.15,21.89716690689577,6.474223972804137,2.4744949884833574,24.0,1.15,22.571695840179302,6.474223972804137,3.14902392176689,24.0,0.9,23.911522364281833,6.768792861086749,3.605143781021585,20.0,1.0,22.93816371768746,6.633597951105724,3.037369864370285,21.79245283018868,3.128686663481293,-0.5454418998559687,4.765012363049204,10.0,1.6797565622997048,-0.7578486842344159,3.953302615002954,13.0,3.7828038586729917,-0.463279795951804,5.172643246528406,9.0,5.178383264365049,-0.21557023263813058,5.825093962279443,5.0,1.1206475488396421,-0.9633827020570713,4.010795655010856,16.0,3.738005843259778,-0.3251054220677938,4.71332210946316,7.0,0.5775853151645476
2024-07-25__LGD__WBG__G2,2024-07-25__LGD__WBG__G2,2024-07-25,0.0,-0.6011742119228956,1.2372145438177267,-0.4859090357593049,0.894846070688267,6.761859462395603,0.1323372577214111,-25.272988860607654,63.362072928598394,-0.3988661875096977,97.9961330041724,202.97771873758262,0.4827925603404431,1.7513486759437464,0.9779640325261914,1.790809096128744,4.208943583201204,21.859378466990375,0.19254634330114845,2.5109610946591943,2.098121376743199,1.1967657952139197,0.9084937424090871,3.1500792553480665,0.28840336396721533,7.236070617848789,25.108855577780485,0.28818797843037525,2.370565382309742,7.901928205562246,0.2999983068237409,0.8051660808820227,4.691186306020372,0.1716337524721564,-550.92521649368,1221.6993159813917,-0.45094992592360705,-0.409525299446452,1.2854063782516787,-0.3185957279967225,-0.8145830585013343,2.3401797705708023,-0.34808552772726453,-9.154491896405926,7.463055899534399,-1.226641042623841,-251.10105730346982,284.82291920124334,-0.8816041108140203,-1.1998324776193594,0.825430022335082,-1.453582970779465,-10.080217068192937,8.003458579078341,-1.2594824736222072,-0.9037886585276371,0.48434402378846536,-1.8660017428451194,-0.3176976481871918,1.3460363928046728,-0.2360243852700263,LGD,WBG,0.0,-4312.0,-0.009599999999999831,0.0,-1.0,-1.0,-1.0,4.0,-1.0,1.2000000000000028,0.0,0.0,-0.8,0.0,24.043659685468533,6.8991725566307025,3.346142015576426,18.0,1.1,21.425412651263752,6.404458686002337,2.212036593256741,25.0,1.15,21.425412651263752,6.404458686002337,2.212036593256741,25.0,1.15,22.202496857510766,6.404458686002337,2.9891207995037554,25.0,0.9,23.48263673881197,6.6958533432017715,3.3950767092066556,21.0,1.0,22.488935596696923,6.56211527371755,2.802589775544266,22.79245283018868,26.069360149094393,5.946171125099833,8.230846773794894,34.0,1.1,26.11796742859869,5.946171125099833,8.27945405329919,34.0,1.15,27.53159657139358,6.191211406534981,8.957962351788641,30.0,1.15,26.660361210013473,6.082856552221549,8.411791553348827,32.0,0.9,25.972145590085823,5.946171125099833,8.133632214786324,34.0,1.0,26.47920102699866,6.022550975677185,8.411548099967106,32.79245283018868,-3.9902654303017364,0.5395642980403652,-5.60895832442284,-10.0,-2.489508851273854,0.7496822181019382,-4.738555505579669,-13.0,-4.692554777334937,0.45828756090250344,-6.067417460042449,-9.0,-6.10618392012983,0.2132472794673559,-6.7459257585319,-5.0,-2.02570046362586,0.9530014315308692,-4.884704758218469,-16.0,-4.457864352502707,0.3216021337807877,-5.422670753845072,-7.0,0.401546245837516
2024-07-25__RA__WE__G1,2024-07-25__RA__WE__G1,2024-07-25,1.0,0.8045566500644847,1.2372145438177267,0.6502962673600361,2.900077637358649,6.761859462395603,0.4288875308040895,28.114422032471168,63.362072928598394,0.443710571471395,122.80319638070193,202.97771873758262,0.605008256765652,0.5057714586409272,0.9779640325261914,0.5171672215462181,-2.4012874051449558,21.859378466990375,-0.10985158150399993,0.04722432231599072,2.098121376743199,0.02250789698420473,0.7405173687407736,3.1500792553480665,0.23507888965163856,-0.9988004376857447,25.108855577780485,-0.039778810101994466,1.6962490947139095,7.901928205562246,0.2146626539655535,0.4042918868255345,4.691186306020372,0.08618114358953265,-261.0946104251666,1221.6993159813917,-0.21371429679627416,-0.45172358335219265,1.2854063782516787,-0.3514244518859037,-0.32729187466401655,2.3401797705708023,-0.13985751817975392,1.2557131913364223,7.463055899534399,0.16825721795244025,49.01192482934664,284.82291920124334,0.1720785841066336,0.30911275930446,0.825430022335082,0.3744864815354327,3.635784405074048,8.003458579078341,0.4542765999066539,0.3008551363113565,0.48434402378846536,0.6211587226769013,-0.7973529789458134,1.3460363928046728,-0.5923706007040471,RA,WE,1.0,4776.0,-0.33320000000000005,0.0,1.0,-1.0,0.0,-2.0,1.0,14.599999999999994,0.0,,1.0,1.0,25.0230956520288,6.458872508132775,5.646478127630473,25.0,1.1,25.024145454393743,6.458872508132775,5.647527929995416,25.0,1.15,25.024145454393743,6.458872508132775,5.647527929995416,25.0,1.15,25.018896442569027,6.458872508132775,5.6422789181707,25.0,0.9,25.02099604729891,6.458872508132775,5.644378522900585,25.0,1.0,25.022442001499684,6.458872508132776,5.645824477101357,25.0,22.122890221927776,7.316595495390579,0.17310373575604032,13.0,1.1,23.014860159832892,7.530891467750287,0.4221857565820315,10.0,1.15,22.313414452442252,6.606280263203552,2.494573662831595,23.0,1.15,22.897454788867847,6.606280263203552,3.0786139992571897,23.0,0.9,22.663838654297614,6.606280263203552,2.844997864686956,23.0,1.0,22.591366606135026,6.954327365210057,1.7283845105048572,18.10377358490566,2.431075395364658,-0.49545485707728076,3.9174399665964996,6.89622641509434,2.357157393001298,-0.14740775507077686,2.7993806582136287,2.0,2.0092852945608506,-1.0720189596175116,5.2253421734133845,15.0,2.7107310019514905,-0.14740775507077686,3.152954267163821,2.0,2.9002054301010247,-0.8577229872578034,5.473374391874433,12.0,2.1214416537011793,-0.14740775507077686,2.56366491891351,2.0,0.5604793108414677
2024-07-25__RA__WE__G2,2024-07-25__RA__WE__G2,2024-07-25,1.0,-0.9177454542286174,1.2372145438177267,-0.7417829971620731,-3.507222624686701,6.761859462395603,-0.5186771664679037,-34.19297787021259,63.362072928598394,-0.5396442343213711,-148.33808169772828,202.97771873758262,-0.7308096764980189,0.9365899783788088,0.9779640325261914,0.9576927060055447,-0.6977610545078363,21.859378466990375,-0.031920442003466665,0.5264540410398872,2.098121376743199,0.25091674674242453,0.024711754197374702,3.1500792553480665,0.007844801463524677,-6.204650976545651,25.108855577780485,-0.24711005685684292,1.4000087045511194,7.901928205562246,0.17717302548922348,-0.5436126818197176,4.691186306020372,-0.1158795516695911,-357.78205650195036,1221.6993159813917,-0.29285606656961066,0.6448336406791846,1.2854063782516787,0.5016570245273076,0.2886510832436535,2.3401797705708023,0.12334563503538555,-6.425636695768027,7.463055899534399,-0.8609925908737084,-162.07925702568036,284.82291920124334,-0.5690527184791249,1.3008531476607628,0.825430022335082,1.5759683274088094,9.035277142635437,8.003458579078341,1.1289214437034638,0.9054705113050694,0.48434402378846536,1.8694741699267008,0.8179096013523548,1.3460363928046728,0.6076425556411299,WE,RA,1.0,2946.0,0.013399999999999967,0.0,-1.0,-1.0,0.0,6.0,1.0,1.2000000000000028,0.0,0.25,0.3333333333333333,1.0,21.59228403134711,7.239004513904003,-0.12472951036490088,14.0,1.1,22.44388815997295,7.45102792181287,0.09080439453433797,11.0,1.15,21.81254399511731,6.536222027796075,2.2038779117290836,24.0,1.15,22.505469213570066,6.536222027796075,2.8968031301818407,24.0,0.9,22.22829912618897,6.536222027796075,2.619633042800743,24.0,1.0,22.099930345516537,6.880578162293818,1.4581958586350836,19.10377358490566,25.491498987862467,6.3903775014704,6.3203664834512665,26.0,1.1,25.51383985094712,6.3903775014704,6.342707346535921,26.0,1.15,25.51383985094712,6.3903775014704,6.342707346535921,26.0,1.15,25.402135535523843,6.3903775014704,6.2310030311126425,26.0,0.9,25.446817261693155,6.3903775014704,6.2756847572819545,26.0,1.0,25.477588639149378,6.390377501470399,6.306456134738178,26.000000000000004,-3.377658293632841,0.49020066082341884,-4.848260276103094,-6.896226415094343,-3.218518135504187,0.1458445263256749,-3.6560517144812117,-2.0,-3.0699516909741718,1.06065042034247,-6.251902952001583,-15.0,-3.7012958558298124,0.1458445263256749,-4.138829434806837,-2.0,-3.899214956515358,0.8486270124336031,-6.445095993816167,-12.0,-2.896666321953777,0.1458445263256749,-3.334199900930802,-2.0,0.41635228569799815
2024-07-25__RA__WE__G3,2024-07-25__RA__WE__G3,2024-07-25,1.0,1.1797007345170032,1.2372145438177267,0.9535127006865372,2.5733649829482044,6.761859462395603,0.3805705541040562,58.291021125963255,63.362072928598394,0.9199670640776434,104.83398674128028,202.97771873758262,0.5164802662913628,1.045839039663715,0.9779640325261914,1.069403306744207,4.27320449588143,21.859378466990375,0.19548608423831756,1.8879846276151717,2.098121376743199,0.8998448558304721,1.3329594064027583,3.1500792553480665,0.4231509353260822,4.682816109813096,25.108855577780485,0.1865005718323728,0.39939547082329696,7.901928205562246,0.05054404569230493,0.0836911243942966,4.691186306020372,0.01784007308488679,58.34732811240647,1221.6993159813917,0.047759155875254686,-1.5086764813173072,1.2854063782516787,-1.1736952088833532,-0.03675915377766614,2.3401797705708023,-0.01570782660892478,7.602764761064982,7.463055899534399,1.0187199244775018,217.5356940539608,284.82291920124334,0.7637576846001708,0.06208748997925628,0.825430022335082,0.07521826572935854,-0.07677208431087479,8.003458579078341,-0.009592362346848472,0.10650344608584117,0.48434402378846536,0.21989169054074123,-0.3281952681022471,1.3460363928046728,-0.2438232918763145,RA,WE,1.0,8552.0,,2.0,1.0,1.0,4.0,0.0,1.0,16.0,0.0,1.0,1.0,1.0,24.876093666189544,6.3318191311709455,5.880636272676707,27.0,1.1,24.87046156010725,6.3318191311709455,5.875004166594412,27.0,1.15,24.87046156010725,6.3318191311709455,5.875004166594412,27.0,1.15,24.898622090518725,6.3318191311709455,5.903164697005888,27.0,0.9,24.887357878354134,6.3318191311709455,5.8919004848412975,27.0,1.0,24.87960044922192,6.3318191311709455,5.88414305570908,27.0,22.28941372367683,7.172669730579063,0.7714045319396412,15.0,1.1,23.194051919192667,7.382750257143342,1.045801147762642,12.0,1.15,22.47060580067195,6.47632720784607,3.041624177133741,25.0,1.15,23.0204741048737,6.47632720784607,3.5914924813354894,25.0,0.9,22.800526783193003,6.47632720784607,3.3715451596547936,25.0,1.0,22.745597160654373,6.817527827034402,2.2930136795511658,20.10377358490566,2.134003288567545,-0.48570869586345644,3.591129376157914,6.89622641509434,2.0868310951611306,-0.1445080766751241,2.520355325186504,2.0,1.6764096409145814,-1.0509311259723964,4.82920301883177,15.0,2.3998557594352974,-0.1445080766751241,2.8333799894606706,2.0,2.5866799425127134,-0.8408505994081175,5.109231740737066,12.0,1.8781479856450254,-0.1445080766751241,2.3116722156703986,2.0,0.5531485377620166
2024-07-25__RNG__iG__G1,2024-07-25__RNG__iG__G1,2024-07-25,0.0,-0.651102169151887,1.2372145438177267,-0.5262641359505995,-1.2559322435813378,6.761859462395603,-0.1857376753876971,-11.362623320069929,63.362072928598394,-0.17932846284157727,0.3188532164307958,202.97771873758262,0.001570877911344267,0.3208834876175972,0.9779640325261914,0.32811345696964217,-2.2667590232620967,21.859378466990375,-0.10369731797213669,0.264072981965338,2.098121376743199,0.12586157265776082,-0.33010081489017873,3.1500792553480665,-0.10479123962945014,-28.131489624503395,25.108855577780485,-1.1203811506652883,-3.0263390946542614,7.901928205562246,-0.38298737130218674,-2.7298949096160587,4.691186306020372,-0.5819198278680293,-166.71239478001596,1221.6993159813917,-0.13645943192628895,-0.5571920411194622,1.2854063782516787,-0.43347506055031043,0.10941006530514485,2.3401797705708023,0.04675282639744887,-1.2703779514215903,7.463055899534399,-0.17022219829261195,-9.782783618815074,284.82291920124334,-0.034346897405247406,0.298907310985721,0.825430022335082,0.3621227006226817,5.034277355236846,8.003458579078341,0.629012654527154,0.614620321473921,0.48434402378846536,1.2689720989935318,0.48135299696659395,1.3460363928046728,0.357607448009763,iG,RNG,0.0,1072.0,0.039999999999999925,-1.0,-1.0,-1.0,-2.0,0.0,1.0,-7.200000000000003,0.0,0.0,-1.0,0.0,21.86829629423732,6.145966273852005,3.4303974726813067,30.0,1.1,21.725946125793573,6.145966273852005,3.2880473042375584,30.0,1.15,21.725946125793573,6.145966273852005,3.2880473042375584,30.0,1.15,22.43769696801236,6.145966273852005,3.999798146456346,30.0,0.9,24.36406618651485,7.165486603749355,2.867606375266785,15.0,1.0,22.374112352964573,6.338328600247732,3.3591265522213805,27.169811320754718,17.69527957550837,6.373314709817334,-1.4246645539436322,26.0,1.1,21.772804552765233,7.753697850161361,-1.4882889977188505,7.0,1.15,22.92061748042982,8.082745136223952,-1.327617928242038,3.0,1.15,24.389315042068723,8.253569256143058,-0.3713927263604475,1.0,0.9,21.435672083270056,6.91880428989551,0.6792592135835278,18.0,1.0,21.556282734408573,7.465957025578573,-0.8415883423271494,11.132075471698114,0.8178296185560008,-1.1276284253308413,4.20071489454853,16.037735849056602,2.928394103244795,0.24668231385384498,2.1883471616832573,-3.0,-0.046858426971660094,-1.607731576309356,4.776336301956409,23.0,-1.1946713546362453,-1.9367788623719475,4.615665232479596,27.0,4.173016718728952,-0.22734843596532972,4.855062026624939,4.0,-1.9516180740563627,-2.107602982291053,4.371190872816793,29.0,0.5204343522165588
2024-07-25__RNG__iG__G2,2024-07-25__RNG__iG__G2,2024-07-25,0.0,0.6655533535153424,1.2372145438177267,0.5379445455895399,4.305295095045349,6.761859462395603,0.6367027416475349,24.737913767457542,63.362072928598394,0.3904214656126039,98.73961693313623,202.97771873758262,0.48645544476896574,0.25557988491037253,0.9779640325261914,0.2613384695873855,-3.340320168245782,21.859378466990375,-0.15280946896456804,1.434842645070031,2.098121376743199,0.6838698547685568,1.7633510979761433,3.1500792553480665,0.5597797373518989,17.416326642031862,25.108855577780485,0.6936328059416312,-4.062785661241509,7.901928205562246,-0.5141511086155611,2.335031842688889,4.691186306020372,0.4977485848182309,431.5485836377318,1221.6993159813917,0.3532363304450508,-0.4133547184547215,1.2854063782516787,-0.3215748761431086,-1.8392462813791184,2.3401797705708023,-0.7859419684619068,-4.58806822621759,7.463055899534399,-0.614770634604679,-97.28366497999434,284.82291920124334,-0.3415584142991652,0.6969849702210205,0.825430022335082,0.8443891147309954,2.972609309691329,8.003458579078341,0.3714155460298642,0.3921495355673048,0.48434402378846536,0.8096491474196991,-0.3611610916946013,1.3460363928046728,-0.2683143080758459,RNG,iG,0.0,1850.0,0.4667999999999999,1.0,1.0,-1.0,-4.0,4.0,-1.0,7.400000000000006,0.0,,-0.5,0.0,18.242566741066916,6.3108839082948345,-0.690084983817588,27.0,1.1,22.468892201608444,7.677745289588256,-0.5643436671563258,8.0,1.15,23.64624532494996,8.003569341471616,-0.3644626994648874,4.0,1.15,24.969199572923593,8.172720126993864,0.4510391919420016,2.0,0.9,21.975789597578792,6.851030059834327,1.422699418075812,19.0,1.0,22.178735996967134,7.3928230752777315,0.0002667711339379656,12.132075471698116,21.340531918118618,6.085762499508994,3.0832444195916366,31.0,1.1,21.174192459851295,6.085762499508994,2.916904961324313,31.0,1.15,21.174192459851295,6.085762499508994,2.916904961324313,31.0,1.15,22.00588975118797,6.085762499508994,3.7486022526609872,31.0,0.9,23.804691379674043,7.0952959584825015,2.5188035042265398,16.0,1.0,21.84626791006258,6.276240510636071,3.0175463781543677,28.16981132075472,0.3324680869045551,1.1165825646416607,-3.0172796070204297,-16.037735849056606,-1.828901782095251,-0.24426589864817494,-1.0961040861507279,3.0,1.2946997417571495,1.5919827900792622,-3.481248628480639,-23.0,2.4720528650986644,1.917806841962622,-3.2813676607892006,-27.0,-3.0979651770517016,0.22512140878584042,-3.7733294034092246,-4.0,2.963309821735624,2.0869576274848702,-3.2975630607189856,-29.0,0.5083109366453654
2024-07-25__RNG__iG__G3,2024-07-25__RNG__iG__G3,2024-07-25,1.0,-0.718184662496439,1.2372145438177267,-0.5804846747077774,-4.409333701055273,6.761859462395603,-0.6520888334766267,-32.258393978426795,63.362072928598394,-0.5091120283527685,-88.87411663718996,202.97771873758262,-0.43785158662778273,-0.12601628318703106,0.9779640325261914,-0.1288556124154226,4.266334998722002,21.859378466990375,0.19517182567622976,0.2705060015401912,2.098121376743199,0.12892765671756615,-0.131749996121874,3.1500792553480665,-0.041824329998638825,-24.78940797965879,25.108855577780485,-0.9872774533905146,-7.350185475566313,7.901928205562246,-0.9301760727484681,-2.6045962179833757,4.691186306020372,-0.5552104505912187,-528.9194502971236,1221.6993159813917,-0.4329375018429185,-0.1542579565274167,1.2854063782516787,-0.12000705701349529,0.7885743850816063,2.3401797705708023,0.336971568606327,-7.927311910722711,7.463055899534399,-1.0622070845014293,-226.64172921255465,284.82291920124334,-0.7957285496982461,0.21672235987338206,0.825430022335082,0.2625565965043219,0.9462686380996388,8.003458579078341,0.1182324504484608,0.14478103558959532,0.48434402378846536,0.29892128230644843,1.2232843312137351,1.3460363928046728,0.9088041221981487,iG,RNG,1.0,2090.0,0.006800000000000028,1.0,1.0,-1.0,3.0,-6.0,1.0,-8.200000000000003,0.0,,0.3333333333333333,1.0,21.850952758112516,6.025410658379625,3.7747207829736418,32.0,1.1,21.707814247117643,6.025410658379625,3.6315822719787683,32.0,1.15,21.707814247117643,6.025410658379625,3.6315822719787683,32.0,1.15,22.423506802092067,6.025410658379625,4.347274826953193,32.0,0.9,24.34568385983889,7.0249326844495865,3.2708858064901314,17.0,1.0,22.356766185663414,6.21399971990226,3.7147670259566374,29.169811320754718,17.713264674836807,6.248299562775267,-1.0316340134889934,28.0,1.1,21.79567957394898,7.6016059292391835,-1.0091382137685692,9.0,1.15,22.94446325953896,7.9241988196342374,-0.8281331993637515,5.0,1.15,24.40837136486008,8.091672155315882,0.13335489891243668,3.0,0.9,21.453421571573802,6.783089144003811,1.1041541395623682,20.0,1.0,21.576737962411226,7.319509257367044,-0.38178980968990567,13.132075471698116,0.780028223252188,-1.1055095374647843,4.096556835646543,16.037735849056602,2.892262288265087,0.2418435404457755,2.166731666927763,-3.0,-0.08786532683133785,-1.5761952708595581,4.640720485747337,23.0,-1.2366490124213172,-1.898788161254612,4.45971547134252,27.0,4.137688083275709,-0.22288890439564124,4.806354796462635,4.0,-1.9848645627680135,-2.0662614969362565,4.213919928040756,29.0,0.5194908240204099
2024-07-26__AL__TES__G1,2024-07-26__AL__TES__G1,2024-07-26,0.0,-0.9471265182974884,1.2372145438177267,-0.7655307298960223,-4.965737592051632,6.761859462395603,-0.7343744550286626,-27.102541020209117,63.362072928598394,-0.42774074994373595,-147.2660494169939,202.97771873758262,-0.7255281496283685,-0.7654887526685208,0.9779640325261914,-0.7827363220658095,7.265415739310825,21.859378466990375,0.3323706306614172,0.18934252495498072,2.098121376743199,0.0902437946679196,-0.6720283372417826,3.1500792553480665,-0.2133368939095576,-20.918060842669178,25.108855577780485,-0.8330949192318117,-7.727554383768641,7.901928205562246,-0.9779326266716157,-0.2833390403705227,4.691186306020372,-0.06039815123282402,-77.93225276650108,1221.6993159813917,-0.06379004365743465,-1.129043879112153,1.2854063782516787,-0.8783549077241176,-1.2777998212729003,2.3401797705708023,-0.5460261178717519,5.765455642071554,7.463055899534399,0.772532719458597,241.65843389072927,284.82291920124334,0.8484515000407413,0.8124404638114768,0.825430022335082,0.9842620907476243,5.240404393518077,8.003458579078341,0.6547673967413914,0.8475066448087163,0.48434402378846536,1.7497994264081869,0.3135845111382185,1.3460363928046728,0.23296864768728132,AL,TES,0.0,-3260.0,-0.1668,0.0,-1.0,-1.0,-3.0,-2.0,-1.0,-21.200000000000003,0.0,-1.0,-1.0,0.0,30.16674089399468,6.160686308146161,11.684681969556198,29.0,1.1,30.401592752812643,6.160686308146161,11.91953382837416,29.0,1.15,30.401592752812643,6.160686308146161,11.91953382837416,29.0,1.15,29.22733345872293,6.160686308146161,10.745274534284448,29.0,0.9,29.697037176358812,6.160686308146161,11.214978251920328,29.0,1.0,30.02051237812692,6.160686308146162,11.538453453688437,29.0,31.064052633233942,6.439462533926295,11.745665031455058,24.0,1.1,31.33969138929002,6.439462533926295,12.021303787511137,24.0,1.15,31.33969138929002,6.439462533926295,12.021303787511137,24.0,1.15,29.961497609009584,6.439462533926295,10.6431100072307,24.0,0.9,30.51277512112177,6.439462533926295,11.194387519342886,24.0,1.0,30.892428502104675,6.439462533926295,11.574040900325791,24.0,-0.8719161239777549,-0.27877622578013295,-0.03558744663735425,5.0,-0.815737944762958,-0.27877622578013384,0.020590732577442594,5.0,-0.9380986364773776,-0.27877622578013384,-0.10176995913697695,5.0,-0.9380986364773776,-0.27877622578013384,-0.10176995913697695,5.0,-0.8973117392392602,-0.27877622578013384,-0.0609830618988596,5.0,-0.7341641502866523,-0.27877622578013384,0.10216452705374834,5.0,0.4782158960669302
2024-07-26__AL__TES__G2,2024-07-26__AL__TES__G2,2024-07-26,1.0,-1.094634884877971,1.2372145438177267,-0.8847568156961652,2.2872235905498837,6.761859462395603,0.3382535920801244,-39.862075005645636,63.362072928598394,-0.6291156923077598,71.50742641063027,202.97771873758262,0.3522919978758152,0.560572048183964,0.9779640325261914,0.5732025476779519,-5.618882316784152,21.859378466990375,-0.2570467439512255,-0.06794629911195926,2.098121376743199,-0.0323843355683707,0.06955544615654397,3.1500792553480665,0.02208053145263706,0.7874545726197653,25.108855577780485,0.03136162613301178,-0.10709373456606386,7.901928205562246,-0.013552859280323534,-0.44629588897438577,4.691186306020372,-0.09513495408755859,351.53553423533145,1221.6993159813917,0.2877430881306499,-0.7585086332328146,1.2854063782516787,-0.5900920175707137,-1.3824700233682243,2.3401797705708023,-0.5907535181698894,-8.971086281510967,7.463055899534399,-1.2020659097575217,-228.8817402803695,284.82291920124334,-0.8035931241722111,0.9575559105430358,0.825430022335082,1.1600677520384228,8.7049409351022,8.003458579078341,1.087647266671726,0.5513991124431652,0.48434402378846536,1.138442815268781,0.20263781882126963,1.3460363928046728,0.15054397441295672,TES,AL,1.0,4050.0,0.1299999999999999,1.0,1.0,-1.0,1.0,6.0,1.0,-1.4000000000000057,0.0,,0.25,1.0,31.572162435299354,6.37366512937591,12.451167047171623,25.0,1.1,31.870897091449315,6.37366512937591,12.749901703321584,25.0,1.15,31.870897091449315,6.37366512937591,12.749901703321584,25.0,1.15,30.377223810699466,6.37366512937591,11.256228422571734,25.0,0.9,30.97469312299942,6.37366512937591,11.853697734871687,25.0,1.0,31.386157838073895,6.37366512937591,12.265162449946168,25.0,29.680628103660514,6.097737394756342,11.38741591939149,30.0,1.1,29.893383926554193,6.097737394756342,11.60017174228517,30.0,1.15,29.893383926554193,6.097737394756342,11.60017174228517,30.0,1.15,28.829604812085883,6.097737394756342,10.53639262781686,30.0,0.9,29.255116457873203,6.097737394756342,10.96190427360418,30.0,1.0,29.548157496953156,6.097737394756343,11.25494531268413,30.0,1.8380003411207397,0.2759277346195672,1.0102171372620372,-5.0,1.7195766651262154,0.2759277346195681,0.8917934612675076,-5.0,1.9775131648951216,0.2759277346195681,1.1497299610364138,-5.0,1.9775131648951216,0.2759277346195681,1.1497299610364138,-5.0,1.8915343316388409,0.2759277346195681,1.063751127780133,-5.0,1.5476189986135829,0.2759277346195681,0.719835794754875,-5.0,0.5458210853793333
2024-07-26__BLG__NIP__G1,2024-07-26__BLG__NIP__G1,2024-07-26,0.0,-0.6586127793666972,1.2372145438177267,-0.5323347113263618,-3.0228523213680614,6.761859462395603,-0.447044469222472,-10.249028043822193,63.362072928598394,-0.16175335509648314,-21.512614995442902,202.97771873758262,-0.10598510527783658,0.4869820914637666,0.9779640325261914,0.49795450273496816,8.545592207999775,21.859378466990375,0.3909348031084041,0.8980840736714839,2.098121376743199,0.42804179757404365,0.3920060567277952,3.1500792553480665,0.12444319666531184,-9.277697374675135,25.108855577780485,-0.36949899912548084,-1.6811518966826533,7.901928205562246,-0.21275208280773686,-0.47919904362118704,4.691186306020372,-0.10214877649549686,452.836937193372,1221.6993159813917,0.37066152931332885,0.9864924679787119,1.2854063782516787,0.7674551155295765,0.7365477319718003,2.3401797705708023,0.3147396736330528,4.436818851253747,7.463055899534399,0.5945042240707757,45.089782169365435,284.82291920124334,0.1583081240003683,-0.817349977239699,0.825430022335082,-0.99020990866987,-4.103278022198197,8.003458579078341,-0.512688042171723,-0.6286774662599255,0.48434402378846536,-1.297995097260453,-0.08304990649836519,1.3460363928046728,-0.06169955377340457,BLG,NIP,0.0,-4796.0,,-1.0,-1.0,-1.0,-2.0,2.0,-1.0,-23.0,0.0,,-0.3333333333333333,0.0,31.090909161502005,6.2565970118700385,12.32111812589189,28.0,1.1,22.492310902990347,6.866460377579254,1.8929297702525858,19.0,1.15,31.36776866884301,6.2565970118700385,12.597977633232894,28.0,1.15,29.983471132138007,6.2565970118700385,11.213680096527892,28.0,0.9,30.537190146820002,6.2565970118700385,11.767399111209887,28.0,1.0,28.992718066227315,6.388925855372983,9.825940500108373,26.047169811320757,22.735962548422265,5.96838735251159,4.830800490887498,32.0,1.1,24.937606780569226,7.847652019908047,1.3946507208450853,6.0,1.15,21.1825319341341,6.214343159333218,2.5395024561344464,28.0,1.15,23.14760572143638,5.96838735251159,5.242443663901614,32.0,0.9,22.80577547461808,6.214343159333218,4.162745996618426,28.0,1.0,22.959686594166822,6.475926852921481,3.531906035402375,24.735849056603772,6.033031472060493,-0.08700099754849866,6.294034464705998,1.3113207547169843,7.731414672201922,0.04225385253682035,7.604653114591461,0.0,-2.4452958775788787,-0.9811916423287927,0.49827904940750045,13.0,10.185236734708909,0.04225385253682035,10.058475177098448,0.0,8.35494661307974,0.2882096593584489,7.490317635004391,-4.0,6.835865410701626,0.2882096593584489,5.971236432626277,-4.0,0.6464116501494085
2024-07-26__BLG__NIP__G2,2024-07-26__BLG__NIP__G2,2024-07-26,0.0,-1.1591396229114999,1.2372145438177267,-0.9368938409346971,1.9717201977211758,6.761859462395603,0.2915943339390697,-30.024822914502465,63.362072928598394,-0.473861113642475,-14.418337400472979,202.97771873758262,-0.07103408895869733,-1.1901028101655333,0.9779640325261914,-1.2169175487710093,-1.349201803026105,21.859378466990375,-0.06172187115665936,-2.2745053586765103,2.098121376743199,-1.0840670610486984,-0.6306945331403977,3.1500792553480665,-0.2002153856460109,-1.7483389110887657,25.108855577780485,-0.06963036750291204,-4.4805252408633045,7.901928205562246,-0.5670166264852662,-0.22932412097115584,4.691186306020372,-0.048884025729873506,-458.5301161380969,1221.6993159813917,-0.3753215785296874,6.981859650585354,1.2854063782516787,5.431631845836758,6.738293759482474,2.3401797705708023,2.8793902779736587,4.698421680307629,7.463055899534399,0.6295572636731138,200.02550308539253,284.82291920124334,0.7022802200892516,3.019900714380239,0.825430022335082,3.6585742874518674,33.12451723732069,8.003458579078341,4.138774852303962,1.6699135363552047,0.48434402378846536,3.4477768002929436,-5.6492102613443915,1.3460363928046728,-4.19691926208187,NIP,BLG,0.0,-4704.0,0.19999999999999996,-1.0,-1.0,1.0,1.0,0.0,1.0,-0.7999999999999972,0.0,,-0.39999999999999997,0.0,23.372538342771463,5.917441893396594,5.620212662581679,33.0,1.1,25.812667142437,7.780665376529297,2.4706710128491096,7.0,1.15,21.875468542431925,6.161298250105412,3.391573792115686,29.0,1.15,23.668440462267544,5.917441893396594,5.916114782077759,33.0,0.9,23.408329047050973,6.161298250105412,4.924434296734734,29.0,1.0,23.63416484485654,6.420649095760098,4.372217557576241,25.73584905660377,30.42359352370615,6.203191428679615,11.814019237667306,29.0,1.1,21.726659305861343,6.80784907174913,1.3031120906139542,20.0,1.15,30.67012050205643,6.203191428679615,12.060546216017588,29.0,1.15,29.437485610305032,6.203191428679615,10.82791132426619,29.0,0.9,29.930539567005585,6.203191428679615,11.320965280966742,29.0,1.0,28.329533258766475,6.334390728590925,9.326361072993702,27.047169811320753,-4.695368413909936,0.08625836716917235,-4.954143515417461,-1.3113207547169843,-6.522210519954612,-0.041893178574202494,-6.396530984232008,0.0,4.086007836575657,0.9728163047801663,1.1675589222351554,-13.0,-8.794651959624506,-0.041893178574202494,-8.668972423901902,0.0,-7.051055180934686,-0.2857495352830206,-6.1938065750856275,4.0,-5.769045148037488,-0.2857495352830206,-4.91179654218843,4.0,0.38472587289677573
2024-07-26__BLG__NIP__G3,2024-07-26__BLG__NIP__G3,2024-07-26,1.0,1.1601579768967474,1.2372145438177267,0.9377169424470698,-2.052437769138244,6.761859462395603,-0.3035315177756719,33.761386400689844,63.362072928598394,0.5328327232270673,3.482647877921181,202.97771873758262,0.017157784028826818,-1.427878400039896,0.9779640325261914,-1.4600505667892123,8.267949650359142,21.859378466990375,0.37823350213781176,-1.427470235619186,2.098121376743199,-0.6803560418792015,-1.163025641609706,3.1500792553480665,-0.3692050828340556,-12.565918046597602,25.108855577780485,-0.5004575978070434,-7.6852164691791,7.901928205562246,-0.9725747053984487,-0.2556933086099056,4.691186306020372,-0.05450503080142739,495.75611211915896,1221.6993159813917,0.40579224791914165,-0.019110144632252357,1.2854063782516787,-0.014866994663002979,-0.4495180557214944,2.3401797705708023,-0.19208689404445056,-6.235381162037466,7.463055899534399,-0.8354996144309815,-132.73831393364094,284.82291920124334,-0.4660380345790075,-0.5462791560018174,0.825430022335082,-0.6618107888124134,-5.88922641566657,8.003458579078341,-0.7358350919971486,-0.29846553685685895,0.48434402378846536,-0.6162250507341063,0.8170486062881519,1.3460363928046728,0.6070029039726061,BLG,NIP,1.0,-1108.0,-0.050000000000000044,0.0,1.0,-1.0,0.0,6.0,1.0,5.0,0.0,0.0,0.3333333333333333,1.0,30.817370682835,6.134008839620866,12.415344163972403,30.0,1.1,22.17846366008833,6.731922892439675,1.9826949827693063,21.0,1.15,31.081796622963868,6.134008839620866,12.67977010410127,30.0,1.15,29.759666922319546,6.134008839620866,11.357640403456948,30.0,0.9,30.28851880257727,6.134008839620866,11.88649228371467,30.0,1.0,28.720872850810075,6.263744907685324,9.929638127754101,28.047169811320757,22.996900498142224,5.851446194973175,5.4425619132227006,34.0,1.1,25.29630162686074,7.693889628668386,2.2146327408555813,8.0,1.15,21.46657267124694,6.092582884828323,3.1888240167619735,30.0,1.15,23.361100407570895,5.851446194973175,5.806761822651371,34.0,0.9,23.052767419933595,6.092582884828323,4.775018765448628,30.0,1.0,23.236161090099564,6.349041257602997,4.18903731729057,26.73584905660378,5.4847117607105105,-0.0852963499176731,5.7406008104635315,1.3113207547169772,7.235751382643674,0.041425954792543074,7.111473518266042,0.0,-3.1178379667724094,-0.9619667362287112,-0.23193775808627493,13.0,9.615223951716928,0.041425954792543074,9.490946087339296,0.0,7.820470184692777,0.2825626446476912,6.972782250749702,-4.0,6.3985665147486515,0.2825626446476912,5.550878580805577,-4.0,0.6337808194903514
2024-07-26__OMG__TT__G1,2024-07-26__OMG__TT__G1,2024-07-26,0.0,-0.035557330960932276,1.2372145438177267,-0.028739802970153095,-7.485726860910045,6.761859462395603,-1.1070513658984897,-12.180402243619824,63.362072928598394,-0.19223490470570306,-186.64055837691444,202.97771873758262,-0.9195125387072557,-1.4919858269872366,0.9779640325261914,-1.5256024268406334,-3.7108808451020963,21.859378466990375,-0.1697614907461513,-2.16454674008682,2.098121376743199,-1.03165895568338,-1.9896861242533597,3.1500792553480665,-0.6316302960457464,-2.8476991053087346,25.108855577780485,-0.11341412925305175,3.1931329489963822,7.901928205562246,0.40409536278162356,0.19667124067597186,4.691186306020372,0.04192355321723702,21.402796446242206,1221.6993159813917,0.017518874037782736,1.0508337540052022,1.2854063782516787,0.8175102864544569,1.3993090096817724,2.3401797705708023,0.5979491102905105,10.584070796819383,7.463055899534399,1.4181951094972485,270.36726347681645,284.82291920124334,0.9492468628781239,1.0839731250227178,0.825430022335082,1.3132207243147218,8.694676678378812,8.003458579078341,1.0863647891853376,0.7158543358365588,0.48434402378846536,1.4779842894580943,0.43082826137364094,1.3460363928046728,0.3200715401196582,OMG,TT,0.0,-1798.0,-0.5,0.0,1.0,-1.0,-2.0,-2.0,-1.0,-23.599999999999994,0.0,,-0.8,0.0,24.208163888171843,6.310682809095419,5.276115460885585,27.0,1.1,28.95891752950923,7.304965960427208,7.044019648227604,13.0,1.15,24.637207592151956,6.505979303731663,5.119269680956968,24.0,1.15,24.35213409032242,6.310682809095419,5.420085663036161,27.0,0.9,26.171801147437815,6.636074187557839,6.263578584764296,22.0,1.0,25.727027546344786,6.630193747081393,5.836446305100612,22.367924528301888,23.61650317559334,6.477804167390519,4.183090673421784,25.0,1.1,23.553616956302132,6.477804167390519,4.120204454130576,25.0,1.15,23.553616956302132,6.477804167390519,4.120204454130576,25.0,1.15,25.430046576547053,6.817499456056378,4.977548208377918,20.0,0.9,23.74227561417577,6.477804167390519,4.3088631120042145,25.0,1.0,23.920903778436927,6.535488273013023,4.314438959397855,24.150943396226417,1.8061237679078594,0.0947054740683706,1.5220073457027565,-1.783018867924529,2.4295255332620442,0.15827002016732017,1.954715472760082,-3.0,5.4053005732070964,0.827161793036689,2.9238151940970276,-12.0,1.0835906358498235,0.02817513634114377,0.9990652268263922,-1.0,0.5916607125785021,-0.1671213582951001,1.0930247874638006,2.0,-1.0779124862246334,-0.5068166469609592,0.44253745465824323,7.0,0.5450307489958188
2024-07-26__OMG__TT__G2,2024-07-26__OMG__TT__G2,2024-07-26,1.0,-0.7690365836852013,1.2372145438177267,-0.6215865841065605,-5.061685795676368,6.761859462395603,-0.7485640710608669,8.140448385549576,63.362072928598394,0.12847509370862614,-179.77608357324618,202.97771873758262,-0.8856936801027601,1.2774552525015723,0.9779640325261914,1.3062381680475474,7.932897914168365,21.859378466990375,0.36290590618767343,1.593543351909247,2.098121376743199,0.759509249590492,-1.0641017060706504,3.1500792553480665,-0.3378014589514237,-3.178641999728839,25.108855577780485,-0.12659445442616077,-4.917927368758459,7.901928205562246,-0.6223704668597487,-2.468246836088767,4.691186306020372,-0.5261454457214223,548.0612924893063,1221.6993159813917,0.4486057124460634,-0.37263877866436523,1.2854063782516787,-0.2898993618437156,-1.0159478443127625,2.3401797705708023,-0.4341322076862288,4.997610980657541,7.463055899534399,0.6696466405032138,114.96974663397032,284.82291920124334,0.40365342280999633,-0.2870790510454344,0.825430022335082,-0.34779290246846967,-2.236199733109835,8.003458579078341,-0.27940413904949724,0.025404499841742645,0.48434402378846536,0.05245124569058833,-0.09256378944500554,1.3460363928046728,-0.06876762112242281,TT,OMG,1.0,11260.0,-0.006600000000000161,2.0,1.0,-1.0,2.0,2.0,1.0,24.799999999999997,0.0,1.0,0.5,1.0,24.19905258103152,6.415943129451672,4.951223192676505,26.0,1.1,24.162645880169322,6.415943129451672,4.914816491814307,26.0,1.15,24.162645880169322,6.415943129451672,4.914816491814307,26.0,1.15,25.931672399246807,6.752394432563663,5.674489101555817,21.0,0.9,24.271865982755934,6.415943129451672,5.024036594400918,26.0,1.0,24.491210284075883,6.473076369602765,5.071981175267587,25.150943396226417,23.640643718782652,6.2504177287401514,4.889390532562199,28.0,1.1,28.272120670141124,7.235205781708806,6.566503325014708,14.0,1.15,24.025529703832888,6.44384920190433,4.693982098119896,25.0,1.15,23.887799406276716,6.2504177287401514,5.136546220056264,28.0,0.9,25.629271474712343,6.572701719592836,5.9111663159338335,23.0,1.0,25.146282445489135,6.5668774355147645,5.445650138944846,23.367924528301888,-0.6550721614132513,-0.09380106591199944,-0.3736689636772592,1.783018867924529,-1.3574054919564098,-0.15675859014116433,-0.887129721532915,3.0,-4.109474789971802,-0.8192626522571338,-1.6516868332004009,12.0,0.13711617633643414,-0.02790607245265786,0.22083439369441038,1.0,0.5584088622488679,0.16552540071152055,0.06183266011430533,-2.0,2.0438729929700905,0.5019767038235114,0.5379428814995535,-7.0,0.48362904979148974
2024-07-27__EDG__UP__G1,2024-07-27__EDG__UP__G1,2024-07-27,1.0,0.8579100822528831,1.2372145438177267,0.6934200645471967,-0.8502811706418072,6.761859462395603,-0.12574663073431247,19.91713811497567,63.362072928598394,0.3143384816825905,2.6544806818595816,202.97771873758262,0.013077694858782511,-0.8729320216488015,0.9779640325261914,-0.8926004433859173,1.2890855091455364,21.859378466990375,0.05897173389995682,-0.40148082204610347,2.098121376743199,-0.19135243325000909,-0.7760512782434441,3.1500792553480665,-0.24635920844426062,7.093091015173613,25.108855577780485,0.2824935891923682,2.575844992711211,7.901928205562246,0.3259767236206126,0.4420340179644402,4.691186306020372,0.09422646957565771,-504.52065740429407,1221.6993159813917,-0.41296630880573587,0.12832650677586344,1.2854063782516787,0.0998333360668928,-0.013822412345881219,2.3401797705708023,-0.0059065575273955185,13.996976093243653,7.463055899534399,1.8755017255887314,351.36775992070227,284.82291920124334,1.2336358312471527,-0.2493159444962867,0.825430022335082,-0.302043341902744,-3.114759129792688,8.003458579078341,-0.3891765928242967,-0.19904168648195952,0.48434402378846536,-0.4109502043090872,0.6268379624045828,1.3460363928046728,0.4656913439072231,EDG,UP,1.0,416.0,-0.16660000000000003,0.0,1.0,-1.0,1.0,0.0,1.0,10.0,0.0,0.0,0.5,1.0,20.74404508591664,6.21280996134896,2.1056152018697603,29.0,1.1,20.550592589821942,6.21280996134896,1.9121627057750636,29.0,1.15,20.550592589821942,6.21280996134896,1.9121627057750636,29.0,1.15,21.517855070295436,6.21280996134896,2.8794251862485574,29.0,0.9,21.13095007810605,6.21280996134896,2.4925201940591712,29.0,1.0,20.864496640088813,6.2128099613489605,2.2260667560419347,29.0,21.31531278323638,5.98147837514649,3.3708776577969104,33.0,1.1,21.147827000656218,5.98147837514649,3.2033918752167487,33.0,1.15,21.147827000656218,5.98147837514649,3.2033918752167487,33.0,1.15,21.98525591355704,5.98147837514649,4.040820788117571,33.0,0.9,21.65028434839671,5.98147837514649,3.705849222957241,33.0,1.0,21.41959638371082,5.98147837514649,3.475161258271354,33.0,-0.5550997436220086,0.23133158620247052,-1.2490945022294193,-4.0,-0.5193342702906598,0.23133158620246963,-1.2133290288980696,-4.0,-0.5972344108342753,0.23133158620246963,-1.291229169441685,-4.0,-0.5972344108342753,0.23133158620246963,-1.291229169441685,-4.0,-0.5712676973197404,0.23133158620246963,-1.2652624559271501,-4.0,-0.46740084326160414,0.23133158620246963,-1.161395601869014,-4.0,0.486126068771391
2024-07-27__EDG__UP__G2,2024-07-27__EDG__UP__G2,2024-07-27,0.0,0.9923826567962761,1.2372145438177267,0.8021097550504744,4.628829930825628,6.761859462395603,0.6845497561754946,30.263915268897165,63.362072928598394,0.4776345437019792,132.528029878246,202.97771873758262,0.6529190989512708,0.10299249688759904,0.9779640325261914,0.10531306689111172,2.9928305140121267,21.859378466990375,0.13691287616519807,-0.10986825532669187,2.098121376743199,-0.05236503673214446,-0.2988210260019346,3.1500792553480665,-0.09486140091021793,0.21395437030757591,25.108855577780485,0.008521071823593513,-4.116192330074703,7.901928205562246,-0.5209097959492316,0.09910542062034633,4.691186306020372,0.0211258715875959,523.2521228060075,1221.6993159813917,0.42829861286889576,0.03930984281091021,1.2854063782516787,0.0305816221969853,0.4523773691067774,2.3401797705708023,0.19330872845196326,-9.215285436645537,7.463055899534399,-1.2347869727779317,-290.3573791127417,284.82291920124334,-1.0194312273309605,-0.08289270839787788,0.825430022335082,-0.10042354376672283,-1.9582374273602525,8.003458579078341,-0.24467386984489006,-0.06570970719460267,0.48434402378846536,-0.1356671462847546,0.2319981353409073,1.3460363928046728,0.1723563822083011,UP,EDG,0.0,11276.0,0.09999999999999998,4.0,1.0,-1.0,-3.0,6.0,-1.0,-3.200000000000003,0.0,0.0,-0.6000000000000001,0.0,20.80814802504913,5.922493457591247,3.040667652275392,34.0,1.1,20.617609298915003,5.922493457591247,2.850128926141263,34.0,1.15,20.617609298915003,5.922493457591247,2.850128926141263,34.0,1.15,21.570302929585655,5.922493457591247,3.8028225568119147,34.0,0.9,21.189225477317393,5.922493457591247,3.4217451045436533,34.0,1.0,20.92678534509491,5.922493457591248,3.1593049723211726,34.0,21.270824263921057,6.151543822716872,2.8161927957704407,30.0,1.1,21.10131627591747,6.151543822716872,2.646684807766853,30.0,1.15,21.10131627591747,6.151543822716872,2.646684807766853,30.0,1.15,21.948856215935415,6.151543822716872,3.4942247477847985,30.0,0.9,21.609840239928246,6.151543822716872,3.1552087717776303,30.0,1.0,21.376366973432727,6.151543822716873,2.9217355052821126,30.0,-0.44958162833781756,-0.22905036512562482,0.23756946703906,4.0,-0.4206147626108532,-0.22905036512562482,0.26653633276602307,4.0,-0.48370697700246623,-0.22905036512562482,0.20344411837441,4.0,-0.48370697700246623,-0.22905036512562482,0.20344411837441,4.0,-0.462676238871925,-0.22905036512562482,0.22447485650495125,4.0,-0.37855328634976004,-0.22905036512562482,0.3085978090271162,4.0,0.48876235205638796
2024-07-27__FPX__TES__G1,2024-07-27__FPX__TES__G1,2024-07-27,0.0,-0.2897202155998704,1.2372145438177267,-0.23417117336391433,8.419997042398128,6.761859462395603,1.2452189880616196,24.767059085087567,63.362072928598394,0.39088144609971465,249.05280986419456,202.97771873758262,1.2269958012444893,-2.066501733372581,0.9779640325261914,-2.1130630080245094,0.21321164988614782,21.859378466990375,0.009753783276790476,-2.1545879521892353,2.098121376743199,-1.0269124318352127,-1.3677753579961627,3.1500792553480665,-0.434203336779758,-3.1333704423318807,25.108855577780485,-0.12479144291678682,-4.964689651951229,7.901928205562246,-0.6282882980597364,-0.5688098009043285,4.691186306020372,-0.12125071198379868,36.27641287865066,1221.6993159813917,0.029693405222066767,-0.7134576149555194,1.2854063782516787,-0.5550439705161134,-0.9188087698030323,2.3401797705708023,-0.392622989368006,-2.4211734913748515,7.463055899534399,-0.32442114859474036,-21.63710776394612,284.82291920124334,-0.07596687706403084,0.14504495639176795,0.825430022335082,0.1757202630711004,1.3533867820144465,8.003458579078341,0.16910022080355147,0.2766015987902557,0.48434402378846536,0.5710838043234645,-0.18624259295349255,1.3460363928046728,-0.13836361006690007,FPX,TES,0.0,-4558.0,0.1866,-1.0,-1.0,-1.0,-3.0,6.0,1.0,-6.400000000000006,0.0,,-0.19999999999999996,0.0,26.62371321361757,6.335523924039206,7.617141441499953,27.0,1.1,26.697518359691088,6.335523924039206,7.690946587573471,27.0,1.15,26.697518359691088,6.335523924039206,7.690946587573471,27.0,1.15,26.32849262932346,6.335523924039206,7.321920857205843,27.0,0.9,23.83398487067232,6.88351221265965,3.183448232693369,19.0,1.0,26.079246226289104,6.438917940760046,6.762492404008973,25.49056603773585,32.04980184655092,6.307007995541427,13.12877785992664,26.0,1.1,32.370247385030495,6.307007995541427,13.449223398406215,26.0,1.15,32.370247385030495,6.307007995541427,13.449223398406215,26.0,1.15,30.768019692632564,6.307007995541427,11.846995706008283,26.0,0.9,31.40891076959175,6.307007995541427,12.487886782967468,26.0,1.0,31.850279152780608,6.307007995541427,12.929255166156322,26.000000000000004,-5.771032926491504,0.1319099452186192,-6.166762762147349,-0.5094339622641542,-7.574925898919428,0.5765042171182237,-9.3044385502741,-7.0,-5.672729025339407,0.02851592849777962,-5.758276810832744,1.0,-5.672729025339407,0.02851592849777962,-5.758276810832744,1.0,-5.42608863293335,0.02851592849777962,-5.511636418426686,1.0,-4.439527063309104,0.02851592849777962,-4.52507484880244,1.0,0.35959939799923857
2024-07-27__FPX__TES__G2,2024-07-27__FPX__TES__G2,2024-07-27,1.0,-0.008308616914598943,1.2372145438177267,-0.006715577537088408,-2.7906631246882156,6.761859462395603,-0.4127064053166715,-2.9309147977312477,63.362072928598394,-0.04625661087157665,3.851228909138513,202.97771873758262,0.018973653434069163,1.1713582919312495,0.9779640325261914,1.1977506894142238,-1.0476427917238311,21.859378466990375,-0.04792646531004532,0.09683155889386441,2.098121376743199,0.046151530514712276,0.05563443131515067,3.1500792553480665,0.01766127425505969,0.020419496416060667,25.108855577780485,0.0008132388009309209,3.585788716992088,7.901928205562246,0.4537864898192223,-0.6912967000566761,4.691186306020372,-0.1473607116836946,95.91347331066342,1221.6993159813917,0.07850824828784309,0.30290375913930845,1.2854063782516787,0.2356480632243585,0.5797796065267882,2.3401797705708023,0.24774992334689253,0.09766776879475714,7.463055899534399,0.013086831590531003,42.829709477577694,284.82291920124334,0.15037311409951176,0.1606205668665477,0.825430022335082,0.19458993243574033,2.857534984692883,8.003458579078341,0.35703747316506723,-0.06822047668081899,0.48434402378846536,-0.14085099119468575,-0.10888519677404496,1.3460363928046728,-0.08089314409547432,TES,FPX,1.0,9144.0,-0.024799999999999933,1.0,1.0,1.0,2.0,-2.0,1.0,3.5999999999999943,0.0,1.0,1.0,1.0,32.42402123248248,6.235082838392036,13.718772717306372,27.0,1.1,32.761476743049855,6.235082838392036,14.056228227873746,27.0,1.15,32.761476743049855,6.235082838392036,14.056228227873746,27.0,1.15,31.07419919021293,6.235082838392036,12.368950675036821,27.0,0.9,31.749110211347713,6.235082838392036,13.043861696171604,27.0,1.0,32.213907424015986,6.235082838392037,13.508658908839882,27.0,26.247801866417014,6.263273571069561,7.45798115320833,28.0,1.1,26.304520133072327,6.263273571069561,7.514699419863643,28.0,1.15,26.304520133072327,6.263273571069561,7.514699419863643,28.0,1.15,26.020928799795733,6.263273571069561,7.231108086587049,28.0,0.9,23.462688843503397,6.805012597947684,3.0476510496603453,20.0,1.0,25.708396815555588,6.365488481801283,6.611931370151742,26.490566037735846,6.505510608460398,-0.13040564340924643,6.89672753868814,0.5094339622641542,8.286421367844316,-0.5699297595556478,9.996210646511258,7.0,6.456956609977528,-0.028190732677525254,6.541528808010103,-1.0,6.456956609977528,-0.028190732677525254,6.541528808010103,-1.0,6.176219366065467,-0.028190732677525254,6.260791564098042,-1.0,5.053270390417197,-0.028190732677525254,5.137842588449772,-1.0,0.6571346322291854
2024-07-27__LGD__LNG__G1,2024-07-27__LGD__LNG__G1,2024-07-27,1.0,0.013679327494358517,1.2372145438177267,0.011056543512335495,-4.0167232588502095,6.761859462395603,-0.5940263454397221,-21.86152621541629,63.362072928598394,-0.3450254207280472,-93.97129137494278,202.97771873758262,-0.4629635779554154,1.9877768112086205,0.9779640325261914,2.0325642994350974,-3.0290546811981187,21.859378466990375,-0.13857002143049224,2.5229827453700047,2.098121376743199,1.2024955137680258,1.1994378857730343,3.1500792553480665,0.38076423092290484,-8.016650941093062,25.108855577780485,-0.3192758266892653,-4.142316257202484,7.901928205562246,-0.5242158148274306,-0.6243736115168215,4.691186306020372,-0.1330950078918273,165.03208738938253,1221.6993159813917,0.13508404653703854,-0.008126545124296669,1.2854063782516787,-0.006322155342962033,-0.447720544472471,2.3401797705708023,-0.1913187861821742,-11.4045021955144,7.463055899534399,-1.5281274615802405,-279.8286466673892,284.82291920124334,-0.982465338357161,0.1458967315353945,0.825430022335082,0.17675217866498846,2.1645692507617156,8.003458579078341,0.27045419913409274,0.18241541836140573,0.48434402378846536,0.3766228812150954,-0.9878789882073686,1.3460363928046728,-0.73391645246123,LGD,LNG,1.0,-5888.0,-0.06999999999999995,-1.0,-1.0,-1.0,-3.0,2.0,-1.0,5.200000000000003,0.0,0.0,0.5,1.0,23.586554106950988,6.823388336676245,3.116389096922255,19.0,1.1,20.981796757271216,6.334108669132158,1.9794707498747393,26.0,1.15,20.981796757271216,6.334108669132158,1.9794707498747393,26.0,1.15,21.855319201342695,6.334108669132158,2.8529931939462188,26.0,0.9,23.07933252291578,6.622302490780157,3.212425050575309,22.0,1.0,22.06650223839511,6.490033472140931,2.5964018219723184,23.79245283018868,28.582839895763367,6.187589226729014,10.020072215576324,30.0,1.1,28.745696254661702,6.187589226729014,10.182928574474658,30.0,1.15,28.745696254661702,6.187589226729014,10.182928574474658,30.0,1.15,27.93141446017003,6.187589226729014,9.368646779982985,30.0,0.9,28.2571271779667,6.187589226729014,9.694359497779658,30.0,1.0,28.481438766637993,6.187589226729015,9.918671086450948,30.0,-6.414936528242883,0.30244424541191606,-7.32226926447863,-6.2075471698113205,-5.177794655050921,0.4347132640511431,-6.481934447204349,-8.0,-7.7638994973904865,0.14651944240314396,-8.20345782459992,-4.0,-7.7638994973904865,0.14651944240314396,-8.20345782459992,-4.0,-4.996285788812379,0.6357991099472304,-6.903683118654069,-11.0,-6.076095258827333,0.14651944240314396,-6.515653586036766,-4.0,0.34490897522180075
2024-07-27__LGD__LNG__G2,2024-07-27__LGD__LNG__G2,2024-07-27,1.0,1.0503352162483868,1.2372145438177267,0.8489508731900703,-7.56937907624469,6.761859462395603,-1.1194225492140661,24.905636134447718,63.362072928598394,0.3930685122856528,-260.8879994922583,202.97771873758262,-1.2853036275584548,-1.4613868682410587,0.9779640325261914,-1.494314029271717,1.442897217409282,21.859378466990375,0.06600815085296388,-2.6446786970723934,2.098121376743199,-1.2604978271942286,-1.6833179411919996,3.1500792553480665,-0.5343730333010205,-2.8875630113883872,25.108855577780485,-0.1150017724799014,-1.3222670420332214,7.901928205562246,-0.16733471126297417,-0.22974665989619325,4.691186306020372,-0.04897409651525766,571.9893802974585,1221.6993159813917,0.46819161830322176,0.04400656404191139,1.2854063782516787,0.03423549980066712,-0.1271119069634672,2.3401797705708023,-0.05431713163443474,14.674787963108187,7.463055899534399,1.9663240091367533,405.60872459333154,284.82291920124334,1.424073330568854,0.22943532012726253,0.825430022335082,0.2779581987095752,4.31657516872793,8.003458579078341,0.5393386604977415,0.032960358776888965,0.48434402378846536,0.06805140376807958,0.21069236373329048,1.3460363928046728,0.15652786828921672,LNG,LGD,1.0,3012.0,0.3336,0.0,1.0,1.0,1.0,-2.0,-1.0,-4.0,0.0,1.0,0.5,1.0,27.914023258135032,6.135309730002524,9.508094068127463,31.0,1.1,28.046478860777533,6.135309730002524,9.640549670769964,31.0,1.15,28.046478860777533,6.135309730002524,9.640549670769964,31.0,1.15,27.384200847565026,6.135309730002524,8.978271657557457,31.0,0.9,27.649112052850032,6.135309730002524,9.243182862842463,31.0,1.0,27.83155090177272,6.135309730002524,9.425621711765151,31.000000000000004,24.324094282509908,6.765736916205429,4.026883533893621,20.0,1.1,21.697571317269116,6.280591216486358,2.855797667810041,27.0,1.15,21.697571317269116,6.280591216486358,2.855797667810041,27.0,1.15,22.41549059612366,6.280591216486358,3.573716946664586,27.0,0.9,23.73006416167724,6.566350062669219,4.031013973669584,23.0,1.0,22.748098762012905,6.435198596839913,3.4425029714931674,24.792452830188676,5.083452139759814,-0.2998888668373896,5.983118740271983,6.207547169811328,3.9190478911727915,-0.4310403326666954,5.2121688891728795,8.0,6.3489075435084175,-0.14528148648383432,6.784752002959923,4.0,6.3489075435084175,-0.14528148648383432,6.784752002959923,4.0,3.5899289756251243,-0.6304271862029056,5.481210534233842,11.0,4.968710251441365,-0.14528148648383432,5.404554710892871,4.0,0.6244184739507533
2024-07-27__LGD__LNG__G3,2024-07-27__LGD__LNG__G3,2024-07-27,0.0,0.011475831596253983,1.2372145438177267,0.009275531376563973,8.365586772308898,6.761859462395603,1.2371723461068176,12.400288366448024,63.362072928598394,0.1957052160322544,263.70685290368885,202.97771873758262,1.2991911291772278,1.5894925697981694,0.9779640325261914,1.6253061376768605,-6.469978828574455,21.859378466990375,-0.29598181587655326,2.772780256131931,2.098121376743199,1.3215531595616297,1.5508354577669166,3.1500792553480665,0.4923161735749357,-3.963861134271916,25.108855577780485,-0.15786705069555595,-5.033969150705499,7.901928205562246,-0.6370557138327736,-0.48172264333856063,4.691186306020372,-0.1026867212742387,-89.62989667059628,1221.6993159813917,-0.07336493965803001,-0.015253748501070419,1.2854063782516787,-0.011866859300136819,-0.7701538657522917,2.3401797705708023,-0.3291001598839907,-2.5394022304140655,7.463055899534399,-0.3402630134807752,-99.79075248600293,284.82291920124334,-0.35036068170179274,-0.061042565355845735,0.825430022335082,-0.07395235180664876,-0.6482051382060234,8.003458579078341,-0.08099061809476511,0.08935117849149665,0.48434402378846536,0.1844783658405464,-0.9671212195905543,1.3460363928046728,-0.7184950616976626,LGD,LNG,0.0,4386.0,0.13339999999999996,0.0,-1.0,-1.0,-4.0,6.0,1.0,11.599999999999994,0.0,,-0.5,0.0,23.90481512619694,6.68966172042071,3.8358299649348098,21.0,1.1,21.290665546476664,6.209971088574857,2.6607522807520922,28.0,1.15,21.290665546476664,6.209971088574857,2.6607522807520922,28.0,1.15,22.097042601590438,6.209971088574857,3.4671293358658666,28.0,0.9,23.36013419511061,6.49251680950029,3.8825837666097414,24.0,1.0,22.360622628727352,6.362840034981624,3.272102523782477,25.79245283018868,28.29423424167959,6.066323173964277,10.095264719786758,32.0,1.1,28.443972161755934,6.066323173964277,10.245002639863102,32.0,1.15,28.443972161755934,6.066323173964277,10.245002639863102,32.0,1.15,27.69528256137421,6.066323173964277,9.496313039481379,32.0,0.9,27.994758401526905,6.066323173964277,9.795788879634074,32.0,1.0,28.201001197103754,6.0663231739642764,10.002031675210922,32.0,-5.840378568376401,0.29651686101734764,-6.729929151428445,-6.2075471698113205,-4.634624206416294,0.42619363553601275,-5.913205113024333,-8.0,-7.15330661527927,0.1436479146105798,-7.58425035911101,-4.0,-7.15330661527927,0.1436479146105798,-7.58425035911101,-4.0,-4.389419115482649,0.6233385464564325,-6.259434754851949,-11.0,-5.598239959783772,0.1436479146105798,-6.029183703615512,-4.0,0.35800401305030854
2024-07-28__AL__LNG__G1,2024-07-28__AL__LNG__G1,2024-07-28,1.0,1.0888746168626886,1.2372145438177267,0.8801009834573398,1.9203624157268955,6.761859462395603,0.28399911923745114,40.191438291535235,63.362072928598394,0.6343138063445691,109.90909435633995,202.97771873758262,0.5414835406488685,-1.1091408490477317,0.9779640325261914,-1.1341313975027294,-2.9561551753748176,21.859378466990375,-0.13523509118083052,-2.073315730479923,2.098121376743199,-0.9881767400518445,-0.7983646125174064,3.1500792553480665,-0.2534426261559458,6.834556683713892,25.108855577780485,0.27219704977573445,4.138327487895527,7.901928205562246,0.5237110305901649,1.1402783838297497,4.691186306020372,0.24306818497022892,177.459453161124,1221.6993159813917,0.14525624324616607,-0.10811858915511152,1.2854063782516787,-0.08411231410711745,-0.47294005377641213,2.3401797705708023,-0.20209552173230425,-8.714614845734229,7.463055899534399,-1.1677004427338495,-256.73484543672043,284.82291920124334,-0.9013840784137839,0.43132163331351414,0.825430022335082,0.5225410987017883,6.730592087138817,8.003458579078341,0.8409603397926945,0.3265353511633602,0.48434402378846536,0.6741792216822123,-1.3948319575403527,1.3460363928046728,-1.0362505269144189,AL,LNG,1.0,-6610.0,0.30000000000000004,-2.0,-1.0,1.0,1.0,-6.0,-1.0,12.0,0.0,1.0,0.0,1.0,29.223666584647788,6.033965971350919,11.121768670595031,31.0,1.1,29.415651429404523,6.033965971350919,11.313753515351767,31.0,1.15,29.415651429404523,6.033965971350919,11.313753515351767,31.0,1.15,28.455727205620924,6.033965971350919,10.353829291568168,31.0,0.9,28.83969689513436,6.033965971350919,10.737798981081603,31.0,1.0,29.10412885112003,6.033965971350919,11.002230937067274,31.000000000000004,28.652575968401575,5.997046006762206,10.661437948114955,33.0,1.1,28.818602148783462,5.997046006762206,10.827464128496842,33.0,1.15,28.818602148783462,5.997046006762206,10.827464128496842,33.0,1.15,27.988471246874013,5.997046006762206,9.997333226587394,33.0,0.9,28.3205236076378,5.997046006762206,10.32938558735118,33.0,1.0,28.549201176843038,5.997046006762206,10.55806315655642,33.0,0.5549276742769926,0.03691996458871305,0.44416778051085437,-1.9999999999999964,0.5191732874965602,0.03691996458871305,0.40841339373042373,-2.0,0.5970492806210608,0.03691996458871305,0.4862893868549243,-2.0,0.5970492806210608,0.03691996458871305,0.4862893868549243,-2.0,0.571090616246213,0.03691996458871305,0.46033072248007656,-2.0,0.46725595874691095,0.03691996458871305,0.35649606498077446,-2.0,0.513869632806051
2024-07-28__AL__LNG__G2,2024-07-28__AL__LNG__G2,2024-07-28,1.0,0.384888048896352,1.2372145438177267,0.31109215432962245,8.426564976130704,6.761859462395603,1.2461903085686166,24.537690799902407,63.362072928598394,0.38726148433136043,200.2784255630765,202.97771873758262,0.9867015247880611,0.26464268483239817,0.9779640325261914,0.2706054675071531,-0.9352337773960642,21.859378466990375,-0.042784095440968534,0.36585559044816307,2.098121376743199,0.1743728557035175,-0.46992419757104775,3.1500792553480665,-0.1491784841904365,6.9141227052381,25.108855577780485,0.27536589266102207,4.500542935181038,7.901928205562246,0.5695498932100101,-1.1362014350813183,4.691186306020372,-0.24219911953274378,-458.4488834755196,1221.6993159813917,-0.3752550869949471,1.3172338301414115,1.2854063782516787,1.0247598173374584,1.669494865117045,2.3401797705708023,0.713404231891809,3.012617160329661,7.463055899534399,0.4036706675139527,-15.12333517652496,284.82291920124334,-0.053097325053192625,-1.0780710360510604,0.825430022335082,-1.3060704127660223,-7.5659021328676985,8.003458579078341,-0.9453289615712622,-0.9961052204620335,0.48434402378846536,-2.056602569529188,-0.14157034109110178,1.3460363928046728,-0.10517563765158006,LNG,AL,1.0,2516.0,0.19999999999999996,0.0,1.0,-1.0,-1.0,4.0,-1.0,2.5999999999999943,0.0,,0.3333333333333333,1.0,28.171543849139432,5.936243778434236,10.362812513836722,34.0,1.1,28.315704933191224,5.936243778434236,10.506973597888514,34.0,1.15,28.315704933191224,5.936243778434236,10.506973597888514,34.0,1.15,27.594899512932262,5.936243778434236,9.786168177629552,34.0,0.9,27.883221681035852,5.936243778434236,10.074490345733143,34.0,1.0,28.081783174163792,5.936243778434236,10.273051838861077,34.0,29.707660110040408,5.972789422713541,11.789291841899782,32.0,1.1,29.92164466049681,5.972789422713541,12.003276392356184,32.0,1.15,29.92164466049681,5.972789422713541,12.003276392356184,32.0,1.15,28.851721908214888,5.972789422713541,10.933353640074262,32.0,0.9,29.279691009127653,5.972789422713541,11.361322740987028,32.0,1.0,29.57442444654871,5.972789422713541,11.656056178408084,32.0,-1.492641272384919,-0.036545644279304845,-1.383004339547007,2.0,-1.3964693280918006,-0.036545644279304845,-1.2868323952538852,2.0,-1.6059397273055858,-0.036545644279304845,-1.4963027944676703,2.0,-1.6059397273055858,-0.036545644279304845,-1.4963027944676703,2.0,-1.5361162609009753,-0.036545644279304845,-1.4264793280630599,2.0,-1.2568223952826258,-0.036545644279304845,-1.1471854624447104,2.0,0.4627530969244364
2024-07-28__AL__LNG__G3,2024-07-28__AL__LNG__G3,2024-07-28,0.0,0.4210161195153326,1.2372145438177267,0.34029326710217844,-4.423458063201728,6.761859462395603,-0.6541776612814897,7.281302391066731,63.362072928598394,0.11491578383737727,-84.85683828045933,202.97771873758262,-0.4180598658323953,0.9687054901091496,0.9779640325261914,0.990531826692082,2.7409839866759853,21.859378466990375,0.12539166497453036,1.004056457056432,2.098121376743199,0.47854999698109796,0.4485874446832856,3.1500792553480665,0.14240508441703786,0.068743261715845,25.108855577780485,0.0027378093264779644,-2.4922622924886397,7.901928205562246,-0.3153992180459313,-0.15612963044825356,4.691186306020372,-0.03328147444632763,-89.07874604544531,1221.6993159813917,-0.07291380522790462,-0.9016560132248763,1.2854063782516787,-0.7014554517737761,-1.130296055333929,2.3401797705708023,-0.4829951897511892,-10.501835506430169,7.463055899534399,-1.4071761273969854,-243.14424575387682,284.82291920124334,-0.8536681162530101,0.050714954592386174,0.825430022335082,0.061440572525269764,2.1212427708908734,8.003458579078341,0.2650407301907247,0.1520339692821191,0.48434402378846536,0.31389600762889014,-0.7557752822270682,1.3460363928046728,-0.5614816395644819,AL,LNG,0.0,4038.0,0.28,0.0,1.0,-1.0,-3.0,4.0,-1.0,3.200000000000003,0.0,,-0.6000000000000001,0.0,29.178197777727977,5.915286207573591,11.432339155007202,33.0,1.1,29.368115858533816,5.915286207573591,11.622257235813041,33.0,1.15,29.368115858533816,5.915286207573591,11.622257235813041,33.0,1.15,28.418525454504717,5.915286207573591,10.672666831783943,33.0,0.9,28.798361616116352,5.915286207573591,11.052502993395578,33.0,1.0,29.059946897226258,5.915286207573591,11.31408827450548,33.0,28.697766565807218,5.879092407616376,11.060489342958089,35.0,1.1,28.865846864253,5.879092407616376,11.228569641403872,35.0,1.15,28.865846864253,5.879092407616376,11.228569641403872,35.0,1.15,28.025445372024087,5.879092407616376,10.388168149174959,35.0,0.9,28.361605968915658,5.879092407616376,10.72432874606653,35.0,1.0,28.593112795076827,5.879092407616377,10.955835572227697,35.0,0.46683410214943066,0.03619379995721417,0.35825270227778283,-2.0,0.4367556472006946,0.036193799957215056,0.32817424732904854,-2.0,0.502268994280815,0.036193799957215056,0.3936875944091689,-2.0,0.502268994280815,0.036193799957215056,0.3936875944091689,-2.0,0.48043121192075944,0.036193799957215056,0.3718498120491134,-2.0,0.39308008248062976,0.036193799957215056,0.2844986826089837,-2.0,0.5116687334518077
2024-07-28__FPX__WBG__G1,2024-07-28__FPX__WBG__G1,2024-07-28,0.0,-1.0708398168326019,1.2372145438177267,-0.86552405697092,-10.54935449077885,6.761859462395603,-1.5601260258839187,-45.96229833018265,63.362072928598394,-0.7253913181878604,-284.1426817186583,202.97771873758262,-1.3998712867895495,1.4031139259386372,0.9779640325261914,1.4347281132478116,-3.6111068527531387,21.859378466990375,-0.16519713463075353,2.3133138129313053,2.098121376743199,1.1025638154253594,2.5321505497935464,3.1500792553480665,0.8038368373296437,4.468439164051453,25.108855577780485,0.17796267027171989,-4.67670594962318,7.901928205562246,-0.5918435647754475,0.454148416248656,4.691186306020372,0.09680884318258423,380.49292823390226,1221.6993159813917,0.3114456421028659,-0.3548152536472333,1.2854063782516787,-0.2760333102567283,-0.1265653546148613,2.3401797705708023,-0.054083580297085446,-7.150592759393053,7.463055899534399,-0.958131882907011,-204.88780169214624,284.82291920124334,-0.7193515239131091,0.7165936996875812,0.825430022335082,0.8681448604395698,4.397395673304466,8.003458579078341,0.5494368566312994,0.39504496837162084,0.48434402378846536,0.8156271851038037,0.13130936569305263,1.3460363928046728,0.09755253932392598,FPX,WBG,0.0,-9078.0,0.07000000000000006,-1.0,-1.0,-1.0,-3.0,6.0,-1.0,-0.4000000000000057,0.0,-0.5,-0.6666666666666667,0.0,25.893471033012005,6.190799063467458,7.321073842609632,29.0,1.1,25.934083352694362,6.190799063467458,7.3616861622919885,29.0,1.15,25.934083352694362,6.190799063467458,7.3616861622919885,29.0,1.15,25.731021754282544,6.190799063467458,7.158624563880171,29.0,0.9,23.112708371441343,6.726269440449272,2.933900050093527,21.0,1.0,25.35883732034073,6.2918312100678015,6.48334369013733,27.49056603773585,26.463324493338956,5.880855185147248,8.82075893789721,35.0,1.1,26.529839243036186,5.880855185147248,8.88727368759444,35.0,1.15,27.960441524208974,6.123203812411761,9.590830086973689,31.0,1.15,26.990105218702688,6.016039186063352,8.94198766051263,33.0,0.9,26.330294993944516,5.880855185147248,8.687729438502771,35.0,1.0,26.866956512411647,5.956396038388508,8.997768397246118,33.79245283018868,-1.508119192070918,0.3354351716792934,-2.5144247071087875,-6.30188679245283,-3.2175866225031733,0.8454142553020239,-5.753829388409244,-14.0,-0.5957558903418239,0.30994387832021,-1.525587525302452,-6.0,-2.0263581715146124,0.06759525105569697,-2.2291439246817006,-2.0,-0.5698534603269501,0.30994387832021,-1.4996850952875782,-6.0,-1.2590834644201436,0.1747598774041057,-1.7833630966324598,-4.0,0.46236831849275584
2024-07-28__FPX__WBG__G2,2024-07-28__FPX__WBG__G2,2024-07-28,1.0,-0.0028653155759972293,1.2372145438177267,-0.002315938876063267,7.640324944700719,6.761859462395603,1.1299146125819184,-24.654259425230578,63.362072928598394,-0.3891012067094431,228.72845692917065,202.97771873758262,1.1268648461756274,0.4669361706187125,0.9779640325261914,0.47745691828322834,-10.12640649161375,21.859378466990375,-0.4632522394748457,1.5616114146145286,2.098121376743199,0.7442899574993012,-0.36226816157584274,3.1500792553480665,-0.11500283555023715,4.532359423710368,25.108855577780485,0.1805083958988868,4.13613240767927,7.901928205562246,0.5234332401722613,-0.7771143376445231,4.691186306020372,-0.16565408433963486,797.3251734992002,1221.6993159813917,0.6526361784905087,0.2731740744474358,1.2854063782516787,0.21251945419746082,0.4691320308082432,2.3401797705708023,0.20046828719723878,9.34401721667578,7.463055899534399,1.252036175318284,267.88420319917304,284.82291920124334,0.940528953954611,-0.30185809008960396,0.825430022335082,-0.3656975348899175,2.6930866765591617,8.003458579078341,0.336490320210912,0.10142943561537598,0.48434402378846536,0.20941566576241868,-0.6936898877506614,1.3460363928046728,-0.5153570706570443,WBG,FPX,1.0,-614.0,0.20019999999999993,1.0,1.0,-1.0,0.0,2.0,1.0,24.0,0.0,,0.4285714285714286,1.0,26.911979478676184,5.819833568602599,9.452478772868385,36.0,1.1,26.998887636797836,5.819833568602599,9.539386930990037,36.0,1.15,28.448819289425963,6.059667509730917,10.269816760233212,32.0,1.15,27.365624718232983,5.953614857496868,9.504780145742377,34.0,0.9,26.738163162432908,5.819833568602599,9.27866245662511,36.0,1.0,27.308540717083726,5.894590586018148,9.624768959029286,34.79245283018868,25.42117018975018,6.126561371046466,7.041486076610781,30.0,1.1,25.44031428928427,6.126561371046466,7.060630176144873,30.0,1.15,25.44031428928427,6.126561371046466,7.060630176144873,30.0,1.15,25.34459379161378,6.126561371046466,6.964909678474381,30.0,0.9,22.646206287804883,6.65647553775163,2.6767796745499943,22.0,1.0,24.892896372516283,6.226545176085177,6.213260844260755,28.49056603773585,2.4156443445674434,-0.33195459006702954,3.411508114768531,6.30188679245283,4.091956874628025,-0.8366419691490314,6.601882782075116,14.0,1.5585733475135655,-0.3067278024438673,2.478756754845165,6.0,3.0085050001416924,-0.06689386131554897,3.2091865840883393,2.0,1.4908092889260054,-0.3067278024438673,2.4109926962576047,6.0,2.021030926619204,-0.172946513549598,2.5398704672679955,4.0,0.5600991434555364
2024-07-28__WE__iG__G1,2024-07-28__WE__iG__G1,2024-07-28,1.0,-0.9391567955321776,1.2372145438177267,-0.7590890691804462,-2.8528790232063983,6.761859462395603,-0.42190740833413704,-49.491414843955965,63.362072928598394,-0.7810889349948831,-28.58011078317577,202.97771873758262,-0.14080417703049,0.1294593654187537,0.9779640325261914,0.1323762722725841,2.4760974468994874,21.859378466990375,0.11327391295066801,0.3217562789229511,2.098121376743199,0.15335439080650567,-0.0406552218405849,3.1500792553480665,-0.012906090811991938,-12.582448433789473,25.108855577780485,-0.5011159466705476,-8.76196774342597,7.901928205562246,-1.1088390588539232,-0.882357960201837,4.691186306020372,-0.18808840974426128,-124.1073827514025,1221.6993159813917,-0.10158586570879848,-0.6133570306859042,1.2854063782516787,-0.4771693714098246,0.4867963374654103,2.3401797705708023,0.20801655307451908,4.9144133493191795,7.463055899534399,0.6584987111147146,49.646781598415146,284.82291920124334,0.17430753663833273,0.004835811103330645,0.825430022335082,0.005858528420279748,0.5478150745563823,8.003458579078341,0.06844728447038242,0.04639504479292844,0.48434402378846536,0.09578924633112611,0.40011075412008346,1.3460363928046728,0.29725084626838794,iG,WE,1.0,-192.0,0.19999999999999996,0.0,-1.0,-1.0,1.0,-6.0,-1.0,-4.200000000000003,0.0,,0.22222222222222227,1.0,22.32867150132796,5.963982149607897,4.4367250525042685,33.0,1.1,22.207247478661063,5.963982149607897,4.3153010298373715,33.0,1.15,22.207247478661063,5.963982149607897,4.3153010298373715,33.0,1.15,22.814367591995612,5.963982149607897,4.9224211431719205,33.0,0.9,24.852015552166435,6.953314140338012,3.9920731311523987,18.0,1.0,22.834557403272395,6.150648562953202,4.382611714412788,30.169811320754715,21.76056926072903,7.0971308641929705,0.46917666815011927,16.0,1.1,22.62497567020711,7.304998930763615,0.7099788779162672,13.0,1.15,21.971398341896254,6.408121862555955,2.747032754228389,26.0,1.15,22.629790006701416,6.408121862555955,3.405424419033551,26.0,0.9,22.366433340779356,6.408121862555955,3.1420677531114904,26.0,1.0,22.25579257500593,6.745729132412468,2.018605177768523,21.10377358490566,0.5787648282664648,-0.5950805694592667,2.3640065366442653,9.066037735849054,2.4855822113870794,0.545192277782057,0.8500053780409083,-8.0,-0.4177281915460469,-1.3410167811557177,3.6053221519211043,20.0,0.23584913676480923,-0.44413971294805776,1.5682682756089825,7.0,0.5681022405989289,-1.1331487145850732,3.9675483843541492,17.0,0.1845775852941962,-0.44413971294805776,1.5169967241383695,7.0,0.5144650831400016
2024-07-28__WE__iG__G2,2024-07-28__WE__iG__G2,2024-07-28,1.0,0.29428415862595436,1.2372145438177267,0.2378600560722586,-3.8863271783048994,6.761859462395603,-0.5747422916988212,12.190012664582355,63.362072928598394,0.19238657936479583,-135.98539449961697,202.97771873758262,-0.6699523212470024,-1.5076391058694787,0.9779640325261914,-1.5416083967491976,5.83163010064176,21.859378466990375,0.26677930677071804,-1.6599801810980601,2.098121376743199,-0.7911741467028994,-1.2486350248664302,3.1500792553480665,-0.39638197241056095,-3.6663943657197464,25.108855577780485,-0.14601996528046757,-4.176012227048421,7.901928205562246,-0.5284800861173098,1.563987982863054,4.691186306020372,0.3333885178398081,-377.1050235984943,1221.6993159813917,-0.30867253370514747,-0.34598953336333693,1.2854063782516787,-0.26916722217195277,0.32140022382291633,2.3401797705708023,0.13733991316599117,-2.295132815000848,7.463055899534399,-0.30753253605021225,-56.57671379061105,284.82291920124334,-0.19863820562838286,1.0321617966260281,0.825430022335082,1.2504519077876675,10.143656018918584,8.003458579078341,1.2674089146942007,0.9240006322323355,0.48434402378846536,1.9077322711090494,0.23888975135870538,1.3460363928046728,0.1774763113088132,iG,WE,1.0,3526.0,0.1571999999999999,0.0,1.0,1.0,4.0,4.0,-1.0,-3.0,0.0,1.0,1.0,1.0,22.806465561560085,5.903479633135422,5.096026662153818,34.0,1.1,22.70675945072192,5.903479633135422,4.996320551315652,34.0,1.15,22.70675945072192,5.903479633135422,4.996320551315652,34.0,1.15,23.205290004912804,5.903479633135422,5.494851105506537,34.0,0.9,25.358427072621005,6.882775196263246,4.7101014838312665,19.0,1.0,23.312423949324348,6.088252380895388,5.04766680663818,31.169811320754715,21.191994961454107,7.02513294967098,0.11659611244116519,17.0,1.1,22.013147141839017,7.230892267287268,0.32047033997721286,14.0,1.15,21.434687548926817,6.343113703775264,2.4053464376010254,27.0,1.15,22.209755473073162,6.343113703775264,3.1804143617473706,27.0,0.9,21.89972830341463,6.343113703775264,2.870387192088838,27.0,1.0,21.72919105304919,6.677296065760943,1.6973028557663639,22.10377358490566,1.5832328962751596,-0.5890436848655547,3.3503639508718157,9.066037735849054,3.458698769206375,0.5396614924879826,1.8397142917424283,-8.0,0.6936123088829014,-1.3274126341518455,4.675850211338439,20.0,1.2720719017951012,-0.4396340706398414,2.5909741137146263,7.0,1.614470600105978,-1.121653316535558,4.979430549712653,17.0,0.9955345318396418,-0.4396340706398414,2.314436743759167,7.0,0.5394983505148248
2024-07-29__OMG__RA__G1,2024-07-29__OMG__RA__G1,2024-07-29,1.0,-0.8706640559192733,1.2372145438177267,-0.7037286754680027,-0.46780101880706937,6.761859462395603,-0.06918229404594015,-44.609554195188764,63.362072928598394,-0.7040418886139758,-40.69372890513648,202.97771873758262,-0.20048372283296362,0.06697547900533696,0.9779640325261914,0.06848453347287062,-7.6582057741583895,21.859378466990375,-0.3503395778330747,0.2877778619480118,2.098121376743199,0.13715971248288847,0.7389316975896087,3.1500792553480665,0.2345755148095301,-6.281472688065691,25.108855577780485,-0.25016960324765797,-4.105628546827877,7.901928205562246,-0.5195729346623207,0.6777435713336013,4.691186306020372,0.144471650164944,-9.8937174695677,1221.6993159813917,-0.008098324466623563,1.073740824547066,1.2854063782516787,0.8353311508196674,1.3094052245230579,2.3401797705708023,0.5595316571222299,-4.669801704806179,7.463055899534399,-0.6257223772603846,-189.49165390636358,284.82291920124334,-0.6652963665019554,1.6455285062574339,0.825430022335082,1.9935384807834795,11.715807969445272,8.003458579078341,1.4638429611203756,1.177899751449044,0.48434402378846536,2.43194353941269,0.7690404136836317,1.3460363928046728,0.571336589751953,OMG,RA,1.0,1122.0,0.06679999999999997,0.0,-1.0,-1.0,2.0,6.0,1.0,21.200000000000003,0.0,,0.25,1.0,23.108100585387355,6.1889368042269455,4.541290172706518,29.0,1.1,27.627652030572623,7.164038195827724,6.135537443089451,15.0,1.15,23.45155035147851,6.380465629229642,4.310153463789582,26.0,1.15,23.45208229713511,6.1889368042269455,4.885271884454273,29.0,0.9,25.120178639854853,6.508050716122776,5.596026491486523,24.0,1.0,24.60132945104931,6.5022837213948375,5.094478286864797,24.367924528301888,25.342941801358922,6.265135670577283,6.547534789627072,28.0,1.1,25.358530065057053,6.265135670577283,6.563123053325203,28.0,1.15,25.358530065057053,6.265135670577283,6.563123053325203,28.0,1.15,25.280588746566398,6.265135670577283,6.485181734834548,28.0,0.9,25.31176527396266,6.265135670577283,6.51635826223081,28.0,1.0,25.333235901320464,6.2651356705772825,6.537828889588613,27.999999999999996,-0.7319064502711541,0.23714805081755497,-1.4433506027238154,-3.6320754716981085,-0.19158663410780719,0.2429150455454927,-0.9203317707442871,-4.0,2.26912196551557,0.898902525250441,-0.42758561023575226,-13.0,-1.9069797135785436,0.1153299586523584,-2.2529695895356205,-2.0,-2.234841215971567,-0.0761988663503379,-2.0062446169205543,1.0,-1.8285064494312877,-0.0761988663503379,-1.599909850380275,1.0,0.48171050255351505
2024-07-29__OMG__RA__G2,2024-07-29__OMG__RA__G2,2024-07-29,0.0,0.22737481543715177,1.2372145438177267,0.18377946880260815,-10.309642486911697,6.761859462395603,-1.524675426866052,-0.7516792371046108,63.362072928598394,-0.011863236010103851,-297.90759517346225,202.97771873758262,-1.4676861852552519,-0.3374671992745233,0.9779640325261914,-0.3450708236498071,7.100752145458685,21.859378466990375,0.3248377730109612,-0.18835392763748615,2.098121376743199,-0.08977261275381737,-1.5946028084987214,3.1500792553480665,-0.5062102166417746,3.1651851831828424,25.108855577780485,0.1260585153839224,1.9345981261437721,7.901928205562246,0.2448260514384246,-0.30272418304333826,4.691186306020372,-0.06453039780672182,389.89137726613126,1221.6993159813917,0.31913857349898955,0.24794506065678412,1.2854063782516787,0.1928922027770073,0.9454641284315848,2.3401797705708023,0.40401328834138445,2.4162956230879686,7.463055899534399,0.3237675466789909,35.55515985627176,284.82291920124334,0.12483250937512348,-1.0438924933809508,0.825430022335082,-1.2646635092873755,-7.289746071474312,8.003458579078341,-0.9108243753151787,-0.8003693012886011,0.48434402378846536,-1.65247759753625,-0.6636210588995262,1.3460363928046728,-0.4930182938802103,RA,OMG,0.0,-1604.0,0.000200000000000089,0.0,-1.0,1.0,4.0,-4.0,1.0,-13.200000000000003,0.0,-1.0,-0.6666666666666667,0.0,24.807161388366225,6.2036301757,6.196270861266225,29.0,1.1,24.798395996928328,6.2036301757,6.187505469828327,29.0,1.15,24.798395996928328,6.2036301757,6.187505469828327,29.0,1.15,24.84222295411783,6.2036301757,6.231332427017829,29.0,0.9,24.824692171242027,6.2036301757,6.213801644142027,29.0,1.0,24.8126190849219,6.203630175700001,6.2017285578219,29.0,23.637364641475845,6.12817936162345,5.252826556605495,30.0,1.1,28.268152423517638,7.0937080804523385,6.987028182160621,16.0,1.15,24.02199548744579,6.317827928035677,5.068511703338757,27.0,1.15,23.885116524843873,6.12817936162345,5.500578439973523,30.0,0.9,25.62613679010718,6.444160498731089,6.293655293913911,25.0,1.0,25.14292695579208,6.438450119196077,5.827576598203851,25.367924528301884,-0.33030787087018254,-0.23481994349607582,0.3741519596180485,3.6320754716981156,-0.8014446188651512,-0.24053032303108957,-0.07985364977188425,4.0,-3.46975642658931,-0.8900779047523386,-0.7995227123322941,13.0,0.7764005094825386,-0.1141977523356772,1.1189937664895702,2.0,1.1697967468903805,0.07545081407655019,0.9434443046607299,-1.0,0.9571064292739564,0.07545081407655019,0.7307539870443058,-1.0,0.49174305393124296
2024-07-29__RNG__TT__G1,2024-07-29__RNG__TT__G1,2024-07-29,0.0,-0.015492094396943656,1.2372145438177267,-0.012521742451714652,6.34592682659364,6.761859462395603,0.9384882846791835,7.688894097899265,63.362072928598394,0.12134852319644311,143.41744497656452,202.97771873758262,0.7065674260306998,0.3341380087190764,0.9779640325261914,0.34166662161320954,-5.840765918205989,21.859378466990375,-0.2671972425853199,-0.2920323123097752,2.098121376743199,-0.13918745424329396,0.1714453515884462,3.1500792553480665,0.054425709090228376,10.23771907098579,25.108855577780485,0.4077333844045064,4.937988190357277,7.901928205562246,0.6249091914011806,1.3850751841475137,4.691186306020372,0.29525045447876197,-264.0054529340872,1221.6993159813917,-0.21609691457174512,0.5451480613583701,1.2854063782516787,0.42410528411610837,1.66595932600384,2.3401797705708023,0.7118934344535655,-5.952460328230153,7.463055899534399,-0.7975901039427304,-249.104616656345,284.82291920124334,-0.8745947007366495,-0.7398381623997135,0.825430022335082,-0.8963052543224838,-9.874309440092937,8.003458579078341,-1.2337551458253306,-0.492824400502488,0.48434402378846536,-1.017506893428363,0.2960542570993656,1.3460363928046728,0.21994504661010325,RNG,TT,0.0,-3248.0,-0.17999999999999994,-1.0,-1.0,1.0,-2.0,0.0,-1.0,-14.0,0.0,1.0,-1.0,0.0,17.21787440459665,6.1845987220754655,-1.3359217616297485,29.0,1.1,21.16559893224538,7.524108254312399,-1.4067258306918156,10.0,1.15,22.287643592255606,7.843412339790933,-1.2425934271171926,6.0,1.15,23.883474797707624,8.009178300182622,-0.14406010284024262,4.0,0.9,20.964521085296596,6.7139361725955675,0.8227125675098925,21.0,1.0,21.01330927386149,7.244887532124862,-0.7213533225130958,14.132075471698116,24.74569867832091,6.3528340490122845,5.687196531284055,27.0,1.1,24.7341395273355,6.3528340490122845,5.675637380298646,27.0,1.15,24.7341395273355,6.3528340490122845,5.675637380298646,27.0,1.15,26.402382343705757,6.685975919368463,6.344454585600367,22.0,0.9,24.768816980291742,6.3528340490122845,5.710314833254888,27.0,1.0,25.026368028047465,6.409405310016164,5.798152097998974,26.150943396226413,-4.013058754185973,0.8354822221086975,-6.51950542051207,-12.018867924528298,-3.804295894995146,0.361102123583283,-4.887602265744995,-6.0,-3.56854059509012,1.1712742053001142,-7.0823632109904615,-17.0,-2.446495935079895,1.4905782907786485,-6.9182308074158385,-21.0,-7.52782427372426,-0.16823532693681909,-7.023118292913804,2.0,-2.5189075459981325,1.323202380814159,-6.48851468844061,-18.0,0.40099862975922446
2024-07-29__RNG__TT__G2,2024-07-29__RNG__TT__G2,2024-07-29,0.0,-0.3697314332300845,1.2372145438177267,-0.29884156813063395,6.037731069463245,6.761859462395603,0.8929097403060263,5.684970895593722,63.362072928598394,0.08972198261692027,144.6340449030945,202.97771873758262,0.7125611869622092,-1.6836232655285714,0.9779640325261914,-1.7215577342060862,-5.162754201722521,21.859378466990375,-0.23618027261564048,-1.831006736220452,2.098121376743199,-0.8726882456983389,-2.0082591000909775,3.1500792553480665,-0.6375263286328798,7.170749826478364,25.108855577780485,0.28558647440855417,2.058324312456673,7.901928205562246,0.260483770344057,0.960505114271343,4.691186306020372,0.20474669878107227,-333.0047975995361,1221.6993159813917,-0.27257508698812527,0.5730160876254295,1.2854063782516787,0.4457855908722152,1.516404729688304,2.3401797705708023,0.6479861507957063,-6.504517011083458,7.463055899534399,-0.871562028622515,-251.98884452982838,284.82291920124334,-0.884721090394636,-0.4487578016268148,0.825430022335082,-0.5436648120606284,-5.823521315378038,8.003458579078341,-0.7276255046756493,-0.4268146641422288,0.48434402378846536,-0.8812202937562076,0.4371078400923416,1.3460363928046728,0.32473677360594067,RNG,TT,0.0,-1538.0,0.09999999999999998,0.0,-1.0,1.0,-1.0,0.0,1.0,-28.599999999999994,0.0,,-0.3333333333333333,0.0,16.80867182842477,6.1166298973759625,-1.5412178637031175,30.0,1.1,20.645139332471345,7.441418201499106,-1.6791152720259745,11.0,1.15,21.745097006101606,7.757213130702996,-1.5265423860073817,7.0,1.15,23.4498994119851,7.921157320918588,-0.3135725507706617,5.0,0.9,20.560679204471338,6.640149922061651,0.6402294382863865,22.0,1.0,20.54790556148756,7.165266118874406,-0.94789279513566,15.132075471698112,25.166032506863285,6.283016315764517,6.316983559569735,28.0,1.1,25.17357943899344,6.283016315764517,6.324530491699889,28.0,1.15,25.17357943899344,6.283016315764517,6.324530491699889,28.0,1.15,26.764326413312197,6.612496952400635,6.926835556110291,23.0,0.9,25.15093864260299,6.283016315764517,6.301889695309441,28.0,1.0,25.43786809090915,6.3389658578348005,6.420970517404746,27.150943396226413,-4.889962529421588,0.8263002610396057,-7.368863312540406,-12.018867924528301,-4.590259438131653,0.3571336062971344,-5.661660257023055,-6.0,-4.528440106522094,1.1584018857345892,-8.003645763725864,-17.0,-3.4284824328918333,1.4741968149384794,-7.851072877707271,-21.0,-8.357360678438514,-0.16638641838855417,-7.8582014232728525,2.0,-3.314427001327097,1.3086603685179528,-7.2404081068809525,-18.0,0.38013005330291216
2024-07-30__AL__BLG__G1,2024-07-30__AL__BLG__G1,2024-07-30,1.0,-0.20730665798577874,1.2372145438177267,-0.16755904742845706,4.466548179309807,6.761859462395603,0.6605501849896783,17.52413255762042,63.362072928598394,0.27657132210299895,147.578878965022,202.97771873758262,0.7270693510392059,-1.2891811116201541,0.9779640325261914,-1.3182282277414943,1.5199902972587722,21.859378466990375,0.06953492433552809,0.16606776517784283,2.098121376743199,0.0791506572822605,0.2333387613892326,3.1500792553480665,0.07407391001961947,5.156889719207037,25.108855577780485,0.20538130453023135,4.01486836425385,7.901928205562246,0.5080871088325803,-0.5680834944784721,4.691186306020372,-0.12109588840109406,65.24262144581087,1221.6993159813917,0.053403174200845206,1.2964757109430067,1.2854063782516787,1.0086107586424333,0.9040453912028426,2.3401797705708023,0.38631434057221714,-5.054835776459747,7.463055899534399,-0.6773143826325517,-163.18746034463902,284.82291920124334,-0.5729435686894087,-0.27062214336028134,0.825430022335082,-0.3278555518724166,-1.726595149725398,8.003458579078341,-0.215731101365071,-0.2375348519030327,0.48434402378846536,-0.4904248835779813,-0.2447901736319622,1.3460363928046728,-0.18185986135340923,BLG,AL,1.0,3632.0,-0.10000000000000003,0.0,1.0,1.0,1.0,0.0,1.0,-0.7999999999999972,0.0,,1.0,1.0,31.18802531176501,6.064462623931402,12.994637439970802,31.0,1.1,22.603738136737615,6.655597641902314,2.6369452110306746,22.0,1.15,31.469299189572514,6.064462623931402,13.275911317778306,31.0,1.15,30.062929800535006,6.064462623931402,11.869541928740798,31.0,0.9,30.625477556150003,6.064462623931402,12.432089684355795,31.0,1.0,29.089233046194273,6.192727769340186,10.511049738173721,29.047169811320753,28.678797722425347,5.856823584478328,11.108326968990362,34.0,1.1,28.846015800717428,5.856823584478328,11.275545047282442,34.0,1.15,28.846015800717428,5.856823584478328,11.275545047282442,34.0,1.15,28.00992540925711,5.856823584478328,10.439454655822125,34.0,0.9,28.344361565841233,5.856823584478328,10.773890812406247,34.0,1.0,28.574680805752944,5.856823584478328,11.004210052317958,34.0,0.5145522404413292,0.3359041848618576,-0.49316031414423733,-4.952830188679247,2.28111599030877,0.20763903945307405,1.6581988719495477,-3.0,-6.242277663979813,0.7987740574239854,-8.638599836251768,-12.0,2.6232833888550857,0.20763903945307405,2.0003662704958636,-3.0,2.5092275893396625,0.20763903945307405,1.8863104709804404,-3.0,2.053004391277895,0.20763903945307405,1.4300872729186729,-3.0,0.5128609685349262
2024-07-30__AL__BLG__G2,2024-07-30__AL__BLG__G2,2024-07-30,0.0,0.7109061917473891,1.2372145438177267,0.5746017299085305,-4.683496648447608,6.761859462395603,-0.6926343237181105,15.554711723310277,63.362072928598394,0.24548930864918672,-107.16514725783406,202.97771873758262,-0.5279650761491521,-0.709013793959147,0.9779640325261914,-0.7249889008073083,7.0630927566884765,21.859378466990375,0.32311497073164314,-0.3143394268223041,2.098121376743199,-0.14981939581152362,0.2744605553875885,3.1500792553480665,0.08712811520329412,-1.3752449979993173,25.108855577780485,-0.05477131121997444,-1.412797058477807,7.901928205562246,-0.1787914092527335,0.24526849212910218,4.691186306020372,0.052282818000965375,-100.1224120351323,1221.6993159813917,-0.08195339937040932,-0.9479408813230918,1.2854063782516787,-0.7374633889315424,-0.8992540776698057,2.3401797705708023,-0.3842669288537335,6.477244931638523,7.463055899534399,0.8679077513187153,299.38910529257805,284.82291920124334,1.0511411970674371,-0.5233878899847992,0.825430022335082,-0.6340782885820967,-6.7899497840774075,8.003458579078341,-0.8483768446618833,-0.3741489618462164,0.48434402378846536,-0.7724843726475935,1.2048955751085266,1.3460363928046728,0.8951427215539267,BLG,AL,0.0,-360.0,0.03320000000000001,1.0,1.0,-1.0,-3.0,4.0,1.0,-2.4000000000000057,0.0,-1.0,0.0,0.0,31.675474325846395,6.003038049062212,13.666360178659758,32.0,1.1,23.16301787635694,6.588185691164754,3.398460802862676,23.0,1.15,31.978904977021234,6.003038049062212,13.969790829834597,32.0,1.15,30.461751721147046,6.003038049062212,12.45263757396041,32.0,0.9,31.068613023496717,6.003038049062212,13.05949887631008,32.0,1.0,29.57366464383868,6.130004046876914,11.183652503207933,30.047169811320757,28.208038306638592,5.797502104395199,10.815531993452996,35.0,1.1,28.35385822966764,5.797502104395199,10.961351916482045,35.0,1.15,28.35385822966764,5.797502104395199,10.961351916482045,35.0,1.15,27.624758614522495,5.797502104395199,10.2322523013369,35.0,0.9,27.916398460580545,5.797502104395199,10.52389214739495,35.0,1.0,28.117244769658267,5.797502104395199,10.72473845647267,35.0,1.456419874180412,0.3325019424817155,0.4589140467352628,-4.952830188679243,3.1522145629161713,0.2055359446670133,2.5356067289151305,-3.0,-5.190840353310701,0.7906835867695552,-7.562891113619369,-12.0,3.6250467473535934,0.2055359446670133,3.0084389133525526,-3.0,3.4674360192078026,0.2055359446670133,2.850828185206762,-3.0,2.8369931066245506,0.2055359446670133,2.22038527262351,-3.0,0.5363462727076614
2024-07-30__AL__BLG__G3,2024-07-30__AL__BLG__G3,2024-07-30,1.0,0.00843537814764872,1.2372145438177267,0.006818034407827862,-1.3505388452068772,6.761859462395603,-0.19972888419061016,-2.5030979860717935,63.362072928598394,-0.039504672604190494,-38.6951384270385,202.97771873758262,-0.19063736885538501,1.102417802038234,0.9779640325261914,1.1272568705146517,2.8986797237414237,21.859378466990375,0.1326057644096755,1.7517113089870655,2.098121376743199,0.8348947270207142,1.1236900832001444,3.1500792553480665,0.35671792212036285,0.3526990934491607,25.108855577780485,0.014046800273703973,-0.8516143573772119,7.901928205562246,-0.10777296723662776,-0.021632150928414973,4.691186306020372,-0.004611231553396652,54.757986141087486,1221.6993159813917,0.04482116456967908,0.1675522146383308,1.2854063782516787,0.1303495043464148,0.9561738017223469,2.3401797705708023,0.4085897182588689,-5.41347047243746,7.463055899534399,-0.725369047203056,-134.85702441305932,284.82291920124334,-0.4734767283397533,-1.0488041894032758,0.825430022335082,-1.2706139713967715,-5.97400075912671,8.003458579078341,-0.7464273043551326,-0.8939834371959599,0.48434402378846536,-1.8457574524114477,0.10502343296264982,1.3460363928046728,0.07802415707324266,BLG,AL,1.0,5784.0,0.0,3.0,1.0,1.0,4.0,6.0,-1.0,16.0,0.0,1.0,1.0,1.0,31.144222657227825,5.945189549151647,13.308654009772884,33.0,1.1,22.553480701566965,6.524698394190905,2.9793855189942526,24.0,1.15,31.423505505283636,5.945189549151647,13.587936857828694,33.0,1.15,30.02709126500458,5.945189549151647,12.191522617549637,33.0,0.9,30.585656961116197,5.945189549151647,12.750088313661255,33.0,1.0,29.04570153970738,6.070932034396015,10.832905436519338,31.047169811320753,28.72110063301528,5.741634259276343,11.49619785518625,36.0,1.1,28.89024157087963,5.741634259276343,11.665338793050601,36.0,1.15,28.89024157087963,5.741634259276343,11.665338793050601,36.0,1.15,28.044536881557967,5.741634259276343,10.819634103728937,36.0,0.9,28.382818757286625,5.741634259276343,11.157915979457595,36.0,1.0,28.61578646415637,5.741634259276343,11.390883686327339,36.0,0.42991507555101194,0.32929777511967195,-0.5579782498080004,-4.952830188679247,2.2028382038295717,0.2035552898753039,1.59217233420366,-3.0,-6.336760869312666,0.7830641349145617,-8.685953274056349,-12.0,2.5332639344040047,0.2035552898753039,1.922598064778093,-3.0,2.423122024212546,0.2035552898753039,1.8124561545866342,-3.0,1.9825543834466117,0.2035552898753039,1.3718885138207,-3.0,0.5107462217800645
2024-07-30__LGD__NIP__G1,2024-07-30__LGD__NIP__G1,2024-07-30,1.0,1.1127871176407966,1.2372145438177267,0.8994286591381029,12.492622289448704,6.761859462395603,1.847512583100953,54.43665093694801,63.362072928598394,0.8591361923899732,307.56147771879165,202.97771873758262,1.5152474769960906,-0.6721424201745707,0.9779640325261914,-0.6872867616118674,0.7046927746960989,21.859378466990375,0.0322375470795156,-0.8041733742176653,2.098121376743199,-0.3832823972193365,-0.21641302279753516,3.1500792553480665,-0.06870079656863304,9.453875110903297,25.108855577780485,0.3765155566370669,3.110470103084225,7.901928205562246,0.39363426603401286,0.5309115663479558,4.691186306020372,0.11317211011093452,-39.90031088962449,1221.6993159813917,-0.03265968175230815,-7.287951737089523,1.2854063782516787,-5.669760311320203,-5.926476516991393,2.3401797705708023,-2.5324866315972008,-12.895139080638415,7.463055899534399,-1.7278628924084594,-338.6192333819239,284.82291920124334,-1.1888763486543514,-2.086300921789905,0.825430022335082,-2.527529091271512,-24.867985490199636,8.003458579078341,-3.107154505434933,-1.1258839695719152,0.48434402378846536,-2.324549472533939,5.796185685891103,1.3460363928046728,4.306110451964393,NIP,LGD,1.0,1252.0,-0.11099999999999993,0.0,1.0,1.0,3.0,6.0,1.0,-0.4000000000000057,0.0,0.0,0.10000000000000003,1.0,22.64332004613953,5.785103620351771,5.2880091850842135,35.0,1.1,25.0,8.333333333333334,0.0,0.0,1.15,21.081687098553047,6.023506348668588,3.0111680525472835,31.0,1.15,23.07180731047778,5.785103620351771,5.716496449422465,35.0,0.9,22.718084313243253,6.023506348668588,4.647565267237489,31.0,1.0,22.902698699389198,6.434731928995158,3.5985029124037204,25.78301886792453,23.509652378790097,6.613266052032995,3.669854222691111,22.0,1.1,20.90716448304192,6.139053467952596,2.490004079184132,29.0,1.15,20.90716448304192,6.139053467952596,2.490004079184132,29.0,1.15,21.79691133455455,6.139053467952596,3.379750930696762,29.0,0.9,23.01148213422096,6.418372528083762,3.756364549969671,25.0,1.0,21.99543363452558,6.290176657126107,3.124903663147261,26.79245283018868,0.9072650648636191,0.14455527186905126,0.4735992492564596,-1.0094339622641506,-0.29339782097770595,-0.39486617941517466,0.891200717267818,6.0,4.092835516958079,2.1942798653807376,-2.490004079184132,-29.0,0.17452261551112613,-0.11554711928400874,0.5211639733631515,2.0,-0.8663323326505683,-0.8281624316812239,1.6181549623931026,13.0,1.2748959759232292,-0.35394984760082515,2.336745518725703,6.0,0.5226660811465723
2024-07-30__LGD__NIP__G2,2024-07-30__LGD__NIP__G2,2024-07-30,1.0,-0.6976397707778563,1.2372145438177267,-0.5638789249487771,-9.40637856072296,6.761859462395603,-1.3910932668655591,-44.59553101701033,63.362072928598394,-0.7038205704450938,-247.76197500117092,202.97771873758262,-1.2206363108300118,1.2035351270284975,0.9779640325261914,1.2306525151718704,14.161362692522786,21.859378466990375,0.6478391902161593,-0.8633364665811953,2.098121376743199,-0.41148051045587974,-0.8069860587256432,3.1500792553480665,-0.2561795234758156,-13.315710936570731,25.108855577780485,-0.5303192877510069,-4.550872017549853,7.901928205562246,-0.5759191077473144,-0.6950863303761396,4.691186306020372,-0.14816853070098265,-393.8036597181357,1221.6993159813917,-0.3223409019259801,-0.2709423595087763,1.2854063782516787,-0.21078326147255605,-0.7702404635080526,2.3401797705708023,-0.32913716461321935,-10.476525341450845,7.463055899534399,-1.4037847335861058,-277.0510652908314,284.82291920124334,-0.972713379580124,-0.8950684472598742,0.825430022335082,-1.0843649233436772,-7.153528078267598,8.003458579078341,-0.8938044863708029,-0.5653694902209272,0.48434402378846536,-1.1672866705612088,-0.7759975193576576,1.3460363928046728,-0.5765051725203185,LGD,NIP,1.0,-2300.0,-0.21400000000000002,0.0,-1.0,-1.0,0.0,2.0,1.0,6.799999999999997,0.0,-1.0,0.0,1.0,22.988790905618952,6.5456344232628725,3.351887635830334,23.0,1.1,20.401674200432698,6.076271450432393,2.17285984913552,30.0,1.15,20.401674200432698,6.076271450432393,2.17285984913552,30.0,1.15,21.401310243816898,6.076271450432393,3.17249589251972,30.0,0.9,22.551926097497248,6.35273400927742,3.4937240696649887,26.0,1.0,21.514080372473302,6.225849154009479,2.836532910444868,27.792452830188683,23.098955366182015,5.725941327867251,5.92113138258026,36.0,1.1,25.6861675083518,8.248111159904452,0.9418340286384463,1.0,1.15,21.57766321968991,5.961905992345043,3.691945242654782,32.0,1.15,23.444599845057994,5.725941327867251,6.266775861456239,36.0,0.9,23.149367896840523,5.961905992345043,5.263649919805395,32.0,1.0,23.398446037253,6.368926108144616,4.2916677128191525,26.783018867924525,-1.884365664779697,-0.14307695413513688,-1.4551348023742845,1.0094339622641577,-0.5974417993432759,0.39082801693237634,-1.7699258501404067,-6.0,-5.284493307919103,-2.171839709472059,1.2310258204970737,29.0,-1.1759890192572122,0.11436545808734966,-1.519085393519262,-2.0,-0.1101644605630625,0.8196930953956212,-2.569243746749926,-13.0,-2.0432896012410957,0.3503301225651416,-3.094279968936519,-6.0,0.45302976245921506
2024-07-30__LGD__NIP__G3,2024-07-30__LGD__NIP__G3,2024-07-30,0.0,0.7729013107768452,1.2372145438177267,0.624710313929513,0.6013126284261965,6.761859462395603,0.08892709806276636,-8.995236859563988,63.362072928598394,-0.14196563183365118,140.02460762901217,202.97771873758262,0.6898521069703677,-1.968334343936502,0.9779640325261914,-2.012683765238597,-6.487424423814829,21.859378466990375,-0.296779898698013,-0.8721989697949404,2.098121376743199,-0.41570452680115216,-0.14239503856470792,3.1500792553480665,-0.04520362245468379,6.497157996614838,25.108855577780485,0.2587596124295182,-0.15877535330306003,7.901928205562246,-0.02009323915371154,0.4754250626965444,4.691186306020372,0.10134429339165675,422.52285661775346,1221.6993159813917,0.3458484839475351,0.6030162119534666,1.2854063782516787,0.4691245920601818,1.566922675351961,2.3401797705708023,0.6695733488014974,-7.618940230688008,7.463055899534399,-1.020887329850498,-229.3553182885753,284.82291920124334,-0.8052558344901559,0.39712007246552083,0.825430022335082,0.48110630897067347,3.4238827695885448,8.003458579078341,0.42780034505813436,0.1221245584165691,0.48434402378846536,0.252143724862354,0.25184948420564623,1.3460363928046728,0.1871043743301066,NIP,LGD,0.0,-104.0,0.12,0.0,-1.0,-1.0,-4.0,2.0,-1.0,-7.799999999999997,0.0,,-1.0,0.0,22.58218865062107,5.671371402831724,5.568074442125898,37.0,1.1,24.907938705583536,8.169504205709844,0.3994260884540033,2.0,1.15,21.015143283586944,5.905087253828156,3.2998815221024778,33.0,1.15,23.021790714144494,5.671371402831724,6.0076765056493215,37.0,0.9,22.660220126316204,5.905087253828156,4.944958364831738,33.0,1.0,22.83618557967462,6.308228346784963,3.9115005393197295,27.78301886792453,23.579534996151246,6.483252579067402,4.129777258949041,24.0,1.1,20.97498478809211,6.01836277506196,2.9198964629062303,31.0,1.15,20.97498478809211,6.01836277506196,2.9198964629062303,31.0,1.15,21.849988095028614,6.01836277506196,3.7948997698427327,31.0,0.9,23.073139562010432,6.292190563439138,4.19656787169302,27.0,1.0,22.060015538851776,6.166514958605954,3.560470663033916,28.79245283018868,0.7761700408228442,0.14171338817900914,0.3510298762858137,-1.0094339622641506,-0.41291943569422784,-0.38710330961098194,0.748390493138718,6.0,3.9329539174914245,2.1511414306478835,-2.520470374452227,-29.0,0.040158495494832636,-0.11327552123380435,0.3799850591962475,2.0,-0.9973463455301754,-0.8118811762356781,1.4382971831768572,13.0,1.17180261911588,-0.346991372230236,2.212776735806589,6.0,0.5193945153059868
2024-07-31__BLG__FPX__G1,2024-07-31__BLG__FPX__G1,2024-07-31,0.0,-0.2579917515209882,1.2372145438177267,-0.20852611560706108,-9.844633090508262,6.761859462395603,-1.4559059810915544,-42.02574035761751,63.362072928598394,-0.663263333283181,-282.63940720738407,202.97771873758262,-1.3924651807734916,0.26542295489619416,0.9779640325261914,0.2714033181846773,-1.183895348238707,21.859378466990375,-0.054159604577362096,0.40509053987505794,2.098121376743199,0.1930728847684556,0.6676759986358043,3.1500792553480665,0.2119552343157777,-12.353208956299966,25.108855577780485,-0.4919861212330815,-0.1526582630718174,7.901928205562246,-0.019319112978683703,-0.5299464656852555,4.691186306020372,-0.11296638379907702,-281.50187604701597,1221.6993159813917,-0.2304182969853487,-0.21810303391363028,1.2854063782516787,-0.16967619573670006,-0.8027152260143318,2.3401797705708023,-0.3430141962146533,-13.177005903734887,7.463055899534399,-1.7656311724699523,-362.17133238027134,284.82291920124334,-1.2715666707032462,0.927860537139829,0.825430022335082,1.1240921555322474,5.339529873816119,8.003458579078341,0.667152725775496,0.9118109647208765,0.48434402378846536,1.882564948409802,-0.1511448130815527,1.3460363928046728,-0.11228871789855674,FPX,BLG,0.0,6978.0,0.12359999999999999,1.0,1.0,-1.0,0.0,6.0,1.0,1.7999999999999972,0.0,-0.3333333333333333,-0.5,0.0,24.97648205660891,6.0616137464287245,6.791640817322737,31.0,1.1,24.975413059182035,6.0616137464287245,6.790571819895863,31.0,1.15,24.975413059182035,6.0616137464287245,6.790571819895863,31.0,1.15,24.980758046316378,6.0616137464287245,6.795916807030206,31.0,0.9,22.206977894211253,6.585910297591598,2.449247001436458,23.0,1.0,24.454196308355563,6.160537624006626,5.972583436335687,29.490566037735853,31.624159221338584,5.885098770405933,13.968862910120784,34.0,1.1,23.104140952907308,6.458750251689075,3.7278901978400825,25.0,1.15,31.925257367763066,5.885098770405933,14.269961056545267,34.0,1.15,30.419766635640656,5.885098770405933,12.764470324422856,34.0,0.9,31.021962928489614,5.885098770405933,13.366666617271814,34.0,1.0,29.522667191096147,6.00957031823152,11.493956236401585,32.04716981132076,-5.068470882740584,0.1509673057751053,-5.521372800065898,-2.5566037735849036,-8.814985034278362,0.7008115271856648,-10.917419615835357,-11.0,1.871272106274727,-0.3971365052603506,3.0626816220557807,6.0,-6.9498443085810315,0.17651497602279154,-7.4793892366494035,-3.0,-6.647677164729675,0.17651497602279154,-7.177222092798047,-3.0,-5.439008589324278,0.17651497602279154,-5.96855351739265,-3.0,0.3759329319882051
2024-07-31__BLG__FPX__G2,2024-07-31__BLG__FPX__G2,2024-07-31,1.0,1.7125287043620894,1.2372145438177267,1.3841797517978716,1.4534482002030522,6.761859462395603,0.21494797301512522,56.601105704402585,63.362072928598394,0.8932962921665945,84.56085760039394,202.97771873758262,0.41660167288172056,0.49851063235559057,0.9779640325261914,0.5097427983369536,0.85357250796865,21.859378466990375,0.039048341205550736,0.4567152501466758,2.098121376743199,0.21767807979609363,0.011657950962168151,3.1500792553480665,0.003700842523734371,3.4345486953764492,25.108855577780485,0.13678634408289922,-0.7944652985868501,7.901928205562246,-0.10054067531098837,-0.2809082610897802,4.691186306020372,-0.059879992582960895,462.5449878367508,1221.6993159813917,0.37860787953914854,0.3469519406672781,1.2854063782516787,0.2699159399093989,0.4284729953217443,2.3401797705708023,0.1830939732135453,-6.279422646460603,7.463055899534399,-0.841400880496082,-114.25826632966766,284.82291920124334,-0.40115544861676794,-0.3609112044668539,0.825430022335082,-0.43723969017527753,1.880858810350226,8.003458579078341,0.2350057236831602,-0.13366805374164414,0.48434402378846536,-0.27597693209711355,0.10786572633329605,1.3460363928046728,0.08013575767649476,BLG,FPX,1.0,8208.0,0.23339999999999994,1.0,1.0,-1.0,-1.0,4.0,1.0,23.599999999999994,0.0,1.0,1.0,1.0,31.9892056232454,5.818946313207833,14.532366683621898,35.0,1.1,23.522980771451547,6.3861495671047095,4.364532070137418,26.0,1.15,32.30689678793837,5.818946313207833,14.850057848314869,35.0,1.15,30.718440964473505,5.818946313207833,13.261602024850003,35.0,0.9,31.353823293859445,5.818946313207833,13.896984354235943,35.0,1.0,29.88545387561395,5.9420187173552685,12.059397723548145,33.04716981132076,24.600486618943542,5.993477142515044,6.620055191398411,32.0,1.1,24.582326919804604,5.993477142515044,6.601895492259473,32.0,1.15,24.582326919804604,5.993477142515044,6.601895492259473,32.0,1.15,24.673125415499257,5.993477142515044,6.692693987954126,32.0,0.9,21.835598809013515,6.511880248807573,2.299958062590793,24.0,1.0,24.083263939500252,6.091289049362691,5.809396791412178,30.49056603773585,5.802189936113699,-0.1492703320074229,6.250000932135967,2.556603773584907,9.51822448484593,-0.6929339355997399,11.59702629164515,11.0,-1.0593461483530575,0.3926724245896658,-2.237363422122055,-6.0,7.7245698681337664,-0.1745308293072103,8.248162356055396,3.0,7.3887190043018585,-0.1745308293072103,7.912311492223488,3.0,6.045315548974248,-0.1745308293072103,6.568908036895877,3.0,0.6411177952050602
2024-07-31__JDG__TES__G1,2024-07-31__JDG__TES__G1,2024-07-31,0.0,-0.39433565966142137,1.2372145438177267,-0.3187283425526677,-9.603706551490179,6.761859462395603,-1.4202757665436594,-43.476290900228264,63.362072928598394,-0.6861563740672525,-284.6397889153491,202.97771873758262,-1.40232035951208,2.001102483521767,0.9779640325261914,2.0461902184300995,9.34374224382266,21.859378466990375,0.4274477350984528,1.993710345311687,2.098121376743199,0.9502354902703123,0.9611557452508626,3.1500792553480665,0.3051210341765277,-11.688825258911677,25.108855577780485,-0.4655259877208203,-0.7824204932166872,7.901928205562246,-0.09901638863911026,-0.8920908608737737,4.691186306020372,-0.19016312986030656,-423.0628219828783,1221.6993159813917,-0.3462904628842664,-0.28724581950932304,1.2854063782516787,-0.22346675798610613,-0.7938525473619187,2.3401797705708023,-0.33922701927350984,-0.5081201507389999,7.463055899534399,-0.06808472152620197,-57.99772843316305,284.82291920124334,-0.203627321818709,0.043208012335275825,0.825430022335082,0.052346000048609294,1.4245176815179335,8.003458579078341,0.17798773985711533,0.428920699545734,0.48434402378846536,0.8855685069101947,-0.4525839539709615,1.3460363928046728,-0.33623430997554554,JDG,TES,0.0,-1884.0,-0.32999999999999996,0.0,-1.0,1.0,-2.0,2.0,-1.0,7.400000000000006,0.0,-1.0,-0.39999999999999997,0.0,30.29576392034921,6.045462205870546,12.159377302737571,31.0,1.1,30.53648046218327,6.045462205870546,12.400093844571632,31.0,1.15,30.53648046218327,6.045462205870546,12.400093844571632,31.0,1.15,29.332897753012986,6.045462205870546,11.196511135401348,31.0,0.9,26.69220721179594,6.442934924202208,7.363402439189315,25.0,1.0,29.556803880172318,6.120457058385955,11.195432705014454,29.86792452830189,32.7767572376095,6.162934535520823,14.287953631047031,28.0,1.1,33.13024620295538,6.162934535520823,14.641442596392906,28.0,1.15,33.13024620295538,6.162934535520823,14.641442596392906,28.0,1.15,31.362801376225946,6.162934535520823,12.873997769663475,28.0,0.9,32.06977930691773,6.162934535520823,13.58097570035526,28.0,1.0,32.55666033465828,6.162934535520823,14.067856728095814,27.999999999999996,-2.9998564544859647,-0.04247747713486838,-2.8724240230813596,1.867924528301895,-5.377572095121792,0.2800003886813851,-6.2175732611659456,-3.0,-2.593765740772106,-0.1174723296502771,-2.241348751821274,3.0,-2.593765740772106,-0.1174723296502771,-2.241348751821274,3.0,-2.4809933172602925,-0.1174723296502771,-2.1285763283094603,3.0,-2.0299036232129595,-0.1174723296502771,-1.6774866342621273,3.0,0.42556099228149197
2024-07-31__JDG__TES__G2,2024-07-31__JDG__TES__G2,2024-07-31,1.0,-0.23712407702977778,1.2372145438177267,-0.19165947131416916,-4.82572672817512,6.761859462395603,-0.7136684873951766,-14.78028747145271,63.362072928598394,-0.23326710372688172,-132.77169310161133,202.97771873758262,-0.6541195421510483,-2.274408309655361,0.9779640325261914,-2.3256540203490856,-1.1622250755958987,21.859378466990375,-0.05316825563831594,-2.801867375477748,2.098121376743199,-1.3354165641314657,-2.119351110460363,3.1500792553480665,-0.6727927349984886,9.630569556938,25.108855577780485,0.38355269293546224,0.08757463656158393,7.901928205562246,0.011082690604205777,0.5596003807926353,4.691186306020372,0.11928757994260424,627.3739945605886,1221.6993159813917,0.5135256980504184,-0.3836732126221314,1.2854063782516787,-0.29848374850934567,-0.8987760189407084,2.3401797705708023,-0.38406264603288937,8.762089381035171,7.463055899534399,1.1740617147889916,322.01316694477634,284.82291920124334,1.1305732232407983,0.08463073740972549,0.825430022335082,0.10252914552485745,0.6356240858215472,8.003458579078341,0.07941866633313392,-0.3251844368897219,0.48434402378846536,-0.671390064764543,0.09311575002605821,1.3460363928046728,0.0691776844564752,TES,JDG,1.0,-96.0,0.0,1.0,-1.0,1.0,0.0,6.0,1.0,-1.0,0.0,,0.3333333333333333,1.0,33.20950348609935,6.096717562851032,14.919350797546254,29.0,1.1,33.582662735467494,6.096717562851032,15.292510046914398,29.0,1.15,33.582662735467494,6.096717562851032,15.292510046914398,29.0,1.15,31.71686648862673,6.096717562851032,13.426713800073635,29.0,0.9,32.46318498736305,6.096717562851032,14.173032298809954,29.0,1.0,32.977159047813515,6.096717562851033,14.687006359260419,29.0,29.871266292652674,5.980507401733793,11.929744087451294,32.0,1.1,30.092687487773254,5.980507401733793,12.151165282571874,32.0,1.15,30.092687487773254,5.980507401733793,12.151165282571874,32.0,1.15,28.985581512170366,5.980507401733793,11.044059306968986,32.0,0.9,26.280927944863652,6.373709518134661,7.159799390459668,26.0,1.0,29.139533103700646,6.054696480299996,10.975443662800657,30.867924528301888,3.837625944112869,0.0420210825510372,3.7115626964597617,-1.867924528301888,6.182257042499398,-0.27699195528362885,7.013232908350286,3.0,3.4899752476942396,0.11621016111723925,3.1413447643425236,-3.0,3.4899752476942396,0.11621016111723925,3.1413447643425236,-3.0,3.338237193446677,0.11621016111723925,2.989606710094961,-3.0,2.731284976456365,0.11621016111723925,2.382654493104649,-3.0,0.5947802734663574
