Player,Role,Team,Opponent Team,Opponent Player,Group,Date,Patch,No Game,Side,Time,Champion,Outcome,Level,Kills,Deaths,Assists,CS in Team's Jungle,CSM,GPM,GOLD%,VSPM,WPM,VWPM,WCPM,VS%,DPM,DMG%,KP%,GD@15,Total damage taken,First blood participate,MVP,KP%@15,Frist tower,Tower@15,Total tower,First Dragon,Number of dragon,Number of uti dragon,Number of VB,Herald,First baron,Number of baron,mini team fight,mini team fight win,mini team fight tie,team fight,team fight win,team fight tie,Team jg share
Qingtian,TOP,UP,IG,Zuian,\,01.06.2024,v14.10,1,Blue,0:28:43,Ornn,Loss,14,1,5,1,0,5.8,292,17.80%,0.74,0.24,0.1,0.14,10.20%,232,19.10%,40.00%,-638,26656.1,0,0,0.333,0,1,3,0,0,0,4,0,0,0,1,0,0,3,0,1,47.3
H4cker,JUNGLE,UP,IG,glfs,\,01.06.2024,v14.10,1,Blue,0:28:43,Lillia,Loss,14,2,4,2,173,7,338,20.60%,1.08,0.21,0.14,0.24,14.80%,273,22.50%,80.00%,-765,30616.7,0,0,0.666,0,1,3,0,0,0,4,0,0,0,1,0,0,3,0,1,47.3
Yuekai,MID,UP,IG,neny,\,01.06.2024,v14.10,1,Blue,0:28:43,Tristana,Loss,15,2,1,1,16,9.7,443,27.10%,1.16,0.31,0.07,0.14,15.90%,356,29.30%,60.00%,1373,18141.6,0,0,0.666,0,1,3,0,0,0,4,0,0,0,1,0,0,3,0,1,47.3
Doggo,ADCARRY,UP,IG,Ahn,\,01.06.2024,v14.10,1,Blue,0:28:43,Jhin,Loss,14,0,0,4,2,8.7,351,21.40%,1.27,0.73,0.14,0.35,17.50%,254,20.80%,80.00%,-1029,8474.71,0,0,0.666,0,1,3,0,0,0,4,0,0,0,1,0,0,3,0,1,47.3
Niket,SUPPORT,UP,IG,Vampire,\,01.06.2024,v14.10,1,Blue,0:28:43,Leona,Loss,10,0,3,4,0,1.4,215,13.10%,3.03,1.88,0.56,0.42,41.60%,102,8.40%,80.00%,-303,12707.8,0,0,0.66,0,1,3,0,0,0,4,0,0,0,1,0,0,3,0,1,47.3
Zuian,TOP,IG,UP,Qingtian,\,01.06.2024,v14.10,1,Red,0:28:43,Skarner,Win,16,5,1,4,4,7.5,432,22.00%,1.4,0.52,0.31,0.17,14.00%,491,21.50%,69.20%,638,16125.7,1,1,0.5,1,0,9,1,4,0,2,1,1,1,1,1,0,3,2,1,52.7
glfs,JUNGLE,IG,UP,H4cker,\,01.06.2024,v14.10,1,Red,0:28:43,Nidalee,Win,15,4,1,7,199,7.6,408,20.80%,1.79,0.31,0.24,0.52,17.80%,310,13.50%,84.60%,765,24401.7,1,0,0.666,1,0,9,1,4,0,2,1,1,1,1,1,0,3,2,1,52.7
neny,MID,IG,UP,Yuekai,\,01.06.2024,v14.10,1,Red,0:28:43,Aurelion_Sol,Win,16,1,1,5,6,9,396,20.20%,1.19,0.31,0.21,0.31,11.90%,478,20.90%,46.20%,-1373,11906,0,0,0.167,1,0,9,1,4,0,2,1,1,1,1,1,0,3,2,1,52.7
Ahn,ADCARRY,IG,UP,Doggo,\,01.06.2024,v14.10,1,Red,0:28:43,Varus,Win,15,2,0,5,4,10.2,468,23.90%,2.16,0.56,0.21,0.84,21.60%,871,38.10%,53.80%,1029,6998.18,0,0,0.5,1,0,9,1,4,0,2,1,1,1,1,1,0,3,2,1,52.7
Vampire,SUPPORT,IG,UP,Niket,\,01.06.2024,v14.10,1,Red,0:28:43,Nautilus,Win,11,1,2,6,0,1.3,256,13.10%,3.48,1.71,0.49,0.56,34.70%,138,6.00%,53.80%,303,6896.66,0,0,0.5,1,0,9,1,4,0,2,1,1,1,1,1,0,3,2,1,52.7
Zuian,TOP,IG,UP,Qingtian,\,01.06.2024,v14.10,2,Blue,0:37:39,Renekton,Win,17,0,5,2,10,7.6,337,18.80%,1.5,0.42,0.32,0.35,16.10%,350,15.00%,22.00%,33,40712.4,0,0,0.333,1,2,5,0,3,0,6,1,0,0,0,0,0,3,0,0,48.3
glfs,JUNGLE,IG,UP,H4cker,\,01.06.2024,v14.10,2,Blue,0:37:39,Taliyah,Win,16,2,5,4,251,7.2,365,20.30%,1.23,0.29,0.29,0.24,13.20%,396,17.00%,67.00%,-5,26215.9,1,0,0.66,1,2,5,0,3,0,6,1,0,0,0,0,0,3,0,0,48.3
neny,MID,IG,UP,Yuekai,\,01.06.2024,v14.10,2,Blue,0:37:39,Corki,Win,18,4,4,2,17,9.2,425,23.70%,1.23,0.35,0.32,0.24,13.20%,636,27.30%,67.00%,1139,24250,1,0,0.33,1,2,5,0,3,0,6,1,0,0,0,0,0,3,0,0,48.3
Ahn,ADCARRY,IG,UP,Doggo,\,01.06.2024,v14.10,2,Blue,0:37:39,Ziggs,Win,18,2,1,3,2,10.2,422,23.50%,1.08,0.5,0.13,0.29,11.60%,827,35.40%,56.00%,1053,15682.8,0,0,0.33,1,2,5,0,3,0,6,1,0,0,0,0,0,3,0,0,48.3
Vampire,SUPPORT,IG,UP,Niket,\,01.06.2024,v14.10,2,Blue,0:37:39,Leona,Win,12,1,2,6,0,1.2,246,13.70%,4.25,2.12,0.72,0.64,45.80%,124,5.30%,78.00%,1032,14910.9,0,0,0.666,1,2,5,0,3,0,6,1,0,0,0,0,0,3,0,0,48.3
Qingtian,TOP,UP,IG,Zuian,\,01.06.2024,v14.10,2,Red,0:37:39,KSante,Loss,18,2,2,8,0,6.6,366,18.00%,1.01,0.29,0.16,0.24,11.10%,398,15.40%,59.00%,-33,40631.7,0,0,1,0,0,10,1,3,0,0,0,1,3,0,0,0,3,3,0,51.7
H4cker,JUNGLE,UP,IG,glfs,\,01.06.2024,v14.10,2,Red,0:37:39,Karthus,Loss,18,7,3,6,255,8.2,429,21.20%,1.19,0.29,0.19,0.29,13.10%,747,28.80%,77.00%,5,33525.7,0,0,1,0,0,10,1,3,0,0,0,1,3,0,0,0,3,3,0,51.7
Yuekai,MID,UP,IG,neny,\,01.06.2024,v14.10,2,Red,0:37:39,Yone,Loss,18,5,1,9,40,9.9,527,26.00%,0.96,0.27,0.13,0.19,10.60%,761,29.40%,82.00%,-1139,30379.3,0,1,0,0,0,10,1,3,0,0,0,1,3,0,0,0,3,3,0,51.7
Doggo,ADCARRY,UP,IG,Ahn,\,01.06.2024,v14.10,2,Red,0:37:39,Varus,Loss,18,3,1,3,5,9.6,451,22.30%,1.66,0.58,0.24,0.45,18.30%,523,20.20%,35.00%,-1053,10485.9,0,0,0,0,0,10,1,3,0,0,0,1,3,0,0,0,3,3,0,51.7
Niket,SUPPORT,UP,IG,Vampire,\,01.06.2024,v14.10,2,Red,0:37:39,Rell,Loss,15,0,2,12,0,1.4,254,12.50%,4.25,2.36,0.64,0.61,46.80%,161,6.20%,71.00%,-1032,14729.2,0,0,0.5,0,0,10,1,3,0,0,0,1,3,0,0,0,3,3,0,51.7
Qingtian,TOP,UP,IG,Zuian,\,01.06.2024,v14.10,3,Blue,0:35:53,Twisted_Fate,Win,17,4,3,4,18,6.2,434,21.10%,1.47,0.45,0.17,0.14,13.20%,287,11.90%,34.80%,110,20541.7,1,0,0.5,1,2,11,1,1,1,6,1,1,2,1,0,0,5,4,0,49.4
H4cker,JUNGLE,UP,IG,glfs,\,01.06.2024,v14.10,3,Blue,0:35:53,Sejuani,Win,17,1,2,19,184,6.3,368,17.90%,1.74,0.39,0.33,0.45,15.50%,369,15.40%,87.00%,-592,36814.7,1,0,0.5,1,2,11,1,1,1,6,1,1,2,1,0,0,5,4,0,49.4
Yuekai,MID,UP,IG,neny,\,01.06.2024,v14.10,3,Blue,0:35:53,LeBlanc,Win,17,7,1,14,4,5.8,428,20.80%,1.85,0.95,0.36,0.28,16.50%,826,34.40%,91.30%,819,21581.1,1,0,0.5,1,2,11,1,1,1,6,1,1,2,1,0,0,5,4,0,49.4
Doggo,ADCARRY,UP,IG,Ahn,\,01.06.2024,v14.10,3,Blue,0:35:53,Kalista,Win,18,7,1,10,16,9.5,515,25.10%,2.58,1.09,0.25,0.53,23.00%,701,29.20%,73.90%,734,17850.3,1,0,1,1,2,11,1,1,1,6,1,1,2,1,0,0,5,4,0,49.4
Niket,SUPPORT,UP,IG,Vampire,\,01.06.2024,v14.10,3,Blue,0:35:53,Blitzcrank,Win,15,4,4,16,0,1,307,15.00%,3.57,2.17,0.59,0.42,31.90%,220,9.10%,87.00%,525,22091.9,1,1,1,1,2,11,1,1,1,6,1,1,2,1,0,0,5,4,0,49.4
Zuian,TOP,IG,UP,Qingtian,\,01.06.2024,v14.10,3,Red,0:35:53,Jax,Loss,16,3,4,4,4,6.5,342,20.50%,1.51,0.42,0.17,0.33,16.40%,431,18.40%,63.60%,-110,33083.1,0,0,1,0,1,3,0,4,0,0,0,0,0,1,1,0,5,1,0,50.6
glfs,JUNGLE,IG,UP,H4cker,\,01.06.2024,v14.10,3,Red,0:35:53,Kindred,Loss,16,3,4,4,211,8.1,364,21.80%,2.1,0.28,0.2,0.98,22.90%,438,18.70%,63.60%,592,23869.6,0,0,1,0,1,3,0,4,0,0,0,0,0,1,1,0,5,1,0,50.6
neny,MID,IG,UP,Yuekai,\,01.06.2024,v14.10,3,Red,0:35:53,Annie,Loss,16,3,6,5,1,6.5,331,19.80%,1.05,0.28,0.25,0.2,11.40%,643,27.40%,72.70%,-819,19236.8,0,0,1,0,1,3,0,4,0,0,0,0,0,1,1,0,5,1,0,50.6
Ahn,ADCARRY,IG,UP,Doggo,\,01.06.2024,v14.10,3,Red,0:35:53,Lucian,Loss,15,2,5,5,11,9.4,407,24.40%,1.33,0.5,0.14,0.67,14.50%,635,27.10%,63.60%,-734,24158.3,0,0,1,0,1,3,0,4,0,0,0,0,0,1,1,0,5,1,0,50.6
Vampire,SUPPORT,IG,UP,Niket,\,01.06.2024,v14.10,3,Red,0:35:53,Nami,Loss,13,0,4,8,0,0.9,226,13.50%,3.21,1.84,0.56,0.31,34.90%,198,8.40%,72.70%,-525,13203,0,0,1,0,1,3,0,4,0,0,0,0,0,1,1,0,5,1,0,50.6
Breathe,TOP,WBG,NIP,Shanji,\,01.06.2024,v14.10,1,Blue,0:38:27,Skarner,Win,17,1,6,10,1,5,318,15.90%,0.97,0.39,0.21,0.13,12.30%,402,15.70%,68.80%,-843,33346.1,0,1,/,1,2,9,0,0,0,4,0,0,1,1,0,0,5,2,1,44.6
Tarzan,JUNGLE,WBG,NIP,Aki,\,01.06.2024,v14.10,1,Blue,0:38:27,Nidalee,Win,18,1,2,9,217,6.9,381,19.10%,1.86,0.42,0.23,0.6,23.50%,584,22.80%,62.50%,-44,36852.9,0,0,/,1,2,9,0,0,0,4,0,0,1,1,0,0,5,2,1,44.6
Xiaohu,MID,WBG,NIP,Rookie,\,01.06.2024,v14.10,1,Blue,0:38:27,Ahri,Win,18,5,2,7,5,9.7,502,25.20%,1.82,0.75,0.13,0.39,22.90%,555,21.70%,75.00%,-218,21075.7,0,0,/,1,2,9,0,0,0,4,0,0,1,1,0,0,5,2,1,44.6
Light,ADCARRY,WBG,NIP,Photic,\,01.06.2024,v14.10,1,Blue,0:38:27,Aphelios,Win,18,9,2,3,8,9.4,541,27.10%,0.61,0.26,0,0.21,7.70%,895,35.00%,75.00%,1873,13903.7,0,0,/,1,2,9,0,0,0,4,0,0,1,1,0,0,5,2,1,44.6
Crisp,SUPPORT,WBG,NIP,Zhuo,\,01.06.2024,v14.10,1,Blue,0:38:27,Nautilus,Win,15,0,5,12,0,1.1,251,12.60%,2.65,1.72,0.57,0.16,33.50%,124,4.80%,75.00%,-1478,22653.5,0,0,/,1,2,9,0,0,0,4,0,0,1,1,0,0,5,2,1,44.6
Shanji,TOP,NIP,WBG,Breathe,\,01.06.2024,v14.10,1,Red,0:38:27,Twisted_Fate,Loss,18,5,3,5,30,7.6,441,23.60%,0.98,0.47,0.18,0.18,10.90%,483,20.70%,58.80%,843,21589.2,0,0,0,0,1,11,1,4,1,2,1,1,2,1,1,0,5,2,1,55.4
Aki,JUNGLE,NIP,WBG,Tarzan,\,01.06.2024,v14.10,1,Red,0:38:27,Viego,Loss,17,2,2,10,229,7.1,363,19.40%,1.61,0.23,0.21,0.42,18.00%,325,13.90%,70.60%,44,37254.7,1,0,1,0,1,11,1,4,1,2,1,1,2,1,1,0,5,2,1,55.4
Rookie,MID,NIP,WBG,Xiaohu,\,01.06.2024,v14.10,1,Red,0:38:27,Taliyah,Loss,18,7,3,7,16,7.9,402,21.50%,1.16,0.47,0.26,0.21,12.90%,737,31.60%,82.40%,218,17648.5,1,0,0.666,0,1,11,1,4,1,2,1,1,2,1,1,0,5,2,1,55.4
Photic,ADCARRY,NIP,WBG,Light,\,01.06.2024,v14.10,1,Red,0:38:27,Senna,Loss,14,1,5,15,12,2,322,17.30%,3.85,1.61,0.31,0.57,43.10%,477,20.40%,94.10%,-1873,20601.3,1,0,1,0,1,11,1,4,1,2,1,1,2,1,1,0,5,2,1,55.4
Zhuo,SUPPORT,NIP,WBG,Crisp,\,01.06.2024,v14.10,1,Red,0:38:27,Ornn,Loss,16,2,3,12,0,5.2,340,18.20%,1.33,0.62,0.29,0.23,15.00%,313,13.40%,82.40%,1478,36161.3,1,0,1,0,1,11,1,4,1,2,1,1,2,1,1,0,5,2,1,55.4
Shanji,TOP,NIP,WBG,Breathe,\,01.06.2024,v14.10,2,Blue,0:33:46,KSante,Win,17,0,0,6,4,7.3,376,20.10%,0.72,0.3,0.15,0.12,6.40%,236,17.40%,75.00%,381,17875.6,1,0,1,0,1,9,1,4,1,0,1,1,1,0,0,0,1,1,0,50
Aki,JUNGLE,NIP,WBG,Tarzan,\,01.06.2024,v14.10,2,Blue,0:33:46,Wukong,Win,16,2,3,1,212,6.8,352,18.80%,1.29,0.3,0.3,0.3,11.50%,184,13.60%,37.50%,310,30076.1,1,0,0.5,0,1,9,1,4,1,0,1,1,1,0,0,0,1,1,0,50
Rookie,MID,NIP,WBG,Xiaohu,\,01.06.2024,v14.10,2,Blue,0:33:46,Orianna,Win,18,4,1,3,8,8.5,418,22.30%,1.4,0.44,0.24,0.47,12.50%,395,29.10%,87.50%,-167,9357.08,0,1,0.5,0,1,9,1,4,1,0,1,1,1,0,0,0,1,1,0,50
Photic,ADCARRY,NIP,WBG,Light,\,01.06.2024,v14.10,2,Blue,0:33:46,Kalista,Win,17,2,0,4,0,10.1,463,24.70%,1.84,0.56,0.21,0.47,16.40%,327,24.00%,75.00%,-712,7367.47,1,0,1,0,1,9,1,4,1,0,1,1,1,0,0,0,1,1,0,50
Zhuo,SUPPORT,NIP,WBG,Crisp,\,01.06.2024,v14.10,2,Blue,0:33:46,Ashe,Win,13,0,3,6,0,1.5,263,14.00%,5.99,2.96,0.47,0.89,53.30%,215,15.80%,75.00%,270,11831.1,1,0,1,0,1,9,1,4,1,0,1,1,1,0,0,0,1,1,0,50
Breathe,TOP,WBG,NIP,Shanji,\,01.06.2024,v14.10,2,Red,0:33:46,Jax,Loss,16,1,3,2,12,8.1,347,19.40%,1.23,0.5,0.15,0.33,14.40%,154,10.30%,42.90%,-381,16200.6,0,0,0,1,1,4,0,0,0,4,0,0,0,0,0,0,1,0,0,50
Tarzan,JUNGLE,WBG,NIP,Aki,\,01.06.2024,v14.10,2,Red,0:33:46,RekSai,Loss,15,1,2,3,199,6.5,318,17.70%,1.41,0.3,0.27,0.36,16.40%,172,11.60%,57.10%,-310,30684.9,0,0,1,1,1,4,0,0,0,4,0,0,0,0,0,0,1,0,0,50
Xiaohu,MID,WBG,NIP,Rookie,\,01.06.2024,v14.10,2,Red,0:33:46,LeBlanc,Loss,17,2,2,1,13,9.2,446,24.90%,1.45,0.62,0.3,0.27,16.90%,373,25.10%,42.90%,167,12671.4,0,0,0,1,1,4,0,0,0,4,0,0,0,0,0,0,1,0,0,50
Light,ADCARRY,WBG,NIP,Photic,\,01.06.2024,v14.10,2,Red,0:33:46,Varus,Loss,16,2,0,2,0,9.9,454,25.40%,1.17,0.36,0.12,0.41,13.70%,694,46.60%,57.10%,712,4685.5,0,0,0,1,1,4,0,0,0,4,0,0,0,0,0,0,1,0,0,50
Crisp,SUPPORT,WBG,NIP,Zhuo,\,01.06.2024,v14.10,2,Red,0:33:46,Leona,Loss,11,1,1,2,0,1.4,226,12.60%,3.32,2.04,0.62,0.5,38.70%,96,6.50%,42.90%,-270,12351.9,0,0,1,1,1,4,0,0,0,4,0,0,0,0,0,0,1,0,0,50
Breathe,TOP,WBG,NIP,Shanji,\,01.06.2024,v14.10,3,Blue,0:33:31,Rumble,Loss,16,3,1,0,6,8.4,370,23.20%,1.15,0.48,0.24,0.15,12.80%,585,31.70%,37.50%,481,18365,0,0,0,0,0,2,0,1,0,6,1,0,0,0,0,0,2,1,0,50.1
Tarzan,JUNGLE,WBG,NIP,Aki,\,01.06.2024,v14.10,3,Blue,0:33:31,Lee_Sin,Loss,14,1,3,5,171,5.5,298,18.70%,1.93,0.84,0.54,0.36,21.40%,275,14.90%,75.00%,721,35807.8,0,0,1,0,0,2,0,1,0,6,1,0,0,0,0,0,2,1,0,50.1
Xiaohu,MID,WBG,NIP,Rookie,\,01.06.2024,v14.10,3,Blue,0:33:31,Hwei,Loss,15,1,2,3,0,6.7,308,19.30%,1.5,0.57,0.27,0.42,16.60%,401,21.70%,50.00%,-607,12654.2,0,0,0.5,0,0,2,0,1,0,6,1,0,0,0,0,0,2,1,0,50.1
Light,ADCARRY,WBG,NIP,Photic,\,01.06.2024,v14.10,3,Blue,0:33:31,Zeri,Loss,16,3,3,2,24,9.8,402,25.20%,1.17,0.3,0,0.42,13.00%,459,24.90%,62.50%,-851,19435.6,0,0,0.5,0,0,2,0,1,0,6,1,0,0,0,0,0,2,1,0,50.1
Crisp,SUPPORT,WBG,NIP,Zhuo,\,01.06.2024,v14.10,3,Blue,0:33:31,Lulu,Loss,12,0,3,6,0,1.1,216,13.50%,3.27,1.67,0.51,0.48,36.20%,127,6.90%,75.00%,-37,11295.2,0,0,0.5,0,0,2,0,1,0,6,1,0,0,0,0,0,2,1,0,50.1
Shanji,TOP,NIP,WBG,Breathe,\,01.06.2024,v14.10,3,Red,0:33:31,Kennen,Win,17,4,2,0,8,8.6,406,22.00%,0.93,0.24,0.15,0.21,9.10%,376,17.40%,33.30%,-481,13111.1,0,0,0,1,0,8,1,4,0,0,0,1,1,0,0,0,2,1,0,49.9
Aki,JUNGLE,NIP,WBG,Tarzan,\,01.06.2024,v14.10,3,Red,0:33:31,Sejuani,Win,15,0,3,7,158,5.5,298,16.20%,1.6,0.27,0.21,0.36,15.80%,227,11.00%,58.30%,-721,46304.3,0,0,0,1,0,8,1,4,0,0,0,1,1,0,0,0,2,1,0,49.9
Rookie,MID,NIP,WBG,Xiaohu,\,01.06.2024,v14.10,3,Red,0:33:31,Corki,Win,18,4,0,3,16,9.6,448,24.30%,1.92,0.6,0.3,0.36,18.90%,690,31.90%,58.30%,607,22655.3,0,1,0.5,1,0,8,1,4,0,0,0,1,1,0,0,0,2,1,0,49.9
Photic,ADCARRY,NIP,WBG,Light,\,01.06.2024,v14.10,3,Red,0:33:31,Lucian,Win,16,4,3,3,18,9.4,442,23.90%,1.73,0.57,0.15,0.63,17.10%,656,30.30%,58.30%,851,18429,1,0,0.5,1,0,8,1,4,0,0,0,1,1,0,0,0,2,1,0,49.9
Zhuo,SUPPORT,NIP,WBG,Crisp,\,01.06.2024,v14.10,3,Red,0:33:31,Nami,Win,13,0,0,10,0,1.4,252,13.60%,3.96,1.7,0.45,0.66,39.10%,216,10.00%,83.30%,37,11074.6,1,0,0.5,1,0,8,1,4,0,0,0,1,1,0,0,0,2,1,0,49.9
Wayward,TOP,WE,RNG,Zdz,\,02.06.2024,v14.10,1,Blue,0:25:54,Skarner,Win,15,3,0,5,0,8.7,410,21.10%,1.06,0.42,0.15,0.15,13.00%,702,31.30%,80.00%,369,13370.7,0,1,0,1,2,9,0,1,0,6,1,1,1,0,0,0,2,2,0,53.3
Heng,JUNGLE,WE,RNG,Wei,\,02.06.2024,v14.10,1,Blue,0:25:54,Maokai,Win,13,1,0,9,152,6.5,361,18.60%,1.77,0.31,0.23,0.39,21.70%,283,12.60%,100.00%,476,21714.8,1,0,1,1,2,9,0,1,0,6,1,1,1,0,0,0,2,2,0,53.3
FoFo,MID,WE,RNG,Tangyuan,\,02.06.2024,v14.10,1,Blue,0:25:54,Tristana,Win,15,3,0,7,20,9.2,470,24.20%,1.53,0.62,0.27,0.35,18.80%,588,26.20%,100.00%,1774,11227,1,0,1,1,2,9,0,1,0,6,1,1,1,0,0,0,2,2,0,53.3
LP,ADCARRY,WE,RNG,huanfeng,\,02.06.2024,v14.10,1,Blue,0:25:54,Lucian,Win,13,3,1,3,0,9,434,22.30%,1.23,0.46,0.19,0.62,15.10%,491,21.90%,60.00%,-283,11867.3,0,0,0,1,2,9,0,1,0,6,1,1,1,0,0,0,2,2,0,53.3
Mark,SUPPORT,WE,RNG,Ming,\,02.06.2024,v14.10,1,Blue,0:25:54,Nami,Win,11,0,0,10,0,1,267,13.70%,2.56,1.47,0.35,0.15,31.40%,179,8.00%,100.00%,616,2045.36,1,0,1,1,2,9,0,1,0,6,1,1,1,0,0,0,2,2,0,53.3
Zdz,TOP,RNG,WE,Wayward,\,02.06.2024,v14.10,1,Red,0:25:54,KSante,Loss,13,0,3,0,4,7.3,283,19.60%,0.8,0.35,0.19,0.08,9.70%,310,21.90%,0.00%,-369,26773.8,0,0,0,0,0,0,1,3,0,0,0,0,0,0,0,0,2,0,0,46.7
Wei,JUNGLE,RNG,WE,Heng,\,02.06.2024,v14.10,1,Red,0:25:54,Diana,Loss,12,0,2,1,139,6.2,294,20.40%,1.4,0.35,0.27,0.31,17.00%,195,13.80%,100.00%,-476,18294.1,0,0,1,0,0,0,1,3,0,0,0,0,0,0,0,0,2,0,0,46.7
Tangyuan,MID,RNG,WE,FoFo,\,02.06.2024,v14.10,1,Red,0:25:54,Jayce,Loss,14,0,2,0,8,8.8,327,22.60%,1.29,0.27,0.15,0.31,15.70%,349,24.70%,0.00%,-1774,9396.25,0,0,0,0,0,0,1,3,0,0,0,0,0,0,0,0,2,0,0,46.7
huanfeng,ADCARRY,RNG,WE,LP,\,02.06.2024,v14.10,1,Red,0:25:54,Varus,Loss,13,1,1,0,0,9,340,23.60%,1.98,0.93,0.12,0.39,24.10%,485,34.30%,100.00%,283,9206.36,0,0,1,0,0,0,1,3,0,0,0,0,0,0,0,0,2,0,0,46.7
Ming,SUPPORT,RNG,WE,Mark,\,02.06.2024,v14.10,1,Red,0:25:54,Nautilus,Loss,10,0,2,1,0,1.3,199,13.80%,2.76,1.51,0.5,0.19,33.50%,76,5.40%,100.00%,-616,10281.8,0,0,1,0,0,0,1,3,0,0,0,0,0,0,0,0,2,0,0,46.7
Zdz,TOP,RNG,WE,Wayward,\,02.06.2024,v14.10,2,Blue,0:39:53,Renekton,Loss,18,0,3,1,9,8.9,374,21.00%,1.24,0.4,0.33,0.35,12.80%,186,11.30%,16.70%,383,37668.7,0,0,0,1,1,6,0,2,0,3,0,1,2,1,1,0,3,0,1,53.7
Wei,JUNGLE,RNG,WE,Heng,\,02.06.2024,v14.10,2,Blue,0:39:53,Karthus,Loss,18,1,2,3,276,7.7,336,18.90%,1.21,0.45,0.38,0.25,12.50%,531,32.20%,66.70%,568,37195.1,0,0,0.667,1,1,6,0,2,0,3,0,1,2,1,1,0,3,0,1,53.7
Tangyuan,MID,RNG,WE,FoFo,\,02.06.2024,v14.10,2,Blue,0:39:53,Tristana,Loss,18,2,2,2,33,9.5,448,25.20%,2.24,0.4,0.2,0.83,23.00%,374,22.70%,66.70%,574,17604.4,0,0,0.333,1,1,6,0,2,0,3,0,1,2,1,1,0,3,0,1,53.7
huanfeng,ADCARRY,RNG,WE,LP,\,02.06.2024,v14.10,2,Blue,0:39:53,Ashe,Loss,17,3,3,2,0,9.2,395,22.20%,1.52,0.38,0.23,0.45,15.60%,419,25.40%,83.30%,1757,21278.8,1,0,1,1,1,6,0,2,0,3,0,1,2,1,1,0,3,0,1,53.7
Ming,SUPPORT,RNG,WE,Mark,\,02.06.2024,v14.10,2,Blue,0:39:53,Alistar,Loss,14,0,3,5,0,1.1,226,12.70%,3.5,1.98,0.65,0.35,36.10%,140,8.50%,83.30%,425,22740.5,1,0,1,1,1,6,0,2,0,3,0,1,2,1,1,0,3,0,1,53.7
Wayward,TOP,WE,RNG,Zdz,\,02.06.2024,v14.10,2,Red,0:39:53,Jax,Win,18,1,1,3,8,10.1,401,22.00%,1.02,0.55,0.23,0.2,9.90%,422,18.40%,30.80%,-383,31039.3,0,0,\,0,0,8,1,4,0,3,1,0,2,0,1,0,3,2,1,46.3
Heng,JUNGLE,WE,RNG,Wei,\,02.06.2024,v14.10,2,Red,0:39:53,Nidalee,Win,18,6,2,2,252,7.2,384,21.10%,2.28,0.3,0.23,0.8,22.10%,505,22.00%,61.50%,-568,38453.1,0,0,\,0,0,8,1,4,0,3,1,0,2,0,1,0,3,2,1,46.3
FoFo,MID,WE,RNG,Tangyuan,\,02.06.2024,v14.10,2,Red,0:39:53,Hwei,Win,18,6,1,5,10,8.1,412,22.60%,1.18,0.55,0.23,0.2,11.40%,838,36.60%,84.60%,-574,10831.2,0,1,\,0,0,8,1,4,0,3,1,0,2,0,1,0,3,2,1,46.3
LP,ADCARRY,WE,RNG,huanfeng,\,02.06.2024,v14.10,2,Red,0:39:53,Kalista,Win,17,0,2,6,4,8.6,395,21.70%,1.83,1.03,0.15,0.35,17.90%,445,19.40%,46.20%,-1757,13314.6,0,0,\,0,0,8,1,4,0,3,1,0,2,0,1,0,3,2,1,46.3
Mark,SUPPORT,WE,RNG,Ming,\,02.06.2024,v14.10,2,Red,0:39:53,Blitzcrank,Win,15,0,0,7,0,1.2,231,12.70%,3.97,2.08,0.53,0.38,38.60%,82,3.60%,53.80%,-425,12089.9,0,0,\,0,0,8,1,4,0,3,1,0,2,0,1,0,3,2,1,46.3
Xiaoxu,TOP,RA,TES,369,\,02.06.2024,v14.10,1,Blue,0:29:02,Skarner,Loss,15,0,5,7,6,7,300,18.80%,0.68,0.38,0.17,0.07,9.70%,506,20.30%,70.00%,-1121,30805,0,0,0.75,0,0,0,0,0,0,0,0,0,0,0,0,0,5,1,0,40.7
Xiaohao,JUNGLE,RA,TES,Tian,\,02.06.2024,v14.10,1,Blue,0:29:02,Lillia,Loss,14,1,5,5,140,6.3,310,19.40%,1.93,0.83,0.28,0.41,27.60%,499,20.00%,60.00%,-356,29469,0,0,0.5,0,0,0,0,0,0,0,0,0,0,0,0,0,5,1,0,40.7
Vicla,MID,RA,TES,Creme,\,02.06.2024,v14.10,1,Blue,0:29:02,Tristana,Loss,15,3,7,3,5,8.3,364,22.80%,1.04,0.41,0.14,0.31,14.80%,491,19.70%,60.00%,-592,22641,0,0,0.5,0,0,0,0,0,0,0,0,0,0,0,0,0,5,1,0,40.7
Assum,ADCARRY,RA,TES,JackeyLove,\,02.06.2024,v14.10,1,Blue,0:29:02,KogMaw,Loss,15,6,3,1,2,9.2,416,26.10%,0.76,0.31,0.1,0.21,10.80%,888,35.60%,70.00%,357,15396,0,0,0.25,0,0,0,0,0,0,0,0,0,0,0,0,0,5,1,0,40.7
Jwei,SUPPORT,RA,TES,meiko,\,02.06.2024,v14.10,1,Blue,0:29:02,Rell,Loss,12,0,5,6,0,1.2,205,12.90%,2.6,1.79,0.59,0.17,37.10%,108,4.40%,60.00%,-2809,20921,0,0,0.5,0,0,0,0,0,0,0,0,0,0,0,0,0,5,1,0,40.7
369,TOP,TES,RA,Xiaoxu,\,02.06.2024,v14.10,1,Red,0:29:02,Mordekaiser,Win,17,6,3,8,37,9.5,453,20.70%,0.46,0.28,0.1,0.03,5.70%,657,20.60%,56.00%,1121,30933,0,0,0.6,1,2,11,1,4,0,3,1,1,0,0,0,0,5,4,0,59.3
Tian,JUNGLE,TES,RA,Xiaohao,\,02.06.2024,v14.10,1,Red,0:29:02,Xin_Zhao,Win,16,5,2,14,174,7.6,438,20.00%,1.74,0.31,0.24,0.55,21.60%,421,13.20%,76.00%,356,44125,0,0,0.8,1,2,11,1,4,0,3,1,1,0,0,0,0,5,4,0,59.3
Creme,MID,TES,RA,Vicla,\,02.06.2024,v14.10,1,Red,0:29:02,Hwei,Win,17,7,2,14,4,9,484,22.10%,1.09,0.41,0.1,0.24,13.40%,1059,33.20%,84.00%,592,14155,0,1,0.8,1,2,11,1,4,0,3,1,1,0,0,0,0,5,4,0,59.3
JackeyLove,ADCARRY,TES,RA,Assum,\,02.06.2024,v14.10,1,Red,0:29:02,Senna,Win,14,6,2,16,4,2.5,409,18.70%,3.91,1.31,0.24,0.86,48.30%,790,24.80%,88.00%,-357,10762,0,0,0.6,1,2,11,1,4,0,3,1,1,0,0,0,0,5,4,0,59.3
meiko,SUPPORT,TES,RA,Jwei,\,02.06.2024,v14.10,1,Red,0:29:02,Ornn,Win,15,1,1,14,4,7.6,406,18.60%,0.89,0.41,0.03,0.24,11.00%,259,8.10%,60.00%,2809,20393,1,0,0.2,1,2,11,1,4,0,3,1,1,0,0,0,0,5,4,0,59.3
369,TOP,TES,RA,Xiaoxu,\,02.06.2024,v14.10,2,Blue,0:21:50,Twisted_Fate,Win,14,3,0,7,12,8.9,505,23.30%,0.87,0.32,0.05,0.14,11.10%,670,26.00%,71.40%,2399,8477.36,0,0,0.625,1,3,9,0,2,0,6,1,0,0,2,1,0,0,0,0,62.4
Tian,JUNGLE,TES,RA,Xiaohao,\,02.06.2024,v14.10,2,Blue,0:21:50,Taliyah,Win,13,4,3,2,157,8.6,437,20.20%,1.5,0.55,0.27,0.27,19.00%,299,11.70%,42.90%,1981,15248.5,0,0,0.5,1,3,9,0,2,0,6,1,0,0,2,1,0,0,0,0,62.4
Creme,MID,TES,RA,Vicla,\,02.06.2024,v14.10,2,Blue,0:21:50,Corki,Win,13,4,2,5,0,8.6,450,20.70%,1.52,0.73,0.14,0.32,19.20%,851,33.10%,64.30%,548,11731.2,0,0,0.5,1,3,9,0,2,0,6,1,0,0,2,1,0,0,0,0,62.4
JackeyLove,ADCARRY,TES,RA,Assum,\,02.06.2024,v14.10,2,Blue,0:21:50,Ziggs,Win,13,1,0,5,0,9.1,476,21.90%,1.24,0.46,0.23,0.32,15.70%,571,22.20%,42.90%,2004,6002.85,1,0,0.375,1,3,9,0,2,0,6,1,0,0,2,1,0,0,0,0,62.4
meiko,SUPPORT,TES,RA,Jwei,\,02.06.2024,v14.10,2,Blue,0:21:50,Leona,Win,9,2,0,7,0,1.6,302,13.90%,2.76,1.37,0.46,0.46,35.00%,180,7.00%,64.30%,879,8524.6,1,1,0.625,1,3,9,0,2,0,6,1,0,0,2,1,0,0,0,0,62.4
Xiaoxu,TOP,RA,TES,369,\,02.06.2024,v14.10,2,Red,0:21:50,KSante,Loss,12,1,4,0,0,7.5,304,19.90%,0.6,0.27,0.05,0.14,8.40%,123,9.30%,25.00%,-2399,14469.7,0,0,0,0,0,0,1,1,0,0,0,0,0,2,1,0,0,0,0,37.6
Xiaohao,JUNGLE,RA,TES,Tian,\,02.06.2024,v14.10,2,Red,0:21:50,Ivern,Loss,11,1,2,2,98,5.2,298,19.50%,1.84,0.64,0.23,0.41,25.70%,153,11.70%,75.00%,-1981,8304.13,0,0,1,0,0,0,1,1,0,0,0,0,0,2,1,0,0,0,0,37.6
Vicla,MID,RA,TES,Creme,\,02.06.2024,v14.10,2,Red,0:21:50,Yone,Loss,13,2,3,1,4,8.5,360,23.60%,0.88,0.27,0.18,0.18,12.20%,474,36.10%,75.00%,-548,20728.7,0,0,1,0,0,0,1,1,0,0,0,0,0,2,1,0,0,0,0,37.6
Assum,ADCARRY,RA,TES,JackeyLove,\,02.06.2024,v14.10,2,Red,0:21:50,Varus,Loss,11,0,1,1,0,7.7,348,22.80%,0.67,0.18,0.05,0.18,9.40%,299,22.80%,25.00%,-2004,8693.1,0,0,0,0,0,0,1,1,0,0,0,0,0,2,1,0,0,0,0,37.6
Jwei,SUPPORT,RA,TES,meiko,\,02.06.2024,v14.10,2,Red,0:21:50,Ashe,Loss,9,0,4,2,0,1.9,216,14.20%,3.17,1.79,0.37,0.37,44.30%,263,20.10%,50.00%,-879,10269.8,0,0,1,0,0,0,1,1,0,0,0,0,0,2,1,0,0,0,0,37.6
Cube,TOP,OMG,LNG,Zika,\,03.06.2024,v14.10,1,Blue,0:30:14,KSante,Loss,14,1,4,1,0,6.6,318,19.50%,0.98,0.53,0.17,0.17,12.80%,324,22.70%,40.00%,-122,25240.8,0,0,0,1,1,2,0,1,0,6,0,0,0,0,0,0,3,0,1,45
xiaofang,JUNGLE,OMG,LNG,WeiWei,\,03.06.2024,v14.10,1,Blue,0:30:14,Lillia,Loss,15,3,1,2,196,7.8,359,22.00%,1.37,0.3,0.17,0.43,17.90%,501,35.10%,100.00%,83,33825.5,1,0,1,1,1,2,0,1,0,6,0,0,0,0,0,0,3,0,1,45
Angel,MID,OMG,LNG,Scout,\,03.06.2024,v14.10,1,Blue,0:30:14,Tristana,Loss,15,0,3,4,0,9,348,21.30%,1.24,0.53,0.26,0.36,16.20%,216,15.20%,80.00%,201,13529.8,1,0,1,1,1,2,0,1,0,6,0,0,0,0,0,0,3,0,1,45
Starry,ADCARRY,OMG,LNG,GALA,\,03.06.2024,v14.10,1,Blue,0:30:14,Jinx,Loss,14,1,2,1,4,10,401,24.60%,1.17,0.33,0.17,0.4,15.30%,269,18.90%,40.00%,2835,12206.4,1,0,1,1,1,2,0,1,0,6,0,0,0,0,0,0,3,0,1,45
Ppgod,SUPPORT,OMG,LNG,Hang,\,03.06.2024,v14.10,1,Blue,0:30:14,Thresh,Loss,12,0,2,5,0,1.2,207,12.70%,2.9,1.65,0.56,0.3,37.90%,116,8.10%,100.00%,-1802,8622.06,1,0,1,1,1,2,0,1,0,6,0,0,0,0,0,0,3,0,1,45
Zika,TOP,LNG,OMG,Cube,\,03.06.2024,v14.10,1,Red,0:30:14,Camille,Win,16,2,1,8,13,8.3,429,21.80%,1.23,0.33,0.2,0.26,12.40%,463,23.20%,83.30%,122,25541.7,0,1,\,0,1,9,1,3,0,0,1,1,1,0,0,0,3,2,1,55
WeiWei,JUNGLE,LNG,OMG,xiaofang,\,03.06.2024,v14.10,1,Red,0:30:14,Nidalee,Win,16,2,1,9,223,8.6,420,21.30%,3.45,1.26,0.3,0.69,34.80%,485,24.30%,91.70%,-83,28267.8,0,0,\,0,1,9,1,3,0,0,1,1,1,0,0,0,3,2,1,55
Scout,MID,LNG,OMG,Angel,\,03.06.2024,v14.10,1,Red,0:30:14,Taliyah,Win,17,5,1,5,8,10.1,446,22.70%,1,0.46,0.26,0.23,10.10%,439,22.00%,83.30%,-201,8821.38,0,0,\,0,1,9,1,3,0,0,1,1,1,0,0,0,3,2,1,55
GALA,ADCARRY,LNG,OMG,Starry,\,03.06.2024,v14.10,1,Red,0:30:14,Senna,Win,13,3,0,9,0,1.3,313,15.90%,2.95,1.16,0.3,0.53,29.70%,411,20.60%,100.00%,-2835,5622.86,0,0,\,0,1,9,1,3,0,0,1,1,1,0,0,0,3,2,1,55
Hang,SUPPORT,LNG,OMG,Ppgod,\,03.06.2024,v14.10,1,Red,0:30:14,Nautilus,Win,15,0,2,8,0,7.8,361,18.30%,1.3,0.66,0.3,0.2,13.10%,197,9.90%,66.70%,1802,16719.2,0,0,\,0,1,9,1,3,0,0,1,1,1,0,0,0,3,2,1,55
Zika,TOP,LNG,OMG,Cube,\,03.06.2024,v14.10,2,Blue,0:34:11,Skarner,Win,18,2,2,13,4,7.2,387,18.80%,0.88,0.29,0.2,0.23,9.20%,515,17.90%,68.20%,-228,35593.7,0,0,0.286,0,0,9,1,3,0,3,1,1,2,1,0,0,6,4,1,52.3
WeiWei,JUNGLE,LNG,OMG,xiaofang,\,03.06.2024,v14.10,2,Blue,0:34:11,Graves,Win,17,5,2,10,218,8,429,20.90%,1.57,0.29,0.26,0.5,16.30%,575,19.90%,68.20%,-1060,27331,0,0,0.714,0,0,9,1,3,0,3,1,1,2,1,0,0,6,4,1,52.3
Scout,MID,LNG,OMG,Angel,\,03.06.2024,v14.10,2,Blue,0:34:11,LeBlanc,Win,17,8,2,12,0,7.9,496,24.20%,2.17,0.88,0.06,0.82,22.60%,962,33.40%,90.90%,1310,19173.4,1,1,1,0,0,9,1,3,0,3,1,1,2,1,0,0,6,4,1,52.3
GALA,ADCARRY,LNG,OMG,Starry,\,03.06.2024,v14.10,2,Blue,0:34:11,Jhin,Win,18,7,1,10,20,9.7,485,23.60%,1.45,0.38,0.15,0.53,15.10%,760,26.40%,77.30%,-1160,14394.7,0,0,0.429,0,0,9,1,3,0,3,1,1,2,1,0,0,6,4,1,52.3
Hang,SUPPORT,LNG,OMG,Ppgod,\,03.06.2024,v14.10,2,Blue,0:34:11,Rell,Win,13,0,8,18,0,1.2,258,12.50%,3.53,1.96,0.59,0.53,36.70%,69,2.40%,81.80%,59,18602.8,0,0,0.714,0,0,9,1,3,0,3,1,1,2,1,0,0,6,4,1,52.3
Cube,TOP,OMG,LNG,Zika,\,03.06.2024,v14.10,2,Red,0:34:11,Sion,Loss,15,1,3,6,0,6.9,338,19.30%,0.97,0.56,0.15,0.03,9.80%,333,13.70%,46.70%,228,33702.9,0,0,0.25,1,1,3,0,2,0,3,0,0,0,1,1,0,6,1,1,47.7
xiaofang,JUNGLE,OMG,LNG,WeiWei,\,03.06.2024,v14.10,2,Red,0:34:11,Karthus,Loss,16,8,8,5,215,7.7,399,22.70%,2.38,0.97,0.2,0.5,23.90%,947,39.00%,86.70%,1060,32916.2,0,0,0.875,1,1,3,0,2,0,3,0,0,0,1,1,0,6,1,1,47.7
Angel,MID,OMG,LNG,Scout,\,03.06.2024,v14.10,2,Red,0:34:11,Twisted_Fate,Loss,15,2,4,10,6,7.2,373,21.30%,1.55,0.53,0.29,0.64,15.60%,325,13.40%,80.00%,-1310,19257.8,0,0,0.75,1,1,3,0,2,0,3,0,0,0,1,1,0,6,1,1,47.7
Starry,ADCARRY,OMG,LNG,GALA,\,03.06.2024,v14.10,2,Red,0:34:11,Varus,Loss,16,4,2,9,0,9.7,421,24.00%,1.9,0.76,0.12,0.56,19.10%,650,26.70%,86.70%,1160,14037.8,0,0,0.875,1,1,3,0,2,0,3,0,0,0,1,1,0,6,1,1,47.7
Ppgod,SUPPORT,OMG,LNG,Hang,\,03.06.2024,v14.10,2,Red,0:34:11,Nautilus,Loss,12,0,5,10,0,1.2,224,12.80%,3.16,1.7,0.5,0.41,31.70%,175,7.20%,66.70%,-59,19229.2,0,0,0.5,1,1,3,0,2,0,3,0,0,0,1,1,0,6,1,1,47.7
Breathe,TOP,WBG,IG,ZUIAN,\,03.06.2024,v14.10,1,Blue,0:27:46,Skarner,Win,15,3,3,5,0,7.7,380,18.80%,1.27,0.5,0.25,0.18,15.90%,747,24.90%,42.10%,-207,23923.8,0,0,0,1,0,8,1,1,0,1,1,1,1,2,2,0,4,4,0,53.1
Tarzan,JUNGLE,WBG,IG,glfs,\,03.06.2024,v14.10,1,Blue,0:27:46,Nidalee,Win,15,3,1,14,182,7.2,414,20.50%,1.73,0.36,0.29,0.47,21.60%,599,20.00%,89.50%,37,31096.7,0,0,0.667,1,0,8,1,1,0,1,1,1,1,2,2,0,4,4,0,53.1
xiaohu,MID,WBG,IG,neny,\,03.06.2024,v14.10,1,Blue,0:27:46,Taliyah,Win,17,4,0,10,8,9.9,481,23.80%,1.09,0.29,0.22,0.18,13.70%,730,24.30%,73.70%,414,11817.9,0,0,0.667,1,0,8,1,1,0,1,1,1,1,2,2,0,4,4,0,53.1
Light,ADCARRY,WBG,IG,Ahn,\,03.06.2024,v14.10,1,Blue,0:27:46,Ezreal,Win,15,9,0,6,5,9.3,498,24.60%,0.74,0.32,0.07,0.25,9.30%,817,27.20%,78.90%,-214,14480,0,1,1,1,0,8,1,1,0,1,1,1,1,2,2,0,4,4,0,53.1
Crisp,SUPPORT,WBG,IG,Vampire,\,03.06.2024,v14.10,1,Blue,0:27:46,Rell,Win,11,0,3,15,0,0.8,247,12.20%,3.15,1.8,0.68,0.29,39.40%,110,3.70%,78.90%,-830,15333.5,0,0,0.667,1,0,8,1,1,0,1,1,1,1,2,2,0,4,4,0,53.1
ZUIAN,TOP,IG,WBG,Breathe,\,03.06.2024,v14.10,1,Red,0:27:46,RekSai,Loss,14,0,3,3,0,7.2,302,18.60%,1,0.32,0.18,0.14,13.30%,546,24.40%,42.90%,207,36006.1,0,0,0.333,0,0,1,0,2,0,2,0,0,0,2,0,0,4,0,0,46.9
glfs,JUNGLE,IG,WBG,Tarzan,\,03.06.2024,v14.10,1,Red,0:27:46,Viego,Loss,14,2,3,4,171,6.6,320,19.80%,1.15,0.25,0.25,0.14,15.30%,215,9.60%,85.70%,-37,25842.7,1,0,1,0,0,1,0,2,0,2,0,0,0,2,0,0,4,0,0,46.9
neny,MID,IG,WBG,xiaohu,\,03.06.2024,v14.10,1,Red,0:27:46,Corki,Loss,15,2,3,2,1,8.7,356,22.00%,0.73,0.25,0.18,0.11,9.70%,549,24.50%,57.10%,-414,18396,0,0,0.333,0,0,1,0,2,0,2,0,0,0,2,0,0,4,0,0,46.9
Ahn,ADCARRY,IG,WBG,Light,\,03.06.2024,v14.10,1,Red,0:27:46,Varus,Loss,14,1,4,4,0,9,398,24.60%,1.22,0.5,0.18,0.32,16.30%,783,35.00%,71.40%,214,12551.1,1,0,1,0,0,1,0,2,0,2,0,0,0,2,0,0,4,0,0,46.9
Vampire,SUPPORT,IG,WBG,Crisp,\,03.06.2024,v14.10,1,Red,0:27:46,Nautilus,Loss,10,2,6,4,0,1.3,243,15.00%,3.4,1.66,0.65,0.5,45.30%,144,6.40%,85.70%,830,18727.9,1,0,0.667,0,0,1,0,2,0,2,0,0,0,2,0,0,4,0,0,46.9
ZUIAN,TOP,IG,WBG,Breathe,\,03.06.2024,v14.10,2,Blue,0:32:07,Rumble,Win,16,3,3,9,8,6,377,17.90%,0.75,0.28,0.16,0.06,7.00%,664,28.80%,70.60%,427,16398.8,0,0,0.667,0,0,10,1,4,1,6,1,1,2,0,0,0,6,5,0,59.9
glfs,JUNGLE,IG,WBG,Tarzan,\,03.06.2024,v14.10,2,Blue,0:32:07,Graves,Win,18,3,0,12,224,9.2,465,22.10%,2.06,0.4,0.34,0.65,19.20%,548,23.80%,88.20%,211,17681.3,0,0,0.667,0,0,10,1,4,1,6,1,1,2,0,0,0,6,5,0,59.9
neny,MID,IG,WBG,xiaohu,\,03.06.2024,v14.10,2,Blue,0:32:07,Ahri,Win,17,6,1,5,4,9.4,445,21.20%,2.11,0.87,0.28,0.53,19.70%,474,20.60%,64.70%,137,17228.9,0,1,1,0,0,10,1,4,1,6,1,1,2,0,0,0,6,5,0,59.9
Ahn,ADCARRY,IG,WBG,Light,\,03.06.2024,v14.10,2,Blue,0:32:07,Draven,Win,16,5,2,11,4,8,523,24.90%,1.65,0.53,0.19,0.62,15.40%,514,22.30%,94.10%,67,8151.47,0,0,1,0,0,10,1,4,1,6,1,1,2,0,0,0,6,5,0,59.9
Vampire,SUPPORT,IG,WBG,Crisp,\,03.06.2024,v14.10,2,Blue,0:32:07,Rell,Win,13,0,5,17,0,1,292,13.90%,4.17,1.87,0.65,0.65,38.80%,103,4.50%,100.00%,-57,19163.2,0,0,1,0,0,10,1,4,1,6,1,1,2,0,0,0,6,5,0,59.9
Breathe,TOP,WBG,IG,ZUIAN,\,03.06.2024,v14.10,2,Red,0:32:07,KSante,Loss,14,3,4,2,0,6.3,324,19.20%,1.74,0.37,0.22,0.44,17.40%,261,17.60%,45.50%,-427,26222.9,0,0,0,1,0,3,0,0,0,0,0,0,0,0,0,0,6,1,0,40.1
Tarzan,JUNGLE,WBG,IG,glfs,\,03.06.2024,v14.10,2,Red,0:32:07,Ivern,Loss,14,1,2,8,137,4.8,309,18.30%,2.41,1,0.25,0.47,24.20%,215,14.50%,81.80%,-211,9885.26,1,0,1,1,0,3,0,0,0,0,0,0,0,0,0,0,6,1,0,40.1
xiaohu,MID,WBG,IG,neny,\,03.06.2024,v14.10,2,Red,0:32:07,Azir,Loss,17,1,3,6,12,9.5,411,24.30%,1.68,0.81,0.28,0.4,16.80%,506,34.10%,63.60%,-137,14523.4,0,0,0.667,1,0,3,0,0,0,0,0,0,0,0,0,0,6,1,0,40.1
Light,ADCARRY,WBG,IG,Ahn,\,03.06.2024,v14.10,2,Red,0:32:07,Kalista,Loss,14,5,3,3,12,9.2,419,24.80%,0.77,0.25,0,0.19,7.70%,367,24.70%,72.70%,-67,14859.5,1,0,1,1,0,3,0,0,0,0,0,0,0,0,0,0,6,1,0,40.1
Crisp,SUPPORT,WBG,IG,Vampire,\,03.06.2024,v14.10,2,Red,0:32:07,Nautilus,Loss,11,1,5,6,0,1.2,227,13.40%,3.39,2.06,0.72,0.34,33.90%,137,9.20%,63.60%,57,18805.4,1,0,1,1,0,3,0,0,0,0,0,0,0,0,0,0,6,1,0,40.1
Breathe,TOP,WBG,IG,ZUIAN,\,03.06.2024,v14.10,3,Blue,0:32:10,Camille,Win,18,7,2,6,29,9.8,504,26.20%,1.14,0.31,0.16,0.28,11.50%,759,33.30%,76.50%,496,28617,0,1,\,1,0,8,0,3,0,3,1,1,1,0,0,0,3,3,0,55.1
Tarzan,JUNGLE,WBG,IG,glfs,\,03.06.2024,v14.10,3,Blue,0:32:10,Sejuani,Win,16,0,2,11,181,6.7,324,16.80%,1.57,0.4,0.25,0.4,15.80%,217,9.50%,64.70%,-440,32251.9,0,0,\,1,0,8,0,3,0,3,1,1,1,0,0,0,3,3,0,55.1
xiaohu,MID,WBG,IG,neny,\,03.06.2024,v14.10,3,Blue,0:32:10,LeBlanc,Win,16,5,1,7,0,7.7,437,22.70%,1.8,0.78,0.28,0.47,18.10%,736,32.30%,70.60%,671,14501.3,0,0,\,1,0,8,0,3,0,3,1,1,1,0,0,0,3,3,0,55.1
Light,ADCARRY,WBG,IG,Ahn,\,03.06.2024,v14.10,3,Blue,0:32:10,Ashe,Win,16,5,0,7,12,8.8,423,21.90%,1.19,0.34,0.19,0.28,12.00%,438,19.20%,70.60%,-257,10282.1,0,0,\,1,0,8,0,3,0,3,1,1,1,0,0,0,3,3,0,55.1
Crisp,SUPPORT,WBG,IG,Vampire,\,03.06.2024,v14.10,3,Blue,0:32:10,Rakan,Win,13,0,0,13,0,1.3,239,12.40%,4.24,2.58,0.53,0.62,42.70%,131,5.70%,76.50%,-345,10613,0,0,\,1,0,8,0,3,0,3,1,1,1,0,0,0,3,3,0,55.1
ZUIAN,TOP,IG,WBG,Breathe,\,03.06.2024,v14.10,3,Red,0:32:10,KSante,Loss,15,0,3,1,0,7,301,19.10%,1.87,0.59,0.22,0.44,20.10%,196,11.00%,20.00%,-496,28264.5,0,0,0,0,0,1,1,2,0,1,0,0,0,0,0,0,3,0,0,44.9
glfs,JUNGLE,IG,WBG,Tarzan,\,03.06.2024,v14.10,3,Red,0:32:10,Nidalee,Loss,14,1,4,3,166,6,293,18.70%,1.34,0.28,0.25,0.5,14.40%,282,15.90%,80.00%,440,29341.5,1,0,1,0,0,1,1,2,0,1,0,0,0,0,0,0,3,0,0,44.9
neny,MID,IG,WBG,xiaohu,\,03.06.2024,v14.10,3,Red,0:32:10,Aurelion_Sol,Loss,16,2,1,2,0,9,384,24.40%,0.67,0.37,0.16,0.16,7.20%,753,42.50%,80.00%,-671,13633,0,0,0,0,0,1,1,2,0,1,0,0,0,0,0,0,3,0,0,44.9
Ahn,ADCARRY,IG,WBG,Light,\,03.06.2024,v14.10,3,Red,0:32:10,Samira,Loss,15,0,3,2,15,9,362,23.00%,0.74,0.31,0.09,0.25,8.00%,408,23.00%,40.00%,257,16682.8,0,0,0,0,0,1,1,2,0,1,0,0,0,0,0,0,3,0,0,44.9
Vampire,SUPPORT,IG,WBG,Crisp,\,03.06.2024,v14.10,3,Red,0:32:10,Pyke,Loss,11,2,6,1,0,1.4,231,14.70%,4.68,2.77,0.62,0.93,50.40%,135,7.60%,60.00%,345,14251.9,1,0,1,0,0,1,1,2,0,1,0,0,0,0,0,0,3,0,0,44.9
Ale,TOP,AL,UP,Qingtian,\,04.06.2024,v14.10,1,Blue,0:23:49,Rumble,Win,15,5,0,3,8,8.5,470,22.50%,0.89,0.34,0.08,0.04,10.20%,866,36.10%,57.10%,3161,10602.1,0,1,0.571,1,1,8,0,1,0,4,1,1,1,0,0,0,2,2,0,53.7
Croco,JUNGLE,AL,UP,H4cker,\,04.06.2024,v14.10,1,Blue,0:23:49,Viego,Win,14,3,2,4,161,7.7,396,19.00%,1.55,0.25,0.21,0.46,17.80%,296,12.30%,50.00%,470,22874.8,0,0,0.571,1,1,8,0,1,0,4,1,1,1,0,0,0,2,2,0,53.7
Shanks,MID,AL,UP,Yuekai,\,04.06.2024,v14.10,1,Blue,0:23:49,Corki,Win,15,2,0,6,5,10.9,464,22.20%,1.47,0.46,0.13,0.5,16.90%,451,18.80%,57.10%,359,11953,0,0,0.143,1,1,8,0,1,0,4,1,1,1,0,0,0,2,2,0,53.7
Hope,ADCARRY,AL,UP,Doggo,\,04.06.2024,v14.10,1,Blue,0:23:49,Varus,Win,14,3,0,3,0,10.3,488,23.30%,2.3,1.09,0.17,0.5,26.50%,610,25.40%,42.90%,614,4460.24,0,0,0.143,1,1,8,0,1,0,4,1,1,1,0,0,0,2,2,0,53.7
Kael,SUPPORT,AL,UP,Niket,\,04.06.2024,v14.10,1,Blue,0:23:49,Leona,Win,10,1,2,7,0,1,273,13.00%,2.49,1.47,0.5,0.17,28.60%,176,7.30%,57.10%,104,12382.1,0,0,0.571,1,1,8,0,1,0,4,1,1,1,0,0,0,2,2,0,53.7
Qingtian,TOP,UP,AL,Ale,\,04.06.2024,v14.10,1,Red,0:23:49,Darius,Loss,11,0,6,0,4,5.5,275,17.40%,0.61,0.21,0,0.17,8.10%,218,14.80%,0.00%,-3161,21024.4,0,0,0,0,0,2,1,2,0,0,0,0,0,0,0,0,2,0,0,46.3
H4cker,JUNGLE,UP,AL,Croco,\,04.06.2024,v14.10,1,Red,0:23:49,Xin_Zhao,Loss,12,1,4,3,140,7.1,325,20.60%,0.99,0.21,0.17,0.21,13.10%,254,17.20%,100.00%,-470,26935.8,1,0,1,0,0,2,1,2,0,0,0,0,0,0,0,0,2,0,0,46.3
Yuekai,MID,UP,AL,Shanks,\,04.06.2024,v14.10,1,Red,0:23:49,Hwei,Loss,14,1,3,2,0,9.2,374,23.70%,0.96,0.59,0.25,0.08,12.80%,536,36.40%,75.00%,-359,10309.3,1,0,0.5,0,0,2,1,2,0,0,0,0,0,0,0,0,2,0,0,46.3
Doggo,ADCARRY,UP,AL,Hope,\,04.06.2024,v14.10,1,Red,0:23:49,Kalista,Loss,12,1,1,3,6,9.4,374,23.70%,1.85,0.97,0.25,0.5,24.60%,342,23.20%,100.00%,-614,10540.3,1,0,1,0,0,2,1,2,0,0,0,0,0,0,0,0,2,0,0,46.3
Niket,SUPPORT,UP,AL,Kael,\,04.06.2024,v14.10,1,Red,0:23:49,Nautilus,Loss,10,1,0,3,0,1.9,230,14.60%,3.12,1.6,0.42,0.67,41.40%,122,8.30%,100.00%,-104,7510.67,1,0,1,0,0,2,1,2,0,0,0,0,0,0,0,0,2,0,0,46.3
Qingtian,TOP,UP,AL,Ale,\,04.06.2024,v14.10,2,Blue,0:32:09,Gragas,Loss,16,1,3,7,4,7.4,334,19.10%,1.15,0.34,0.12,0.28,12.80%,399,22.90%,72.70%,593,26528.4,0,0,0.667,1,1,4,0,1,0,6,1,0,0,3,1,0,2,1,0,42
H4cker,JUNGLE,UP,AL,Croco,\,04.06.2024,v14.10,2,Blue,0:32:09,Maokai,Loss,14,2,3,8,146,5.3,313,17.80%,1.44,0.31,0.28,0.34,16.00%,200,11.50%,90.90%,-654,29715.2,0,0,0.833,1,1,4,0,1,0,6,1,0,0,3,1,0,2,1,0,42
Yuekai,MID,UP,AL,Shanks,\,04.06.2024,v14.10,2,Blue,0:32:09,Tristana,Loss,16,4,4,5,36,8.6,454,25.90%,1.06,0.44,0.12,0.31,11.80%,513,29.40%,81.80%,337,19017.1,0,0,0.667,1,1,4,0,1,0,6,1,0,0,3,1,0,2,1,0,42
Doggo,ADCARRY,UP,AL,Hope,\,04.06.2024,v14.10,2,Blue,0:32:09,Varus,Loss,16,4,2,4,2,9.8,434,24.70%,1.74,0.84,0.19,0.53,19.40%,536,30.80%,72.70%,-300,14855.1,0,0,0.667,1,1,4,0,1,0,6,1,0,0,3,1,0,2,1,0,42
Niket,SUPPORT,UP,AL,Kael,\,04.06.2024,v14.10,2,Blue,0:32:09,Rell,Loss,12,0,4,8,0,1.1,220,12.50%,3.6,2.12,0.53,0.5,40.10%,95,5.50%,72.70%,-573,16401.4,0,0,0.667,1,1,4,0,1,0,6,1,0,0,3,1,0,2,1,0,42
Ale,TOP,AL,UP,Qingtian,\,04.06.2024,v14.10,2,Red,0:32:09,Jax,Win,17,1,3,2,1,8.1,391,19.30%,1.02,0.56,0.22,0.16,9.60%,372,14.80%,18.80%,-593,26306.3,0,0,0,0,1,9,1,3,0,0,0,1,2,3,2,0,2,1,0,58
Croco,JUNGLE,AL,UP,H4cker,\,04.06.2024,v14.10,2,Red,0:32:09,Karthus,Win,17,5,2,4,250,8.2,408,20.20%,1.84,0.53,0.22,0.25,17.40%,676,26.80%,56.30%,654,24101.3,0,0,0.444,0,1,9,1,3,0,0,0,1,2,3,2,0,2,1,0,58
Shanks,MID,AL,UP,Yuekai,\,04.06.2024,v14.10,2,Red,0:32:09,Jayce,Win,18,4,2,6,1,9.1,440,21.70%,1.16,0.16,0.06,0.53,10.90%,848,33.70%,62.50%,-337,17375.4,1,1,0.444,0,1,9,1,3,0,0,0,1,2,3,2,0,2,1,0,58
Hope,ADCARRY,AL,UP,Doggo,\,04.06.2024,v14.10,2,Red,0:32:09,Kaisa,Win,17,4,1,6,8,10,497,24.60%,2.82,1.21,0.12,0.65,26.70%,501,19.90%,62.50%,300,10247.9,0,0,0.556,0,1,9,1,3,0,0,0,1,2,3,2,0,2,1,0,58
Kael,SUPPORT,AL,UP,Niket,\,04.06.2024,v14.10,2,Red,0:32:09,Nautilus,Win,13,2,3,6,0,1.2,287,14.20%,3.76,1.93,0.68,0.53,35.50%,123,4.90%,50.00%,573,14122.7,0,0,0.444,0,1,9,1,3,0,0,0,1,2,3,2,0,2,1,0,58
Hoya,TOP,TT,FPX,Xiaolaohu,\,04.06.2024,v14.10,1,Blue,0:37:06,Skarner,Win,17,0,1,12,4,6.3,335,17.20%,1.19,0.49,0.35,0.16,13.00%,490,18.30%,80.00%,899,23922.7,0,0,0,1,1,10,0,4,0,3,0,1,2,1,0,1,4,4,0,62.1
Beichuan,JUNGLE,TT,FPX,milkyway,\,04.06.2024,v14.10,1,Blue,0:37:06,Viego,Win,18,1,0,11,295,8.7,389,20.00%,1.85,0.32,0.27,0.46,20.10%,278,10.40%,80.00%,377,39163.8,0,0,1,1,1,10,0,4,0,3,0,1,2,1,0,1,4,4,0,62.1
Ucal,MID,TT,FPX,Care,\,04.06.2024,v14.10,1,Blue,0:37:06,LeBlanc,Win,18,8,2,6,6,9.5,505,26.00%,1.85,0.73,0.05,0.59,20.10%,802,30.00%,93.30%,-8,22408.6,0,1,1,1,1,10,0,4,0,3,0,1,2,1,0,1,4,4,0,62.1
1xn,ADCARRY,TT,FPX,deokdam,\,04.06.2024,v14.10,1,Blue,0:37:06,Ezreal,Win,18,5,0,5,5,10.4,468,24.10%,1.05,0.38,0.13,0.54,11.50%,851,31.90%,66.70%,-419,15663.3,0,0,0,1,1,10,0,4,0,3,0,1,2,1,0,1,4,4,0,62.1
Qiuqiu,SUPPORT,TT,FPX,Life,\,04.06.2024,v14.10,1,Blue,0:37:06,Leona,Win,13,1,6,12,0,1.4,246,12.70%,3.25,1.86,0.51,0.4,35.40%,250,9.40%,86.70%,-303,20781.5,0,0,1,1,1,10,0,4,0,3,0,1,2,1,0,1,4,4,0,62.1
Xiaolaohu,TOP,FPX,TT,Hoya,\,04.06.2024,v14.10,1,Red,0:37:06,KSante,Loss,16,2,4,4,0,7.5,333,20.20%,1.35,0.35,0.24,0.32,14.30%,272,12.60%,66.70%,-899,33548.3,0,0,0,0,0,2,1,2,0,3,1,0,0,1,0,1,4,0,0,37.9
milkyway,JUNGLE,FPX,TT,Beichuan,\,04.06.2024,v14.10,1,Red,0:37:06,Nidalee,Loss,15,5,3,4,189,5.9,348,21.20%,1.63,0.24,0.27,0.7,17.40%,484,22.30%,100.00%,-377,35437.1,1,0,1,0,0,2,1,2,0,3,1,0,0,1,0,1,4,0,0,37.9
Care,MID,FPX,TT,Ucal,\,04.06.2024,v14.10,1,Red,0:37:06,Hwei,Loss,18,0,4,9,0,9.1,356,21.70%,1.13,0.65,0.32,0.3,12.00%,654,30.20%,100.00%,8,23502.4,1,0,1,0,0,2,1,2,0,3,1,0,0,1,0,1,4,0,0,37.9
deokdam,ADCARRY,FPX,TT,1xn,\,04.06.2024,v14.10,1,Red,0:37:06,Varus,Loss,16,2,2,4,0,9.1,398,24.20%,1.92,0.94,0.27,0.4,20.40%,598,27.60%,66.70%,419,16283.3,0,0,0.5,0,0,2,1,2,0,3,1,0,0,1,0,1,4,0,0,37.9
Life,SUPPORT,FPX,TT,Qiuqiu,\,04.06.2024,v14.10,1,Red,0:37:06,Braum,Loss,13,0,2,7,0,1,211,12.80%,3.37,1.89,0.57,0.35,35.90%,161,7.40%,77.80%,303,21083.5,1,0,1,0,0,2,1,2,0,3,1,0,0,1,0,1,4,0,0,37.9
Xiaolaohu,TOP,FPX,TT,Hoya,\,04.06.2024,v14.10,2,Blue,0:35:24,Skarner,Win,18,6,1,17,9,6.9,406,18.80%,1.31,0.45,0.31,0.25,12.80%,893,23.50%,67.60%,577,32711,0,0,0.5,1,1,10,0,4,0,4,1,1,1,3,0,1,6,5,1,53.3
milkyway,JUNGLE,FPX,TT,Beichuan,\,04.06.2024,v14.10,2,Blue,0:35:24,Lillia,Win,18,5,7,17,211,7.5,443,20.50%,0.89,0.23,0.25,0.17,8.70%,689,18.10%,64.70%,-516,50202.1,1,0,0.625,1,1,10,0,4,0,4,1,1,1,3,0,1,6,5,1,53.3
Care,MID,FPX,TT,Ucal,\,04.06.2024,v14.10,2,Blue,0:35:24,Corki,Win,18,13,2,11,16,9.8,576,26.70%,2.99,1.24,0.14,0.65,29.40%,1026,26.90%,70.60%,1516,19030.3,0,0,0.625,1,1,10,0,4,0,4,1,1,1,3,0,1,6,5,1,53.3
deokdam,ADCARRY,FPX,TT,1xn,\,04.06.2024,v14.10,2,Blue,0:35:24,Jhin,Win,17,9,4,14,16,7.9,467,21.60%,1.02,0.56,0.23,0.25,10.00%,907,23.80%,67.60%,-1232,19653.4,1,0,0.625,1,1,10,0,4,0,4,1,1,1,3,0,1,6,5,1,53.3
Life,SUPPORT,FPX,TT,Qiuqiu,\,04.06.2024,v14.10,2,Blue,0:35:24,Blitzcrank,Win,14,1,6,26,0,0.9,267,12.40%,3.98,2.18,0.73,0.4,39.00%,291,7.60%,79.40%,-284,21897.8,1,1,0.875,1,1,10,0,4,0,4,1,1,1,3,0,1,6,5,1,53.3
Hoya,TOP,TT,FPX,Xiaolaohu,\,04.06.2024,v14.10,2,Red,0:35:24,Renekton,Loss,17,0,7,6,4,6.9,332,17.70%,1.33,0.34,0.25,0.4,16.30%,440,15.30%,30.00%,-577,51064.3,0,0,0,0,0,2,1,2,0,2,0,0,0,3,2,1,6,0,1,46.7
Beichuan,JUNGLE,TT,FPX,milkyway,\,04.06.2024,v14.10,2,Red,0:35:24,Karthus,Loss,17,9,9,9,199,6.9,435,23.20%,0.96,0.17,0.14,0.31,11.70%,1218,42.40%,90.00%,516,38005.7,0,0,1,0,0,2,1,2,0,2,0,0,0,3,2,1,6,0,1,46.7
Ucal,MID,TT,FPX,Care,\,04.06.2024,v14.10,2,Red,0:35:24,Tristana,Loss,18,3,3,5,9,9,397,21.20%,1.04,0.23,0.06,0.59,12.80%,465,16.20%,40.00%,-1516,23806.2,0,0,0.25,0,0,2,1,2,0,2,0,0,0,3,2,1,6,0,1,46.7
1xn,ADCARRY,TT,FPX,deokdam,\,04.06.2024,v14.10,2,Red,0:35:24,Aphelios,Loss,17,7,5,6,9,9.2,472,25.20%,1.37,0.45,0.17,0.48,16.70%,642,22.40%,65.00%,1232,21518.3,0,0,0.875,0,0,2,1,2,0,2,0,0,0,3,2,1,6,0,1,46.7
Qiuqiu,SUPPORT,TT,FPX,Life,\,04.06.2024,v14.10,2,Red,0:35:24,Rell,Loss,13,1,10,12,0,1.1,239,12.80%,3.48,1.95,0.54,0.4,42.50%,106,3.70%,65.00%,284,27238,0,0,0.875,0,0,2,1,2,0,2,0,0,0,3,2,1,6,0,1,46.7
Hoya,TOP,TT,FPX,Xiaolaohu,\,04.06.2024,v14.10,3,Blue,0:33:38,Jax,Loss,16,2,6,3,0,6.7,379,20.40%,1.23,0.65,0.33,0.27,15.10%,290,19.40%,45.50%,-357,28428.7,0,0,0.4,1,1,5,1,3,0,6,0,0,0,0,0,0,5,2,0,60.8
Beichuan,JUNGLE,TT,FPX,milkyway,\,04.06.2024,v14.10,3,Blue,0:33:38,Graves,Loss,17,5,3,1,279,9.5,443,23.90%,1.44,0.24,0.18,0.59,17.70%,430,28.90%,54.50%,1136,22825.4,1,0,0.8,1,1,5,1,3,0,6,0,0,0,0,0,0,5,2,0,60.8
Ucal,MID,TT,FPX,Care,\,04.06.2024,v14.10,3,Blue,0:33:38,Taliyah,Loss,17,0,4,9,2,8.7,392,21.20%,0.79,0.27,0.12,0.18,9.70%,279,18.70%,81.80%,-1390,12331.1,1,0,0.8,1,1,5,1,3,0,6,0,0,0,0,0,0,5,2,0,60.8
1xn,ADCARRY,TT,FPX,deokdam,\,04.06.2024,v14.10,3,Blue,0:33:38,Varus,Loss,16,3,3,4,4,8.8,414,22.30%,1.86,1.01,0.12,0.77,22.90%,380,25.50%,63.60%,-776,11302.3,1,0,0.6,1,1,5,1,3,0,6,0,0,0,0,0,0,5,2,0,60.8
Qiuqiu,SUPPORT,TT,FPX,Life,\,04.06.2024,v14.10,3,Blue,0:33:38,Nautilus,Loss,13,1,6,5,0,1.4,227,12.20%,2.82,1.9,0.62,0.42,34.60%,113,7.60%,54.50%,-271,17843.2,1,0,0.4,1,1,5,1,3,0,6,0,0,0,0,0,0,5,2,0,60.8
Xiaolaohu,TOP,FPX,TT,Hoya,\,04.06.2024,v14.10,3,Red,0:33:38,Kennen,Win,18,2,2,9,8,8.9,472,22.70%,0.95,0.39,0.21,0.21,8.50%,549,25.50%,50.00%,357,14418.4,0,0,0.5,0,0,9,0,2,0,0,1,1,2,0,0,0,5,3,0,39.2
milkyway,JUNGLE,FPX,TT,Beichuan,\,04.06.2024,v14.10,3,Red,0:33:38,Lee_Sin,Win,15,4,4,10,158,5.4,377,18.10%,1.1,0.42,0.33,0.24,9.80%,319,14.80%,63.60%,-1136,23557.2,0,0,0.75,0,0,9,0,2,0,0,1,1,2,0,0,0,5,3,0,39.2
Care,MID,FPX,TT,Ucal,\,04.06.2024,v14.10,3,Red,0:33:38,Tristana,Win,18,8,2,8,10,9.7,499,24.00%,1.61,0.39,0.33,0.45,14.40%,685,31.80%,72.70%,1390,18798.3,0,0,0.625,0,0,9,0,2,0,0,1,1,2,0,0,0,5,3,0,39.2
deokdam,ADCARRY,FPX,TT,1xn,\,04.06.2024,v14.10,3,Red,0:33:38,Ashe,Win,17,3,1,15,8,8.6,437,21.00%,1.66,0.62,0.33,0.36,14.90%,389,18.10%,81.80%,776,11245.6,0,1,0.875,0,0,9,0,2,0,0,1,1,2,0,0,0,5,3,0,39.2
Life,SUPPORT,FPX,TT,Qiuqiu,\,04.06.2024,v14.10,3,Red,0:33:38,Pyke,Win,14,5,2,7,0,1.7,293,14.10%,5.86,3.3,0.51,1.13,52.40%,210,9.80%,54.50%,271,8953.34,0,0,0.5,0,0,9,0,2,0,0,1,1,2,0,0,0,5,3,0,39.2
Burdol,TOP,LGD,WE,Wayward,\,05.06.2024,v14.10,1,Blue,0:27:41,Skarner,Loss,14,1,3,1,4,6.5,310,19.70%,1.15,0.4,0.29,0.22,16.00%,391,21.10%,66.70%,-614,19853.3,1,0,0.667,0,0,1,0,0,0,2,0,0,0,4,2,0,3,0,0,56.7
Meteor,JUNGLE,LGD,WE,Heng,\,05.06.2024,v14.10,1,Blue,0:27:41,Taliyah,Loss,14,0,5,3,212,8.5,349,22.10%,1.72,0.4,0.29,0.51,23.90%,410,22.10%,100.00%,828,22700.9,1,0,1,0,0,1,0,0,0,2,0,0,0,4,2,0,3,0,0,56.7
Haichao,MID,LGD,WE,FoFo,\,05.06.2024,v14.10,1,Blue,0:27:41,Yone,Loss,14,1,4,0,0,8.3,326,20.70%,1.04,0.25,0.22,0.33,14.30%,325,17.60%,33.30%,-549,21954.8,0,0,0.333,0,0,1,0,0,0,2,0,0,0,4,2,0,3,0,0,56.7
Kepler,ADCARRY,LGD,WE,LP,\,05.06.2024,v14.10,1,Blue,0:27:41,Varus,Loss,13,0,1,3,0,8.6,378,24.00%,0.67,0.33,0.04,0.25,9.30%,606,32.70%,100.00%,-150,6613.61,1,0,1,0,0,1,0,0,0,2,0,0,0,4,2,0,3,0,0,56.7
jinjiao,SUPPORT,LGD,WE,Mark,\,05.06.2024,v14.10,1,Blue,0:27:41,Nautilus,Loss,9,1,5,2,0,1.2,215,13.60%,2.64,1.26,0.47,0.33,36.50%,121,6.50%,100.00%,320,13416.4,1,0,1,0,0,1,0,0,0,2,0,0,0,4,2,0,3,0,0,56.7
Wayward,TOP,WE,LGD,Burdol,\,05.06.2024,v14.10,1,Red,0:27:41,Mordekaiser,Win,16,2,0,6,4,8.7,402,20.70%,1.11,0.47,0.22,0.11,12.60%,506,20.80%,44.40%,614,18672.6,0,0,0.6,1,0,7,1,4,0,4,1,1,1,4,2,0,3,3,0,43.3
Heng,JUNGLE,WE,LGD,Meteor,\,05.06.2024,v14.10,1,Red,0:27:41,Maokai,Win,14,3,1,11,144,5.6,351,18.10%,1.26,0.36,0.36,0.25,14.40%,339,13.90%,77.80%,-828,29398,0,0,0.8,1,0,7,1,4,0,4,1,1,1,4,2,0,3,3,0,43.3
FoFo,MID,WE,LGD,Haichao,\,05.06.2024,v14.10,1,Red,0:27:41,Corki,Win,16,10,0,5,13,9.7,497,25.60%,1.94,0.72,0.11,0.36,22.20%,906,37.20%,83.30%,549,9161.55,0,1,0.8,1,0,7,1,4,0,4,1,1,1,4,2,0,3,3,0,43.3
LP,ADCARRY,WE,LGD,Kepler,\,05.06.2024,v14.10,1,Red,0:27:41,Draven,Win,14,3,1,9,4,8.3,440,22.70%,0.93,0.36,0.14,0.33,10.60%,515,21.10%,66.70%,150,10794.8,0,0,0.4,1,0,7,1,4,0,4,1,1,1,4,2,0,3,3,0,43.3
Mark,SUPPORT,WE,LGD,jinjiao,\,05.06.2024,v14.10,1,Red,0:27:41,Leona,Win,12,0,1,11,0,1.3,250,12.90%,3.52,1.48,0.4,0.51,40.20%,170,7.00%,61.10%,-320,11730.3,0,0,0.4,1,0,7,1,4,0,4,1,1,1,4,2,0,3,3,0,43.3
Wayward,TOP,WE,LGD,Burdol,\,05.06.2024,v14.10,2,Blue,0:31:06,Rumble,Win,16,4,1,4,12,7.7,400,21.60%,1.4,0.51,0.19,0.06,15.00%,610,30.60%,72.70%,1327,16214.3,0,0,0.8,1,1,7,0,2,0,3,1,1,1,0,0,0,3,2,1,43.8
Heng,JUNGLE,WE,LGD,Meteor,\,05.06.2024,v14.10,2,Blue,0:31:06,Xin_Zhao,Win,14,3,0,4,171,6.4,352,19.00%,1.79,0.39,0.32,0.61,19.20%,171,8.60%,63.60%,-528,29567.7,0,0,0.8,1,1,7,0,2,0,3,1,1,1,0,0,0,3,2,1,43.8
FoFo,MID,WE,LGD,Haichao,\,05.06.2024,v14.10,2,Blue,0:31:06,Azir,Win,17,1,0,7,4,9.7,415,22.40%,1.41,0.51,0.19,0.48,15.10%,502,25.20%,72.70%,-31,12771.1,0,0,1,1,1,7,0,2,0,3,1,1,1,0,0,0,3,2,1,43.8
LP,ADCARRY,WE,LGD,Kepler,\,05.06.2024,v14.10,2,Blue,0:31:06,Lucian,Win,15,3,1,6,4,8.8,433,23.40%,1.42,0.61,0.26,0.61,15.20%,598,30.00%,81.80%,526,12912.6,0,1,0.8,1,1,7,0,2,0,3,1,1,1,0,0,0,3,2,1,43.8
Mark,SUPPORT,WE,LGD,jinjiao,\,05.06.2024,v14.10,2,Blue,0:31:06,Nami,Win,13,0,1,11,0,1.4,249,13.50%,3.32,1.67,0.48,0.68,35.50%,114,5.70%,100.00%,274,7102.06,0,0,1,1,1,7,0,2,0,3,1,1,1,0,0,0,3,2,1,43.8
Burdol,TOP,LGD,WE,Wayward,\,05.06.2024,v14.10,2,Red,0:31:06,KSante,Loss,15,0,2,1,0,6,276,17.30%,1.36,0.39,0.26,0.23,13.80%,108,6.60%,33.30%,-1327,24750,0,0,0.333,0,0,2,1,2,0,3,0,0,0,0,0,0,3,0,1,56.2
Meteor,JUNGLE,LGD,WE,Heng,\,05.06.2024,v14.10,2,Red,0:31:06,Karthus,Loss,16,2,3,1,245,8.8,358,22.50%,1.22,0.23,0.19,0.32,12.40%,565,34.80%,100.00%,528,27625.9,1,0,1,0,0,2,1,2,0,3,0,0,0,0,0,0,3,0,1,56.2
Haichao,MID,LGD,WE,FoFo,\,05.06.2024,v14.10,2,Red,0:31:06,Jayce,Loss,16,1,0,1,0,9.5,377,23.70%,1.3,0.55,0.19,0.45,13.20%,572,35.20%,66.70%,31,9455.89,0,0,0.667,0,0,2,1,2,0,3,0,0,0,0,0,0,3,0,1,56.2
Kepler,ADCARRY,LGD,WE,LP,\,05.06.2024,v14.10,2,Red,0:31:06,Kalista,Loss,14,0,2,3,0,9.4,378,23.70%,1.68,0.45,0.16,0.55,17.00%,225,13.90%,100.00%,-526,11799.8,1,0,1,0,0,2,1,2,0,3,0,0,0,0,0,0,3,0,1,56.2
jinjiao,SUPPORT,LGD,WE,Mark,\,05.06.2024,v14.10,2,Red,0:31:06,Camille,Loss,9,0,4,1,0,1,204,12.80%,4.31,2.67,0.51,0.45,43.70%,154,9.50%,33.30%,-274,15069.4,1,0,0.333,0,0,2,1,2,0,3,0,0,0,0,0,0,3,0,1,56.2
Solokill,TOP,EDG,JDG,Flandre,\,05.06.2024,v14.10,1,Blue,0:41:25,Skarner,Loss,18,1,4,5,4,5.9,325,17.60%,1.25,0.53,0.27,0.19,14.00%,350,17.00%,50.00%,-316,29672.6,1,0,1,1,1,7,0,4,0,6,1,1,2,0,0,0,7,2,1,51.5
Jiejie,JUNGLE,EDG,JDG,Kanavi,\,05.06.2024,v14.10,1,Blue,0:41:25,Lee_Sin,Loss,18,2,3,6,256,6.8,356,19.40%,1.68,0.41,0.29,0.43,18.80%,298,14.50%,66.70%,381,45831,1,0,1,1,1,7,0,4,0,6,1,1,2,0,0,0,7,2,1,51.5
Cryin,MID,EDG,JDG,Yagao,\,05.06.2024,v14.10,1,Blue,0:41:25,Annie,Loss,18,2,4,8,6,6.8,381,20.70%,0.91,0.29,0.22,0.17,10.20%,626,30.40%,83.30%,-1360,18649.6,0,0,0.5,1,1,7,0,4,0,6,1,1,2,0,0,0,7,2,1,51.5
Leave,ADCARRY,EDG,JDG,Ruler,\,05.06.2024,v14.10,1,Blue,0:41:25,Kaisa,Loss,18,6,1,3,24,10.7,529,28.70%,0.98,0.29,0.07,0.36,10.90%,652,31.70%,75.00%,496,15243,0,0,0.5,1,1,7,0,4,0,6,1,1,2,0,0,0,7,2,1,51.5
Wink,SUPPORT,EDG,JDG,Missing,\,05.06.2024,v14.10,1,Blue,0:41:25,Rell,Loss,14,1,3,7,0,1.2,250,13.60%,4.13,2.03,0.72,0.63,46.10%,130,6.30%,66.70%,421,18729.2,0,0,0.5,1,1,7,0,4,0,6,1,1,2,0,0,0,7,2,1,51.5
Flandre,TOP,JDG,EDG,Solokill,\,05.06.2024,v14.10,1,Red,0:41:25,Rumble,Win,18,2,4,7,25,6.8,347,18.40%,0.9,0.39,0.27,0.02,9.60%,535,23.60%,60.00%,316,25488.4,0,0,0,0,1,10,1,2,1,0,0,0,1,0,0,0,7,4,1,48.5
Kanavi,JUNGLE,JDG,EDG,Jiejie,\,05.06.2024,v14.10,1,Red,0:41:25,Vi,Win,17,1,4,6,230,6.4,327,17.30%,1.85,0.36,0.34,0.48,19.70%,237,10.40%,46.70%,-381,35501.7,0,0,1,0,1,10,1,2,1,0,0,0,1,0,0,0,7,4,1,48.5
Yagao,MID,JDG,EDG,Cryin,\,05.06.2024,v14.10,1,Red,0:41:25,LeBlanc,Win,18,5,0,6,0,7.9,477,25.30%,1.59,0.53,0.07,0.39,17.00%,669,29.50%,73.30%,1360,19975,0,1,1,0,1,10,1,2,1,0,0,0,1,0,0,0,7,4,1,48.5
Ruler,ADCARRY,JDG,EDG,Leave,\,05.06.2024,v14.10,1,Red,0:41:25,Varus,Win,18,6,1,7,18,10.6,496,26.30%,1.46,0.41,0.22,0.48,15.60%,717,31.60%,86.70%,-496,10682.7,0,0,0,0,1,10,1,2,1,0,0,0,1,0,0,0,7,4,1,48.5
Missing,SUPPORT,JDG,EDG,Wink,\,05.06.2024,v14.10,1,Red,0:41:25,Alistar,Win,15,1,3,10,0,0.9,240,12.70%,3.58,2.37,0.56,0.29,38.20%,111,4.90%,73.30%,-421,26257.6,0,0,0.5,0,1,10,1,2,1,0,0,0,1,0,0,0,7,4,1,48.5
Flandre,TOP,JDG,EDG,Solokill,\,05.06.2024,v14.10,2,Blue,0:29:03,Skarner,Win,16,5,1,13,12,6.5,383,19.50%,0.94,0.24,0.24,0.2,10.40%,458,15.40%,78.30%,495,22179.8,0,0,1,1,1,8,1,3,0,2,1,1,1,0,0,0,6,5,1,59.8
Kanavi,JUNGLE,JDG,EDG,Jiejie,\,05.06.2024,v14.10,2,Blue,0:29:03,Lee_Sin,Win,16,8,1,12,200,7.2,432,22.00%,1.22,0.51,0.24,0.2,13.60%,634,21.40%,87.00%,532,33304.7,0,1,1,1,1,8,1,3,0,2,1,1,1,0,0,0,6,5,1,59.8
Yagao,MID,JDG,EDG,Cryin,\,05.06.2024,v14.10,2,Blue,0:29:03,Taliyah,Win,16,4,1,11,16,7.3,378,19.30%,1.25,0.34,0.07,0.24,13.90%,723,24.30%,65.20%,-173,13950.5,0,0,0.5,1,1,8,1,3,0,2,1,1,1,0,0,0,6,5,1,59.8
Ruler,ADCARRY,JDG,EDG,Leave,\,05.06.2024,v14.10,2,Blue,0:29:03,Sivir,Win,16,5,0,16,16,11,502,25.60%,1.53,0.51,0.2,0.61,16.90%,737,24.80%,91.30%,239,16466.2,0,0,0.5,1,1,8,1,3,0,2,1,1,1,0,0,0,6,5,1,59.8
Missing,SUPPORT,JDG,EDG,Wink,\,05.06.2024,v14.10,2,Blue,0:29:03,Ashe,Win,12,1,1,14,0,1,267,13.60%,4.08,2.59,0.54,0.31,45.20%,418,14.10%,65.20%,363,13386.3,0,0,0.5,1,1,8,1,3,0,2,1,1,1,0,0,0,6,5,1,59.8
Solokill,TOP,EDG,JDG,Flandre,\,05.06.2024,v14.10,2,Red,0:29:03,KSante,Loss,13,0,6,2,0,5.4,265,17.90%,1.17,0.54,0.2,0.07,14.70%,182,8.10%,50.00%,-495,28419.7,1,0,1,0,0,1,0,1,0,4,0,0,0,0,0,0,6,0,1,40.2
Jiejie,JUNGLE,EDG,JDG,Kanavi,\,05.06.2024,v14.10,2,Red,0:29:03,Nidalee,Loss,13,0,3,2,160,7.2,324,21.90%,2.15,0.24,0.17,0.99,27.10%,517,23.10%,50.00%,-532,29951.2,0,0,0,0,0,1,0,1,0,4,0,0,0,0,0,0,6,0,1,40.2
Cryin,MID,EDG,JDG,Yagao,\,05.06.2024,v14.10,2,Red,0:29:03,Hwei,Loss,14,1,3,2,4,7.8,312,21.10%,1,0.48,0.2,0.24,12.50%,788,35.20%,75.00%,173,13111.4,1,0,1,0,0,1,0,1,0,4,0,0,0,0,0,0,6,0,1,40.2
Leave,ADCARRY,EDG,JDG,Ruler,\,05.06.2024,v14.10,2,Red,0:29:03,Varus,Loss,13,2,5,1,0,8.1,361,24.40%,0.66,0.27,0,0.17,8.30%,586,26.20%,75.00%,-239,16387.9,1,0,1,0,0,1,0,1,0,4,0,0,0,0,0,0,6,0,1,40.2
Wink,SUPPORT,EDG,JDG,Missing,\,05.06.2024,v14.10,2,Red,0:29:03,Nautilus,Loss,9,1,6,2,0,1.2,217,14.70%,2.97,1.8,0.71,0.2,37.40%,167,7.40%,75.00%,-363,20083.7,1,0,1,0,0,1,0,1,0,4,0,0,0,0,0,0,6,0,1,40.2
Xiaoxu,TOP,RA,OMG,Cube,\,06.06.2024,v14.10,1,Blue,0:47:12,Rumble,Loss,18,2,6,8,24,6.9,378,21.30%,1.02,0.38,0.15,0.11,11.40%,712,22.90%,58.80%,417,33606.3,0,0,0,0,0,5,0,3,0,2,1,0,0,1,1,0,8,2,2,46.5
Xiaohao,JUNGLE,RA,OMG,xiaofang,\,06.06.2024,v14.10,1,Blue,0:47:12,Xin_Zhao,Loss,18,1,5,11,218,5.4,304,17.10%,1.83,0.44,0.4,0.53,20.60%,285,9.20%,70.60%,-348,65096.3,0,0,0.75,0,0,5,0,3,0,2,1,0,0,1,1,0,8,2,2,46.5
Vicla,MID,RA,OMG,Angel,\,06.06.2024,v14.10,1,Blue,0:47:12,Corki,Loss,18,7,4,8,22,9,439,24.70%,1.18,0.57,0.3,0.32,13.30%,1002,32.20%,88.20%,-199,30244.4,0,0,1,0,0,5,0,3,0,2,1,0,0,1,1,0,8,2,2,46.5
Assum,ADCARRY,RA,OMG,Starry,\,06.06.2024,v14.10,1,Blue,0:47:12,Jhin,Loss,18,6,2,6,25,9.6,442,24.90%,1.19,0.32,0.11,0.28,13.40%,937,30.10%,70.60%,-712,16848.8,0,0,0.75,0,0,5,0,3,0,2,1,0,0,1,1,0,8,2,2,46.5
Jwei,SUPPORT,RA,OMG,Ppgod,\,06.06.2024,v14.10,1,Blue,0:47:12,Leona,Loss,15,1,11,9,0,0.8,213,12.00%,3.66,1.89,0.64,0.38,41.20%,176,5.70%,58.80%,-136,39987.3,0,0,1,0,0,5,0,3,0,2,1,0,0,1,1,0,8,2,2,46.5
Cube,TOP,OMG,RA,Xiaoxu,\,06.06.2024,v14.10,1,Red,0:47:12,Udyr,Win,18,3,1,16,8,6.5,382,19.40%,1.47,0.36,0.21,0.28,13.90%,465,15.60%,67.90%,-417,38825.3,0,0,0,1,0,9,1,4,1,4,0,1,2,1,0,0,8,4,2,53.5
xiaofang,JUNGLE,OMG,RA,Xiaohao,\,06.06.2024,v14.10,1,Red,0:47:12,Viego,Win,18,9,5,13,288,7.1,412,21.00%,2.08,0.36,0.4,0.59,19.70%,510,17.10%,78.60%,348,70512.6,0,0,0.4,1,0,9,1,4,1,4,0,1,2,1,0,0,8,4,2,53.5
Angel,MID,OMG,RA,Vicla,\,06.06.2024,v14.10,1,Red,0:47:12,Hwei,Win,18,8,1,15,16,8,420,21.40%,1.78,0.61,0.23,0.44,16.80%,853,28.60%,82.10%,199,22535.9,0,1,0.6,1,0,9,1,4,1,4,0,1,2,1,0,0,8,4,2,53.5
Starry,ADCARRY,OMG,RA,Assum,\,06.06.2024,v14.10,1,Red,0:47:12,Varus,Win,18,7,5,8,21,9.4,493,25.10%,1.39,0.44,0.15,0.34,13.10%,949,31.80%,53.60%,712,26987.1,1,0,0.8,1,0,9,1,4,1,4,0,1,2,1,0,0,8,4,2,53.5
Ppgod,SUPPORT,OMG,RA,Jwei,\,06.06.2024,v14.10,1,Red,0:47:12,Nautilus,Win,17,1,5,25,0,1.3,260,13.20%,3.85,1.97,0.66,0.38,36.40%,204,6.90%,92.90%,136,30732.2,1,0,0.8,1,0,9,1,4,1,4,0,1,2,1,0,0,8,4,2,53.5
Cube,TOP,OMG,RA,Xiaoxu,\,06.06.2024,v14.10,2,Blue,0:32:41,Renekton,Loss,16,0,4,0,0,8.8,359,21.10%,1.29,0.37,0.28,0.28,14.60%,322,18.20%,0.00%,979,29226.7,0,0,0,0,1,4,0,0,0,3,0,0,0,1,0,0,2,0,0,45.6
xiaofang,JUNGLE,OMG,RA,Xiaohao,\,06.06.2024,v14.10,2,Blue,0:32:41,Maokai,Loss,14,1,3,0,160,5.7,328,19.20%,1.35,0.37,0.28,0.21,15.40%,522,29.50%,100.00%,-766,24746.2,0,0,1,0,1,4,0,0,0,3,0,0,0,1,0,0,2,0,0,45.6
Angel,MID,OMG,RA,Vicla,\,06.06.2024,v14.10,2,Blue,0:32:41,Tristana,Loss,17,0,1,0,36,10.6,418,24.50%,1.6,0.52,0.18,0.49,18.10%,330,18.70%,0.00%,284,16224.5,0,0,0,0,1,4,0,0,0,3,0,0,0,1,0,0,2,0,0,45.6
Starry,ADCARRY,OMG,RA,Assum,\,06.06.2024,v14.10,2,Blue,0:32:41,Lucian,Loss,14,0,3,0,2,9.8,386,22.70%,1.56,0.46,0.15,0.83,17.60%,443,25.10%,0.00%,-2010,15763.3,0,0,0,0,1,4,0,0,0,3,0,0,0,1,0,0,2,0,0,45.6
Ppgod,SUPPORT,OMG,RA,Jwei,\,06.06.2024,v14.10,2,Blue,0:32:41,Nami,Loss,13,0,3,0,0,1.2,212,12.40%,3.02,1.65,0.4,0.49,34.20%,151,8.50%,0.00%,-212,7830.03,0,0,0,0,1,4,0,0,0,3,0,0,0,1,0,0,2,0,0,45.6
Xiaoxu,TOP,RA,OMG,Cube,\,06.06.2024,v14.10,2,Red,0:32:41,KSante,Win,18,3,0,3,1,7.7,391,19.40%,1.01,0.4,0.15,0.15,10.40%,459,23.00%,42.90%,-979,24875.9,0,0,0,1,1,9,1,4,1,0,1,1,2,1,1,0,2,2,0,54.4
Xiaohao,JUNGLE,RA,OMG,xiaofang,\,06.06.2024,v14.10,2,Red,0:32:41,Graves,Win,18,4,1,8,229,8.5,456,22.70%,2.87,1.13,0.24,0.58,29.50%,386,19.40%,85.70%,766,20213,1,0,0.75,1,1,9,1,4,1,0,1,1,2,1,1,0,2,2,0,54.4
Vicla,MID,RA,OMG,Angel,\,06.06.2024,v14.10,2,Red,0:32:41,Hwei,Win,17,2,0,8,2,8.7,395,19.60%,1.33,0.7,0.31,0.18,13.60%,459,23.00%,71.40%,-284,11271.7,0,0,0.25,1,1,9,1,4,1,0,1,1,2,1,1,0,2,2,0,54.4
Assum,ADCARRY,RA,OMG,Starry,\,06.06.2024,v14.10,2,Red,0:32:41,Kalista,Win,16,5,0,8,4,8.8,497,24.70%,1.19,0.31,0.12,0.4,12.30%,601,30.10%,92.90%,2010,10073.3,1,1,1,1,1,9,1,4,1,0,1,1,2,1,1,0,2,2,0,54.4
Jwei,SUPPORT,RA,OMG,Ppgod,\,06.06.2024,v14.10,2,Red,0:32:41,Rell,Win,13,0,0,12,0,1.1,272,13.50%,3.33,1.93,0.64,0.28,34.20%,90,4.50%,85.70%,212,16403.8,1,0,1,1,1,9,1,4,1,0,1,1,2,1,1,0,2,2,0,54.4
Xiaoxu,TOP,RA,OMG,Cube,\,06.06.2024,v14.10,3,Blue,0:34:04,Jax,Win,18,0,1,5,16,9.4,384,21.00%,0.68,0.47,0.12,0.03,7.40%,539,28.70%,55.60%,90,21761.3,0,1,0,1,0,7,0,2,0,4,1,0,0,1,0,1,2,1,0,55.1
Xiaohao,JUNGLE,RA,OMG,xiaofang,\,06.06.2024,v14.10,3,Blue,0:34:04,Viego,Win,16,5,2,2,238,7.4,388,21.20%,1.65,0.38,0.29,0.29,18.00%,248,13.20%,77.80%,717,21572.6,1,0,0.667,1,0,7,0,2,0,4,1,0,0,1,0,1,2,1,0,55.1
Vicla,MID,RA,OMG,Angel,\,06.06.2024,v14.10,3,Blue,0:34:04,LeBlanc,Win,17,1,0,5,0,8.9,396,21.60%,2.18,0.76,0.06,0.53,23.80%,476,25.40%,66.70%,933,13298,1,0,1,1,0,7,0,2,0,4,1,0,0,1,0,1,2,1,0,55.1
Assum,ADCARRY,RA,OMG,Starry,\,06.06.2024,v14.10,3,Blue,0:34:04,Kaisa,Win,17,3,0,3,11,10.7,441,24.10%,1.13,0.35,0.15,0.41,12.40%,524,27.90%,66.70%,319,5753.06,0,0,0.333,1,0,7,0,2,0,4,1,0,0,1,0,1,2,1,0,55.1
Jwei,SUPPORT,RA,OMG,Ppgod,\,06.06.2024,v14.10,3,Blue,0:34:04,Nautilus,Win,13,0,1,7,0,1,223,12.20%,3.53,1.94,0.47,0.29,38.50%,92,4.90%,77.80%,-450,6400.3,1,0,0.333,1,0,7,0,2,0,4,1,0,0,1,0,1,2,1,0,55.1
Cube,TOP,OMG,RA,Xiaoxu,\,06.06.2024,v14.10,3,Red,0:34:04,Gragas,Loss,17,0,2,1,0,8.8,348,20.40%,1.17,0.41,0.26,0.23,14.10%,306,24.30%,25.00%,-90,31091.1,0,0,0,0,0,4,1,3,0,2,0,1,1,1,0,1,2,1,0,44.9
xiaofang,JUNGLE,OMG,RA,Xiaohao,\,06.06.2024,v14.10,3,Red,0:34:04,Lee_Sin,Loss,15,1,0,3,175,5.7,307,18.00%,1.44,0.47,0.26,0.38,17.40%,206,16.40%,100.00%,-717,22968.6,0,0,1,0,0,4,1,3,0,2,0,1,1,1,0,1,2,1,0,44.9
Angel,MID,OMG,RA,Vicla,\,06.06.2024,v14.10,3,Red,0:34:04,Malzahar,Loss,17,0,4,3,0,8.5,360,21.10%,0.91,0.38,0.21,0.15,11.00%,303,24.10%,75.00%,-933,12870.2,0,0,0,0,0,4,1,3,0,2,0,1,1,1,0,1,2,1,0,44.9
Starry,ADCARRY,OMG,RA,Assum,\,06.06.2024,v14.10,3,Red,0:34:04,Jinx,Loss,16,2,2,1,41,12.1,463,27.10%,1.51,0.47,0.15,0.5,18.20%,376,29.90%,75.00%,-319,11494.7,0,0,0,0,0,4,1,3,0,2,0,1,1,1,0,1,2,1,0,44.9
Ppgod,SUPPORT,OMG,RA,Jwei,\,06.06.2024,v14.10,3,Red,0:34:04,Braum,Loss,13,1,1,2,0,1.1,230,13.50%,3.25,1.91,0.5,0.29,39.20%,66,5.30%,75.00%,450,12011.9,0,0,1,0,0,4,1,3,0,2,0,1,1,1,0,1,2,1,0,44.9
Zdz,TOP,RNG,BLG,Bin,\,06.06.2024,v14.10,1,Blue,0:31:32,Skarner,Loss,14,0,5,3,0,4.8,263,15.20%,0.91,0.38,0.25,0.13,10.60%,264,15.70%,30.00%,-933,21989.3,0,0,0.167,0,0,2,0,0,1,3,0,0,0,1,1,0,5,2,2,44.3
Wei,JUNGLE,RNG,BLG,XUN,\,06.06.2024,v14.10,1,Blue,0:31:32,Lillia,Loss,15,1,2,7,181,6.5,338,19.60%,2.32,0.95,0.35,0.41,27.10%,336,20.00%,80.00%,-169,25819.2,0,0,0.667,0,0,2,0,0,1,3,0,0,0,1,1,0,5,2,2,44.3
XZZ,MID,RNG,BLG,Knight,\,06.06.2024,v14.10,1,Blue,0:31:32,Tristana,Loss,17,4,1,3,4,10.5,454,26.30%,1.1,0.22,0.16,0.29,12.80%,430,25.70%,70.00%,-1151,15622.9,0,0,0.667,0,0,2,0,0,1,3,0,0,0,1,1,0,5,2,2,44.3
huanfeng,ADCARRY,RNG,BLG,Elk,\,06.06.2024,v14.10,1,Blue,0:31:32,Jhin,Loss,15,5,2,3,8,9.7,441,25.50%,1.18,0.38,0.16,0.38,13.70%,490,29.20%,80.00%,-387,13704.4,0,0,0.667,0,0,2,0,0,1,3,0,0,0,1,1,0,5,2,2,44.3
Ming,SUPPORT,RNG,BLG,ON,\,06.06.2024,v14.10,1,Blue,0:31:32,Blitzcrank,Loss,12,0,6,7,0,0.8,232,13.40%,3.06,1.71,0.44,0.25,35.70%,158,9.40%,70.00%,-281,18510.9,0,0,0.833,0,0,2,0,0,1,3,0,0,0,1,1,0,5,2,2,44.3
Bin,TOP,BLG,RNG,Zdz,\,06.06.2024,v14.10,1,Red,0:31:32,Twisted_Fate,Win,17,2,2,7,24,8.2,465,22.50%,1.31,0.44,0.1,0.19,14.20%,234,10.60%,56.30%,933,14823.5,0,0,0.2,1,2,10,1,4,0,3,1,1,1,1,0,0,5,1,2,55.7
XUN,JUNGLE,BLG,RNG,Wei,\,06.06.2024,v14.10,1,Red,0:31:32,Nidalee,Win,16,4,1,7,199,7.9,410,19.80%,1.81,0.19,0.19,0.67,19.60%,463,21.10%,68.80%,169,32097.9,1,0,0.4,1,2,10,1,4,0,3,1,1,1,1,0,0,5,1,2,55.7
Knight,MID,BLG,RNG,XZZ,\,06.06.2024,v14.10,1,Red,0:31:32,Corki,Win,18,5,0,6,13,10.2,495,24.00%,1.29,0.38,0.1,0.25,14.00%,658,29.90%,68.80%,1151,8546.88,0,0,0.2,1,2,10,1,4,0,3,1,1,1,1,0,0,5,1,2,55.7
Elk,ADCARRY,BLG,RNG,huanfeng,\,06.06.2024,v14.10,1,Red,0:31:32,Ashe,Win,16,4,2,10,7,9.1,438,21.20%,1.63,0.38,0.13,0.57,17.60%,713,32.50%,87.50%,387,12410.7,1,1,1,1,2,10,1,4,0,3,1,1,1,1,0,0,5,1,2,55.7
ON,SUPPORT,BLG,RNG,Ming,\,06.06.2024,v14.10,1,Red,0:31:32,Alistar,Win,13,1,5,13,0,0.9,259,12.50%,3.2,1.87,0.57,0.35,34.60%,130,5.90%,87.50%,281,22520.9,1,0,1,1,2,10,1,4,0,3,1,1,1,1,0,0,5,1,2,55.7
Bin,TOP,BLG,RNG,Zdz,\,06.06.2024,v14.10,2,Blue,0:29:08,Camille,Win,16,2,4,10,16,7.2,436,19.10%,0.82,0.24,0.03,0.24,9.90%,385,12.90%,54.50%,2135,25892.3,0,0,0.571,1,3,11,0,2,0,3,1,1,2,0,0,0,6,5,0,68.1
XUN,JUNGLE,BLG,RNG,Wei,\,06.06.2024,v14.10,2,Blue,0:29:08,Brand,Win,17,10,1,11,211,8.3,517,22.70%,1.74,0.69,0.17,0.31,20.90%,870,29.20%,95.50%,1956,21151.3,1,1,1,1,3,11,0,2,0,3,1,1,2,0,0,0,6,5,0,68.1
Knight,MID,BLG,RNG,XZZ,\,06.06.2024,v14.10,2,Blue,0:29:08,Yone,Win,18,3,1,9,26,10.7,489,21.50%,0.91,0.17,0.1,0.27,10.90%,425,14.30%,54.50%,493,22599.7,1,0,0.143,1,3,11,0,2,0,3,1,1,2,0,0,0,6,5,0,68.1
Elk,ADCARRY,BLG,RNG,huanfeng,\,06.06.2024,v14.10,2,Blue,0:29:08,Ziggs,Win,16,6,2,11,9,8.3,521,22.90%,1.41,0.45,0.14,0.27,17.00%,1072,36.00%,77.30%,1711,14167.4,0,0,0.286,1,3,11,0,2,0,3,1,1,2,0,0,0,6,5,0,68.1
ON,SUPPORT,BLG,RNG,Ming,\,06.06.2024,v14.10,2,Blue,0:29:08,Nautilus,Win,12,1,2,13,0,1,313,13.70%,3.45,1.48,0.51,0.48,41.40%,227,7.60%,63.60%,-356,14890.3,0,0,0.857,1,3,11,0,2,0,3,1,1,2,0,0,0,6,5,0,68.1
Zdz,TOP,RNG,BLG,Bin,\,06.06.2024,v14.10,2,Red,0:29:08,Renekton,Loss,14,2,8,4,3,6.6,326,19.00%,0.83,0.51,0.27,0.17,13.40%,357,16.70%,60.00%,-2135,34815,0,0,0.5,0,1,2,1,2,0,3,0,0,2,0,0,0,6,1,0,31.9
Wei,JUNGLE,RNG,BLG,XUN,\,06.06.2024,v14.10,2,Red,0:29:08,Maokai,Loss,13,0,5,7,116,5,297,17.30%,0.99,0.31,0.17,0.14,15.90%,552,25.70%,70.00%,-1956,28926.9,0,0,0.5,0,1,2,1,2,0,3,0,0,2,0,0,0,6,1,0,31.9
XZZ,MID,RNG,BLG,Knight,\,06.06.2024,v14.10,2,Red,0:29:08,Corki,Loss,16,2,4,4,0,9.7,425,24.80%,0.68,0.48,0.07,0.1,10.90%,501,23.40%,60.00%,-493,14695.2,0,0,0.5,0,1,2,1,2,0,3,0,0,2,0,0,0,6,1,0,31.9
huanfeng,ADCARRY,RNG,BLG,Elk,\,06.06.2024,v14.10,2,Red,0:29:08,Senna,Loss,14,5,2,5,0,1.3,339,19.80%,2.93,1.48,0.27,0.65,47.00%,465,21.70%,100.00%,-1711,10517.2,0,0,1,0,1,2,1,2,0,3,0,0,2,0,0,0,6,1,0,31.9
Ming,SUPPORT,RNG,BLG,ON,\,06.06.2024,v14.10,2,Red,0:29:08,Ornn,Loss,15,1,3,7,4,7.3,327,19.10%,0.81,0.45,0.24,0.07,12.90%,270,12.60%,80.00%,356,25322.8,0,0,0.5,0,1,2,1,2,0,3,0,0,2,0,0,0,6,1,0,31.9
Flandre,TOP,JDG,TT,Hoya,\,07.06.2024,v14.10,1,Blue,0:26:52,Zac,Win,15,3,3,13,0,7.7,425,19.70%,0.69,0.26,0.15,0.07,9.40%,502,17.50%,72.70%,1049,33362.4,0,0,0.833,1,1,9,1,4,0,4,1,0,0,1,1,0,4,4,0,59.2
Kanavi,JUNGLE,JDG,TT,Beichuan,\,07.06.2024,v14.10,1,Blue,0:26:52,Nidalee,Win,16,10,0,10,204,9,517,24.00%,1.81,0.11,0.07,0.63,24.50%,930,32.30%,90.90%,39,26851.9,0,1,0.833,1,1,9,1,4,0,4,1,0,0,1,1,0,4,4,0,59.2
Yagao,MID,JDG,TT,Ucal,\,07.06.2024,v14.10,1,Blue,0:26:52,Tristana,Win,15,3,4,5,12,10,452,21.00%,0.84,0.41,0.11,0.15,11.40%,501,17.40%,36.40%,-45,19133.3,0,0,0.167,1,1,9,1,4,0,4,1,0,0,1,1,0,4,4,0,59.2
Ruler,ADCARRY,JDG,TT,1xn,\,07.06.2024,v14.10,1,Blue,0:26:52,Sivir,Win,16,6,1,13,16,10.3,507,23.50%,1.16,0.33,0,0.37,15.70%,750,26.10%,86.40%,639,15390.7,0,0,0.667,1,1,9,1,4,0,4,1,0,0,1,1,0,4,4,0,59.2
Missing,SUPPORT,JDG,TT,Feather,\,07.06.2024,v14.10,1,Blue,0:26:52,Leona,Win,11,0,3,16,0,1.3,257,11.90%,2.86,1.49,0.37,0.3,38.90%,194,6.80%,72.70%,127,15213.1,0,0,0.667,1,1,9,1,4,0,4,1,0,0,1,1,0,4,4,0,59.2
Hoya,TOP,TT,JDG,Flandre,\,07.06.2024,v14.10,1,Red,0:26:52,Poppy,Loss,13,1,3,3,0,6,299,18.00%,0.99,0.37,0.3,0.07,15.30%,480,17.80%,36.40%,-1049,23006.7,0,0,0.4,0,0,1,0,0,0,2,0,0,0,1,0,0,4,0,0,40.8
Beichuan,JUNGLE,TT,JDG,Kanavi,\,07.06.2024,v14.10,1,Red,0:26:52,Karthus,Loss,14,4,4,6,160,6.9,376,22.60%,0.62,0.26,0.19,0.11,9.60%,851,31.60%,90.90%,-39,25106.5,1,0,1,0,0,1,0,0,0,2,0,0,0,1,0,0,4,0,0,40.8
Ucal,MID,TT,JDG,Yagao,\,07.06.2024,v14.10,1,Red,0:26:52,Corki,Loss,15,3,2,3,0,9.3,383,23.00%,0.71,0.33,0.04,0.19,10.90%,596,22.10%,54.50%,45,16065.9,0,0,0.2,0,0,1,0,0,0,2,0,0,0,1,0,0,4,0,0,40.8
1xn,ADCARRY,TT,JDG,Ruler,\,07.06.2024,v14.10,1,Red,0:26:52,Jhin,Loss,13,3,5,5,0,9,386,23.20%,0.66,0.45,0.15,0.07,10.10%,590,21.90%,72.70%,-639,15497.7,1,0,0.8,0,0,1,0,0,0,2,0,0,0,1,0,0,4,0,0,40.8
Feather,SUPPORT,TT,JDG,Missing,\,07.06.2024,v14.10,1,Red,0:26:52,Nautilus,Loss,10,0,8,6,0,1.3,220,13.20%,3.52,1.71,0.67,0.52,54.10%,176,6.50%,54.50%,-127,18047,1,0,0.4,0,0,1,0,0,0,2,0,0,0,1,0,0,4,0,0,40.8
Hoya,TOP,TT,JDG,Flandre,\,07.06.2024,v14.10,2,Blue,0:31:27,Skarner,Loss,15,2,7,4,2,6,304,17.80%,1.04,0.35,0.29,0.13,12.60%,515,23.50%,46.20%,-1475,31608.5,0,0,0,1,1,3,1,2,0,3,1,0,0,2,0,2,4,1,0,41.4
Beichuan,JUNGLE,TT,JDG,Kanavi,\,07.06.2024,v14.10,2,Blue,0:31:27,Graves,Loss,15,5,5,5,172,6.7,388,22.70%,1.41,0.25,0.22,0.38,17.10%,430,19.60%,76.90%,-875,26964.9,0,0,0,1,1,3,1,2,0,3,1,0,0,2,0,2,4,1,0,41.4
Ucal,MID,TT,JDG,Yagao,\,07.06.2024,v14.10,2,Blue,0:31:27,Hwei,Loss,16,4,4,9,4,8.5,425,24.80%,1.09,0.35,0.13,0.41,13.10%,655,29.90%,100.00%,597,18200.2,0,0,1,1,1,3,1,2,0,3,1,0,0,2,0,2,4,1,0,41.4
1xn,ADCARRY,TT,JDG,Ruler,\,07.06.2024,v14.10,2,Blue,0:31:27,Ashe,Loss,15,2,4,10,6,8.6,378,22.10%,1.19,0.35,0.1,0.19,14.40%,504,23.00%,92.30%,-790,14956.6,0,0,1,1,1,3,1,2,0,3,1,0,0,2,0,2,4,1,0,41.4
Feather,SUPPORT,TT,JDG,Missing,\,07.06.2024,v14.10,2,Blue,0:31:27,Rell,Loss,11,0,6,9,0,1.2,217,12.60%,3.53,1.72,0.57,0.45,42.70%,86,3.90%,69.20%,-293,16198.8,0,0,0.5,1,1,3,1,2,0,3,1,0,0,2,0,2,4,1,0,41.4
Flandre,TOP,JDG,TT,Hoya,\,07.06.2024,v14.10,2,Red,0:31:27,Rumble,Win,16,3,3,9,4,7.7,426,20.00%,1.24,0.45,0.32,0.16,14.00%,538,19.10%,46.20%,1475,20312.9,0,0,0.286,0,1,9,0,3,0,3,0,1,1,2,0,2,4,3,0,58.6
Kanavi,JUNGLE,JDG,TT,Beichuan,\,07.06.2024,v14.10,2,Red,0:31:27,Lillia,Win,18,5,1,13,215,9.1,461,21.70%,1.43,0.19,0.13,0.38,16.20%,710,25.10%,69.20%,875,38279.1,1,0,0.714,0,1,9,0,3,0,3,0,1,1,2,0,2,4,3,0,58.6
Yagao,MID,JDG,TT,Ucal,\,07.06.2024,v14.10,2,Red,0:31:27,Corki,Win,17,7,4,13,19,8.2,474,22.30%,1.48,0.64,0.13,0.35,16.70%,689,24.40%,76.90%,-597,13096.5,1,0,0.714,0,1,9,0,3,0,3,0,1,1,2,0,2,4,3,0,58.6
Ruler,ADCARRY,JDG,TT,1xn,\,07.06.2024,v14.10,2,Red,0:31:27,Jhin,Win,17,11,2,8,20,8.9,508,23.90%,0.91,0.41,0.22,0.16,10.30%,746,26.40%,73.10%,790,17318.5,0,1,0.714,0,1,9,0,3,0,3,0,1,1,2,0,2,4,3,0,58.6
Missing,SUPPORT,JDG,TT,Feather,\,07.06.2024,v14.10,2,Red,0:31:27,Alistar,Win,12,0,3,17,2,1,257,12.10%,3.77,2,0.48,0.41,42.60%,141,5.00%,65.40%,293,16458.7,1,0,0.571,0,1,9,0,3,0,3,0,1,1,2,0,2,4,3,0,58.6
Zika,TOP,LNG,TES,369,\,07.06.2024,v14.10,1,Blue,0:24:26,Skarner,Loss,13,0,4,0,4,7.9,299,18.70%,0.75,0.29,0.08,0.08,9.90%,452,18.70%,0.00%,-887,20629.5,0,0,0,1,1,2,1,2,0,0,0,0,0,0,0,0,2,0,0,40.1
WeiWei,JUNGLE,LNG,TES,Tian,\,07.06.2024,v14.10,1,Blue,0:24:26,Jarvan IV,Loss,11,1,5,0,124,5.4,277,17.30%,0.98,0.37,0.25,0.08,13.10%,254,10.50%,33.30%,-705,26135.8,0,0,0.333,1,1,2,1,2,0,0,0,0,0,0,0,0,2,0,0,40.1
Scout,MID,LNG,TES,Creme,\,07.06.2024,v14.10,1,Blue,0:24:26,Corki,Loss,13,1,2,0,4,9.4,368,23.00%,1.4,0.53,0.08,0.49,18.70%,471,19.40%,33.30%,390,10772.7,0,0,0.333,1,1,2,1,2,0,0,0,0,0,0,0,0,2,0,0,40.1
GALA,ADCARRY,LNG,TES,JackeyLove,\,07.06.2024,v14.10,1,Blue,0:24:26,Ziggs,Loss,13,0,3,2,1,9,419,26.20%,0.67,0.25,0.08,0.2,9.00%,1067,44.00%,66.70%,3041,8992.79,1,0,0.667,1,1,2,1,2,0,0,0,0,0,0,0,0,2,0,0,40.1
Hang,SUPPORT,LNG,TES,meiko,\,07.06.2024,v14.10,1,Blue,0:24:26,Rakan,Loss,9,1,2,2,0,1.2,237,14.80%,3.71,1.96,0.45,0.61,49.40%,178,7.40%,100.00%,-329,12917.5,1,0,1,1,1,2,1,2,0,0,0,0,0,0,0,0,2,0,0,40.1
369,TOP,TES,LNG,Zika,\,07.06.2024,v14.10,1,Red,0:24:26,Mordekaiser,Win,15,4,0,4,15,9.1,450,21.90%,0.6,0.29,0.08,0.04,9.50%,487,19.90%,50.00%,887,18368,0,0,0.667,0,0,8,0,1,0,6,1,1,1,0,0,0,2,2,0,59.9
Tian,JUNGLE,TES,LNG,WeiWei,\,07.06.2024,v14.10,1,Red,0:24:26,Brand,Win,14,5,0,5,172,8,456,22.20%,1.39,0.61,0.16,0.33,21.90%,541,22.10%,62.50%,705,21699.4,0,1,0.667,0,0,8,0,1,0,6,1,1,1,0,0,0,2,2,0,59.9
Creme,MID,TES,LNG,Scout,\,07.06.2024,v14.10,1,Red,0:24:26,Tristana,Win,15,2,1,9,6,9,441,21.40%,1.29,0.49,0.16,0.29,20.30%,698,28.50%,68.80%,-390,14781.7,0,0,0.667,0,0,8,0,1,0,6,1,1,1,0,0,0,2,2,0,59.9
JackeyLove,ADCARRY,TES,LNG,GALA,\,07.06.2024,v14.10,1,Red,0:24:26,Senna,Win,12,3,1,9,6,1.8,341,16.60%,2.16,1.23,0.25,0.49,34.00%,469,19.20%,75.00%,-3041,10827.1,0,0,0.667,0,0,8,0,1,0,6,1,1,1,0,0,0,2,2,0,59.9
meiko,SUPPORT,TES,LNG,Hang,\,07.06.2024,v14.10,1,Red,0:24:26,Ornn,Win,14,2,1,8,0,7.5,370,18.00%,0.91,0.49,0.16,0.29,14.30%,255,10.40%,62.50%,329,24712.6,0,0,0.5,0,0,8,0,1,0,6,1,1,1,0,0,0,2,2,0,59.9
369,TOP,TES,LNG,Zika,\,07.06.2024,v14.10,2,Blue,0:32:49,Rumble,Win,16,1,3,6,10,7.9,392,21.80%,1.34,0.49,0.15,0.34,13.60%,516,24.90%,70.00%,1273,16228.2,0,0,0.333,1,2,7,0,2,0,1,1,0,0,1,1,0,3,2,1,48.2
Tian,JUNGLE,TES,LNG,WeiWei,\,07.06.2024,v14.10,2,Blue,0:32:49,Lee_Sin,Win,15,2,2,1,202,7.3,332,18.40%,1.76,0.49,0.21,0.55,17.80%,254,12.30%,30.00%,-29,24902,0,0,0.333,1,2,7,0,2,0,1,1,0,0,1,1,0,3,2,1,48.2
Creme,MID,TES,LNG,Scout,\,07.06.2024,v14.10,2,Blue,0:32:49,Hwei,Win,16,4,0,5,6,9.1,404,22.50%,0.77,0.43,0.15,0.09,7.80%,667,32.20%,90.00%,785,6874.83,0,1,0.5,1,2,7,0,2,0,1,1,0,0,1,1,0,3,2,1,48.2
JackeyLove,ADCARRY,TES,LNG,GALA,\,07.06.2024,v14.10,2,Blue,0:32:49,Varus,Win,15,1,2,4,0,8.7,416,23.10%,2.08,1.16,0.27,0.67,21.10%,536,25.90%,50.00%,-564,11421.6,0,0,0.333,1,2,7,0,2,0,1,1,0,0,1,1,0,3,2,1,48.2
meiko,SUPPORT,TES,LNG,Hang,\,07.06.2024,v14.10,2,Blue,0:32:49,Alistar,Win,11,2,3,3,0,1.5,255,14.20%,3.91,2.07,0.55,0.67,39.60%,94,4.60%,50.00%,205,15920.9,0,0,0.333,1,2,7,0,2,0,1,1,0,0,1,1,0,3,2,1,48.2
Zika,TOP,LNG,TES,369,\,07.06.2024,v14.10,2,Red,0:32:49,Ornn,Loss,14,0,1,4,0,5.5,277,16.20%,1.17,0.4,0.03,0.24,10.90%,151,10.30%,40.00%,-1273,25832.9,0,0,0.667,0,1,4,1,3,0,5,0,0,0,1,0,0,3,0,1,51.8
WeiWei,JUNGLE,LNG,TES,Tian,\,07.06.2024,v14.10,2,Red,0:32:49,Nidalee,Loss,14,2,3,7,196,6.9,341,19.90%,1.86,0.3,0.21,0.73,17.40%,304,20.80%,90.00%,29,32441.9,1,0,1,0,1,4,1,3,0,5,0,0,0,1,0,0,3,0,1,51.8
Scout,MID,LNG,TES,Creme,\,07.06.2024,v14.10,2,Red,0:32:49,Taliyah,Loss,17,3,1,0,26,9.8,410,23.90%,1.99,0.49,0.18,0.64,18.60%,422,28.80%,30.00%,-785,12161.2,0,0,0,0,1,4,1,3,0,5,0,0,0,1,0,0,3,0,1,51.8
GALA,ADCARRY,LNG,TES,JackeyLove,\,07.06.2024,v14.10,2,Red,0:32:49,Kalista,Loss,15,5,2,4,12,9.7,447,26.10%,2.2,1.13,0.15,0.55,20.60%,391,26.80%,90.00%,564,12675.5,1,0,1,0,1,4,1,3,0,5,0,0,0,1,0,0,3,0,1,51.8
Hang,SUPPORT,LNG,TES,meiko,\,07.06.2024,v14.10,2,Red,0:32:49,Nautilus,Loss,12,0,3,10,0,1.2,241,14.00%,3.49,1.89,0.73,0.43,32.60%,195,13.30%,100.00%,-205,14434,1,0,1,0,1,4,1,3,0,5,0,0,0,1,0,0,3,0,1,51.8
shanji,TOP,NIP,AL,Ale,\,08.06.2024,v14.10,1,Blue,0:31:23,Twisted_Fate,Loss,15,2,5,4,6,8,393,23.60%,1.13,0.48,0.19,0.32,15.00%,284,15.60%,85.70%,931,19493.3,0,0,1,1,1,2,0,0,0,3,0,0,0,0,0,0,3,1,1,48.5
AKi,JUNGLE,NIP,AL,Croco,\,08.06.2024,v14.10,1,Blue,0:31:23,Karthus,Loss,15,3,4,3,184,6.8,344,20.70%,1.06,0.29,0.06,0.19,14.00%,576,31.60%,85.70%,-226,28138.5,0,0,1,1,1,2,0,0,0,3,0,0,0,0,0,0,3,1,1,48.5
RooKie,MID,NIP,AL,Shanks,\,08.06.2024,v14.10,1,Blue,0:31:23,Tristana,Loss,16,1,5,2,12,9,365,21.90%,1.25,0.64,0.35,0.48,16.60%,417,22.90%,42.90%,-1557,18581.2,0,0,0.5,1,1,2,0,0,0,3,0,0,0,0,0,0,3,1,1,48.5
Photic,ADCARRY,NIP,AL,Hope,\,08.06.2024,v14.10,1,Blue,0:31:23,Sivir,Loss,15,1,3,4,17,9.2,363,21.80%,0.47,0.35,0.06,0.1,6.20%,446,24.50%,71.40%,-1279,19165.9,0,0,0,1,1,2,0,0,0,3,0,0,0,0,0,0,3,1,1,48.5
Zhuo,SUPPORT,NIP,AL,Kael,\,08.06.2024,v14.10,1,Blue,0:31:23,Rell,Loss,10,0,4,4,0,1.4,199,12.00%,3.65,1.82,0.41,0.54,48.20%,99,5.40%,57.10%,-221,12319.6,0,0,0.5,1,1,2,0,0,0,3,0,0,0,0,0,0,3,1,1,48.5
Ale,TOP,AL,NIP,shanji,\,08.06.2024,v14.10,1,Red,0:31:23,Malphite,Win,17,0,2,13,4,6.9,366,16.70%,0.95,0.38,0.25,0.16,9.20%,419,17.90%,61.90%,-931,17581.5,0,0,0.5,0,1,11,1,4,0,3,1,1,2,0,0,0,3,1,1,51.5
Croco,JUNGLE,AL,NIP,AKi,\,08.06.2024,v14.10,1,Red,0:31:23,Nidalee,Win,17,9,0,8,224,8,492,22.40%,1.88,0.35,0.29,0.48,18.20%,526,22.40%,81.00%,226,33417,0,0,0.4,0,1,11,1,4,0,3,1,1,2,0,0,0,3,1,1,51.5
Shanks,MID,AL,NIP,RooKie,\,08.06.2024,v14.10,1,Red,0:31:23,Corki,Win,18,7,1,9,4,10.6,574,26.20%,2.17,0.83,0.1,0.61,21.00%,794,33.90%,76.20%,1557,21536.1,1,1,0.8,0,1,11,1,4,0,3,1,1,2,0,0,0,3,1,1,51.5
Hope,ADCARRY,AL,NIP,Photic,\,08.06.2024,v14.10,1,Red,0:31:23,Varus,Win,17,4,2,7,1,8.9,482,22.00%,1.74,0.83,0.1,0.32,16.90%,492,21.00%,52.40%,1279,10127.8,0,0,0.4,0,1,11,1,4,0,3,1,1,2,0,0,0,3,1,1,51.5
Kael,SUPPORT,AL,NIP,Zhuo,\,08.06.2024,v14.10,1,Red,0:31:23,Nautilus,Win,13,1,2,11,0,1.3,280,12.80%,3.58,1.91,0.57,0.48,34.70%,114,4.80%,57.10%,221,9596.43,0,0,0.4,0,1,11,1,4,0,3,1,1,2,0,0,0,3,1,1,51.5
Ale,TOP,AL,NIP,shanji,\,08.06.2024,v14.10,2,Blue,0:23:22,Renekton,Win,15,1,2,7,4,8.7,426,19.20%,0.88,0.39,0.21,0.09,11.60%,524,17.10%,50.00%,63,20701.4,0,0,0,1,1,10,1,3,0,6,0,1,1,0,0,0,3,3,0,56.1
Croco,JUNGLE,AL,NIP,AKi,\,08.06.2024,v14.10,2,Blue,0:23:22,Brand,Win,13,3,3,5,168,8,406,18.30%,1.47,0.3,0.21,0.39,19.40%,574,18.70%,50.00%,460,19517.4,1,0,1,1,1,10,1,3,0,6,0,1,1,0,0,0,3,3,0,56.1
Shanks,MID,AL,NIP,RooKie,\,08.06.2024,v14.10,2,Blue,0:23:22,Tristana,Win,15,4,1,7,8,9.6,514,23.20%,1.04,0.34,0,0.3,13.70%,724,23.60%,68.80%,1169,13452.6,1,0,0.75,1,1,10,1,3,0,6,0,1,1,0,0,0,3,3,0,56.1
Hope,ADCARRY,AL,NIP,Photic,\,08.06.2024,v14.10,2,Blue,0:23:22,Ziggs,Win,14,7,0,5,4,9.5,549,24.80%,1.23,0.47,0.13,0.26,16.30%,1024,33.40%,75.00%,2796,4413.39,1,0,0.75,1,1,10,1,3,0,6,0,1,1,0,0,0,3,3,0,56.1
Kael,SUPPORT,AL,NIP,Zhuo,\,08.06.2024,v14.10,2,Blue,0:23:22,Leona,Win,11,1,0,12,0,1,321,14.50%,2.96,1.54,0.6,0.34,39.00%,225,7.30%,81.30%,-369,9792.08,1,1,1,1,1,10,1,3,0,6,0,1,1,0,0,0,3,3,0,56.1
shanji,TOP,NIP,AL,Ale,\,08.06.2024,v14.10,2,Red,0:23:22,KSante,Loss,13,2,2,0,0,7.7,353,21.30%,0.88,0.3,0.17,0.17,13.30%,461,29.30%,33.30%,-63,21149.1,0,0,0.5,0,0,2,0,0,0,0,1,0,0,0,0,0,3,0,0,43.9
AKi,JUNGLE,NIP,AL,Croco,\,08.06.2024,v14.10,2,Red,0:23:22,Viego,Loss,13,3,2,1,144,7,375,22.60%,0.92,0.3,0.17,0.26,13.90%,190,12.10%,66.70%,-460,20581.1,0,0,1,0,0,2,0,0,0,0,1,0,0,0,0,0,3,0,0,43.9
RooKie,MID,NIP,AL,Shanks,\,08.06.2024,v14.10,2,Red,0:23:22,Taliyah,Loss,13,0,5,3,0,8.2,332,20.00%,0.97,0.43,0.26,0.13,14.60%,415,26.40%,50.00%,-1169,16371.3,0,0,1,0,0,2,0,0,0,0,1,0,0,0,0,0,3,0,0,43.9
Photic,ADCARRY,NIP,AL,Hope,\,08.06.2024,v14.10,2,Red,0:23:22,Senna,Loss,10,0,4,3,0,1.8,265,15.90%,3.14,1.16,0.34,0.47,47.40%,331,21.00%,50.00%,-2796,12754,0,0,0.5,0,0,2,0,0,0,0,1,0,0,0,0,0,3,0,0,43.9
Zhuo,SUPPORT,NIP,AL,Kael,\,08.06.2024,v14.10,2,Red,0:23:22,Ornn,Loss,13,1,3,2,0,7.5,338,20.30%,0.72,0.51,0.17,0.04,10.90%,175,11.10%,50.00%,369,23778.6,0,0,0,0,0,2,0,0,0,0,1,0,0,0,0,0,3,0,0,43.9
Qingtian,TOP,UP,WBG,Breathe,\,08.06.2024,v14.10,1,Blue,0:29:27,Darius,Win,16,4,0,1,3,8.3,422,21.00%,0.84,0.24,0.07,0.14,8.30%,291,20.50%,45.50%,947,11840.8,1,0,0.667,1,2,10,0,2,0,6,1,1,1,1,1,0,1,1,0,54
H4cker,JUNGLE,UP,WBG,Tarzan,\,08.06.2024,v14.10,1,Blue,0:29:27,Brand,Win,16,0,0,11,195,7.3,390,19.50%,1.33,0.34,0.24,0.24,13.10%,303,21.40%,100.00%,522,17940.2,1,1,1,1,2,10,0,2,0,6,1,1,1,1,1,0,1,1,0,54
Yuekai,MID,UP,WBG,xiaohu,\,08.06.2024,v14.10,1,Blue,0:29:27,Corki,Win,16,4,1,3,24,8.9,442,22.00%,1.18,0.58,0.24,0.2,11.60%,320,22.60%,63.60%,-171,10863.7,0,0,0,1,2,10,0,2,0,6,1,1,1,1,1,0,1,1,0,54
Doggo,ADCARRY,UP,WBG,Light,\,08.06.2024,v14.10,1,Blue,0:29:27,Kalista,Win,15,3,1,4,5,9.5,472,23.60%,3.33,1.32,0.2,0.81,32.80%,345,24.40%,63.60%,1480,6055.23,0,0,0.667,1,2,10,0,2,0,6,1,1,1,1,1,0,1,1,0,54
Niket,SUPPORT,UP,WBG,Crisp,\,08.06.2024,v14.10,1,Blue,0:29:27,Leona,Win,12,0,0,10,0,1.2,278,13.90%,3.46,1.9,0.51,0.54,34.10%,157,11.10%,90.90%,-222,9386.38,0,0,0.667,1,2,10,0,2,0,6,1,1,1,1,1,0,1,1,0,54
Breathe,TOP,WBG,UP,Qingtian,\,08.06.2024,v14.10,1,Red,0:29:27,Camille,Loss,16,1,4,0,8,9.2,404,24.30%,0.68,0.34,0.14,0.14,9.30%,232,25.90%,50.00%,-947,21059.5,0,0,0,0,1,3,1,2,0,0,0,0,0,1,0,0,1,0,0,46
Tarzan,JUNGLE,WBG,UP,H4cker,\,08.06.2024,v14.10,1,Red,0:29:27,Lee_Sin,Loss,14,0,1,0,175,6.7,297,17.90%,1.72,0.61,0.27,0.44,23.30%,30,3.40%,0.00%,-522,20639.8,0,0,0,0,1,3,1,2,0,0,0,0,0,1,0,0,1,0,0,46
xiaohu,MID,WBG,UP,Yuekai,\,08.06.2024,v14.10,1,Red,0:29:27,Taliyah,Loss,16,1,2,0,9,10.9,400,24.10%,1.04,0.31,0.27,0.27,14.00%,253,28.30%,50.00%,171,8389.02,0,0,1,0,1,3,1,2,0,0,0,0,0,1,0,0,1,0,0,46
Light,ADCARRY,WBG,UP,Doggo,\,08.06.2024,v14.10,1,Red,0:29:27,Senna,Loss,12,0,1,2,0,2.3,284,17.10%,2.94,1.36,0.17,0.75,39.80%,264,29.60%,100.00%,-1480,6749.38,0,0,1,0,1,3,1,2,0,0,0,0,0,1,0,0,1,0,0,46
Crisp,SUPPORT,WBG,UP,Niket,\,08.06.2024,v14.10,1,Red,0:29:27,Nautilus,Loss,13,0,3,1,1,6.2,275,16.60%,1,0.68,0.41,0.2,13.50%,115,12.80%,50.00%,222,12405.8,0,0,1,0,1,3,1,2,0,0,0,0,0,1,0,0,1,0,0,46
Breathe,TOP,WBG,UP,Qingtian,\,08.06.2024,v14.10,2,Blue,0:27:24,Twisted_Fate,Win,16,0,2,6,8,9.4,434,20.90%,1.36,0.55,0.18,0.18,15.60%,398,21.60%,50.00%,1452,12752.7,0,0,0.25,1,2,9,1,1,0,3,0,1,1,0,0,0,4,2,0,50.9
Tarzan,JUNGLE,WBG,UP,H4cker,\,08.06.2024,v14.10,2,Blue,0:27:24,Maokai,Win,14,1,2,9,149,5.9,363,17.50%,1.44,0.36,0.26,0.26,16.40%,185,10.00%,83.30%,-365,28171.7,1,1,0.75,1,2,9,1,1,0,3,0,1,1,0,0,0,4,2,0,50.9
xiaohu,MID,WBG,UP,Yuekai,\,08.06.2024,v14.10,2,Blue,0:27:24,Tristana,Win,16,5,3,5,34,10.6,523,25.20%,1.92,0.33,0.15,0.62,22.00%,606,33.00%,83.30%,1534,15264.8,1,0,1,1,2,9,1,1,0,3,0,1,1,0,0,0,4,2,0,50.9
Light,ADCARRY,WBG,UP,Doggo,\,08.06.2024,v14.10,2,Blue,0:27:24,Ezreal,Win,15,6,2,1,1,10.5,493,23.80%,0.53,0.33,0.04,0.18,6.00%,514,27.90%,58.30%,163,10122.8,0,0,0.25,1,2,9,1,1,0,3,0,1,1,0,0,0,4,2,0,50.9
Crisp,SUPPORT,WBG,UP,Niket,\,08.06.2024,v14.10,2,Blue,0:27:24,Braum,Win,12,0,0,9,0,0.9,259,12.50%,3.48,1.82,0.55,0.4,39.90%,137,7.40%,75.00%,-232,10086.5,0,0,0.5,1,2,9,1,1,0,3,0,1,1,0,0,0,4,2,0,50.9
Qingtian,TOP,UP,WBG,Breathe,\,08.06.2024,v14.10,2,Red,0:27:24,Malphite,Loss,14,2,3,1,0,7.2,341,20.00%,0.67,0.26,0.07,0.11,7.90%,330,20.50%,33.30%,-1452,12834.9,0,0,0.25,0,0,2,0,3,0,3,1,0,0,0,0,0,4,2,0,49.1
H4cker,JUNGLE,UP,WBG,Tarzan,\,08.06.2024,v14.10,2,Red,0:27:24,Olaf,Loss,14,1,3,3,172,7.3,331,19.50%,1.31,0.36,0.29,0.29,15.50%,256,15.90%,44.40%,365,26322.9,0,0,0.5,0,0,2,0,3,0,3,1,0,0,0,0,0,4,2,0,49.1
Yuekai,MID,UP,WBG,xiaohu,\,08.06.2024,v14.10,2,Red,0:27:24,Hwei,Loss,15,1,2,3,5,8.3,360,21.10%,1.2,0.55,0.18,0.11,14.10%,434,27.10%,44.40%,-1534,10425.8,0,0,0.5,0,0,2,0,3,0,3,1,0,0,0,0,0,4,2,0,49.1
Doggo,ADCARRY,UP,WBG,Light,\,08.06.2024,v14.10,2,Red,0:27:24,Kaisa,Loss,14,4,1,3,8,10.1,436,25.60%,1.58,0.47,0.18,0.55,18.50%,470,29.30%,77.80%,-163,10161.7,0,0,0.75,0,0,2,0,3,0,3,1,0,0,0,0,0,4,2,0,49.1
Niket,SUPPORT,UP,WBG,Crisp,\,08.06.2024,v14.10,2,Red,0:27:24,Nautilus,Loss,11,1,3,4,0,1.1,234,13.70%,3.75,1.93,0.58,0.44,44.10%,116,7.20%,55.60%,232,10267.9,0,0,0.75,0,0,2,0,3,0,3,1,0,0,0,0,0,4,2,0,49.1
Qingtian,TOP,UP,WBG,Breathe,\,08.06.2024,v14.10,3,Blue,0:31:10,KSante,Win,17,0,1,8,4,6.2,379,18.40%,0.92,0.32,0.16,0.19,11.20%,355,15.90%,61.50%,-466,22871.5,0,0,0.5,1,0,10,1,4,1,2,1,1,1,0,0,0,5,4,0,57.1
H4cker,JUNGLE,UP,WBG,Tarzan,\,08.06.2024,v14.10,3,Blue,0:31:10,Karthus,Win,17,4,1,6,203,8.3,433,21.10%,1.5,0.35,0.29,0.39,18.40%,736,33.00%,76.90%,317,27441.3,1,1,1,1,0,10,1,4,1,2,1,1,1,0,0,0,5,4,0,57.1
Yuekai,MID,UP,WBG,xiaohu,\,08.06.2024,v14.10,3,Blue,0:31:10,Yone,Win,18,2,0,3,18,9.5,435,21.10%,1.02,0.51,0.29,0.13,12.40%,402,18.00%,38.50%,-80,25290.1,0,0,0,1,0,10,1,4,1,2,1,1,1,0,0,0,5,4,0,57.1
Doggo,ADCARRY,UP,WBG,Light,\,08.06.2024,v14.10,3,Blue,0:31:10,Draven,Win,16,6,0,2,17,9.8,542,26.40%,1.36,0.45,0.16,0.51,16.60%,659,29.60%,61.50%,68,12987.8,1,0,0.5,1,0,10,1,4,1,2,1,1,1,0,0,0,5,4,0,57.1
Niket,SUPPORT,UP,WBG,Crisp,\,08.06.2024,v14.10,3,Blue,0:31:10,Alistar,Win,12,1,2,6,0,1.1,269,13.10%,3.39,2.18,0.71,0.39,41.40%,78,3.50%,53.80%,467,16228.2,1,0,0.5,1,0,10,1,4,1,2,1,1,1,0,0,0,5,4,0,57.1
Breathe,TOP,WBG,UP,Qingtian,\,08.06.2024,v14.10,3,Red,0:31:10,Vayne,Loss,16,3,3,0,11,9.4,419,25.40%,0.95,0.39,0.06,0.26,10.40%,578,26.80%,75.00%,466,18438,0,0,0,0,0,4,0,0,0,4,0,0,0,0,0,0,5,1,0,42.9
Tarzan,JUNGLE,WBG,UP,H4cker,\,08.06.2024,v14.10,3,Red,0:31:10,Sejuani,Loss,13,1,2,3,166,5.8,305,18.40%,1.86,0.64,0.51,0.42,20.50%,276,12.80%,100.00%,-317,27456.8,0,0,1,0,0,4,0,0,0,4,0,0,0,0,0,0,5,1,0,42.9
xiaohu,MID,WBG,UP,Yuekai,\,08.06.2024,v14.10,3,Red,0:31:10,Corki,Loss,15,0,3,2,4,8.5,337,20.40%,2.27,0.83,0.16,0.55,25.00%,547,25.30%,50.00%,80,18586.9,0,0,0,0,0,4,0,0,0,4,0,0,0,0,0,0,5,1,0,42.9
Light,ADCARRY,WBG,UP,Doggo,\,08.06.2024,v14.10,3,Red,0:31:10,Ziggs,Loss,14,0,1,3,1,8.3,390,23.60%,0.84,0.45,0.13,0.13,9.30%,713,33.00%,75.00%,-68,10108.5,0,0,0,0,0,4,0,0,0,4,0,0,0,0,0,0,5,1,0,42.9
Crisp,SUPPORT,WBG,UP,Niket,\,08.06.2024,v14.10,3,Red,0:31:10,Rell,Loss,11,0,4,3,0,1.1,202,12.20%,3.16,1.73,0.67,0.29,34.80%,46,2.10%,75.00%,-467,15496.1,0,0,0,0,0,4,0,0,0,4,0,0,0,0,0,0,5,1,0,42.9
TheNiu,TOP,FPX,EDG,Solokill,\,10.06.2024,v14.10,1,Blue,0:31:55,Mordekaiser,Loss,15,1,4,0,6,7,318,19.40%,0.85,0.31,0.19,0.13,11.00%,286,15.50%,33.30%,-623,16803.1,0,0,0,1,1,3,1,2,0,3,1,0,0,1,0,1,3,0,0,45.4
milkyway,JUNGLE,FPX,EDG,Jiejie,\,10.06.2024,v14.10,1,Blue,0:31:55,Lee_Sin,Loss,14,2,3,0,175,5.7,316,19.30%,1.14,0.38,0.22,0.25,14.80%,176,9.60%,66.70%,107,18721.3,1,0,1,1,1,3,1,2,0,3,1,0,0,1,0,1,3,0,0,45.4
Care,MID,FPX,EDG,Cryin,\,10.06.2024,v14.10,1,Blue,0:31:55,Corki,Loss,17,0,1,1,8,10.5,416,25.40%,1.65,0.6,0.31,0.38,21.30%,579,31.50%,33.30%,-4,15929.6,0,0,0,1,1,3,1,2,0,3,1,0,0,1,0,1,3,0,0,45.4
deokdam,ADCARRY,FPX,EDG,Leave,\,10.06.2024,v14.10,1,Blue,0:31:55,Varus,Loss,14,0,2,3,0,9.3,373,22.80%,1.29,0.75,0.13,0.38,16.70%,501,27.20%,100.00%,1377,12328.1,1,0,1,1,1,3,1,2,0,3,1,0,0,1,0,1,3,0,0,45.4
Life,SUPPORT,FPX,EDG,Wink,\,10.06.2024,v14.10,1,Blue,0:31:55,Rumble,Loss,12,0,3,2,0,0.9,217,13.20%,2.81,1.47,0.38,0.22,36.30%,298,16.20%,66.70%,-1780,11096.1,1,0,0.5,1,1,3,1,2,0,3,1,0,0,1,0,1,3,0,0,45.4
Solokill,TOP,EDG,FPX,TheNiu,\,10.06.2024,v14.10,1,Red,0:31:55,Camille,Win,18,4,0,4,12,9.4,474,23.90%,1.3,0.53,0.31,0.19,13.10%,292,17.90%,61.50%,623,19832.6,0,0,0.5,0,0,10,0,3,0,3,0,1,1,1,0,1,3,3,0,54.6
Jiejie,JUNGLE,EDG,FPX,milkyway,\,10.06.2024,v14.10,1,Red,0:31:55,Xin_Zhao,Win,16,1,1,4,209,7.5,353,17.80%,2.03,0.34,0.25,0.6,20.50%,241,14.80%,38.50%,-107,28135.7,0,0,0.75,0,0,10,0,3,0,3,0,1,1,1,0,1,3,3,0,54.6
Cryin,MID,EDG,FPX,Care,\,10.06.2024,v14.10,1,Red,0:31:55,Hwei,Win,17,3,0,6,0,8.8,417,21.00%,1.51,0.44,0.19,0.22,15.30%,365,22.40%,69.20%,4,9665.41,0,0,1,0,0,10,0,3,0,3,0,1,1,1,0,1,3,3,0,54.6
Leave,ADCARRY,EDG,FPX,deokdam,\,10.06.2024,v14.10,1,Red,0:31:55,Senna,Win,14,4,1,8,5,2.4,361,18.20%,3.69,1.32,0.31,0.91,37.20%,443,27.30%,92.30%,-1377,9411.21,0,0,1,0,0,10,0,3,0,3,0,1,1,1,0,1,3,3,0,54.6
Wink,SUPPORT,EDG,FPX,Life,\,10.06.2024,v14.10,1,Red,0:31:55,Sejuani,Win,16,1,1,7,1,8.6,379,19.10%,1.37,0.6,0.25,0.38,13.80%,285,17.50%,61.50%,1780,21524.6,0,1,1,0,0,10,0,3,0,3,0,1,1,1,0,1,3,3,0,54.6
Solokill,TOP,EDG,FPX,Xiaolaohu,\,10.06.2024,v14.10,2,Blue,0:34:17,Twisted_Fate,Win,18,2,0,6,10,8,413,21.00%,1.47,0.55,0.23,0.32,14.00%,219,11.50%,47.10%,-1700,15182.9,1,0,0.4,0,0,9,0,2,0,2,0,1,1,2,1,1,3,2,1,47.9
Jiejie,JUNGLE,EDG,FPX,milkyway,\,10.06.2024,v14.10,2,Blue,0:34:17,Lee_Sin,Win,17,7,0,7,209,6.8,420,21.40%,1.73,0.53,0.29,0.44,16.40%,458,24.00%,82.40%,377,22128.1,1,1,0.6,0,0,9,0,2,0,2,0,1,1,2,1,1,3,2,1,47.9
Cryin,MID,EDG,FPX,Care,\,10.06.2024,v14.10,2,Blue,0:34:17,Azir,Win,18,1,4,10,11,8.8,402,20.50%,1.64,0.5,0.2,0.35,15.60%,328,17.20%,64.70%,-184,14472.9,0,0,0.6,0,0,9,0,2,0,2,0,1,1,2,1,1,3,2,1,47.9
Leave,ADCARRY,EDG,FPX,deokdam,\,10.06.2024,v14.10,2,Blue,0:34:17,Varus,Win,18,7,0,7,8,10.4,469,23.90%,1.73,0.93,0.23,0.41,16.50%,810,42.50%,82.40%,645,9541.63,1,0,0.8,0,0,9,0,2,0,2,0,1,1,2,1,1,3,2,1,47.9
Wink,SUPPORT,EDG,FPX,Life,\,10.06.2024,v14.10,2,Blue,0:34:17,Rell,Win,13,0,1,15,0,1.3,260,13.20%,3.95,2.22,0.82,0.44,37.60%,92,4.80%,88.20%,379,16098.5,1,0,1,0,0,9,0,2,0,2,0,1,1,2,1,1,3,2,1,47.9
Xiaolaohu,TOP,FPX,EDG,Solokill,\,10.06.2024,v14.10,2,Red,0:34:17,Jayce,Loss,17,0,3,4,8,9.8,405,24.00%,1.58,0.53,0.23,0.44,15.70%,464,32.80%,80.00%,1700,15627.6,0,0,0,1,1,3,1,3,0,4,1,0,0,2,0,1,3,0,1,52.1
milkyway,JUNGLE,FPX,EDG,Jiejie,\,10.06.2024,v14.10,2,Red,0:34:17,Viego,Loss,16,3,2,2,236,7.8,345,20.50%,1.8,0.32,0.29,0.7,17.80%,123,8.70%,100.00%,-377,32774.3,0,0,1,1,1,3,1,3,0,4,1,0,0,2,0,1,3,0,1,52.1
Care,MID,FPX,EDG,Cryin,\,10.06.2024,v14.10,2,Red,0:34:17,Hwei,Loss,16,0,3,4,0,7.8,320,19.00%,1.53,0.61,0.26,0.35,15.20%,266,18.80%,80.00%,184,13325.8,0,0,1,1,1,3,1,3,0,4,1,0,0,2,0,1,3,0,1,52.1
deokdam,ADCARRY,FPX,EDG,Leave,\,10.06.2024,v14.10,2,Red,0:34:17,Ashe,Loss,16,2,2,2,15,10.2,405,24.10%,1.6,0.32,0.06,0.47,15.90%,477,33.70%,80.00%,-645,14899.1,0,0,0,1,1,3,1,3,0,4,1,0,0,2,0,1,3,0,1,52.1
Life,SUPPORT,FPX,EDG,Wink,\,10.06.2024,v14.10,2,Red,0:34:17,Leona,Loss,12,0,7,5,0,1.1,209,12.40%,3.58,1.9,0.44,0.41,35.50%,85,6.00%,100.00%,-379,20159.9,0,0,1,1,1,3,1,3,0,4,1,0,0,2,0,1,3,0,1,52.1
Bin,TOP,BLG,LGD,Burdol,\,10.06.2024,v14.10,1,Blue,0:44:06,Kennen,Win,18,5,3,4,18,8.7,440,20.70%,1.3,0.14,0.09,0.34,13.80%,627,19.90%,40.90%,2367,25367.3,1,0,0.5,1,2,10,0,0,2,6,1,1,3,1,0,0,6,3,2,53.1
XUN,JUNGLE,BLG,LGD,Meteor,\,10.06.2024,v14.10,1,Blue,0:44:06,Karthus,Win,18,5,6,10,281,7,397,18.70%,1.06,0.16,0.14,0.25,11.20%,700,22.20%,68.20%,1184,43277,1,0,0.5,1,2,10,0,0,2,6,1,1,3,1,0,0,6,3,2,53.1
Knight,MID,BLG,LGD,Haichao,\,10.06.2024,v14.10,1,Blue,0:44:06,Corki,Win,18,4,2,6,37,10.3,500,23.60%,1.59,0.14,0.07,0.43,16.80%,813,25.70%,45.50%,1969,35573.6,0,0,0.125,1,2,10,0,0,2,6,1,1,3,1,0,0,6,3,2,53.1
Elk,ADCARRY,BLG,LGD,Shaoye,\,10.06.2024,v14.10,1,Blue,0:44:06,Varus,Win,18,5,6,6,9,8.2,481,22.70%,1.49,0.52,0.18,0.39,15.80%,879,27.80%,50.00%,266,17584,0,0,0.25,1,2,10,0,0,2,6,1,1,3,1,0,0,6,3,2,53.1
ON,SUPPORT,BLG,LGD,jinjiao,\,10.06.2024,v14.10,1,Blue,0:44:06,Rell,Win,18,3,4,14,0,1.4,303,14.30%,4.01,1.84,0.59,0.66,42.40%,141,4.50%,77.30%,-74,26649.4,0,1,0.375,1,2,10,0,0,2,6,1,1,3,1,0,0,6,3,2,53.1
Burdol,TOP,LGD,BLG,Bin,\,10.06.2024,v14.10,1,Red,0:44:06,Rumble,Loss,17,3,7,7,8,6.1,317,17.80%,1.18,0.43,0.29,0.16,12.90%,617,27.70%,47.60%,-2367,37744.8,0,0,0.167,0,0,3,1,4,0,0,0,0,0,1,1,0,6,1,2,46.9
Meteor,JUNGLE,LGD,BLG,XUN,\,10.06.2024,v14.10,1,Red,0:44:06,Graves,Loss,18,5,4,9,265,8,382,21.50%,1.55,0.23,0.16,0.43,16.90%,406,18.20%,66.70%,-1184,36692.7,0,0,0.667,0,0,3,1,4,0,0,0,0,0,1,1,0,6,1,2,46.9
Haichao,MID,LGD,BLG,Knight,\,10.06.2024,v14.10,1,Red,0:44:06,Taliyah,Loss,18,4,2,4,14,10,431,24.20%,1.86,0.66,0.39,0.32,20.20%,386,17.30%,38.10%,-1969,20872.2,0,0,0.167,0,0,3,1,4,0,0,0,0,0,1,1,0,6,1,2,46.9
Shaoye,ADCARRY,LGD,BLG,Elk,\,10.06.2024,v14.10,1,Red,0:44:06,Jhin,Loss,18,5,4,9,18,8.8,409,23.00%,1.07,0.54,0.2,0.2,11.60%,507,22.80%,66.70%,-266,27027.8,0,0,0.667,0,0,3,1,4,0,0,0,0,0,1,1,0,6,1,2,46.9
jinjiao,SUPPORT,LGD,BLG,ON,\,10.06.2024,v14.10,1,Red,0:44:06,Leona,Loss,15,4,5,9,0,0.9,242,13.60%,3.52,1.59,0.43,0.48,38.40%,311,14.00%,61.90%,74,45003.4,0,0,0.833,0,0,3,1,4,0,0,0,0,0,1,1,0,6,1,2,46.9
Burdol,TOP,LGD,BLG,Bin,\,10.06.2024,v14.10,2,Blue,0:41:21,KSante,Loss,17,3,4,1,0,6.2,301,17.80%,1.26,0.46,0.34,0.24,15.70%,279,12.90%,40.00%,-2083,41766.2,0,0,0,0,0,6,1,4,0,2,1,1,1,0,0,0,6,1,1,43.1
Meteor,JUNGLE,LGD,BLG,XUN,\,10.06.2024,v14.10,2,Blue,0:41:21,Zyra,Loss,16,1,3,8,219,5.8,303,17.90%,1.16,0.22,0.17,0.27,14.40%,571,26.40%,90.00%,-29,23442.7,0,0,0.75,0,0,6,1,4,0,2,1,1,1,0,0,0,6,1,1,43.1
Haichao,MID,LGD,BLG,Knight,\,10.06.2024,v14.10,2,Blue,0:41:21,Tristana,Loss,18,4,1,3,25,9.7,463,27.30%,1.46,0.48,0.12,0.41,18.20%,537,24.90%,70.00%,972,21369.6,1,0,0.5,0,0,6,1,4,0,2,1,1,1,0,0,0,6,1,1,43.1
Shaoye,ADCARRY,LGD,BLG,Elk,\,10.06.2024,v14.10,2,Blue,0:41:21,Varus,Loss,17,0,3,8,0,7.4,396,23.40%,0.95,0.51,0.15,0.29,11.80%,651,30.10%,80.00%,1921,18427,0,0,0.5,0,0,6,1,4,0,2,1,1,1,0,0,0,6,1,1,43.1
jinjiao,SUPPORT,LGD,BLG,ON,\,10.06.2024,v14.10,2,Blue,0:41:21,Alistar,Loss,12,2,5,6,0,0.6,230,13.60%,3.2,1.57,0.53,0.22,39.80%,121,5.60%,80.00%,-985,31282.6,1,0,0.75,0,0,6,1,4,0,2,1,1,1,0,0,0,6,1,1,43.1
Bin,TOP,BLG,LGD,Burdol,\,10.06.2024,v14.10,2,Red,0:41:21,Rumble,Win,18,8,0,6,12,9.2,515,27.10%,1.03,0.31,0.15,0.15,11.20%,708,27.40%,87.50%,2083,20255.2,0,1,1,1,2,7,0,3,0,4,0,0,2,0,0,0,6,4,1,56.9
XUN,JUNGLE,BLG,LGD,Meteor,\,10.06.2024,v14.10,2,Red,0:41:21,Kindred,Win,18,7,1,4,305,9.2,444,23.40%,1.75,0.22,0.17,0.56,19.00%,535,20.70%,68.80%,29,28387.3,0,0,0,1,2,7,0,3,0,4,0,0,2,0,0,0,6,4,1,56.9
Knight,MID,BLG,LGD,Haichao,\,10.06.2024,v14.10,2,Red,0:41:21,Hwei,Win,18,1,4,10,5,8.5,374,19.70%,1.63,0.53,0.17,0.24,17.60%,569,22.10%,68.80%,-972,19087.3,0,0,0,1,2,7,0,3,0,4,0,0,2,0,0,0,6,4,1,56.9
Elk,ADCARRY,BLG,LGD,Shaoye,\,10.06.2024,v14.10,2,Red,0:41:21,Senna,Win,16,0,0,14,0,2,288,15.20%,3.7,1.55,0.24,0.75,40.00%,533,20.60%,87.50%,-1921,14604.8,0,0,0,1,2,7,0,3,0,4,0,0,2,0,0,0,6,4,1,56.9
ON,SUPPORT,BLG,LGD,jinjiao,\,10.06.2024,v14.10,2,Red,0:41:21,Nautilus,Win,15,0,5,10,0,4.6,278,14.60%,1.13,0.41,0.27,0.17,12.30%,235,9.10%,62.50%,985,33416.4,0,0,0,1,2,7,0,3,0,4,0,0,2,0,0,0,6,4,1,56.9
ZUIAN,TOP,IG,AL,Ale,\,11.06.2024,v14.10,1,Blue,0:27:42,Udyr,Loss,15,0,6,10,0,6.2,319,15.80%,0.75,0.32,0.11,0.11,9.90%,604,21.90%,52.60%,-1871,33899,0,0,0.167,0,0,3,1,1,0,3,0,1,1,0,0,0,6,0,2,36.5
glfs,JUNGLE,IG,AL,Croco,\,11.06.2024,v14.10,1,Blue,0:27:42,Taliyah,Loss,15,7,6,10,152,7.4,476,23.60%,1.14,0.4,0.29,0.14,15.10%,749,27.10%,89.50%,-1097,25110.1,0,0,0.833,0,0,3,1,1,0,3,0,1,1,0,0,0,6,0,2,36.5
neny,MID,IG,AL,Shanks,\,11.06.2024,v14.10,1,Blue,0:27:42,Tristana,Loss,15,2,7,4,0,8.1,428,21.20%,0.62,0.4,0.14,0.07,8.30%,379,13.70%,31.60%,-2838,27742.4,0,0,0.167,0,0,3,1,1,0,3,0,1,1,0,0,0,6,0,2,36.5
Ahn,ADCARRY,IG,AL,Hope,\,11.06.2024,v14.10,1,Blue,0:27:42,Miss_Fortune,Loss,15,7,6,10,0,7.9,486,24.10%,1.12,0.4,0.07,0.32,14.90%,848,30.70%,89.50%,-487,20764.8,0,0,1,0,0,3,1,1,0,3,0,1,1,0,0,0,6,0,2,36.5
Vampire,SUPPORT,IG,AL,Kael,\,11.06.2024,v14.10,1,Blue,0:27:42,Leona,Loss,12,3,7,10,0,1.3,307,15.20%,3.89,1.81,0.65,0.61,51.80%,184,6.70%,68.40%,373,26415.2,0,0,0.833,0,0,3,1,1,0,3,0,1,1,0,0,0,6,0,2,36.5
Ale,TOP,AL,IG,ZUIAN,\,11.06.2024,v14.10,1,Red,0:27:42,Renekton,Win,17,6,2,7,12,9.4,510,22.60%,1.28,0.29,0.07,0.36,15.60%,709,16.80%,40.60%,1871,29928.1,0,0,0.231,1,2,9,0,3,0,3,1,0,0,0,0,0,6,4,2,63.5
Croco,JUNGLE,AL,IG,glfs,\,11.06.2024,v14.10,1,Red,0:27:42,Karthus,Win,17,7,4,12,226,9,480,21.30%,1.14,0.25,0.22,0.07,13.90%,1212,28.70%,59.40%,1097,28647,1,0,0.692,1,2,9,0,3,0,3,1,0,0,0,0,0,6,4,2,63.5
Shanks,MID,AL,IG,neny,\,11.06.2024,v14.10,1,Red,0:27:42,Corki,Win,16,15,3,11,20,8.3,563,25.00%,0.9,0.32,0.04,0.25,11.00%,1410,33.40%,81.30%,2838,23802,1,1,0.615,1,2,9,0,3,0,3,1,0,0,0,0,0,6,4,2,63.5
Hope,ADCARRY,AL,IG,Ahn,\,11.06.2024,v14.10,1,Red,0:27:42,Jinx,Win,15,4,5,16,6,8.6,433,19.20%,1.56,0.47,0.14,0.65,19.00%,645,15.30%,62.50%,487,14594.1,0,0,0.538,1,2,9,0,3,0,3,1,0,0,0,0,0,6,4,2,63.5
Kael,SUPPORT,AL,IG,Vampire,\,11.06.2024,v14.10,1,Red,0:27:42,Nautilus,Win,11,0,7,20,0,1,269,12.00%,3.32,1.59,0.61,0.32,40.50%,247,5.80%,62.50%,-373,19410.1,0,0,0.615,1,2,9,0,3,0,3,1,0,0,0,0,0,6,4,2,63.5
Ale,TOP,AL,IG,ZUIAN,\,11.06.2024,v14.10,2,Blue,0:27:28,Kennen,Win,16,2,1,6,8,9.1,505,22.60%,1.16,0.4,0.22,0.22,13.20%,797,26.30%,33.30%,2421,16295.2,0,0,0.2,1,1,10,1,2,0,6,1,1,1,4,3,0,3,2,0,66.7
Croco,JUNGLE,AL,IG,glfs,\,11.06.2024,v14.10,2,Blue,0:27:28,Viego,Win,15,5,4,7,182,7.5,404,18.10%,1.32,0.22,0.25,0.33,15.00%,546,18.00%,50.00%,1724,30332.1,0,0,0.7,1,1,10,1,2,0,6,1,1,1,4,3,0,3,2,0,66.7
Shanks,MID,AL,IG,neny,\,11.06.2024,v14.10,2,Blue,0:27:28,Yone,Win,16,5,2,5,22,9.4,471,21.10%,1.09,0.36,0.11,0.18,12.40%,753,24.80%,41.70%,402,22584.8,0,0,0.1,1,1,10,1,2,0,6,1,1,1,4,3,0,3,2,0,66.7
Hope,ADCARRY,AL,IG,Ahn,\,11.06.2024,v14.10,2,Blue,0:27:28,Varus,Win,16,8,0,7,4,9.9,556,24.90%,1.31,0.73,0.15,0.25,14.80%,664,21.90%,62.50%,1226,7645.08,0,0,0.6,1,1,10,1,2,0,6,1,1,1,4,3,0,3,2,0,66.7
Kael,SUPPORT,AL,IG,Vampire,\,11.06.2024,v14.10,2,Blue,0:27:28,Leona,Win,12,4,2,13,0,1.2,298,13.30%,3.92,1.89,0.55,0.58,44.60%,275,9.10%,70.80%,909,16676.7,0,1,0.7,1,1,10,1,2,0,6,1,1,1,4,3,0,3,2,0,66.7
ZUIAN,TOP,IG,AL,Ale,\,11.06.2024,v14.10,2,Red,0:27:28,KSante,Loss,14,2,6,1,0,6.8,326,20.10%,0.8,0.29,0.04,0.18,9.20%,519,24.50%,33.30%,-2421,30442.4,0,0,0,0,0,1,0,1,0,0,0,0,0,4,1,0,3,1,0,33.3
glfs,JUNGLE,IG,AL,Croco,\,11.06.2024,v14.10,2,Red,0:27:28,Lee_Sin,Loss,12,0,8,5,106,4.2,264,16.20%,1.68,0.69,0.36,0.33,19.30%,298,14.00%,55.60%,-1724,26541.5,1,0,1,0,0,1,0,1,0,0,0,0,0,4,1,0,3,1,0,33.3
neny,MID,IG,AL,Shanks,\,11.06.2024,v14.10,2,Red,0:27:28,Hwei,Loss,15,1,1,5,1,8.7,374,23.00%,1.08,0.55,0.25,0.15,12.50%,637,30.00%,66.70%,-402,15710.3,0,0,0,0,0,1,0,1,0,0,0,0,0,4,1,0,3,1,0,33.3
Ahn,ADCARRY,IG,AL,Hope,\,11.06.2024,v14.10,2,Red,0:27:28,Draven,Loss,13,6,5,1,0,7.9,437,26.90%,1.52,0.51,0.15,0.33,17.60%,470,22.10%,77.80%,-1226,15860.2,1,0,1,0,0,1,0,1,0,0,0,0,0,4,1,0,3,1,0,33.3
Vampire,SUPPORT,IG,AL,Kael,\,11.06.2024,v14.10,2,Red,0:27:28,Nautilus,Loss,11,0,4,5,1,1,225,13.90%,3.59,1.78,0.69,0.47,41.40%,198,9.30%,55.60%,-909,11919.3,1,0,0.5,0,0,1,0,1,0,0,0,0,0,4,1,0,3,1,0,33.3
shanji,TOP,NIP,UP,Qingtian,\,11.06.2024,v14.10,1,Blue,0:36:11,Camille,Win,18,7,5,5,18,8.4,459,22.30%,1.04,0.19,0.08,0.25,10.40%,533,22.40%,52.20%,845,28466.4,0,0,0.375,0,2,11,0,2,0,0,1,1,2,1,0,0,3,3,0,56.7
AKi,JUNGLE,NIP,UP,H4cker,\,11.06.2024,v14.10,1,Blue,0:36:11,RekSai,Win,17,5,2,15,202,6.7,412,20.00%,1.9,0.3,0.25,0.47,18.90%,362,15.20%,87.00%,647,36589.6,0,0,0.875,0,2,11,0,2,0,0,1,1,2,1,0,0,3,3,0,56.7
RooKie,MID,NIP,UP,Yuekai,\,11.06.2024,v14.10,1,Blue,0:36:11,Taliyah,Win,18,4,3,11,24,8.7,446,21.70%,1.28,0.44,0.28,0.22,12.70%,750,31.60%,65.20%,831,15288.7,0,1,0.5,0,2,11,0,2,0,0,1,1,2,1,0,0,3,3,0,56.7
Photic,ADCARRY,NIP,UP,Doggo,\,11.06.2024,v14.10,1,Blue,0:36:11,Senna,Win,15,3,0,16,15,2.5,354,17.20%,3.67,1.33,0.28,0.69,36.50%,476,20.00%,82.60%,-2398,15195.8,0,0,0.875,0,2,11,0,2,0,0,1,1,2,1,0,0,3,3,0,56.7
Zhuo,SUPPORT,NIP,UP,Niket,\,11.06.2024,v14.10,1,Blue,0:36:11,Ornn,Win,17,4,2,10,0,7.2,385,18.70%,2.17,0.83,0.41,0.28,21.60%,256,10.80%,60.90%,557,30397.8,0,0,0.375,0,2,11,0,2,0,0,1,1,2,1,0,0,3,3,0,56.7
Qingtian,TOP,UP,NIP,shanji,\,11.06.2024,v14.10,1,Red,0:36:11,Twisted_Fate,Loss,16,3,8,8,0,6.2,379,21.60%,1.11,0.41,0.06,0.33,14.20%,365,17.10%,91.70%,-845,22785.8,1,0,0.857,1,2,2,1,3,0,6,0,0,0,1,1,0,3,0,0,43.3
H4cker,JUNGLE,UP,NIP,AKi,\,11.06.2024,v14.10,1,Red,0:36:11,Xin_Zhao,Loss,16,1,3,5,178,6.9,321,18.30%,1.56,0.33,0.28,0.47,19.90%,243,11.30%,50.00%,-647,40284.7,1,0,0.429,1,2,2,1,3,0,6,0,0,0,1,1,0,3,0,0,43.3
Yuekai,MID,UP,NIP,RooKie,\,11.06.2024,v14.10,1,Red,0:36:11,Aurelion_Sol,Loss,17,4,5,4,4,7.4,368,21.00%,0.66,0.47,0.19,0.03,8.40%,574,26.80%,66.70%,-831,17920.6,1,0,0.429,1,2,2,1,3,0,6,0,0,0,1,1,0,3,0,0,43.3
Doggo,ADCARRY,UP,NIP,Photic,\,11.06.2024,v14.10,1,Red,0:36:11,Ezreal,Loss,18,2,3,3,13,10.6,441,25.10%,1.32,0.5,0.22,0.33,16.70%,852,39.80%,41.70%,2398,21433.1,1,0,0.286,1,2,2,1,3,0,6,0,0,0,1,1,0,3,0,0,43.3
Niket,SUPPORT,UP,NIP,Zhuo,\,11.06.2024,v14.10,1,Red,0:36:11,Nautilus,Loss,13,2,4,3,3,1,247,14.10%,3.21,2.24,0.77,0.28,40.80%,107,5.00%,41.70%,-557,13100.2,1,0,0.571,1,2,2,1,3,0,6,0,0,0,1,1,0,3,0,0,43.3
Qingtian,TOP,UP,NIP,shanji,\,11.06.2024,v14.10,2,Blue,0:33:11,Skarner,Loss,17,1,5,4,2,7.6,330,18.80%,0.89,0.3,0.15,0.3,11.20%,408,19.40%,62.50%,-1104,26560.3,0,0,0.5,0,0,1,1,1,0,3,0,1,1,0,0,0,6,3,0,46.1
H4cker,JUNGLE,UP,NIP,AKi,\,11.06.2024,v14.10,2,Blue,0:33:11,Lillia,Loss,16,2,4,5,193,7.3,372,21.20%,1.12,0.18,0.12,0.24,14.00%,504,24.00%,87.50%,-429,37916.7,0,0,0.5,0,0,1,1,1,0,3,0,1,1,0,0,0,6,3,0,46.1
Yuekai,MID,UP,NIP,RooKie,\,11.06.2024,v14.10,2,Blue,0:33:11,Corki,Loss,16,4,3,2,0,8.7,425,24.20%,0.61,0.48,0.15,0.18,7.70%,516,24.50%,75.00%,-1414,21800,0,0,0.5,0,0,1,1,1,0,3,0,1,1,0,0,0,6,3,0,46.1
Doggo,ADCARRY,UP,NIP,Photic,\,11.06.2024,v14.10,2,Blue,0:33:11,Zeri,Loss,17,0,0,8,7,10.6,406,23.10%,1.48,0.39,0.21,0.75,18.60%,577,27.40%,100.00%,-67,24171.6,0,0,1,0,0,1,1,1,0,3,0,1,1,0,0,0,6,3,0,46.1
Niket,SUPPORT,UP,NIP,Zhuo,\,11.06.2024,v14.10,2,Blue,0:33:11,Leona,Loss,12,1,3,5,0,1.2,221,12.60%,3.85,2.44,0.69,0.69,48.50%,97,4.60%,75.00%,-115,21259.5,0,0,1,0,0,1,1,1,0,3,0,1,1,0,0,0,6,3,0,46.1
shanji,TOP,NIP,UP,Qingtian,\,11.06.2024,v14.10,2,Red,0:33:11,KSante,Win,17,3,1,6,4,8.3,406,20.10%,0.55,0.18,0.09,0.06,5.20%,316,10.20%,60.00%,1104,23062.8,0,0,0.429,1,0,11,0,4,0,3,1,0,1,0,0,0,6,3,0,53.9
AKi,JUNGLE,NIP,UP,H4cker,\,11.06.2024,v14.10,2,Red,0:33:11,Sejuani,Win,15,0,1,8,176,6.3,335,16.50%,1.44,0.21,0.21,0.42,13.70%,206,6.70%,53.30%,429,38711,1,0,0.714,1,0,11,0,4,0,3,1,0,1,0,0,0,6,3,0,53.9
RooKie,MID,NIP,UP,Yuekai,\,11.06.2024,v14.10,2,Red,0:33:11,Tristana,Win,18,9,1,4,51,10.9,562,27.80%,1.72,0.51,0.21,0.36,16.20%,1240,40.00%,86.70%,1414,22299.2,1,1,0.857,1,0,11,0,4,0,3,1,0,1,0,0,0,6,3,0,53.9
Photic,ADCARRY,NIP,UP,Doggo,\,11.06.2024,v14.10,2,Red,0:33:11,Ziggs,Win,18,3,2,10,5,10.3,462,22.90%,1.66,0.51,0.15,0.45,15.70%,1202,38.70%,86.70%,67,13039.4,1,0,0.857,1,0,11,0,4,0,3,1,0,1,0,0,0,6,3,0,53.9
Zhuo,SUPPORT,NIP,UP,Niket,\,11.06.2024,v14.10,2,Red,0:33:11,Rakan,Win,12,0,3,13,0,1.2,258,12.80%,5.21,3.13,0.54,0.75,49.20%,138,4.50%,86.70%,115,15239.2,1,0,0.857,1,0,11,0,4,0,3,1,0,1,0,0,0,6,3,0,53.9
Zika,TOP,LNG,RA,Xiaoxu,\,12.06.2024,v14.10,1,Blue,0:34:08,Renekton,Win,18,2,2,5,6,9.3,422,20.60%,0.85,0.32,0.18,0.18,9.20%,530,20.40%,53.80%,66,35244.4,0,0,\,1,1,10,0,2,0,3,1,1,1,1,0,1,2,1,1,55.4
WeiWei,JUNGLE,LNG,RA,Xiaohao,\,12.06.2024,v14.10,1,Blue,0:34:08,Lillia,Win,17,3,0,5,246,8,394,19.30%,1.94,0.32,0.26,0.44,21.00%,443,17.00%,61.50%,19,40218.4,0,0,\,1,1,10,0,2,0,3,1,1,1,1,0,1,2,1,1,55.4
Scout,MID,LNG,RA,Vicla,\,12.06.2024,v14.10,1,Blue,0:34:08,Corki,Win,18,5,1,8,19,8.7,471,23.00%,1.25,0.35,0.09,0.38,13.50%,760,29.20%,100.00%,789,18186.7,0,1,\,1,1,10,0,2,0,3,1,1,1,1,0,1,2,1,1,55.4
GALA,ADCARRY,LNG,RA,Assum,\,12.06.2024,v14.10,1,Blue,0:34:08,Ziggs,Win,18,3,0,7,6,10,486,23.80%,0.92,0.38,0.18,0.12,9.90%,773,29.60%,76.90%,1086,5745.98,0,0,\,1,1,10,0,2,0,3,1,1,1,1,0,1,2,1,1,55.4
Hang,SUPPORT,LNG,RA,Jwei,\,12.06.2024,v14.10,1,Blue,0:34:08,Nautilus,Win,13,0,3,9,0,1.3,272,13.30%,4.3,2.08,0.64,0.56,46.40%,99,3.80%,69.20%,622,11820.1,0,0,\,1,1,10,0,2,0,3,1,1,1,1,0,1,2,1,1,55.4
Xiaoxu,TOP,RA,LNG,Zika,\,12.06.2024,v14.10,1,Red,0:34:08,Skarner,Loss,16,0,3,4,0,8.2,352,21.30%,1.1,0.35,0.18,0.21,12.70%,542,29.90%,66.70%,-66,26063,1,0,1,0,0,2,1,3,0,3,0,0,0,1,0,1,2,0,1,44.6
Xiaohao,JUNGLE,RA,LNG,WeiWei,\,12.06.2024,v14.10,1,Red,0:34:08,Viego,Loss,16,1,2,2,198,6.9,326,19.70%,1.93,0.38,0.35,0.44,22.30%,105,5.80%,50.00%,-19,28854.9,1,0,1,0,0,2,1,3,0,3,0,0,0,1,0,1,2,0,1,44.6
Vicla,MID,RA,LNG,Scout,\,12.06.2024,v14.10,1,Red,0:34:08,Hwei,Loss,17,1,2,4,1,8.8,349,21.10%,1.4,0.47,0.21,0.26,16.20%,439,24.30%,83.30%,-789,18101.1,0,0,0,0,0,2,1,3,0,3,0,0,0,1,0,1,2,0,1,44.6
Assum,ADCARRY,RA,LNG,GALA,\,12.06.2024,v14.10,1,Red,0:34:08,Jinx,Loss,16,4,2,1,24,10.3,424,25.70%,0.91,0.29,0.09,0.26,10.50%,555,30.70%,83.30%,-1086,20424.1,0,0,0,0,0,2,1,3,0,3,0,0,0,1,0,1,2,0,1,44.6
Jwei,SUPPORT,RA,LNG,Hang,\,12.06.2024,v14.10,1,Red,0:34:08,Leona,Loss,12,0,4,4,0,1,202,12.20%,3.32,1.73,0.62,0.38,38.30%,169,9.30%,66.70%,-622,24467.7,0,0,0,0,0,2,1,3,0,3,0,0,0,1,0,1,2,0,1,44.6
Xiaoxu,TOP,RA,LNG,Zika,\,12.06.2024,v14.10,2,Blue,0:29:00,KSante,Win,14,3,2,4,12,6.6,375,20.50%,1.01,0.41,0.14,0.14,12.50%,335,15.60%,63.60%,1302,20706.9,0,0,0.333,0,3,8,0,1,0,6,0,0,0,0,0,0,3,1,0,57.9
Xiaohao,JUNGLE,RA,LNG,WeiWei,\,12.06.2024,v14.10,2,Blue,0:29:00,Lillia,Win,15,5,0,5,188,7.4,400,21.90%,1.14,0.17,0.1,0.21,14.10%,704,32.80%,90.90%,1149,32325.8,0,1,1,0,3,8,0,1,0,6,0,0,0,0,0,0,3,1,0,57.9
Vicla,MID,RA,LNG,Scout,\,12.06.2024,v14.10,2,Blue,0:29:00,Tristana,Win,15,0,1,8,21,9.7,399,21.90%,1.77,0.52,0.17,0.59,21.90%,459,21.40%,72.70%,675,16635.7,0,0,0.333,0,3,8,0,1,0,6,0,0,0,0,0,0,3,1,0,57.9
Assum,ADCARRY,RA,LNG,GALA,\,12.06.2024,v14.10,2,Blue,0:29:00,Varus,Win,14,3,3,4,0,7.7,416,22.80%,1.04,0.45,0.17,0.31,12.90%,497,23.20%,63.60%,1684,10148.3,0,0,0,0,3,8,0,1,0,6,0,0,0,0,0,0,3,1,0,57.9
Jwei,SUPPORT,RA,LNG,Hang,\,12.06.2024,v14.10,2,Blue,0:29:00,Nautilus,Win,11,0,1,7,0,1.1,234,12.80%,3.13,1.9,0.59,0.21,38.70%,150,7.00%,63.60%,-2016,10804.2,0,0,0.333,0,3,8,0,1,0,6,0,0,0,0,0,0,3,1,0,57.9
Zika,TOP,LNG,RA,Xiaoxu,\,12.06.2024,v14.10,2,Red,0:29:00,Vayne,Loss,14,3,4,1,16,7.4,351,22.10%,1.59,0.52,0.21,0.45,19.90%,510,27.70%,57.10%,-1302,16460.8,0,0,0,1,1,1,1,3,0,0,1,1,1,0,0,0,3,2,0,42.1
WeiWei,JUNGLE,LNG,RA,Xiaohao,\,12.06.2024,v14.10,2,Red,0:29:00,Xin_Zhao,Loss,13,1,2,5,140,6.1,320,20.20%,1.81,0.31,0.24,0.55,22.70%,212,11.50%,85.70%,-1149,31768.8,0,0,0.5,1,1,1,1,3,0,0,1,1,1,0,0,0,3,2,0,42.1
Scout,MID,LNG,RA,Vicla,\,12.06.2024,v14.10,2,Red,0:29:00,Taliyah,Loss,14,0,4,4,5,7.7,314,19.80%,0.94,0.48,0.28,0.07,11.90%,454,24.70%,57.10%,-675,12236,0,0,0.5,1,1,1,1,3,0,0,1,1,1,0,0,0,3,2,0,42.1
GALA,ADCARRY,LNG,RA,Assum,\,12.06.2024,v14.10,2,Red,0:29:00,Senna,Loss,12,2,0,4,0,0.8,263,16.60%,2.48,1.21,0.41,0.21,31.10%,300,16.30%,85.70%,-1684,6518.57,0,0,0.5,1,1,1,1,3,0,0,1,1,1,0,0,0,3,2,0,42.1
Hang,SUPPORT,LNG,RA,Jwei,\,12.06.2024,v14.10,2,Red,0:29:00,Ornn,Loss,14,1,1,6,0,7.1,340,21.40%,1.15,0.62,0.31,0.24,14.40%,366,19.90%,100.00%,2016,21847.7,1,0,1,1,1,1,1,3,0,0,1,1,1,0,0,0,3,2,0,42.1
Zika,TOP,LNG,RA,Xiaoxu,\,12.06.2024,v14.10,3,Blue,0:40:06,KSante,Loss,18,0,5,2,4,7.8,350,19.30%,0.84,0.35,0.12,0.12,8.50%,306,17.60%,33.30%,1145,32323.8,0,0,0.5,1,2,5,0,2,0,6,1,1,2,0,0,0,3,0,0,52.8
WeiWei,JUNGLE,LNG,RA,Xiaohao,\,12.06.2024,v14.10,3,Blue,0:40:06,Brand,Loss,18,4,3,1,273,7.5,383,21.20%,1.9,0.95,0.2,0.35,19.30%,426,24.50%,83.30%,1263,26704.2,1,0,1,1,2,5,0,2,0,6,1,1,2,0,0,0,3,0,0,52.8
Scout,MID,LNG,RA,Vicla,\,12.06.2024,v14.10,3,Blue,0:40:06,Twisted_Fate,Loss,18,0,2,4,37,8.6,430,23.80%,1.57,0.3,0.12,0.57,15.90%,404,23.30%,66.70%,1165,20571,0,0,0.5,1,2,5,0,2,0,6,1,1,2,0,0,0,3,0,0,52.8
GALA,ADCARRY,LNG,RA,Assum,\,12.06.2024,v14.10,3,Blue,0:40:06,Varus,Loss,18,2,3,2,0,9.5,405,22.40%,1.64,0.75,0.17,0.27,16.70%,484,27.90%,66.70%,1290,11347.7,1,0,0.5,1,2,5,0,2,0,6,1,1,2,0,0,0,3,0,0,52.8
Hang,SUPPORT,LNG,RA,Jwei,\,12.06.2024,v14.10,3,Blue,0:40:06,Leona,Loss,13,0,4,5,0,1.4,239,13.20%,3.88,1.65,0.45,0.67,39.50%,118,6.80%,83.30%,698,20065.7,1,0,0.5,1,2,5,0,2,0,6,1,1,2,0,0,0,3,0,0,52.8
Xiaoxu,TOP,RA,LNG,Zika,\,12.06.2024,v14.10,3,Red,0:40:06,Jax,Win,18,2,2,7,17,7.7,378,20.30%,0.7,0.37,0.15,0.12,8.00%,449,23.60%,52.90%,-1145,25801.6,0,0,\,0,0,8,1,4,0,0,0,0,1,0,0,0,3,3,0,47.2
Xiaohao,JUNGLE,RA,LNG,WeiWei,\,12.06.2024,v14.10,3,Red,0:40:06,Taliyah,Win,18,5,0,5,245,7.4,376,20.20%,2.55,0.92,0.2,0.65,29.40%,321,16.90%,58.80%,-1263,12533.2,0,0,\,0,0,8,1,4,0,0,0,0,1,0,0,0,3,3,0,47.2
Vicla,MID,RA,LNG,Scout,\,12.06.2024,v14.10,3,Red,0:40:06,Yone,Win,18,2,2,8,19,10.3,434,23.30%,0.96,0.25,0.27,0.27,11.10%,454,23.90%,58.80%,-1165,22794.6,0,0,\,0,0,8,1,4,0,0,0,0,1,0,0,0,3,3,0,47.2
Assum,ADCARRY,RA,LNG,GALA,\,12.06.2024,v14.10,3,Red,0:40:06,Jhin,Win,18,8,0,7,0,8.8,439,23.50%,0.74,0.3,0.07,0.27,8.50%,585,30.80%,88.20%,-1290,14257.2,0,1,\,0,0,8,1,4,0,0,0,0,1,0,0,0,3,3,0,47.2
Jwei,SUPPORT,RA,LNG,Hang,\,12.06.2024,v14.10,3,Red,0:40:06,Rell,Win,15,0,2,15,0,1,238,12.70%,3.73,2.22,0.67,0.5,43.00%,92,4.80%,88.20%,-698,15414.9,0,0,\,0,0,8,1,4,0,0,0,0,1,0,0,0,3,3,0,47.2
369,TOP,TES,OMG,Hery,\,12.06.2024,v14.10,1,Blue,0:32:32,Skarner,Win,17,3,2,17,0,5.3,366,17.60%,0.97,0.46,0.25,0.12,10.40%,651,19.10%,76.90%,450,31429.2,0,0,0,1,1,11,0,4,0,5,0,1,1,1,1,0,5,4,0,64.9
Tian,JUNGLE,TES,OMG,xiaofang,\,12.06.2024,v14.10,1,Blue,0:32:32,Nidalee,Win,18,10,1,13,246,8.4,495,23.80%,1.83,0.15,0.12,0.61,19.50%,856,25.20%,88.50%,739,36519.3,0,1,1,1,1,11,0,4,0,5,0,1,1,1,1,0,5,4,0,64.9
Creme,MID,TES,OMG,Angel,\,12.06.2024,v14.10,1,Blue,0:32:32,Yone,Win,18,3,2,15,16,9.6,447,21.50%,1.13,0.31,0.09,0.28,12.00%,873,25.60%,69.20%,-42,29633.2,0,0,0.667,1,1,11,0,4,0,5,0,1,1,1,1,0,5,4,0,64.9
JackeyLove,ADCARRY,TES,OMG,Starry,\,12.06.2024,v14.10,1,Blue,0:32:32,Jhin,Win,16,9,1,9,8,9.4,497,23.90%,1.33,0.46,0.15,0.31,14.10%,833,24.50%,69.20%,-1133,18215.7,0,0,0.333,1,1,11,0,4,0,5,0,1,1,1,1,0,5,4,0,64.9
meiko,SUPPORT,TES,OMG,Ppgod,\,12.06.2024,v14.10,1,Blue,0:32:32,Leona,Win,13,1,4,13,0,1.3,277,13.30%,4.12,1.88,0.65,0.55,44.00%,190,5.60%,53.80%,478,19338.4,0,0,1,1,1,11,0,4,0,5,0,1,1,1,1,0,5,4,0,64.9
Hery,TOP,OMG,TES,369,\,12.06.2024,v14.10,1,Red,0:32:32,Rumble,Loss,15,3,4,3,0,6.3,335,20.40%,0.92,0.46,0.15,0.09,13.20%,680,23.70%,60.00%,-450,27024.9,0,0,0,0,0,3,1,1,0,1,1,0,0,1,0,0,5,1,0,35.1
xiaofang,JUNGLE,OMG,TES,Tian,\,12.06.2024,v14.10,1,Red,0:32:32,Lee_Sin,Loss,14,4,4,4,142,5.3,340,20.70%,1.15,0.55,0.31,0.18,16.50%,453,15.80%,80.00%,-739,28521.8,1,0,1,0,0,3,1,1,0,1,1,0,0,1,0,0,5,1,0,35.1
Angel,MID,OMG,TES,Creme,\,12.06.2024,v14.10,1,Red,0:32:32,Corki,Loss,16,0,6,5,4,8.8,350,21.30%,1.24,0.52,0.18,0.25,17.70%,747,26.00%,50.00%,42,27372.1,1,0,0.75,0,0,3,1,1,0,1,1,0,0,1,0,0,5,1,0,35.1
Starry,ADCARRY,OMG,TES,JackeyLove,\,12.06.2024,v14.10,1,Red,0:32:32,Varus,Loss,14,3,4,5,0,8.3,404,24.60%,0.8,0.37,0.12,0.15,11.50%,859,30.00%,80.00%,1133,16791.8,0,0,0.5,0,0,3,1,1,0,1,1,0,0,1,0,0,5,1,0,35.1
Ppgod,SUPPORT,OMG,TES,meiko,\,12.06.2024,v14.10,1,Red,0:32:32,Rell,Loss,12,0,8,8,0,0.9,212,12.90%,2.87,1.75,0.55,0.18,41.10%,128,4.50%,80.00%,-478,28916.8,1,0,0.5,0,0,3,1,1,0,1,1,0,0,1,0,0,5,1,0,35.1
Hery,TOP,OMG,TES,369,\,12.06.2024,v14.10,2,Blue,0:24:41,Skarner,Loss,13,3,4,7,0,6.2,339,19.40%,0.81,0.28,0.12,0.16,12.60%,623,22.60%,71.40%,-1828,21803.7,0,0,0.857,0,0,1,0,1,0,2,0,0,0,2,1,1,3,0,1,47.2
xiaofang,JUNGLE,OMG,TES,Tian,\,12.06.2024,v14.10,2,Blue,0:24:41,KhaZix,Loss,12,2,6,9,136,6,365,20.90%,1.31,0.65,0.28,0.28,20.20%,508,18.40%,78.60%,948,27071,0,0,0.857,0,0,1,0,1,0,2,0,0,0,2,1,1,3,0,1,47.2
Angel,MID,OMG,TES,Creme,\,12.06.2024,v14.10,2,Blue,0:24:41,Taliyah,Loss,14,3,1,7,0,8.7,386,22.20%,0.7,0.41,0.12,0.16,10.90%,791,28.70%,71.40%,179,11741.7,0,0,0.714,0,0,1,0,1,0,2,0,0,0,2,1,1,3,0,1,47.2
Starry,ADCARRY,OMG,TES,JackeyLove,\,12.06.2024,v14.10,2,Blue,0:24:41,Kalista,Loss,13,3,5,3,0,8.4,386,22.10%,1.39,0.45,0.2,0.28,21.50%,508,18.40%,42.90%,558,15166.9,0,0,0.143,0,0,1,0,1,0,2,0,0,0,2,1,1,3,0,1,47.2
Ppgod,SUPPORT,OMG,TES,meiko,\,12.06.2024,v14.10,2,Blue,0:24:41,Renata_Glasc,Loss,11,3,3,6,0,1.2,269,15.40%,2.25,1.5,0.32,0.28,34.80%,327,11.90%,64.30%,-1178,18526.2,0,0,0.429,0,0,1,0,1,0,2,0,0,0,2,1,1,3,0,1,47.2
369,TOP,TES,OMG,Hery,\,12.06.2024,v14.10,2,Red,0:24:41,Rumble,Win,14,5,3,6,16,7.3,438,21.80%,1.09,0.32,0.08,0.16,13.60%,664,22.30%,57.90%,1828,14540.9,0,0,0.667,1,1,8,1,2,0,4,1,0,0,2,0,1,3,2,1,52.8
Tian,JUNGLE,TES,OMG,xiaofang,\,12.06.2024,v14.10,2,Red,0:24:41,Maokai,Win,12,1,1,15,130,6.2,361,18.00%,1.17,0.24,0.2,0.32,14.60%,436,14.60%,84.20%,-948,32980.4,1,1,0.833,1,1,8,1,2,0,4,1,0,0,2,0,1,3,2,1,52.8
Creme,MID,TES,OMG,Angel,\,12.06.2024,v14.10,2,Red,0:24:41,Corki,Win,14,8,5,4,4,9.2,500,25.00%,2.11,0.89,0.24,0.53,26.30%,839,28.20%,63.20%,-179,13643.7,0,0,0.333,1,1,8,1,2,0,4,1,0,0,2,0,1,3,2,1,52.8
JackeyLove,ADCARRY,TES,OMG,Starry,\,12.06.2024,v14.10,2,Red,0:24:41,Senna,Win,12,4,2,13,2,2.7,375,18.70%,2.89,1.09,0.24,0.89,36.00%,685,23.00%,89.50%,-558,12950,1,0,1,1,1,8,1,2,0,4,1,0,0,2,0,1,3,2,1,52.8
meiko,SUPPORT,TES,OMG,Ppgod,\,12.06.2024,v14.10,2,Red,0:24:41,Ornn,Win,13,1,3,7,0,6.8,330,16.50%,0.75,0.41,0.04,0.08,9.40%,353,11.90%,42.10%,1178,25171,1,0,0.167,1,1,8,1,2,0,4,1,0,0,2,0,1,3,2,1,52.8
Ale,TOP,AL,WBG,Breathe,\,13.06.2024,v14.10,1,Blue,0:36:03,Kennen,Loss,17,1,5,4,0,7.8,374,21.10%,1.42,0.22,0.11,0.5,14.80%,745,29.00%,41.70%,837,21418.6,0,0,0.333,1,1,3,0,1,0,6,1,1,1,2,0,1,5,2,1,46
Croco,JUNGLE,AL,WBG,Tarzan,\,13.06.2024,v14.10,1,Blue,0:36:03,Karthus,Loss,17,4,6,6,232,6.8,352,19.90%,1.19,0.39,0.22,0.19,12.30%,733,28.50%,83.30%,18,35518,0,0,0.667,1,1,3,0,1,0,6,1,1,1,2,0,1,5,2,1,46
Shanks,MID,AL,WBG,xiaohu,\,13.06.2024,v14.10,1,Blue,0:36:03,Corki,Loss,17,3,4,5,8,8.9,412,23.30%,1.7,0.44,0.17,0.53,17.60%,512,19.90%,66.70%,359,21384.2,0,0,0,1,1,3,0,1,0,6,1,1,1,2,0,1,5,2,1,46
Hope,ADCARRY,AL,WBG,Light,\,13.06.2024,v14.10,1,Blue,0:36:03,Kalista,Loss,17,4,2,2,12,9.2,411,23.20%,1.48,0.47,0.17,0.55,15.40%,456,17.70%,50.00%,-322,20561.1,0,0,0.333,1,1,3,0,1,0,6,1,1,1,2,0,1,5,2,1,46
Kael,SUPPORT,AL,WBG,Crisp,\,13.06.2024,v14.10,1,Blue,0:36:03,Alistar,Loss,13,0,3,6,0,0.9,222,12.50%,3.85,2.27,0.78,0.44,39.90%,127,4.90%,50.00%,-32,24629.5,0,0,0.667,1,1,3,0,1,0,6,1,1,1,2,0,1,5,2,1,46
Breathe,TOP,WBG,AL,Ale,\,13.06.2024,v14.10,1,Red,0:36:03,Renekton,Win,18,3,4,10,9,8.5,426,20.90%,1.08,0.42,0.28,0.19,9.40%,382,15.40%,65.00%,-837,38613.9,1,0,0.4,0,0,8,1,4,0,0,0,0,1,2,1,1,5,2,1,54
Tarzan,JUNGLE,WBG,AL,Croco,\,13.06.2024,v14.10,1,Red,0:36:03,Brand,Win,18,3,1,14,257,8.3,420,20.60%,4.09,1.78,0.42,0.69,35.60%,736,29.80%,85.00%,-18,28105.2,1,1,1,0,0,8,1,4,0,0,0,0,1,2,1,1,5,2,1,54
xiaohu,MID,WBG,AL,Shanks,\,13.06.2024,v14.10,1,Red,0:36:03,Yone,Win,18,4,2,3,25,9,415,20.40%,1.47,0.42,0.14,0.33,12.80%,409,16.50%,35.00%,-359,30830,0,0,0.2,0,0,8,1,4,0,0,0,0,1,2,1,1,5,2,1,54
Light,ADCARRY,WBG,AL,Hope,\,13.06.2024,v14.10,1,Red,0:36:03,Varus,Win,18,9,1,3,5,9.7,520,25.60%,0.88,0.28,0.06,0.17,7.70%,802,32.40%,60.00%,322,11641.8,0,0,0.2,0,0,8,1,4,0,0,0,0,1,2,1,1,5,2,1,54
Crisp,SUPPORT,WBG,AL,Kael,\,13.06.2024,v14.10,1,Red,0:36:03,Leona,Win,14,1,4,12,0,1,252,12.40%,3.98,2.3,0.78,0.39,34.60%,144,5.80%,65.00%,32,20075.3,0,0,0.8,0,0,8,1,4,0,0,0,0,1,2,1,1,5,2,1,54
Breathe,TOP,WBG,AL,Ale,\,13.06.2024,v14.10,2,Blue,0:26:33,Skarner,Win,15,2,1,9,4,7.9,390,18.80%,1.28,0.49,0.26,0.3,12.20%,574,23.20%,57.90%,420,14472.2,0,0,0,1,0,10,1,2,0,5,1,1,1,1,1,0,2,2,0,61.2
Tarzan,JUNGLE,WBG,AL,Croco,\,13.06.2024,v14.10,2,Blue,0:26:33,Karthus,Win,16,7,0,9,202,8.7,480,23.20%,2.25,0.98,0.26,0.19,21.50%,585,23.60%,84.20%,1089,23117.2,1,0,0.667,1,0,10,1,2,0,5,1,1,1,1,1,0,2,2,0,61.2
xiaohu,MID,WBG,AL,Shanks,\,13.06.2024,v14.10,2,Blue,0:26:33,Corki,Win,16,5,1,8,16,9.5,459,22.20%,1.42,0.3,0.15,0.45,13.60%,612,24.70%,68.40%,54,14943.2,0,0,0.5,1,0,10,1,2,0,5,1,1,1,1,1,0,2,2,0,61.2
Light,ADCARRY,WBG,AL,Hope,\,13.06.2024,v14.10,2,Blue,0:26:33,Ashe,Win,15,3,0,11,8,8.8,439,21.20%,1.84,0.34,0.15,0.6,17.60%,458,18.50%,73.70%,804,12061.8,0,0,0.667,1,0,10,1,2,0,5,1,1,1,1,1,0,2,2,0,61.2
Crisp,SUPPORT,WBG,AL,Kael,\,13.06.2024,v14.10,2,Blue,0:26:33,Braum,Win,11,2,1,15,0,1,304,14.70%,3.67,1.73,0.72,0.56,35.10%,244,9.90%,89.50%,599,21262.3,0,1,0.833,1,0,10,1,2,0,5,1,1,1,1,1,0,2,2,0,61.2
Ale,TOP,AL,WBG,Breathe,\,13.06.2024,v14.10,2,Red,0:26:33,KSante,Loss,14,0,3,1,0,7.9,308,20.00%,0.88,0.41,0.08,0.19,12.30%,105,5.80%,33.30%,-420,22232.5,0,0,0,0,0,0,0,2,0,1,0,0,0,1,0,0,2,0,0,38.8
Croco,JUNGLE,AL,WBG,Tarzan,\,13.06.2024,v14.10,2,Red,0:26:33,Viego,Loss,13,0,3,2,146,6.4,308,20.00%,1.3,0.19,0.11,0.34,18.20%,237,13.10%,66.70%,-1089,27163.3,0,0,1,0,0,0,0,2,0,1,0,0,0,1,0,0,2,0,0,38.8
Shanks,MID,AL,WBG,xiaohu,\,13.06.2024,v14.10,2,Red,0:26:33,Hwei,Loss,14,1,5,1,0,9,348,22.60%,0.47,0.3,0.04,0.04,6.60%,748,41.50%,66.70%,-54,14465.8,0,0,1,0,0,0,0,2,0,1,0,0,0,1,0,0,2,0,0,38.8
Hope,ADCARRY,AL,WBG,Light,\,13.06.2024,v14.10,2,Red,0:26:33,Varus,Loss,13,0,2,1,0,8.9,352,22.80%,1.73,0.98,0.19,0.53,24.20%,568,31.50%,33.30%,-804,9290.81,0,0,0,0,0,0,0,2,0,1,0,0,0,1,0,0,2,0,0,38.8
Kael,SUPPORT,AL,WBG,Crisp,\,13.06.2024,v14.10,2,Red,0:26:33,Nautilus,Loss,10,2,6,1,0,1,227,14.70%,2.77,1.66,0.41,0.26,38.70%,146,8.10%,100.00%,-599,14282.5,0,0,1,0,0,0,0,2,0,1,0,0,0,1,0,0,2,0,0,38.8
Wayward,TOP,WE,BLG,Bin,\,13.06.2024,v14.10,1,Blue,0:35:54,Skarner,Win,17,1,5,6,0,7.8,387,20.10%,1.43,0.42,0.31,0.36,14.60%,600,22.80%,58.30%,350,42973.1,0,0,0.5,0,1,8,0,1,0,5,0,1,1,2,0,0,2,1,0,46.8
Heng,JUNGLE,WE,BLG,XUN,\,13.06.2024,v14.10,1,Blue,0:35:54,Zyra,Win,16,4,4,6,195,6.6,373,19.40%,2.14,0.36,0.31,0.7,21.80%,598,22.70%,83.30%,-169,22810.2,0,0,1,0,1,8,0,1,0,5,0,1,1,2,0,0,2,1,0,46.8
FoFo,MID,WE,BLG,Knight,\,13.06.2024,v14.10,1,Blue,0:35:54,Tristana,Win,18,5,2,2,35,10.8,479,24.90%,1.28,0.5,0.14,0.5,13.10%,737,28.00%,58.30%,-536,25285.5,0,1,0.5,0,1,8,0,1,0,5,0,1,1,2,0,0,2,1,0,46.8
LP,ADCARRY,WE,BLG,Elk,\,13.06.2024,v14.10,1,Blue,0:35:54,Ziggs,Win,17,2,4,6,7,8.7,441,22.90%,1.32,0.56,0.22,0.17,13.50%,592,22.50%,66.70%,-798,13261.4,0,0,0,0,1,8,0,1,0,5,0,1,1,2,0,0,2,1,0,46.8
Mark,SUPPORT,WE,BLG,ON,\,13.06.2024,v14.10,1,Blue,0:35:54,Rell,Win,12,0,2,8,1,1.4,241,12.50%,3.62,2.09,0.56,0.56,37.00%,102,3.90%,66.70%,-606,25330.5,0,0,0.5,0,1,8,0,1,0,5,0,1,1,2,0,0,2,1,0,46.8
Bin,TOP,BLG,WE,Wayward,\,13.06.2024,v14.10,1,Red,0:35:54,Mordekaiser,Loss,17,3,3,1,10,7.6,360,19.40%,1,0.22,0.08,0.22,8.70%,394,13.50%,23.50%,-350,26880.7,0,0,0.25,1,1,5,1,4,0,1,1,0,0,2,2,0,2,1,0,53.2
XUN,JUNGLE,BLG,WE,Heng,\,13.06.2024,v14.10,1,Red,0:35:54,Brand,Loss,17,4,3,6,225,7,363,19.50%,1.38,0.31,0.28,0.28,12.00%,621,21.40%,58.80%,169,33459.4,1,0,0.5,1,1,5,1,4,0,1,1,0,0,2,2,0,2,1,0,53.2
Knight,MID,BLG,WE,FoFo,\,13.06.2024,v14.10,1,Red,0:35:54,Jayce,Loss,17,3,1,6,17,9.1,421,22.70%,1.67,0.17,0.06,0.7,14.40%,910,31.30%,52.90%,536,19858.1,0,0,0.5,1,1,5,1,4,0,1,1,0,0,2,2,0,2,1,0,53.2
Elk,ADCARRY,BLG,WE,LP,\,13.06.2024,v14.10,1,Red,0:35:54,Kalista,Loss,18,5,1,7,18,10.3,465,25.10%,2.5,0.86,0.17,0.39,21.70%,572,19.70%,70.60%,798,16857.4,1,0,0.5,1,1,5,1,4,0,1,1,0,0,2,2,0,2,1,0,53.2
ON,SUPPORT,BLG,WE,Mark,\,13.06.2024,v14.10,1,Red,0:35:54,Camille,Loss,12,2,4,7,1,1,248,13.30%,4.98,3.2,0.58,0.5,43.20%,411,14.10%,52.90%,606,28798.7,1,0,0.75,1,1,5,1,4,0,1,1,0,0,2,2,0,2,1,0,53.2
Bin,TOP,BLG,WE,Wayward,\,13.06.2024,v14.10,2,Blue,0:30:38,Skarner,Win,16,1,3,8,4,8.1,388,19.20%,1.04,0.29,0.16,0.23,11.20%,557,23.60%,56.30%,376,24100.8,1,0,0.143,1,3,9,0,2,0,6,1,0,0,1,1,0,4,3,1,57.3
XUN,JUNGLE,BLG,WE,Heng,\,13.06.2024,v14.10,2,Blue,0:30:38,Karthus,Win,15,3,4,10,198,7.3,372,18.40%,1.69,0.16,0.13,0.49,18.30%,639,27.10%,81.30%,678,27568.7,1,0,0.857,1,3,9,0,2,0,6,1,0,0,1,1,0,4,3,1,57.3
Knight,MID,BLG,WE,FoFo,\,13.06.2024,v14.10,2,Blue,0:30:38,Corki,Win,17,2,1,9,36,9.9,458,22.70%,1.09,0.23,0.1,0.42,11.80%,540,23.00%,68.80%,1697,13955.9,0,0,0.571,1,3,9,0,2,0,6,1,0,0,1,1,0,4,3,1,57.3
Elk,ADCARRY,BLG,WE,LP,\,13.06.2024,v14.10,2,Blue,0:30:38,Jhin,Win,16,8,0,5,5,9.7,510,25.30%,1.75,0.39,0.2,0.52,18.90%,478,20.30%,81.30%,1618,5316.27,0,1,0.714,1,3,9,0,2,0,6,1,0,0,1,1,0,4,3,1,57.3
ON,SUPPORT,BLG,WE,Mark,\,13.06.2024,v14.10,2,Blue,0:30:38,Rell,Win,12,2,3,9,1,1.3,288,14.30%,3.67,1.76,0.59,0.65,39.80%,141,6.00%,68.80%,839,23912.9,0,0,0.714,1,3,9,0,2,0,6,1,0,0,1,1,0,4,3,1,57.3
Wayward,TOP,WE,BLG,Bin,\,13.06.2024,v14.10,2,Red,0:30:38,Mordekaiser,Loss,15,5,5,3,1,6.3,366,20.80%,0.91,0.52,0.2,0.03,10.60%,568,29.40%,72.70%,-376,28264.5,0,0,1,0,0,3,1,2,0,0,0,1,1,1,0,0,4,0,1,42.7
Heng,JUNGLE,WE,BLG,XUN,\,13.06.2024,v14.10,2,Red,0:30:38,Taliyah,Loss,15,3,3,5,178,6.6,357,20.20%,1.74,0.65,0.26,0.23,20.20%,630,32.60%,72.70%,-678,17191.6,0,0,1,0,0,3,1,2,0,0,0,1,1,1,0,0,4,0,1,42.7
FoFo,MID,WE,BLG,Knight,\,13.06.2024,v14.10,2,Red,0:30:38,Yone,Loss,16,1,4,1,0,8.8,398,22.60%,0.93,0.52,0.16,0.1,10.80%,351,18.10%,18.20%,-1697,18501.2,0,0,0,0,0,3,1,2,0,0,0,1,1,1,0,0,4,0,1,42.7
LP,ADCARRY,WE,BLG,Elk,\,13.06.2024,v14.10,2,Red,0:30:38,Draven,Loss,15,1,1,2,3,9.1,395,22.40%,0.74,0.42,0.13,0.1,8.70%,233,12.00%,27.30%,-1618,8608.19,0,0,0,0,0,3,1,2,0,0,0,1,1,1,0,0,4,0,1,42.7
Mark,SUPPORT,WE,BLG,ON,\,13.06.2024,v14.10,2,Red,0:30:38,Leona,Loss,12,1,3,3,0,1.4,246,14.00%,4.27,1.89,0.69,0.72,49.70%,151,7.80%,36.40%,-839,16015.1,0,0,0,0,0,3,1,2,0,0,0,1,1,1,0,0,4,0,1,42.7
Wayward,TOP,WE,BLG,Bin,\,13.06.2024,v14.10,3,Blue,0:29:33,Gnar,Loss,14,1,5,1,5,7,340,21.00%,1.27,0.44,0.17,0.2,14.10%,449,32.80%,66.70%,168,22219.4,0,0,1,1,1,3,0,0,0,4,0,0,0,2,0,0,2,0,0,51.9
Heng,JUNGLE,WE,BLG,XUN,\,13.06.2024,v14.10,3,Blue,0:29:33,Viego,Loss,14,1,3,0,203,7.2,328,20.20%,1.45,0.34,0.27,0.27,16.10%,133,9.70%,33.30%,-509,23796.6,0,0,0,1,1,3,0,0,0,4,0,0,0,2,0,0,2,0,0,51.9
FoFo,MID,WE,BLG,Knight,\,13.06.2024,v14.10,3,Blue,0:29:33,LeBlanc,Loss,15,1,1,2,0,8.7,376,23.20%,0.95,0.41,0.17,0.1,10.50%,502,36.60%,100.00%,173,14494.7,0,0,1,1,1,3,0,0,0,4,0,0,0,2,0,0,2,0,0,51.9
LP,ADCARRY,WE,BLG,Elk,\,13.06.2024,v14.10,3,Blue,0:29:33,Kalista,Loss,14,0,4,0,7,9.4,358,22.10%,1.24,0.44,0.14,0.2,13.80%,217,15.80%,0.00%,1024,13911.7,0,0,0,1,1,3,0,0,0,4,0,0,0,2,0,0,2,0,0,51.9
Mark,SUPPORT,WE,BLG,ON,\,13.06.2024,v14.10,3,Blue,0:29:33,Rakan,Loss,10,0,2,1,0,1.2,222,13.60%,4.09,2.27,0.41,0.54,45.40%,69,5.10%,33.30%,-1300,14237.3,0,0,1,1,1,3,0,0,0,4,0,0,0,2,0,0,2,0,0,51.9
Bin,TOP,BLG,WE,Wayward,\,13.06.2024,v14.10,3,Red,0:29:33,Renekton,Win,16,2,1,6,0,9.3,424,20.70%,0.76,0.24,0.1,0.24,9.50%,252,11.50%,53.30%,-168,20714.2,0,0,0.5,0,1,11,1,4,0,2,1,1,1,2,2,0,2,2,0,48.1
XUN,JUNGLE,BLG,WE,Heng,\,13.06.2024,v14.10,3,Red,0:29:33,Kindred,Win,16,6,0,7,197,8.5,473,23.10%,1.76,0.24,0.17,0.68,22.00%,518,23.70%,86.70%,509,16400.5,1,0,1,0,1,11,1,4,0,2,1,1,1,2,2,0,2,2,0,48.1
Knight,MID,BLG,WE,FoFo,\,13.06.2024,v14.10,3,Red,0:29:33,Annie,Win,16,5,1,5,0,9.4,464,22.70%,1.07,0.2,0.17,0.51,13.30%,630,28.90%,66.70%,-173,9793.39,0,1,0.5,0,1,11,1,4,0,2,1,1,1,2,2,0,2,2,0,48.1
Elk,ADCARRY,BLG,WE,LP,\,13.06.2024,v14.10,3,Red,0:29:33,Senna,Win,13,2,1,12,0,1.5,340,16.60%,3.29,1.25,0.24,0.68,41.20%,530,24.30%,93.30%,-1024,10733.5,0,0,0.5,0,1,11,1,4,0,2,1,1,1,2,2,0,2,2,0,48.1
ON,SUPPORT,BLG,WE,Mark,\,13.06.2024,v14.10,3,Red,0:29:33,Nautilus,Win,15,0,0,11,2,6.8,347,16.90%,1.12,0.41,0.24,0.3,14.00%,253,11.60%,73.30%,1300,11005.6,1,0,1,0,1,11,1,4,0,2,1,1,1,2,2,0,2,2,0,48.1
Juice,TOP,RNG,LGD,Burdol,\,14.06.2024,v14.10,1,Blue,0:37:36,Skarner,Loss,16,1,3,5,0,5.7,326,19.30%,1.04,0.48,0.37,0.16,11.70%,328,16.30%,85.70%,522,23836.8,1,0,1,0,0,5,0,1,0,0,1,0,1,0,0,0,6,2,0,41.4
Wei,JUNGLE,RNG,LGD,Meteor,\,14.06.2024,v14.10,1,Blue,0:37:36,Lillia,Loss,17,2,2,5,199,6.2,341,20.20%,1.88,0.8,0.37,0.24,21.00%,616,30.70%,100.00%,-114,28907,1,0,1,0,0,5,0,1,0,0,1,0,1,0,0,0,6,2,0,41.4
Tangyuan,MID,RNG,LGD,Haichao,\,14.06.2024,v14.10,1,Blue,0:37:36,Corki,Loss,18,2,2,2,12,9.3,413,24.40%,1.74,0.56,0.21,0.45,19.50%,389,19.40%,57.10%,-416,20015.1,0,0,0,0,0,5,0,1,0,0,1,0,1,0,0,0,6,2,0,41.4
huanfeng,ADCARRY,RNG,LGD,Shaoye,\,14.06.2024,v14.10,1,Blue,0:37:36,Jhin,Loss,16,2,3,2,3,8.7,389,23.10%,0.73,0.4,0.19,0.19,8.20%,596,29.70%,57.10%,-859,15339.4,0,0,0,0,0,5,0,1,0,0,1,0,1,0,0,0,6,2,0,41.4
Ming,SUPPORT,RNG,LGD,jinjiao,\,14.06.2024,v14.10,1,Blue,0:37:36,Rell,Loss,14,0,7,4,0,1,219,13.00%,3.55,1.86,0.45,0.29,39.60%,78,3.90%,57.10%,-212,26149.2,0,0,0,0,0,5,0,1,0,0,1,0,1,0,0,0,6,2,0,41.4
Burdol,TOP,LGD,RNG,Juice,\,14.06.2024,v14.10,1,Red,0:37:36,Mordekaiser,Win,16,3,6,2,0,6.1,314,16.30%,1.59,0.45,0.32,0.29,15.20%,449,20.80%,29.40%,-522,28941.9,0,0,0,1,0,9,1,4,0,6,0,1,1,0,0,0,6,4,0,58.5
Meteor,JUNGLE,LGD,RNG,Wei,\,14.06.2024,v14.10,1,Red,0:37:36,Viego,Win,18,4,0,8,275,8.4,399,20.80%,2.14,0.37,0.32,0.59,20.30%,289,13.40%,70.60%,114,37528,0,0,0.5,1,0,9,1,4,0,6,0,1,1,0,0,0,6,4,0,58.5
Haichao,MID,LGD,RNG,Tangyuan,\,14.06.2024,v14.10,1,Red,0:37:36,Taliyah,Win,18,4,0,9,23,9.5,441,22.90%,1.24,0.4,0.35,0.19,11.80%,635,29.40%,76.50%,416,11461.1,0,0,1,1,0,9,1,4,0,6,0,1,1,0,0,0,6,4,0,58.5
Shaoye,ADCARRY,LGD,RNG,huanfeng,\,14.06.2024,v14.10,1,Red,0:37:36,Draven,Win,18,5,1,10,4,9.5,513,26.70%,1.72,0.53,0.19,0.4,16.40%,598,27.70%,88.20%,859,11066,0,0,1,1,0,9,1,4,0,6,0,1,1,0,0,0,6,4,0,58.5
jinjiao,SUPPORT,LGD,RNG,Ming,\,14.06.2024,v14.10,1,Red,0:37:36,Leona,Win,14,1,0,12,0,1.5,255,13.30%,3.8,1.57,0.4,0.59,36.20%,189,8.80%,76.50%,212,24287.9,0,1,1,1,0,9,1,4,0,6,0,1,1,0,0,0,6,4,0,58.5
Burdol,TOP,LGD,RNG,Zdz,\,14.06.2024,v14.10,2,Blue,0:32:36,Skarner,Loss,16,0,3,1,4,7.1,299,19.10%,0.65,0.31,0.18,0.12,8.70%,425,25.50%,33.30%,-844,24409.1,0,0,0,0,0,0,0,0,0,3,0,0,0,1,0,0,3,0,0,45
Meteor,JUNGLE,LGD,RNG,Wei,\,14.06.2024,v14.10,2,Blue,0:32:36,Nidalee,Loss,15,2,4,1,193,7,319,20.40%,1.9,0.21,0.15,0.8,25.20%,362,21.70%,100.00%,73,29423.9,0,0,1,0,0,0,0,0,0,3,0,0,0,1,0,0,3,0,0,45
Haichao,MID,LGD,RNG,Tangyuan,\,14.06.2024,v14.10,2,Blue,0:32:36,Corki,Loss,16,0,1,2,4,10.4,370,23.60%,1.57,0.86,0.09,0.4,20.90%,376,22.60%,66.70%,-743,13350,0,0,0.5,0,0,0,0,0,0,3,0,0,0,1,0,0,3,0,0,45
Shaoye,ADCARRY,LGD,RNG,huanfeng,\,14.06.2024,v14.10,2,Blue,0:32:36,Jhin,Loss,15,1,1,2,4,9.4,383,24.40%,0.79,0.52,0.31,0.31,10.50%,386,23.20%,100.00%,-404,9686.46,0,0,1,0,0,0,0,0,0,3,0,0,0,1,0,0,3,0,0,45
jinjiao,SUPPORT,LGD,RNG,Ming,\,14.06.2024,v14.10,2,Blue,0:32:36,Rell,Loss,11,0,5,3,0,1,195,12.50%,2.63,1.23,0.4,0.37,34.80%,117,7.00%,100.00%,-343,21839.7,0,0,1,0,0,0,0,0,0,3,0,0,0,1,0,0,3,0,0,45
Zdz,TOP,RNG,LGD,Burdol,\,14.06.2024,v14.10,2,Red,0:32:36,KSante,Win,17,3,0,3,5,8.3,403,20.20%,0.63,0.37,0.15,0.12,7.30%,294,13.70%,42.90%,844,18121.3,0,0,0.25,1,1,10,1,4,0,3,1,1,1,1,1,0,3,3,0,55
Wei,JUNGLE,RNG,LGD,Meteor,\,14.06.2024,v14.10,2,Red,0:32:36,Viego,Win,16,3,0,8,217,7.2,376,18.90%,1.33,0.43,0.31,0.21,15.50%,275,12.80%,78.60%,-73,26677.7,1,1,1,1,1,10,1,4,0,3,1,1,1,1,1,0,3,3,0,55
Tangyuan,MID,RNG,LGD,Haichao,\,14.06.2024,v14.10,2,Red,0:32:36,LeBlanc,Win,17,3,0,8,4,9.5,470,23.50%,2.28,0.83,0.09,0.67,26.40%,610,28.40%,78.60%,743,10262.8,0,0,0.75,1,1,10,1,4,0,3,1,1,1,1,1,0,3,3,0,55
huanfeng,ADCARRY,RNG,LGD,Shaoye,\,14.06.2024,v14.10,2,Red,0:32:36,Jinx,Win,16,5,0,5,25,11.1,491,24.60%,1.25,0.37,0.06,0.43,14.50%,824,38.40%,71.40%,404,10211.4,1,0,0.75,1,1,10,1,4,0,3,1,1,1,1,1,0,3,3,0,55
Ming,SUPPORT,RNG,LGD,jinjiao,\,14.06.2024,v14.10,2,Red,0:32:36,Nautilus,Win,13,0,3,11,0,1.3,256,12.80%,3.14,1.6,0.49,0.43,36.40%,143,6.70%,78.60%,343,18928.5,1,0,1,1,1,10,1,4,0,3,1,1,1,1,1,0,3,3,0,55
Zdz,TOP,RNG,LGD,Burdol,\,14.06.2024,v14.10,3,Blue,0:30:20,Rumble,Loss,15,2,3,2,5,8,410,25.20%,0.78,0.36,0.2,0.07,10.40%,586,32.90%,66.70%,1273,13982.6,0,0,0.5,1,0,2,1,1,0,3,0,0,0,1,0,1,4,0,1,38.9
Wei,JUNGLE,RNG,LGD,Meteor,\,14.06.2024,v14.10,3,Blue,0:30:20,Wukong,Loss,13,1,1,2,133,5,276,16.90%,1.57,0.43,0.36,0.46,21.00%,128,7.20%,50.00%,-1255,26420.7,0,0,0,1,0,2,1,1,0,3,0,0,0,1,0,1,4,0,1,38.9
Tangyuan,MID,RNG,LGD,Haichao,\,14.06.2024,v14.10,3,Blue,0:30:20,Hwei,Loss,14,1,4,4,4,8.3,331,20.30%,1.36,0.49,0.16,0.36,18.20%,519,29.20%,83.30%,-1436,12331.2,0,0,0.5,1,0,2,1,1,0,3,0,0,0,1,0,1,4,0,1,38.9
huanfeng,ADCARRY,RNG,LGD,Shaoye,\,14.06.2024,v14.10,3,Blue,0:30:20,Draven,Loss,14,1,3,5,17,9.4,393,24.10%,1.12,0.46,0.2,0.3,15.00%,425,23.90%,100.00%,-93,13564.6,1,0,1,1,0,2,1,1,0,3,0,0,0,1,0,1,4,0,1,38.9
Ming,SUPPORT,RNG,LGD,jinjiao,\,14.06.2024,v14.10,3,Blue,0:30:20,Braum,Loss,10,1,5,5,0,1,220,13.50%,2.64,1.85,0.59,0.1,35.40%,119,6.70%,100.00%,402,17590.3,1,0,1,1,0,2,1,1,0,3,0,0,0,1,0,1,4,0,1,38.9
Burdol,TOP,LGD,RNG,Zdz,\,14.06.2024,v14.10,3,Red,0:30:20,KSante,Win,16,3,0,2,0,7.2,367,18.40%,1.12,0.3,0.2,0.2,11.00%,183,8.60%,31.30%,-1273,22037.2,0,0,0.2,0,0,8,0,3,0,3,1,1,1,1,0,1,4,3,1,61.1
Meteor,JUNGLE,LGD,RNG,Wei,\,14.06.2024,v14.10,3,Red,0:30:20,Graves,Win,17,4,1,7,246,9.4,448,22.40%,1.92,0.2,0.13,0.56,18.90%,450,21.10%,68.80%,1255,20344.9,0,0,0.6,0,0,8,0,3,0,3,1,1,1,1,0,1,4,3,1,61.1
Haichao,MID,LGD,RNG,Tangyuan,\,14.06.2024,v14.10,3,Red,0:30:20,Ahri,Win,17,4,0,10,4,9.2,454,22.70%,2.17,0.89,0.26,0.53,21.30%,706,33.00%,87.50%,1436,13460.5,0,1,0.8,0,0,8,0,3,0,3,1,1,1,1,0,1,4,3,1,61.1
Shaoye,ADCARRY,LGD,RNG,huanfeng,\,14.06.2024,v14.10,3,Red,0:30:20,Varus,Win,16,5,1,10,0,8.6,482,24.10%,1.46,0.53,0.16,0.3,14.40%,692,32.40%,93.80%,93,8883.65,0,0,0.8,0,0,8,0,3,0,3,1,1,1,1,0,1,4,3,1,61.1
jinjiao,SUPPORT,LGD,RNG,Ming,\,14.06.2024,v14.10,3,Red,0:30:20,Nautilus,Win,11,0,4,9,0,0.8,247,12.30%,3.51,1.45,0.43,0.3,34.50%,105,4.90%,56.30%,-402,17440.4,0,0,0.6,0,0,8,0,3,0,3,1,1,1,1,0,1,4,3,1,61.1
ZUIAN,TOP,IG,NIP,shanji,\,14.06.2024,v14.10,1,Blue,0:31:58,Skarner,Loss,14,3,8,3,4,6.1,317,19.20%,0.97,0.41,0.22,0.09,11.90%,723,28.60%,60.00%,-762,32647.3,0,0,0.5,0,1,2,0,1,0,6,0,0,0,1,0,0,5,1,1,44.4
glfs,JUNGLE,IG,NIP,AKi,\,14.06.2024,v14.10,1,Blue,0:31:58,Viego,Loss,15,2,5,5,178,6.3,337,20.40%,1.4,0.31,0.25,0.22,17.20%,289,11.40%,70.00%,-920,33994.8,0,0,1,0,1,2,0,1,0,6,0,0,0,1,0,0,5,1,1,44.4
neny,MID,IG,NIP,RooKie,\,14.06.2024,v14.10,1,Blue,0:31:58,Ahri,Loss,16,2,2,5,2,8.3,371,22.50%,0.91,0.53,0.28,0.09,11.10%,523,20.70%,70.00%,-632,24304.7,0,0,0.5,0,1,2,0,1,0,6,0,0,0,1,0,0,5,1,1,44.4
Ahn,ADCARRY,IG,NIP,Photic,\,14.06.2024,v14.10,1,Blue,0:31:58,Varus,Loss,14,3,4,4,0,7.5,391,23.70%,1.31,0.5,0.19,0.38,16.10%,894,35.30%,70.00%,-891,15019.9,0,0,0.5,0,1,2,0,1,0,6,0,0,0,1,0,0,5,1,1,44.4
Vampire,SUPPORT,IG,NIP,Zhuo,\,14.06.2024,v14.10,1,Blue,0:31:58,Rell,Loss,12,0,4,7,0,1.1,232,14.10%,3.57,2,0.81,0.38,43.80%,101,4.00%,70.00%,213,21295.8,0,0,0.5,0,1,2,0,1,0,6,0,0,0,1,0,0,5,1,1,44.4
shanji,TOP,NIP,IG,ZUIAN,\,14.06.2024,v14.10,1,Red,0:31:58,Mordekaiser,Win,17,6,2,8,27,7.7,432,20.60%,1.18,0.25,0.16,0.25,11.50%,780,24.80%,60.90%,762,33481.9,1,1,0.5,1,1,11,1,4,0,0,1,1,2,1,1,0,5,3,1,55.6
AKi,JUNGLE,NIP,IG,glfs,\,14.06.2024,v14.10,1,Red,0:31:58,Wukong,Win,16,8,2,8,171,6,445,21.20%,1.39,0.31,0.25,0.25,13.50%,529,16.80%,69.60%,920,31972.8,0,0,0.625,1,1,11,1,4,0,0,1,1,2,1,1,0,5,3,1,55.6
RooKie,MID,NIP,IG,neny,\,14.06.2024,v14.10,1,Red,0:31:58,Taliyah,Win,17,2,0,11,24,9.2,457,21.80%,1.66,0.56,0.34,0.31,16.20%,718,22.80%,56.50%,632,16992.1,0,0,0.375,1,1,11,1,4,0,0,1,1,2,1,1,0,5,3,1,55.6
Photic,ADCARRY,NIP,IG,Ahn,\,14.06.2024,v14.10,1,Red,0:31:58,Ashe,Win,17,6,1,10,8,9.3,484,23.00%,1.49,0.44,0.09,0.41,14.50%,910,28.90%,69.60%,891,15548,0,0,0.75,1,1,11,1,4,0,0,1,1,2,1,1,0,5,3,1,55.6
Zhuo,SUPPORT,NIP,IG,Vampire,\,14.06.2024,v14.10,1,Red,0:31:58,Leona,Win,13,1,5,11,0,1.3,282,13.40%,4.55,1.88,0.47,0.81,44.30%,214,6.80%,52.20%,-213,20642,0,0,0.375,1,1,11,1,4,0,0,1,1,2,1,1,0,5,3,1,55.6
shanji,TOP,NIP,IG,ZUIAN,\,14.06.2024,v14.10,2,Blue,0:40:08,Rumble,Loss,18,5,4,10,20,6.8,381,20.80%,0.67,0.5,0.17,0.05,7.70%,1053,30.50%,83.30%,1062,20326.1,0,0,1,1,1,7,0,1,0,3,0,0,0,1,0,0,4,1,0,57.1
AKi,JUNGLE,NIP,IG,glfs,\,14.06.2024,v14.10,2,Blue,0:40:08,Zyra,Loss,18,4,6,8,239,7,366,20.00%,2.15,0.77,0.15,0.32,24.90%,561,16.30%,66.70%,528,25994.9,0,0,1,1,1,7,0,1,0,3,0,0,0,1,0,0,4,1,0,57.1
RooKie,MID,NIP,IG,neny,\,14.06.2024,v14.10,2,Blue,0:40:08,Yone,Loss,18,4,3,7,19,8.8,425,23.20%,1.02,0.5,0.15,0.17,11.80%,843,24.50%,61.10%,-535,38456.6,0,0,0.5,1,1,7,0,1,0,3,0,0,0,1,0,0,4,1,0,57.1
Photic,ADCARRY,NIP,IG,Ahn,\,14.06.2024,v14.10,2,Blue,0:40:08,Varus,Loss,17,5,4,9,18,9.1,442,24.10%,1.16,0.37,0.05,0.42,13.40%,828,24.00%,77.80%,-1284,20004.4,0,0,1,1,1,7,0,1,0,3,0,0,0,1,0,0,4,1,0,57.1
Zhuo,SUPPORT,NIP,IG,Vampire,\,14.06.2024,v14.10,2,Blue,0:40:08,Rell,Loss,12,0,8,15,1,0.7,215,11.80%,3.63,2.32,0.55,0.3,42.10%,162,4.70%,83.30%,-431,29284.5,0,0,1,1,1,7,0,1,0,3,0,0,0,1,0,0,4,1,0,57.1
ZUIAN,TOP,IG,NIP,shanji,\,14.06.2024,v14.10,2,Red,0:40:08,KSante,Win,18,3,4,12,1,5.4,348,17.10%,1.25,0.47,0.35,0.17,13.20%,437,16.30%,60.00%,-1062,42568.4,0,0,0.25,0,1,10,1,4,1,3,1,1,3,1,1,0,4,3,0,42.9
glfs,JUNGLE,IG,NIP,AKi,\,14.06.2024,v14.10,2,Red,0:40:08,Brand,Win,18,2,2,16,180,5.2,364,17.90%,1.33,0.27,0.22,0.27,14.00%,620,23.10%,72.00%,-528,28283.5,1,0,0.75,0,1,10,1,4,1,3,1,1,3,1,1,0,4,3,0,42.9
neny,MID,IG,NIP,RooKie,\,14.06.2024,v14.10,2,Red,0:40:08,Renekton,Win,18,8,5,7,8,8.7,474,23.30%,1.31,0.32,0.25,0.35,13.80%,602,22.40%,60.00%,535,47501.2,0,0,0,0,1,10,1,4,1,3,1,1,3,1,1,0,4,3,0,42.9
Ahn,ADCARRY,IG,NIP,Photic,\,14.06.2024,v14.10,2,Red,0:40:08,Kalista,Win,18,10,3,12,34,9.6,547,26.90%,1.8,0.37,0.05,0.65,19.00%,726,27.00%,88.00%,1284,25755.2,1,1,1,0,1,10,1,4,1,3,1,1,3,1,1,0,4,3,0,42.9
Vampire,SUPPORT,IG,NIP,Zhuo,\,14.06.2024,v14.10,2,Red,0:40:08,Nautilus,Win,16,2,4,20,0,0.8,303,14.90%,3.81,1.92,0.65,0.47,40.00%,301,11.20%,88.00%,431,34331.7,1,0,1,0,1,10,1,4,1,3,1,1,3,1,1,0,4,3,0,42.9
shanji,TOP,NIP,IG,ZUIAN,\,14.06.2024,v14.10,3,Blue,0:33:04,KSante,Loss,16,3,4,3,0,7.6,429,23.80%,0.72,0.15,0.06,0.15,8.10%,474,21.40%,54.50%,-367,36967.6,0,0,0.2,1,1,4,1,1,0,3,0,1,1,0,0,0,5,0,2,49.2
AKi,JUNGLE,NIP,IG,glfs,\,14.06.2024,v14.10,3,Blue,0:33:04,Nidalee,Loss,16,2,5,6,198,6.5,343,19.10%,1.48,0.18,0.15,0.42,16.50%,518,23.30%,72.70%,-1304,39075.9,0,0,0.6,1,1,4,1,1,0,3,0,1,1,0,0,0,5,0,2,49.2
RooKie,MID,NIP,IG,neny,\,14.06.2024,v14.10,3,Blue,0:33:04,LeBlanc,Loss,16,1,4,4,0,8,397,22.10%,1.8,0.79,0.27,0.27,20.10%,489,22.00%,45.50%,1101,21066.2,0,0,0.4,1,1,4,1,1,0,3,0,1,1,0,0,0,5,0,2,49.2
Photic,ADCARRY,NIP,IG,Ahn,\,14.06.2024,v14.10,3,Blue,0:33:04,Kalista,Loss,15,3,5,3,14,8.8,397,22.10%,1.43,0.45,0.09,0.36,16.00%,564,25.40%,54.50%,-395,18166.3,1,0,0.6,1,1,4,1,1,0,3,0,1,1,0,0,0,5,0,2,49.2
Zhuo,SUPPORT,NIP,IG,Vampire,\,14.06.2024,v14.10,3,Blue,0:33:04,Nautilus,Loss,11,2,5,4,0,0.9,233,13.00%,3.51,1.97,0.57,0.3,39.30%,175,7.90%,54.50%,167,21272.5,1,0,0.6,1,1,4,1,1,0,3,0,1,1,0,0,0,5,0,2,49.2
ZUIAN,TOP,IG,NIP,shanji,\,14.06.2024,v14.10,3,Red,0:33:04,Kennen,Win,16,3,2,7,4,7.5,428,21.30%,1.44,0.42,0.3,0.36,15.30%,783,25.30%,43.50%,367,19255.6,0,0,0,0,0,9,0,4,0,3,1,0,1,0,0,0,5,3,2,50.8
glfs,JUNGLE,IG,NIP,AKi,\,14.06.2024,v14.10,3,Red,0:33:04,Graves,Win,17,12,1,6,198,7.5,483,24.10%,1.61,0.33,0.27,0.33,17.20%,697,22.50%,78.30%,1304,23383.4,0,1,1,0,0,9,0,4,0,3,1,0,1,0,0,0,5,3,2,50.8
neny,MID,IG,NIP,RooKie,\,14.06.2024,v14.10,3,Red,0:33:04,Galio,Win,17,0,2,16,2,7.2,346,17.20%,1.04,0.21,0.15,0.27,11.10%,395,12.80%,69.60%,-1101,27801.2,0,0,0.333,0,0,9,0,4,0,3,1,0,1,0,0,0,5,3,2,50.8
Ahn,ADCARRY,IG,NIP,Photic,\,14.06.2024,v14.10,3,Red,0:33:04,Kaisa,Win,16,7,2,13,15,8.7,484,24.10%,1.33,0.45,0.12,0.39,14.30%,939,30.30%,87.00%,395,15881.5,0,0,0.833,0,0,9,0,4,0,3,1,0,1,0,0,0,5,3,2,50.8
Vampire,SUPPORT,IG,NIP,Zhuo,\,14.06.2024,v14.10,3,Red,0:33:04,Leona,Win,13,1,4,15,0,1.1,266,13.20%,3.94,1.72,0.64,0.57,42.10%,280,9.00%,69.60%,-167,22407.6,0,0,0.667,0,0,9,0,4,0,3,1,0,1,0,0,0,5,3,2,50.8
Solokill,TOP,EDG,TT,Hoya,\,15.06.2024,v14.10,1,Blue,0:33:36,KSante,Win,18,5,1,7,0,8.2,416,20.10%,1.09,0.45,0.12,0.15,11.20%,445,20.50%,80.00%,-942,23215.8,0,1,0,0,1,10,1,4,1,1,0,0,1,0,0,0,2,1,1,50
Jiejie,JUNGLE,EDG,TT,Beichuan,\,15.06.2024,v14.10,1,Blue,0:33:36,Brand,Win,17,1,0,9,222,7.9,396,19.20%,3.18,1.22,0.12,0.65,32.60%,304,14.00%,66.70%,-210,25891,1,0,1,0,1,10,1,4,1,1,0,0,1,0,0,0,2,1,1,50
Cryin,MID,EDG,TT,Ucal,\,15.06.2024,v14.10,1,Blue,0:33:36,Tristana,Win,18,4,1,7,17,9.9,488,23.60%,1.2,0.39,0.09,0.3,12.30%,647,29.80%,73.30%,506,13435.3,1,0,1,0,1,10,1,4,1,1,0,0,1,0,0,0,2,1,1,50
Leave,ADCARRY,EDG,TT,1xn,\,15.06.2024,v14.10,1,Blue,0:33:36,Jinx,Win,17,5,3,5,19,10.5,501,24.20%,0.96,0.33,0.03,0.33,9.90%,664,30.50%,66.70%,227,16459.5,0,0,0,0,1,10,1,4,1,1,0,0,1,0,0,0,2,1,1,50
Wink,SUPPORT,EDG,TT,Qiuqiu,\,15.06.2024,v14.10,1,Blue,0:33:36,Nautilus,Win,14,0,1,11,0,1.4,267,12.90%,3.33,1.96,0.54,0.27,34.10%,113,5.20%,73.30%,70,17745.1,1,0,1,0,1,10,1,4,1,1,0,0,1,0,0,0,2,1,1,50
Hoya,TOP,TT,EDG,Solokill,\,15.06.2024,v14.10,1,Red,0:33:36,Renekton,Loss,16,0,3,3,4,8.8,364,19.90%,1.13,0.45,0.36,0.33,14.90%,201,11.20%,50.00%,942,24281.1,0,0,0,1,1,4,0,0,0,5,1,1,1,0,0,0,2,0,1,50
Beichuan,JUNGLE,TT,EDG,Jiejie,\,15.06.2024,v14.10,1,Red,0:33:36,Nidalee,Loss,17,1,3,4,238,7.6,358,19.60%,1.14,0.27,0.21,0.39,15.00%,345,19.30%,83.30%,210,29334.6,0,0,1,1,1,4,0,0,0,5,1,1,1,0,0,0,2,0,1,50
Ucal,MID,TT,EDG,Cryin,\,15.06.2024,v14.10,1,Red,0:33:36,Corki,Loss,18,3,2,3,8,10.7,448,24.50%,1.14,0.27,0.09,0.42,15.10%,535,29.90%,100.00%,-506,19191.9,0,0,1,1,1,4,0,0,0,5,1,1,1,0,0,0,2,0,1,50
1xn,ADCARRY,TT,EDG,Leave,\,15.06.2024,v14.10,1,Red,0:33:36,Ezreal,Loss,18,2,2,2,8,10.4,447,24.50%,1.02,0.3,0.03,0.21,13.40%,623,34.80%,66.70%,-227,12048.5,0,0,0,1,1,4,0,0,0,5,1,1,1,0,0,0,2,0,1,50
Qiuqiu,SUPPORT,TT,EDG,Wink,\,15.06.2024,v14.10,1,Red,0:33:36,Alistar,Loss,11,0,5,4,0,1.2,210,11.50%,3.15,1.9,0.54,0.45,41.60%,85,4.80%,66.70%,-70,19163.4,0,0,1,1,1,4,0,0,0,5,1,1,1,0,0,0,2,0,1,50
Hoya,TOP,TT,EDG,Solokill,\,15.06.2024,v14.10,2,Blue,0:35:26,Rumble,Loss,15,1,5,3,16,6.2,323,19.20%,1.2,0.34,0.23,0.25,13.80%,418,26.50%,66.70%,213,18147,0,0,1,1,1,5,1,3,0,5,1,0,0,0,0,0,4,0,1,50.3
Beichuan,JUNGLE,TT,EDG,Jiejie,\,15.06.2024,v14.10,2,Blue,0:35:26,Lillia,Loss,16,3,3,3,224,7.5,353,21.00%,1.33,0.25,0.2,0.25,15.30%,438,27.80%,100.00%,-92,38050.1,0,0,1,1,1,5,1,3,0,5,1,0,0,0,0,0,4,0,1,50.3
Ucal,MID,TT,EDG,Cryin,\,15.06.2024,v14.10,2,Blue,0:35:26,Yone,Loss,17,1,2,3,13,9.3,399,23.70%,1.27,0.4,0.14,0.34,14.70%,307,19.50%,66.70%,190,21774,0,0,0,1,1,5,1,3,0,5,1,0,0,0,0,0,4,0,1,50.3
1xn,ADCARRY,TT,EDG,Leave,\,15.06.2024,v14.10,2,Blue,0:35:26,Varus,Loss,16,1,3,3,10,9.7,401,23.90%,1.52,0.4,0.17,0.42,17.50%,322,20.40%,66.70%,-501,11367,0,0,0,1,1,5,1,3,0,5,1,0,0,0,0,0,4,0,1,50.3
Qiuqiu,SUPPORT,TT,EDG,Wink,\,15.06.2024,v14.10,2,Blue,0:35:26,Nautilus,Loss,12,0,5,3,0,1,204,12.20%,3.36,1.86,0.48,0.34,38.80%,91,5.80%,50.00%,-233,22891.2,0,0,0,1,1,5,1,3,0,5,1,0,0,0,0,0,4,0,1,50.3
Solokill,TOP,EDG,TT,Hoya,\,15.06.2024,v14.10,2,Red,0:35:26,Skarner,Win,18,2,0,14,0,8,406,20.30%,0.85,0.34,0.23,0.11,9.10%,373,16.90%,88.90%,-213,23065.9,1,1,1,0,0,9,0,3,0,1,0,1,2,0,0,0,4,3,1,49.7
Jiejie,JUNGLE,EDG,TT,Beichuan,\,15.06.2024,v14.10,2,Red,0:35:26,Lee_Sin,Win,18,6,2,10,232,7.4,428,21.40%,1.86,0.45,0.25,0.51,19.80%,459,20.90%,88.90%,92,27777,1,0,1,0,0,9,0,3,0,1,0,1,2,0,0,0,4,3,1,49.7
Cryin,MID,EDG,TT,Ucal,\,15.06.2024,v14.10,2,Red,0:35:26,Hwei,Win,17,2,0,11,8,8,411,20.60%,1.48,0.51,0.2,0.14,15.70%,585,26.60%,72.20%,-190,9337.88,0,0,0,0,0,9,0,3,0,1,0,1,2,0,0,0,4,3,1,49.7
Leave,ADCARRY,EDG,TT,1xn,\,15.06.2024,v14.10,2,Red,0:35:26,Kaisa,Win,18,6,1,8,20,10.5,484,24.20%,1.28,0.37,0.11,0.31,13.60%,674,30.60%,77.80%,501,14123.6,0,0,0.333,0,0,9,0,3,0,1,0,1,2,0,0,0,4,3,1,49.7
Wink,SUPPORT,EDG,TT,Qiuqiu,\,15.06.2024,v14.10,2,Red,0:35:26,Rell,Win,13,2,3,13,0,1.1,272,13.60%,3.92,1.95,0.59,0.45,41.80%,110,5.00%,83.30%,233,14972,0,0,0.333,0,0,9,0,3,0,1,0,1,2,0,0,0,4,3,1,49.7
Xiaolaohu,TOP,FPX,JDG,sheer,\,15.06.2024,v14.10,1,Blue,0:33:19,Skarner,Loss,17,0,4,7,4,7.4,324,19.10%,1.22,0.36,0.24,0.3,12.80%,306,13.80%,63.60%,-1250,25563.7,0,0,0.4,0,0,0,1,2,0,0,0,0,1,1,1,0,6,0,1,40.2
milkyway,JUNGLE,FPX,JDG,Kanavi,\,15.06.2024,v14.10,1,Blue,0:33:19,Graves,Loss,15,1,6,6,176,7.3,348,20.60%,1.9,0.3,0.24,0.72,20.00%,251,11.30%,63.60%,-25,21919.9,0,0,0.8,0,0,0,1,2,0,0,0,0,1,1,1,0,6,0,1,40.2
Care,MID,FPX,JDG,Yagao,\,15.06.2024,v14.10,1,Blue,0:33:19,Annie,Loss,16,3,7,8,0,7.2,384,22.70%,1.32,0.6,0.33,0.33,14.00%,601,27.20%,100.00%,-973,19541.6,0,0,1,0,0,0,1,2,0,0,0,0,1,1,1,0,6,0,1,40.2
deokdam,ADCARRY,FPX,JDG,Ruler,\,15.06.2024,v14.10,1,Blue,0:33:19,Varus,Loss,16,7,4,4,0,8.4,410,24.30%,0.98,0.72,0.03,0.18,10.40%,910,41.10%,100.00%,-377,22057.4,0,0,1,0,0,0,1,2,0,0,0,0,1,1,1,0,6,0,1,40.2
Life,SUPPORT,FPX,JDG,Missing,\,15.06.2024,v14.10,1,Blue,0:33:19,Leona,Loss,12,0,6,8,0,1.2,226,13.30%,4.05,2.13,0.48,0.57,42.80%,143,6.50%,72.70%,155,25465.8,0,0,0.8,0,0,0,1,2,0,0,0,0,1,1,1,0,6,0,1,40.2
sheer,TOP,JDG,FPX,Xiaolaohu,\,15.06.2024,v14.10,1,Red,0:33:19,Rumble,Win,18,8,1,12,20,8.1,460,21.80%,0.77,0.24,0.15,0.06,7.10%,665,22.70%,74.10%,1250,22268,0,0,0.833,1,1,10,0,3,0,6,1,1,1,1,0,0,6,5,1,59.8
Kanavi,JUNGLE,JDG,FPX,milkyway,\,15.06.2024,v14.10,1,Red,0:33:19,Vi,Win,17,6,3,12,226,7.6,421,19.90%,1.49,0.3,0.27,0.48,13.80%,448,15.30%,66.70%,25,29446.7,1,0,0.667,1,1,10,0,3,0,6,1,1,1,1,0,0,6,5,1,59.8
Yagao,MID,JDG,FPX,Care,\,15.06.2024,v14.10,1,Red,0:33:19,Ahri,Win,18,4,2,14,4,7.8,438,20.70%,2.58,0.99,0.24,0.54,23.90%,657,22.40%,66.70%,973,15796.1,1,0,0.833,1,1,10,0,3,0,6,1,1,1,1,0,0,6,5,1,59.8
Ruler,ADCARRY,JDG,FPX,deokdam,\,15.06.2024,v14.10,1,Red,0:33:19,Ashe,Win,17,9,0,17,16,9.9,541,25.60%,2.09,0.36,0.09,0.57,19.30%,1041,35.50%,96.30%,377,13100.2,1,1,1,1,1,10,0,3,0,6,1,1,1,1,0,0,6,5,1,59.8
Missing,SUPPORT,JDG,FPX,Life,\,15.06.2024,v14.10,1,Red,0:33:19,Rell,Win,13,0,5,15,2,1.1,254,12.00%,3.89,2.4,0.72,0.39,35.90%,123,4.20%,55.60%,-155,21667.4,0,0,0,1,1,10,0,3,0,6,1,1,1,1,0,0,6,5,1,59.8
sheer,TOP,JDG,FPX,Xiaolaohu,\,15.06.2024,v14.10,2,Blue,0:26:08,Twisted_Fate,Win,15,3,3,7,4,7.8,476,21.90%,1.09,0.34,0.15,0.23,10.40%,431,18.00%,55.60%,1739,14053.8,0,0,0.286,1,2,10,1,3,0,4,1,1,1,0,0,0,2,2,0,59.1
Kanavi,JUNGLE,JDG,FPX,milkyway,\,15.06.2024,v14.10,2,Blue,0:26:08,Lee_Sin,Win,15,8,0,8,174,7.3,475,21.80%,1.34,0.38,0.23,0.31,12.70%,659,27.60%,88.90%,1661,28156,0,1,0.857,1,2,10,1,3,0,4,1,1,1,0,0,0,2,2,0,59.1
Yagao,MID,JDG,FPX,Care,\,15.06.2024,v14.10,2,Blue,0:26:08,LeBlanc,Win,16,2,1,10,0,8.7,445,20.40%,1.69,0.5,0.08,0.42,16.10%,717,30.00%,66.70%,1212,15919,1,0,0.714,1,2,10,1,3,0,4,1,1,1,0,0,0,2,2,0,59.1
Ruler,ADCARRY,JDG,FPX,deokdam,\,15.06.2024,v14.10,2,Blue,0:26:08,Kalista,Win,15,3,0,2,16,10.8,479,22.00%,3.02,1.3,0.31,0.65,28.70%,386,16.20%,27.80%,829,8651.14,0,0,0,1,2,10,1,3,0,4,1,1,1,0,0,0,2,2,0,59.1
Missing,SUPPORT,JDG,FPX,Life,\,15.06.2024,v14.10,2,Blue,0:26:08,Nautilus,Win,11,2,1,11,0,1.5,303,13.90%,3.37,1.65,0.5,0.5,32.10%,195,8.20%,72.20%,1186,10553.7,1,0,0.714,1,2,10,1,3,0,4,1,1,1,0,0,0,2,2,0,59.1
Xiaolaohu,TOP,FPX,JDG,sheer,\,15.06.2024,v14.10,2,Red,0:26:08,Camille,Loss,14,0,5,3,0,7.5,335,20.40%,1.14,0.27,0.15,0.19,14.80%,494,28.20%,60.00%,-1739,25350.4,0,0,1,0,0,2,0,1,0,2,0,0,0,0,0,0,2,0,0,40.9
milkyway,JUNGLE,FPX,JDG,Kanavi,\,15.06.2024,v14.10,2,Red,0:26:08,Nidalee,Loss,12,2,3,1,133,6.1,334,20.30%,1.59,0.23,0.19,0.84,20.80%,175,10.00%,60.00%,-1661,22435.2,0,0,1,0,0,2,0,1,0,2,0,0,0,0,0,0,2,0,0,40.9
Care,MID,FPX,JDG,Yagao,\,15.06.2024,v14.10,2,Red,0:26:08,Corki,Loss,14,2,4,2,0,8.9,383,23.30%,1.43,0.99,0.31,0.27,18.60%,572,32.70%,80.00%,-1212,17183.1,0,0,0.5,0,0,2,0,1,0,2,0,0,0,0,0,0,2,0,0,40.9
deokdam,ADCARRY,FPX,JDG,Ruler,\,15.06.2024,v14.10,2,Red,0:26:08,Aphelios,Loss,13,1,3,2,1,8.8,380,23.20%,0.79,0.27,0,0.38,10.20%,449,25.60%,60.00%,-829,11816.7,0,0,0,0,0,2,0,1,0,2,0,0,0,0,0,0,2,0,0,40.9
Life,SUPPORT,FPX,JDG,Missing,\,15.06.2024,v14.10,2,Red,0:26:08,Rell,Loss,10,0,3,2,0,1,211,12.80%,2.73,1.61,0.34,0.27,35.60%,60,3.40%,40.00%,-1186,10796,0,0,0.5,0,0,2,0,1,0,2,0,0,0,0,0,0,2,0,0,40.9
Xiaoxu,TOP,RA,LNG,Zika,\,16.06.2024,v14.11,1,Blue,0:31:26,Skarner,Loss,15,4,6,5,1,6.6,334,18.00%,0.96,0.32,0.13,0.19,12.30%,588,22.80%,45.00%,-445,29479.1,0,0,0.111,1,1,4,0,3,0,3,1,0,0,1,0,1,4,1,1,45
Xiaohao,JUNGLE,RA,LNG,WeiWei,\,16.06.2024,v14.11,1,Blue,0:31:26,Graves,Loss,17,5,3,9,198,8,439,23.60%,1.54,0.54,0.19,0.16,19.60%,684,26.50%,70.00%,91,24619.8,0,0,0.556,1,1,4,0,3,0,3,1,0,0,1,0,1,4,1,1,45
Vicla,MID,RA,LNG,Scout,\,16.06.2024,v14.11,1,Blue,0:31:26,LeBlanc,Loss,16,7,5,10,3,7.7,451,24.20%,1.36,0.51,0.32,0.19,17.30%,672,26.10%,85.00%,1985,22836.2,1,0,0.889,1,1,4,0,3,0,3,1,0,0,1,0,1,4,1,1,45
Assum,ADCARRY,RA,LNG,GALA,\,16.06.2024,v14.11,1,Blue,0:31:26,Varus,Loss,15,3,3,6,0,8.9,409,22.00%,1.09,0.32,0.13,0.38,13.90%,426,16.50%,45.00%,1957,17764.5,0,0,0.333,1,1,4,0,3,0,3,1,0,0,1,0,1,4,1,1,45
Jwei,SUPPORT,RA,LNG,Hang,\,16.06.2024,v14.11,1,Blue,0:31:26,Leona,Loss,12,1,4,10,0,0.9,227,12.20%,2.89,1.69,0.57,0.16,36.90%,210,8.10%,55.00%,-1208,20201.8,0,0,0.556,1,1,4,0,3,0,3,1,0,0,1,0,1,4,1,1,45
Zika,TOP,LNG,RA,Xiaoxu,\,16.06.2024,v14.11,1,Red,0:31:26,Renekton,Win,18,3,3,10,7,8.7,435,20.80%,1.1,0.38,0.25,0.29,16.70%,475,16.30%,61.90%,445,35210.7,0,0,0.25,0,0,8,1,2,0,3,0,1,2,1,0,1,4,2,1,55
WeiWei,JUNGLE,LNG,RA,Xiaohao,\,16.06.2024,v14.11,1,Red,0:31:26,Karthus,Win,18,9,3,11,229,9.1,519,24.80%,1.09,0.22,0.13,0.25,16.60%,1092,37.40%,95.20%,-91,28988.8,0,1,0.75,0,0,8,1,2,0,3,0,1,2,1,0,1,4,2,1,55
Scout,MID,LNG,RA,Vicla,\,16.06.2024,v14.11,1,Red,0:31:26,Malzahar,Win,16,5,8,11,10,7.8,424,20.30%,0.8,0.25,0.13,0.13,12.10%,566,19.40%,76.20%,-1985,19490,0,0,0.5,0,0,8,1,2,0,3,0,1,2,1,0,1,4,2,1,55
GALA,ADCARRY,LNG,RA,Assum,\,16.06.2024,v14.11,1,Red,0:31:26,Senna,Win,14,4,3,15,0,1.4,339,16.30%,2.16,0.95,0.19,0.51,32.90%,508,17.40%,90.50%,-1957,15335.9,0,0,0.5,0,0,8,1,2,0,3,0,1,2,1,0,1,4,2,1,55
Hang,SUPPORT,LNG,RA,Jwei,\,16.06.2024,v14.11,1,Red,0:31:26,Nautilus,Win,16,0,3,17,1,7.3,371,17.70%,1.42,0.64,0.29,0.25,21.60%,280,9.60%,81.00%,1208,21792.2,0,0,0.25,0,0,8,1,2,0,3,0,1,2,1,0,1,4,2,1,55
Xiaoxu,TOP,RA,LNG,Zika,\,16.06.2024,v14.11,2,Blue,0:24:40,Kennen,Loss,14,3,3,4,4,7.9,367,22.70%,0.84,0.38,0.19,0.11,12.90%,585,32.90%,100.00%,423,13537.9,0,0,1,0,0,1,1,4,0,6,0,0,0,0,0,0,2,0,1,53.4
Xiaohao,JUNGLE,RA,LNG,WeiWei,\,16.06.2024,v14.11,2,Blue,0:24:40,Xin_Zhao,Loss,13,2,1,3,158,6.3,319,19.70%,1.45,0.38,0.3,0.26,22.40%,362,20.30%,71.40%,-659,34204.4,0,0,1,0,0,1,1,4,0,6,0,0,0,0,0,0,2,0,1,53.4
Vicla,MID,RA,LNG,Scout,\,16.06.2024,v14.11,2,Blue,0:24:40,Tristana,Loss,14,1,0,1,13,8.4,366,22.60%,0.9,0.53,0.19,0.08,13.90%,390,21.90%,28.60%,-690,17540.5,0,0,0,0,0,1,1,4,0,6,0,0,0,0,0,0,2,0,1,53.4
Assum,ADCARRY,RA,LNG,GALA,\,16.06.2024,v14.11,2,Blue,0:24:40,Kaisa,Loss,13,1,1,3,0,8.1,369,22.80%,0.4,0.23,0.04,0.15,6.20%,308,17.30%,57.10%,-3402,14115.8,0,0,0,0,0,1,1,4,0,6,0,0,0,0,0,0,2,0,1,53.4
Jwei,SUPPORT,RA,LNG,Hang,\,16.06.2024,v14.11,2,Blue,0:24:40,Nautilus,Loss,10,0,4,2,0,0.9,197,12.20%,2.88,1.54,0.45,0.15,44.60%,136,7.60%,28.60%,-542,17643.6,0,0,0,0,0,1,1,4,0,6,0,0,0,0,0,0,2,0,1,53.4
Zika,TOP,LNG,RA,Xiaoxu,\,16.06.2024,v14.11,2,Red,0:24:40,Jax,Win,15,1,1,3,8,8.1,395,20.40%,1.08,0.45,0.11,0.19,13.30%,407,15.80%,44.40%,-423,16150.7,1,0,0.5,1,2,9,0,0,0,0,1,1,1,0,0,0,2,1,1,46.6
WeiWei,JUNGLE,LNG,RA,Xiaohao,\,16.06.2024,v14.11,2,Red,0:24:40,Ivern,Win,13,2,1,5,144,6,386,19.90%,1.85,0.3,0.23,0.49,22.70%,241,9.40%,77.80%,659,8677.53,1,1,1,1,2,9,0,0,0,0,1,1,1,0,0,0,2,1,1,46.6
Scout,MID,LNG,RA,Vicla,\,16.06.2024,v14.11,2,Red,0:24:40,Corki,Win,14,3,2,2,1,8.3,402,20.70%,1.47,0.49,0.11,0.34,18.10%,613,23.80%,55.60%,690,15671.3,0,0,0.25,1,2,9,0,0,0,0,1,1,1,0,0,0,2,1,1,46.6
GALA,ADCARRY,LNG,RA,Assum,\,16.06.2024,v14.11,2,Red,0:24:40,Ziggs,Win,13,3,1,2,0,8.4,498,25.70%,0.71,0.34,0.08,0.11,8.70%,1017,39.50%,55.60%,3402,8121.33,0,0,0.75,1,2,9,0,0,0,0,1,1,1,0,0,0,2,1,1,46.6
Hang,SUPPORT,LNG,RA,Jwei,\,16.06.2024,v14.11,2,Red,0:24:40,Leona,Win,11,0,2,6,0,1.6,256,13.20%,3.03,1.24,0.49,0.45,37.30%,297,11.50%,66.70%,542,13458.8,0,0,0.75,1,2,9,0,0,0,0,1,1,1,0,0,0,2,1,1,46.6
Hery,TOP,OMG,TES,369,\,16.06.2024,v14.11,1,Blue,0:26:26,Skarner,Loss,14,0,5,4,2,7.1,315,18.80%,0.6,0.15,0.04,0.15,7.60%,562,24.30%,80.00%,-851,22604.7,1,0,1,0,0,1,0,0,0,1,0,0,0,1,0,0,1,0,0,34.9
xiaofang,JUNGLE,OMG,TES,Tian,\,16.06.2024,v14.11,1,Blue,0:26:26,Nidalee,Loss,12,2,3,1,124,5.4,341,20.40%,1.54,0.3,0.26,0.42,19.60%,538,23.30%,60.00%,-1522,24205.7,1,0,0.333,0,0,1,0,0,0,1,0,0,0,1,0,0,1,0,0,34.9
Angel,MID,OMG,TES,Creme,\,16.06.2024,v14.11,1,Blue,0:26:26,Corki,Loss,14,3,3,1,4,9.7,408,24.50%,1.27,0.49,0.23,0.26,16.20%,623,26.90%,80.00%,147,17481.9,0,0,0.667,0,0,1,0,0,0,1,0,0,0,1,0,0,1,0,0,34.9
Starry,ADCARRY,OMG,TES,JackeyLove,\,16.06.2024,v14.11,1,Blue,0:26:26,Varus,Loss,14,0,1,0,0,9.6,390,23.40%,1.15,0.42,0.15,0.34,14.60%,447,19.40%,0.00%,-41,7466.44,0,0,0,0,0,1,0,0,0,1,0,0,0,1,0,0,1,0,0,34.9
Ppgod,SUPPORT,OMG,TES,meiko,\,16.06.2024,v14.11,1,Blue,0:26:26,Rell,Loss,10,0,3,3,0,1.1,216,12.90%,3.29,1.93,0.57,0.34,42.00%,141,6.10%,60.00%,21,12018.3,0,0,0.667,0,0,1,0,0,0,1,0,0,0,1,0,0,1,0,0,34.9
369,TOP,TES,OMG,Hery,\,16.06.2024,v14.11,1,Red,0:26:26,Mordekaiser,Win,16,2,3,8,12,8.6,418,19.50%,0.98,0.3,0.15,0.04,10.20%,696,29.70%,66.70%,851,28105.6,0,0,0.75,1,0,9,1,3,0,5,1,1,1,1,1,0,1,1,0,65.1
Tian,JUNGLE,TES,OMG,xiaofang,\,16.06.2024,v14.11,1,Red,0:26:26,Lillia,Win,16,6,0,6,204,9.2,462,21.50%,2.15,0.38,0.26,0.61,22.40%,465,19.90%,80.00%,1522,26177,0,1,1,1,0,9,1,3,0,5,1,1,1,1,1,0,1,1,0,65.1
Creme,MID,TES,OMG,Angel,\,16.06.2024,v14.11,1,Red,0:26:26,Tristana,Win,16,4,1,4,16,11.5,569,26.50%,1.15,0.38,0.04,0.26,12.00%,715,30.60%,53.30%,-147,15464.4,0,0,0.5,1,0,9,1,3,0,5,1,1,1,1,1,0,1,1,0,65.1
JackeyLove,ADCARRY,TES,OMG,Starry,\,16.06.2024,v14.11,1,Red,0:26:26,Jhin,Win,16,2,0,4,10,10.3,434,20.20%,1.23,0.42,0.19,0.3,12.80%,337,14.40%,40.00%,41,8859.28,0,0,0.125,1,0,9,1,3,0,5,1,1,1,1,1,0,1,1,0,65.1
meiko,SUPPORT,TES,OMG,Ppgod,\,16.06.2024,v14.11,1,Red,0:26:26,Leona,Win,11,1,1,7,0,1.3,266,12.40%,4.09,1.82,0.49,0.53,42.60%,127,5.40%,53.30%,-21,12610.3,0,0,0.5,1,0,9,1,3,0,5,1,1,1,1,1,0,1,1,0,65.1
369,TOP,TES,OMG,Hery,\,16.06.2024,v14.11,2,Blue,0:28:09,Skarner,Win,16,3,1,10,0,7.4,409,19.60%,0.83,0.39,0.14,0.07,10.00%,713,20.90%,76.50%,411,21927.3,0,0,0.6,1,0,10,1,2,0,4,1,1,1,0,0,0,3,2,1,51.7
Tian,JUNGLE,TES,OMG,xiaofang,\,16.06.2024,v14.11,2,Blue,0:28:09,Karthus,Win,16,5,2,11,204,8.6,497,23.90%,2.01,0.78,0.14,0.28,24.20%,975,28.60%,94.10%,875,24163.2,1,1,1,1,0,10,1,2,0,4,1,1,1,0,0,0,3,2,1,51.7
Creme,MID,TES,OMG,Angel,\,16.06.2024,v14.11,2,Blue,0:28:09,Corki,Win,16,4,1,8,3,9.5,490,23.50%,1.19,0.5,0.18,0.25,14.40%,884,25.90%,70.60%,1584,11883.4,0,0,0.4,1,0,10,1,2,0,4,1,1,1,0,0,0,3,2,1,51.7
JackeyLove,ADCARRY,TES,OMG,Starry,\,16.06.2024,v14.11,2,Blue,0:28:09,Senna,Win,13,3,1,12,4,2,329,15.80%,3.33,1.17,0.21,0.64,40.00%,568,16.70%,88.20%,-1239,10134.5,1,0,0.8,1,0,10,1,2,0,4,1,1,1,0,0,0,3,2,1,51.7
meiko,SUPPORT,TES,OMG,Ppgod,\,16.06.2024,v14.11,2,Blue,0:28:09,Ornn,Win,15,2,3,9,0,6.8,358,17.20%,0.95,0.46,0.07,0.18,11.40%,274,8.00%,64.70%,1004,21344.8,0,0,0.4,1,0,10,1,2,0,4,1,1,1,0,0,0,3,2,1,51.7
Hery,TOP,OMG,TES,369,\,16.06.2024,v14.11,2,Red,0:28:09,KSante,Loss,15,2,4,3,0,8.3,360,21.80%,0.75,0.25,0.11,0.21,10.80%,308,15.00%,62.50%,-411,27151.4,0,0,0.333,0,0,1,0,2,0,2,0,0,0,0,0,0,3,0,1,48.3
xiaofang,JUNGLE,OMG,TES,Tian,\,16.06.2024,v14.11,2,Red,0:28:09,Lillia,Loss,14,3,3,2,180,7.5,368,22.30%,1.51,0.36,0.32,0.39,21.80%,521,25.40%,62.50%,-875,36801.1,0,0,1,0,0,1,0,2,0,2,0,0,0,0,0,0,3,0,1,48.3
Angel,MID,OMG,TES,Creme,\,16.06.2024,v14.11,2,Red,0:28:09,Yone,Loss,15,1,2,0,17,9.8,365,22.10%,0.77,0.36,0.21,0.21,11.10%,382,18.60%,12.50%,-1584,28305.8,0,0,0,0,0,1,0,2,0,2,0,0,0,0,0,0,3,0,1,48.3
Starry,ADCARRY,OMG,TES,JackeyLove,\,16.06.2024,v14.11,2,Red,0:28:09,Jinx,Loss,14,2,5,3,0,8.3,350,21.20%,1.02,0.43,0.18,0.25,14.70%,636,31.00%,62.50%,1239,15810.1,0,0,0.667,0,0,1,0,2,0,2,0,0,0,0,0,0,3,0,1,48.3
Ppgod,SUPPORT,OMG,TES,meiko,\,16.06.2024,v14.11,2,Red,0:28:09,Nautilus,Loss,12,0,3,5,0,0.9,206,12.50%,2.87,1.85,0.6,0.28,41.50%,209,10.10%,62.50%,-1004,18532.6,0,0,0.667,0,0,1,0,2,0,2,0,0,0,0,0,0,3,0,1,48.3
Breathe,TOP,WBG,UP,Qingtian,\,17.06.2024,v14.11,1,Blue,0:25:15,KSante,Loss,14,0,2,0,1,8.5,325,20.70%,1.08,0.51,0.2,0.28,13.80%,236,18.50%,0.00%,-527,19465.8,0,0,0,0,0,2,0,0,0,2,1,0,0,1,0,0,2,0,0,47
Tarzan,JUNGLE,WBG,UP,H4cker,\,17.06.2024,v14.11,1,Blue,0:25:15,Nidalee,Loss,13,1,2,0,155,6.8,319,20.30%,1.55,0.36,0.16,0.51,19.90%,249,19.50%,100.00%,-601,24725.6,0,0,1,0,0,2,0,0,0,2,1,0,0,1,0,0,2,0,0,47
xiaohu,MID,WBG,UP,Yuekai,\,17.06.2024,v14.11,1,Blue,0:25:15,Azir,Loss,14,0,1,0,0,9.8,359,22.90%,1.47,0.32,0.16,0.71,18.90%,528,41.50%,0.00%,-962,18769.4,0,0,0,0,0,2,0,0,0,2,1,0,0,1,0,0,2,0,0,47
Light,ADCARRY,WBG,UP,Doggo,\,17.06.2024,v14.11,1,Blue,0:25:15,Ashe,Loss,13,0,2,1,0,9.7,360,22.90%,1.17,0.4,0.08,0.36,15.00%,199,15.70%,100.00%,-504,8333.68,0,0,1,0,0,2,0,0,0,2,1,0,0,1,0,0,2,0,0,47
Crisp,SUPPORT,WBG,UP,Niket,\,17.06.2024,v14.11,1,Blue,0:25:15,Nautilus,Loss,10,0,4,1,0,1.5,209,13.30%,2.51,1.47,0.51,0.48,32.30%,62,4.80%,100.00%,-172,12591.3,0,0,1,0,0,2,0,0,0,2,1,0,0,1,0,0,2,0,0,47
Qingtian,TOP,UP,WBG,Breathe,\,17.06.2024,v14.11,1,Red,0:25:15,Skarner,Win,16,2,0,6,0,9.1,436,22.20%,1.14,0.36,0.12,0.28,10.80%,537,21.90%,72.70%,527,12683.2,0,0,0.5,1,0,7,1,3,0,4,0,1,1,1,1,0,2,2,0,53
H4cker,JUNGLE,UP,WBG,Tarzan,\,17.06.2024,v14.11,1,Red,0:25:15,KhaZix,Win,14,4,1,4,166,8,412,21.00%,3.27,1.07,0.12,0.87,30.80%,352,14.40%,72.70%,601,25132.7,1,0,0.25,1,0,7,1,3,0,4,0,1,1,1,1,0,2,2,0,53
Yuekai,MID,UP,WBG,xiaohu,\,17.06.2024,v14.11,1,Red,0:25:15,LeBlanc,Win,15,1,0,6,4,9.1,421,21.40%,2.08,0.91,0.24,0.44,19.60%,755,30.90%,63.60%,962,11713.4,0,0,0.75,1,0,7,1,3,0,4,0,1,1,1,1,0,2,2,0,53
Doggo,ADCARRY,UP,WBG,Light,\,17.06.2024,v14.11,1,Red,0:25:15,Ezreal,Win,14,2,0,5,6,10.3,421,21.50%,1.21,0.55,0.28,0.24,11.40%,702,28.70%,63.60%,504,6335.77,1,0,0.75,1,0,7,1,3,0,4,0,1,1,1,1,0,2,2,0,53
Niket,SUPPORT,UP,WBG,Crisp,\,17.06.2024,v14.11,1,Red,0:25:15,Rell,Win,11,2,1,9,0,1.2,272,13.90%,2.9,1.82,0.55,0.12,27.30%,101,4.10%,100.00%,172,7714.24,1,1,1,1,0,7,1,3,0,4,0,1,1,1,1,0,2,2,0,53
Qingtian,TOP,UP,WBG,Breathe,\,17.06.2024,v14.11,2,Blue,0:32:01,KSante,Win,16,5,0,9,2,7,390,18.90%,0.99,0.31,0.12,0.22,10.70%,362,11.90%,53.80%,183,25681.8,0,0,0.143,1,1,10,0,3,0,3,1,1,1,0,0,0,6,5,1,57.6
H4cker,JUNGLE,UP,WBG,Tarzan,\,17.06.2024,v14.11,2,Blue,0:32:01,Nidalee,Win,16,6,1,14,184,6.7,426,20.70%,1.62,0.22,0.19,0.5,17.50%,656,21.70%,76.90%,507,31209.4,0,0,0.429,1,1,10,0,3,0,3,1,1,1,0,0,0,6,5,1,57.6
Yuekai,MID,UP,WBG,xiaohu,\,17.06.2024,v14.11,2,Blue,0:32:01,Tristana,Win,17,7,3,12,45,9.8,489,23.70%,1.43,0.47,0.16,0.44,15.50%,904,29.80%,73.10%,1525,30430.4,0,0,1,1,1,10,0,3,0,3,1,1,1,0,0,0,6,5,1,57.6
Doggo,ADCARRY,UP,WBG,Light,\,17.06.2024,v14.11,2,Blue,0:32:01,Ashe,Win,16,7,1,16,4,8.1,477,23.20%,1.59,0.41,0.12,0.41,17.10%,870,28.70%,88.50%,1033,13669.5,0,1,0.714,1,1,10,0,3,0,3,1,1,1,0,0,0,6,5,1,57.6
Niket,SUPPORT,UP,WBG,Crisp,\,17.06.2024,v14.11,2,Blue,0:32:01,Braum,Win,12,1,2,21,0,1,277,13.40%,3.63,1.81,0.5,0.31,39.20%,238,7.90%,84.60%,-251,27300.2,0,0,0.857,1,1,10,0,3,0,3,1,1,1,0,0,0,6,5,1,57.6
Breathe,TOP,WBG,UP,Qingtian,\,17.06.2024,v14.11,2,Red,0:32:01,Poppy,Loss,13,1,6,2,4,5.9,293,19.10%,1.23,0.41,0.16,0.16,17.30%,396,15.00%,42.90%,-183,26861.8,1,0,0.2,0,1,2,1,2,0,3,0,0,0,0,0,0,6,0,1,42.4
Tarzan,JUNGLE,WBG,UP,H4cker,\,17.06.2024,v14.11,2,Red,0:32:01,Maokai,Loss,14,0,2,4,159,5.8,285,18.60%,1.22,0.37,0.25,0.34,17.10%,687,26.00%,57.10%,-507,36833.5,0,0,0.4,0,1,2,1,2,0,3,0,0,0,0,0,0,6,0,1,42.4
xiaohu,MID,WBG,UP,Yuekai,\,17.06.2024,v14.11,2,Red,0:32:01,Taliyah,Loss,16,0,5,6,10,8.4,344,22.30%,0.79,0.41,0.22,0.12,11.10%,579,21.90%,85.70%,-1525,16493.1,1,0,0.8,0,1,2,1,2,0,3,0,0,0,0,0,0,6,0,1,42.4
Light,ADCARRY,WBG,UP,Doggo,\,17.06.2024,v14.11,2,Red,0:32:01,Varus,Loss,13,4,6,1,0,8.3,386,25.10%,0.89,0.31,0.06,0.31,12.50%,792,30.00%,71.40%,-1033,14836.8,1,0,0.8,0,1,2,1,2,0,3,0,0,0,0,0,0,6,0,1,42.4
Crisp,SUPPORT,WBG,UP,Niket,\,17.06.2024,v14.11,2,Red,0:32:01,Leona,Loss,11,2,7,4,0,1,229,14.90%,3,1.72,0.62,0.31,42.10%,189,7.10%,85.70%,251,25881.2,1,0,1,0,1,2,1,2,0,3,0,0,0,0,0,0,6,0,1,42.4
Ale,TOP,AL,NIP,shanji,\,17.06.2024,v14.11,1,Blue,0:31:36,Jax,Win,17,2,2,7,4,8.3,423,20.00%,1.13,0.51,0.13,0.13,12.50%,718,21.80%,50.00%,657,32547.5,1,0,0.333,1,0,9,0,3,0,6,1,1,2,0,0,0,2,2,0,59.7
Croco,JUNGLE,AL,NIP,AKi,\,17.06.2024,v14.11,1,Blue,0:31:36,Rumble,Win,17,2,1,12,207,7.5,412,19.50%,1.05,0.22,0.16,0.19,11.50%,729,22.10%,77.80%,-49,28417.5,1,1,0.667,1,0,9,0,3,0,6,1,1,2,0,0,0,2,2,0,59.7
Shanks,MID,AL,NIP,RooKie,\,17.06.2024,v14.11,1,Blue,0:31:36,Corki,Win,18,7,0,7,28,10.6,525,24.80%,1.47,0.32,0.09,0.85,16.20%,945,28.70%,77.80%,580,23832,0,0,0.333,1,0,9,0,3,0,6,1,1,2,0,0,0,2,2,0,59.7
Hope,ADCARRY,AL,NIP,Photic,\,17.06.2024,v14.11,1,Blue,0:31:36,Varus,Win,17,5,1,5,4,9.7,476,22.50%,1.8,0.95,0.16,0.47,19.80%,728,22.10%,55.60%,798,9457.16,0,0,0.333,1,0,9,0,3,0,6,1,1,2,0,0,0,2,2,0,59.7
Kael,SUPPORT,AL,NIP,Zhuo,\,17.06.2024,v14.11,1,Blue,0:31:36,Maokai,Win,12,2,2,8,1,1.3,277,13.10%,3.64,1.8,0.6,0.57,40.00%,172,5.20%,55.60%,225,16818.3,0,0,0.333,1,0,9,0,3,0,6,1,1,2,0,0,0,2,2,0,59.7
shanji,TOP,NIP,AL,Ale,\,17.06.2024,v14.11,1,Red,0:31:36,KSante,Loss,16,2,4,1,0,8.1,341,20.90%,1.1,0.28,0.06,0.32,11.90%,460,20.50%,50.00%,-657,28419.6,0,0,1,0,0,2,1,1,0,0,0,0,0,0,0,0,2,0,0,40.3
AKi,JUNGLE,NIP,AL,Croco,\,17.06.2024,v14.11,1,Red,0:31:36,Ivern,Loss,13,1,2,4,140,5,312,19.10%,1.46,0.41,0.35,0.35,15.80%,316,14.10%,83.30%,49,15880.4,0,0,1,0,0,2,1,1,0,0,0,0,0,0,0,0,2,0,0,40.3
RooKie,MID,NIP,AL,Shanks,\,17.06.2024,v14.11,1,Red,0:31:36,Tristana,Loss,16,1,3,1,20,10.6,415,25.40%,1.46,0.38,0.13,0.28,15.80%,695,31.00%,33.30%,-580,26775.4,0,0,0,0,0,2,1,1,0,0,0,0,0,0,0,0,2,0,0,40.3
Photic,ADCARRY,NIP,AL,Hope,\,17.06.2024,v14.11,1,Red,0:31:36,Jhin,Loss,15,2,3,1,5,8.6,357,21.90%,0.82,0.38,0.13,0.25,8.90%,559,24.90%,50.00%,-798,20826.9,0,0,0,0,0,2,1,1,0,0,0,0,0,0,0,0,2,0,0,40.3
Zhuo,SUPPORT,NIP,AL,Kael,\,17.06.2024,v14.11,1,Red,0:31:36,Leona,Loss,10,0,6,2,0,1.3,207,12.70%,4.38,2.75,0.51,0.63,47.50%,210,9.40%,33.30%,-225,25965.8,0,0,0,0,0,2,1,1,0,0,0,0,0,0,0,0,2,0,0,40.3
shanji,TOP,NIP,AL,Ale,\,17.06.2024,v14.11,2,Blue,0:26:34,Kennen,Win,15,7,4,12,0,8.2,486,22.40%,1.17,0.23,0.11,0.23,12.30%,874,28.30%,70.40%,1021,17570.8,0,0,0.444,1,1,9,0,3,0,3,1,1,1,0,0,0,5,5,0,49.5
AKi,JUNGLE,NIP,AL,Croco,\,17.06.2024,v14.11,2,Blue,0:26:34,Wukong,Win,15,8,0,11,150,6.2,474,21.80%,1.72,0.26,0.23,0.34,18.00%,509,16.50%,70.40%,537,24276.6,0,1,0.667,1,1,9,0,3,0,3,1,1,1,0,0,0,5,5,0,49.5
RooKie,MID,NIP,AL,Shanks,\,17.06.2024,v14.11,2,Blue,0:26:34,LeBlanc,Win,15,6,2,10,0,8.3,504,23.20%,1.87,0.72,0.15,0.38,19.50%,751,24.30%,59.30%,2199,16394.9,1,0,0.556,1,1,9,0,3,0,3,1,1,1,0,0,0,5,5,0,49.5
Photic,ADCARRY,NIP,AL,Hope,\,17.06.2024,v14.11,2,Blue,0:26:34,Senna,Win,12,4,3,14,13,2.1,371,17.10%,3.46,1.47,0.23,0.53,36.20%,619,20.10%,66.70%,-1631,9397.83,0,0,0.556,1,1,9,0,3,0,3,1,1,1,0,0,0,5,5,0,49.5
Zhuo,SUPPORT,NIP,AL,Kael,\,17.06.2024,v14.11,2,Blue,0:26:34,Ornn,Win,15,2,2,15,0,5.9,340,15.60%,1.34,0.64,0.23,0.15,14.10%,332,10.80%,63.00%,1120,18158.5,0,0,0.444,1,1,9,0,3,0,3,1,1,1,0,0,0,5,5,0,49.5
Ale,TOP,AL,NIP,shanji,\,17.06.2024,v14.11,2,Red,0:26:34,Renekton,Loss,14,1,6,2,0,7.4,335,19.90%,0.86,0.3,0.11,0.11,10.30%,293,13.10%,27.30%,-1021,28486.5,0,0,0.2,0,0,2,1,1,0,3,0,0,0,0,0,0,5,0,0,50.5
Croco,JUNGLE,AL,NIP,AKi,\,17.06.2024,v14.11,2,Red,0:26:34,Viego,Loss,14,5,5,3,166,6.8,389,23.10%,1.5,0.34,0.3,0.3,17.80%,607,27.20%,72.70%,-537,32631.2,0,0,0.4,0,0,2,1,1,0,3,0,0,0,0,0,0,5,0,0,50.5
Shanks,MID,AL,NIP,RooKie,\,17.06.2024,v14.11,2,Red,0:26:34,Azir,Loss,14,2,5,3,0,8.6,352,20.90%,1.15,0.34,0.04,0.41,13.70%,615,27.60%,45.50%,-2199,18913,0,0,0.2,0,0,2,1,1,0,3,0,0,0,0,0,0,5,0,0,50.5
Hope,ADCARRY,AL,NIP,Photic,\,17.06.2024,v14.11,2,Red,0:26:34,Ashe,Loss,13,3,5,6,0,7.8,374,22.20%,1.75,0.6,0.26,0.34,20.90%,547,24.50%,81.80%,1631,12020.7,0,0,0.8,0,0,2,1,1,0,3,0,0,0,0,0,0,5,0,0,50.5
Kael,SUPPORT,AL,NIP,Zhuo,\,17.06.2024,v14.11,2,Red,0:26:34,Braum,Loss,10,0,6,9,0,0.7,233,13.90%,3.14,1.69,0.6,0.3,37.30%,171,7.70%,81.80%,-1120,17921.2,0,0,0.8,0,0,2,1,1,0,3,0,0,0,0,0,0,5,0,0,50.5
Ale,TOP,AL,NIP,shanji,\,17.06.2024,v14.11,3,Blue,0:23:34,KSante,Win,15,5,1,5,3,7.9,433,20.20%,0.54,0.34,0.04,0,6.30%,920,32.70%,62.50%,741,21342,1,0,0.5,1,1,10,1,3,0,6,1,1,1,0,0,0,1,1,0,49.7
Croco,JUNGLE,AL,NIP,AKi,\,17.06.2024,v14.11,3,Blue,0:23:34,Sejuani,Win,13,1,0,7,136,6.5,361,16.80%,1.64,0.34,0.17,0.38,19.10%,260,9.20%,50.00%,224,23041.8,0,0,0.667,1,1,10,1,3,0,6,1,1,1,0,0,0,1,1,0,49.7
Shanks,MID,AL,NIP,RooKie,\,17.06.2024,v14.11,3,Blue,0:23:34,Yone,Win,15,6,0,5,4,10.2,539,25.10%,0.98,0.25,0.08,0.25,11.40%,811,28.80%,68.80%,1104,16166.8,0,1,0.5,1,1,10,1,3,0,6,1,1,1,0,0,0,1,1,0,49.7
Hope,ADCARRY,AL,NIP,Photic,\,17.06.2024,v14.11,3,Blue,0:23:34,Ziggs,Win,14,3,2,7,4,9.3,528,24.60%,1.36,0.51,0.17,0.38,15.80%,646,22.90%,62.50%,333,6402.77,0,0,0.333,1,1,10,1,3,0,6,1,1,1,0,0,0,1,1,0,49.7
Kael,SUPPORT,AL,NIP,Zhuo,\,17.06.2024,v14.11,3,Blue,0:23:34,Leona,Win,10,1,1,8,0,1.3,285,13.30%,4.08,1.87,0.72,0.72,47.40%,178,6.30%,56.30%,424,8800.55,0,0,0.5,1,1,10,1,3,0,6,1,1,1,0,0,0,1,1,0,49.7
shanji,TOP,NIP,AL,Ale,\,17.06.2024,v14.11,3,Red,0:23:34,Renekton,Loss,13,0,5,2,0,8.1,327,20.60%,0.65,0.25,0.08,0,8.30%,566,31.50%,50.00%,-741,27302.7,0,0,0,0,0,1,0,0,0,0,0,0,0,0,0,0,1,0,0,50.3
AKi,JUNGLE,NIP,AL,Croco,\,17.06.2024,v14.11,3,Red,0:23:34,Vi,Loss,12,0,3,2,140,6.4,307,19.30%,1.29,0.25,0.21,0.34,16.60%,100,5.60%,50.00%,-224,20112.8,0,0,1,0,0,1,0,0,0,0,0,0,0,0,0,0,1,0,0,50.3
RooKie,MID,NIP,AL,Shanks,\,17.06.2024,v14.11,3,Red,0:23:34,Taliyah,Loss,13,3,3,0,9,8.5,366,23.10%,0.93,0.47,0.13,0.13,11.90%,627,34.90%,75.00%,-1104,13344.6,0,0,0.5,0,0,1,0,0,0,0,0,0,0,0,0,0,1,0,0,50.3
Photic,ADCARRY,NIP,AL,Hope,\,17.06.2024,v14.11,3,Red,0:23:34,Lucian,Loss,12,1,3,1,0,9,376,23.70%,1.74,0.42,0.08,0.51,22.40%,406,22.60%,50.00%,-333,11398.8,0,0,0.5,0,0,1,0,0,0,0,0,0,0,0,0,0,1,0,0,50.3
Zhuo,SUPPORT,NIP,AL,Kael,\,17.06.2024,v14.11,3,Red,0:23:34,Nami,Loss,10,0,2,1,0,1.3,210,13.20%,3.18,1.74,0.51,0.25,40.80%,97,5.40%,25.00%,-424,8479.4,0,0,0.5,0,0,1,0,0,0,0,0,0,0,0,0,0,1,0,0,50.3
Burdol,TOP,LGD,RNG,Zdz,\,18.06.2024,v14.11,1,Blue,0:35:37,KSante,Win,17,5,2,7,1,7,366,19.10%,1.04,0.53,0.45,0.14,9.80%,328,11.50%,63.20%,518,36953.2,0,0,0,1,0,8,1,2,0,5,1,0,0,1,1,0,5,3,2,51.4
Meteor,JUNGLE,LGD,RNG,Wei,\,18.06.2024,v14.11,1,Blue,0:35:37,Kindred,Win,17,1,1,14,220,7.6,369,19.30%,3.11,1.21,0.2,0.84,29.20%,450,15.80%,78.90%,-62,28878.3,0,0,0,1,0,8,1,2,0,5,1,0,0,1,1,0,5,3,2,51.4
Haichao,MID,LGD,RNG,Tangyuan,\,18.06.2024,v14.11,1,Blue,0:35:37,LeBlanc,Win,18,6,0,9,0,8.9,480,25.10%,1.4,0.59,0.14,0.51,13.10%,1017,35.70%,78.90%,780,14713.4,1,1,0.5,1,0,8,1,2,0,5,1,0,0,1,1,0,5,3,2,51.4
Shaoye,ADCARRY,LGD,RNG,huanfeng,\,18.06.2024,v14.11,1,Blue,0:35:37,Zeri,Win,17,6,2,10,30,10.1,468,24.50%,1.93,0.53,0.17,0.65,18.10%,901,31.70%,84.20%,1097,22244.8,1,0,1,1,0,8,1,2,0,5,1,0,0,1,1,0,5,3,2,51.4
jinjiao,SUPPORT,LGD,RNG,Ming,\,18.06.2024,v14.11,1,Blue,0:35:37,Leona,Win,12,1,3,9,0,1.1,230,12.00%,3.17,1.54,0.53,0.39,29.80%,150,5.30%,52.60%,315,31035,1,0,0.5,1,0,8,1,2,0,5,1,0,0,1,1,0,5,3,2,51.4
Zdz,TOP,RNG,LGD,Burdol,\,18.06.2024,v14.11,1,Red,0:35:37,Poppy,Loss,15,0,6,3,1,5.7,284,17.20%,0.86,0.34,0.22,0.17,9.20%,428,15.90%,37.50%,-518,32817.1,0,0,\,0,0,5,0,4,0,1,0,1,1,1,0,0,5,0,2,48.6
Wei,JUNGLE,RNG,LGD,Meteor,\,18.06.2024,v14.11,1,Red,0:35:37,Graves,Loss,16,2,3,6,217,7.7,360,21.80%,1.6,0.39,0.28,0.84,17.10%,647,24.00%,100.00%,62,23586.6,0,0,\,0,0,5,0,4,0,1,0,1,1,1,0,0,5,0,2,48.6
Tangyuan,MID,RNG,LGD,Haichao,\,18.06.2024,v14.11,1,Red,0:35:37,Ahri,Loss,17,2,2,6,4,8.2,368,22.30%,2,0.95,0.14,0.76,21.40%,675,25.00%,100.00%,-780,17594.6,0,0,\,0,0,5,0,4,0,1,0,1,1,1,0,0,5,0,2,48.6
huanfeng,ADCARRY,RNG,LGD,Shaoye,\,18.06.2024,v14.11,1,Red,0:35:37,Jinx,Loss,16,4,3,3,15,9.6,419,25.40%,1.71,0.51,0.17,0.7,18.30%,805,29.90%,87.50%,-1097,15793.6,0,0,\,0,0,5,0,4,0,1,0,1,1,1,0,0,5,0,2,48.6
Ming,SUPPORT,RNG,LGD,jinjiao,\,18.06.2024,v14.11,1,Red,0:35:37,Nautilus,Loss,13,0,5,6,0,0.9,220,13.30%,3.19,2.08,0.62,0.25,34.10%,141,5.20%,75.00%,-315,27382.8,0,0,\,0,0,5,0,4,0,1,0,1,1,1,0,0,5,0,2,48.6
Zdz,TOP,RNG,LGD,Burdol,\,18.06.2024,v14.11,2,Blue,0:35:37,Renekton,Loss,16,4,6,7,5,6.6,343,20.20%,1.22,0.31,0.19,0.36,13.70%,589,17.80%,61.10%,504,48757.4,0,0,0.286,0,0,3,0,1,0,3,1,0,0,1,0,0,6,2,1,44.8
Wei,JUNGLE,RNG,LGD,Meteor,\,18.06.2024,v14.11,2,Blue,0:35:37,Brand,Loss,16,4,5,8,189,6.3,355,20.90%,2.05,0.81,0.14,0.45,23.00%,747,22.50%,66.70%,-196,36885.5,1,0,0.714,0,0,3,0,1,0,3,1,0,0,1,0,0,6,2,1,44.8
Tangyuan,MID,RNG,LGD,Haichao,\,18.06.2024,v14.11,2,Blue,0:35:37,Corki,Loss,16,5,4,3,9,8.4,389,22.90%,1.58,0.53,0.17,0.39,17.70%,719,21.70%,44.40%,396,23466.8,0,0,0.286,0,0,3,0,1,0,3,1,0,0,1,0,0,6,2,1,44.8
huanfeng,ADCARRY,RNG,LGD,Shaoye,\,18.06.2024,v14.11,2,Blue,0:35:37,Ziggs,Loss,17,4,2,10,12,8.7,380,22.40%,0.76,0.36,0.11,0.19,8.60%,1105,33.30%,77.80%,190,20664.6,1,0,0.714,0,0,3,0,1,0,3,1,0,0,1,0,0,6,2,1,44.8
Ming,SUPPORT,RNG,LGD,jinjiao,\,18.06.2024,v14.11,2,Blue,0:35:37,Rell,Loss,13,1,8,15,0,0.9,231,13.60%,3.31,2.11,0.58,0.31,37.10%,154,4.60%,88.90%,-67,29715.8,1,0,1,0,0,3,0,1,0,3,1,0,0,1,0,0,6,2,1,44.8
Burdol,TOP,LGD,RNG,Zdz,\,18.06.2024,v14.11,2,Red,0:35:37,Skarner,Win,18,5,4,7,0,6.2,365,18.50%,1.08,0.42,0.25,0.25,10.80%,594,16.40%,48.00%,-504,36349.9,0,0,0.143,1,0,9,1,4,0,3,0,1,2,1,1,0,6,3,1,55.2
Meteor,JUNGLE,LGD,RNG,Wei,\,18.06.2024,v14.11,2,Red,0:35:37,Karthus,Win,18,10,3,11,242,8.8,460,23.20%,2.62,1.06,0.17,0.56,26.10%,1022,28.20%,84.00%,196,39525.8,0,1,1,1,0,9,1,4,0,3,0,1,2,1,1,0,6,3,1,55.2
Haichao,MID,LGD,RNG,Tangyuan,\,18.06.2024,v14.11,2,Red,0:35:37,Jayce,Win,18,3,3,12,15,9.2,457,23.10%,1.6,0.19,0.17,0.7,15.90%,949,26.20%,60.00%,-396,22717.4,0,0,0.571,1,0,9,1,4,0,3,0,1,2,1,1,0,6,3,1,55.2
Shaoye,ADCARRY,LGD,RNG,huanfeng,\,18.06.2024,v14.11,2,Red,0:35:37,Twitch,Win,17,6,2,12,8,7.5,434,21.90%,0.95,0.47,0.17,0.25,9.40%,823,22.80%,72.00%,-190,26448,0,0,0.857,1,0,9,1,4,0,3,0,1,2,1,1,0,6,3,1,55.2
jinjiao,SUPPORT,LGD,RNG,Ming,\,18.06.2024,v14.11,2,Red,0:35:37,Alistar,Win,14,1,6,17,0,0.8,262,13.30%,3.81,1.81,0.42,0.39,37.90%,229,6.30%,72.00%,67,36074.9,0,0,0.857,1,0,9,1,4,0,3,0,1,2,1,1,0,6,3,1,55.2
Bin,TOP,BLG,WE,Wayward,\,18.06.2024,v14.11,1,Blue,0:38:01,Skarner,Win,18,3,2,12,6,7.9,426,21.10%,0.9,0.21,0.16,0.13,8.70%,727,18.80%,65.20%,912,36582.9,0,1,0.667,1,1,11,0,3,0,2,0,1,2,2,0,1,6,4,0,53.9
XUN,JUNGLE,BLG,WE,Heng,\,18.06.2024,v14.11,1,Blue,0:38:01,Brand,Win,18,4,5,10,230,7.1,387,19.20%,1.56,0.13,0.11,0.5,15.20%,696,18.00%,60.90%,815,32857.9,0,0,1,1,1,11,0,3,0,2,0,1,2,2,0,1,6,4,0,53.9
Knight,MID,BLG,WE,FoFo,\,18.06.2024,v14.11,1,Blue,0:38:01,Corki,Win,18,9,6,10,13,7.6,453,22.50%,1.19,0.16,0.13,0.42,11.60%,1064,27.60%,82.60%,273,30135.8,0,0,0.833,1,1,11,0,3,0,2,0,1,2,2,0,1,6,4,0,53.9
Elk,ADCARRY,BLG,WE,LP,\,18.06.2024,v14.11,1,Blue,0:38:01,Ezreal,Win,17,7,3,6,21,8.4,464,23.00%,1.34,0.45,0.21,0.32,13.10%,1132,29.30%,56.50%,852,19645.2,0,0,0.5,1,1,11,0,3,0,2,0,1,2,2,0,1,6,4,0,53.9
ON,SUPPORT,BLG,WE,Mark,\,18.06.2024,v14.11,1,Blue,0:38:01,Rakan,Win,15,0,6,16,0,1.3,287,14.20%,5.28,2.97,0.6,0.82,51.40%,241,6.20%,69.60%,420,35973,0,0,0.667,1,1,11,0,3,0,2,0,1,2,2,0,1,6,4,0,53.9
Wayward,TOP,WE,BLG,Bin,\,18.06.2024,v14.11,1,Red,0:38:01,KSante,Loss,17,2,4,5,10,6,341,18.00%,0.83,0.29,0.13,0.18,11.10%,334,10.10%,31.80%,-912,48232.1,0,0,0.6,0,0,9,1,2,0,4,1,0,0,2,1,1,6,2,0,46.1
Heng,JUNGLE,WE,BLG,XUN,\,18.06.2024,v14.11,1,Red,0:38:01,Karthus,Loss,18,8,7,9,194,8,429,22.60%,0.96,0.24,0.16,0.21,12.90%,1188,36.00%,77.30%,-815,39920.8,1,0,0.8,0,0,9,1,2,0,4,1,0,0,2,1,1,6,2,0,46.1
FoFo,MID,WE,BLG,Knight,\,18.06.2024,v14.11,1,Red,0:38:01,Tristana,Loss,18,7,4,5,25,9.5,487,25.70%,1.28,0.42,0.11,0.39,17.10%,912,27.60%,54.50%,-273,36602.4,0,0,0.4,0,0,9,1,2,0,4,1,0,0,2,1,1,6,2,0,46.1
LP,ADCARRY,WE,BLG,Elk,\,18.06.2024,v14.11,1,Red,0:38:01,Jhin,Loss,17,2,4,13,2,7.2,377,19.90%,0.72,0.45,0.21,0.26,9.60%,544,16.50%,68.20%,-852,28978.3,1,0,0.8,0,0,9,1,2,0,4,1,0,0,2,1,1,6,2,0,46.1
Mark,SUPPORT,WE,BLG,ON,\,18.06.2024,v14.11,1,Red,0:38:01,Leona,Loss,15,3,5,14,0,1.3,262,13.80%,3.7,1.87,0.58,0.79,49.30%,325,9.80%,77.30%,-420,37113.7,1,0,1,0,0,9,1,2,0,4,1,0,0,2,1,1,6,2,0,46.1
Wayward,TOP,WE,BLG,Bin,\,18.06.2024,v14.11,2,Blue,0:31:03,Twisted_Fate,Loss,16,3,5,4,17,8,428,24.70%,1.1,0.45,0.13,0.19,13.90%,381,17.80%,50.00%,466,22020.2,1,0,0.6,0,0,3,0,1,0,4,1,0,0,2,1,0,3,1,0,41.6
Heng,JUNGLE,WE,BLG,XUN,\,18.06.2024,v14.11,2,Blue,0:31:03,Lee_Sin,Loss,14,4,6,7,141,5.1,354,20.40%,1.37,0.58,0.39,0.19,17.40%,391,18.30%,78.60%,-1060,38913.1,1,0,0.8,0,0,3,0,1,0,4,1,0,0,2,1,0,3,1,0,41.6
FoFo,MID,WE,BLG,Knight,\,18.06.2024,v14.11,2,Blue,0:31:03,LeBlanc,Loss,15,5,3,4,0,6.9,363,20.90%,0.83,0.26,0.13,0.16,10.50%,697,32.60%,64.30%,-1465,16268.1,0,0,0.4,0,0,3,0,1,0,4,1,0,0,2,1,0,3,1,0,41.6
LP,ADCARRY,WE,BLG,Elk,\,18.06.2024,v14.11,2,Blue,0:31:03,Zeri,Loss,15,2,6,6,8,9,371,21.40%,1.15,0.45,0.16,0.39,14.60%,557,26.00%,57.10%,-1019,22136.6,0,0,0,0,0,3,0,1,0,4,1,0,0,2,1,0,3,1,0,41.6
Mark,SUPPORT,WE,BLG,ON,\,18.06.2024,v14.11,2,Blue,0:31:03,Alistar,Loss,11,0,5,8,0,0.9,220,12.70%,3.44,1.93,0.48,0.26,43.70%,113,5.30%,57.10%,-151,23314.2,0,0,0.4,0,0,3,0,1,0,4,1,0,0,2,1,0,3,1,0,41.6
Bin,TOP,BLG,WE,Wayward,\,18.06.2024,v14.11,2,Red,0:31:03,Rumble,Win,15,3,5,11,3,5.6,347,16.40%,0.67,0.45,0.13,0.03,7.50%,568,19.00%,56.00%,-466,20818.4,0,0,0.333,1,2,9,1,3,0,2,0,1,2,2,1,0,3,2,0,58.4
XUN,JUNGLE,BLG,WE,Heng,\,18.06.2024,v14.11,2,Red,0:31:03,KhaZix,Win,18,7,2,13,195,7.8,493,23.30%,2.13,0.23,0.26,0.84,23.60%,701,23.40%,80.00%,1060,29750.8,0,0,0.833,1,2,9,1,3,0,2,0,1,2,2,1,0,3,2,0,58.4
Knight,MID,BLG,WE,FoFo,\,18.06.2024,v14.11,2,Red,0:31:03,Malzahar,Win,17,4,2,14,5,9,471,22.20%,1.52,0.42,0.1,0.32,16.90%,702,23.40%,72.00%,1465,12635.2,0,0,0.667,1,2,9,1,3,0,2,0,1,2,2,1,0,3,2,0,58.4
Elk,ADCARRY,BLG,WE,LP,\,18.06.2024,v14.11,2,Red,0:31:03,Kaisa,Win,18,11,2,7,30,10.3,542,25.60%,0.95,0.39,0.06,0.19,10.50%,858,28.60%,72.00%,1019,18033.9,0,1,0.5,1,2,9,1,3,0,2,0,1,2,2,1,0,3,2,0,58.4
ON,SUPPORT,BLG,WE,Mark,\,18.06.2024,v14.11,2,Red,0:31:03,Rell,Win,13,0,3,14,0,0.9,267,12.60%,3.73,1.74,0.64,0.48,41.50%,168,5.60%,56.00%,151,16853.8,0,0,0.167,1,2,9,1,3,0,2,0,1,2,2,1,0,3,2,0,58.4
shanji,TOP,NIP,IG,ZUIAN,\,19.06.2024,v14.11,1,Blue,0:23:53,Skarner,Win,14,4,1,13,4,7.4,405,18.60%,0.72,0.38,0.13,0,7.70%,1192,29.50%,63.00%,149,22196.2,0,0,0.455,1,1,9,1,2,0,3,1,1,1,1,1,0,4,3,1,54.9
AKi,JUNGLE,NIP,IG,glfs,\,19.06.2024,v14.11,1,Blue,0:23:53,Lee_Sin,Win,14,8,0,12,138,6.2,439,20.20%,1.04,0.42,0.17,0.13,11.10%,626,15.50%,74.10%,662,29307.1,0,1,0.545,1,1,9,1,2,0,3,1,1,1,1,1,0,4,3,1,54.9
RooKie,MID,NIP,IG,neny,\,19.06.2024,v14.11,1,Blue,0:23:53,LeBlanc,Win,14,8,1,7,0,8.2,534,24.50%,1.63,0.59,0.25,0.25,17.50%,939,23.30%,55.60%,1745,15066.6,0,0,0.636,1,1,9,1,2,0,3,1,1,1,1,1,0,4,3,1,54.9
Photic,ADCARRY,NIP,IG,Ahn,\,19.06.2024,v14.11,1,Blue,0:23:53,Ashe,Win,13,7,3,10,4,7.8,471,21.70%,1.53,0.33,0.13,0.46,16.40%,969,24.00%,63.00%,732,14582.8,1,0,0.636,1,1,9,1,2,0,3,1,1,1,1,1,0,4,3,1,54.9
Zhuo,SUPPORT,NIP,IG,Vampire,\,19.06.2024,v14.11,1,Blue,0:23:53,Rakan,Win,11,0,0,22,0,1.3,325,15.00%,4.39,2.68,0.46,0.46,47.20%,312,7.70%,81.50%,924,17621.6,1,0,0.818,1,1,9,1,2,0,3,1,1,1,1,1,0,4,3,1,54.9
ZUIAN,TOP,IG,NIP,shanji,\,19.06.2024,v14.11,1,Red,0:23:53,RekSai,Loss,12,1,4,0,0,6,304,19.70%,0.61,0.25,0.08,0.04,10.00%,491,17.90%,20.00%,-149,32614.4,0,0,0,0,0,0,0,1,0,0,0,0,0,1,0,0,4,0,1,45.1
glfs,JUNGLE,IG,NIP,AKi,\,19.06.2024,v14.11,1,Red,0:23:53,Xin_Zhao,Loss,11,1,6,2,120,5.9,292,18.90%,0.95,0.25,0.21,0.25,15.60%,552,20.10%,60.00%,-662,32276.5,0,0,1,0,0,0,0,1,0,0,0,0,0,1,0,0,4,0,1,45.1
neny,MID,IG,NIP,RooKie,\,19.06.2024,v14.11,1,Red,0:23:53,Annie,Loss,13,2,2,2,0,8.1,379,24.60%,0.65,0.33,0.25,0.17,10.70%,901,32.80%,80.00%,-1745,12658.6,0,0,0,0,0,0,0,1,0,0,0,0,0,1,0,0,4,0,1,45.1
Ahn,ADCARRY,IG,NIP,Photic,\,19.06.2024,v14.11,1,Red,0:23:53,Kaisa,Loss,12,1,7,3,0,8.2,355,23.00%,0.94,0.33,0.04,0.54,15.40%,575,20.90%,80.00%,-732,16366.5,0,0,1,0,0,0,0,1,0,0,0,0,0,1,0,0,4,0,1,45.1
Vampire,SUPPORT,IG,NIP,Zhuo,\,19.06.2024,v14.11,1,Red,0:23:53,Leona,Loss,10,0,8,3,0,1.1,214,13.90%,2.94,1.51,0.54,0.54,48.30%,229,8.30%,60.00%,-924,24484.9,0,0,1,0,0,0,0,1,0,0,0,0,0,1,0,0,4,0,1,45.1
ZUIAN,TOP,IG,NIP,shanji,\,19.06.2024,v14.11,2,Blue,0:26:07,Skarner,Loss,13,0,6,3,0,6.2,286,16.80%,0.62,0.27,0.08,0.04,7.80%,567,21.10%,30.00%,-1198,25859.4,0,0,0.167,0,1,1,0,1,0,6,0,0,0,1,1,0,3,0,0,54.2
glfs,JUNGLE,IG,NIP,AKi,\,19.06.2024,v14.11,2,Blue,0:26:07,Viego,Loss,13,1,5,6,155,6.2,325,19.20%,1.25,0.27,0.19,0.31,15.80%,373,13.90%,70.00%,723,27721,1,0,0.833,0,1,1,0,1,0,6,0,0,0,1,1,0,3,0,0,54.2
neny,MID,IG,NIP,RooKie,\,19.06.2024,v14.11,2,Blue,0:26:07,Akali,Loss,14,3,3,4,0,8,379,22.30%,0.85,0.31,0.23,0.19,10.70%,767,28.50%,70.00%,556,22619.6,1,0,0.5,0,1,1,0,1,0,6,0,0,0,1,1,0,3,0,0,54.2
Ahn,ADCARRY,IG,NIP,Photic,\,19.06.2024,v14.11,2,Blue,0:26:07,Zeri,Loss,14,5,4,2,12,10.1,455,26.80%,1.81,0.27,0.04,0.96,22.80%,797,29.70%,70.00%,458,18686.8,0,0,0.667,0,1,1,0,1,0,6,0,0,0,1,1,0,3,0,0,54.2
Vampire,SUPPORT,IG,NIP,Zhuo,\,19.06.2024,v14.11,2,Blue,0:26:07,Rell,Loss,9,1,3,7,0,0.6,252,14.80%,3.4,1.91,0.77,0.23,42.80%,184,6.90%,80.00%,1142,18641.9,1,0,0.833,0,1,1,0,1,0,6,0,0,0,1,1,0,3,0,0,54.2
shanji,TOP,NIP,IG,ZUIAN,\,19.06.2024,v14.11,2,Red,0:26:07,KSante,Win,15,7,0,11,4,7.5,435,21.20%,0.84,0.42,0.15,0.08,11.00%,633,18.30%,85.70%,1198,21253.6,0,1,1,1,1,10,1,2,0,0,1,1,1,1,0,0,3,3,0,45.8
AKi,JUNGLE,NIP,IG,glfs,\,19.06.2024,v14.11,2,Red,0:26:07,Sejuani,Win,13,3,4,13,133,5.6,376,18.30%,1.07,0.34,0.27,0.15,13.90%,460,13.30%,76.20%,-723,34944.5,0,0,1,1,1,10,1,2,0,0,1,1,1,1,0,0,3,3,0,45.8
RooKie,MID,NIP,IG,neny,\,19.06.2024,v14.11,2,Red,0:26:07,Yone,Win,15,1,2,9,0,7.9,393,19.10%,0.99,0.54,0.19,0.15,12.90%,874,25.30%,47.60%,-556,15850.5,0,0,0,1,1,10,1,2,0,0,1,1,1,1,0,0,3,3,0,45.8
Photic,ADCARRY,NIP,IG,Ahn,\,19.06.2024,v14.11,2,Red,0:26:07,Ziggs,Win,15,10,3,4,4,9.1,584,28.40%,0.94,0.5,0.15,0.15,12.30%,1141,33.00%,66.70%,-458,13700,0,0,0.333,1,1,10,1,2,0,0,1,1,1,1,0,0,3,3,0,45.8
Zhuo,SUPPORT,NIP,IG,Vampire,\,19.06.2024,v14.11,2,Red,0:26:07,Leona,Win,12,0,1,18,0,1.3,269,13.10%,3.82,2.18,0.46,0.46,49.90%,352,10.20%,85.70%,-1142,17068.4,0,0,0.667,1,1,10,1,2,0,0,1,1,1,1,0,0,3,3,0,45.8
Hoya,TOP,TT,JDG,sheer,\,19.06.2024,v14.11,1,Blue,0:33:07,Skarner,Win,18,2,0,13,4,7.4,397,18.80%,1.27,0.39,0.24,0.15,13.70%,409,16.70%,65.20%,-2725,16244.2,1,0,1,0,0,10,1,4,1,2,0,1,2,0,0,0,5,5,0,52.1
Beichuan,JUNGLE,TT,JDG,Kanavi,\,19.06.2024,v14.11,1,Blue,0:33:07,Brand,Win,18,7,0,12,210,7.5,465,22.00%,2.24,0.82,0.18,0.54,24.10%,660,26.90%,82.60%,-265,22286.9,1,1,1,0,0,10,1,4,1,2,0,1,2,0,0,0,5,5,0,52.1
Ucal,MID,TT,JDG,Yagao,\,19.06.2024,v14.11,1,Blue,0:33:07,Yone,Win,18,6,2,6,20,8.4,442,20.90%,0.77,0.06,0,0.39,8.30%,393,16.00%,52.20%,-30,22164.8,1,0,1,0,0,10,1,4,1,2,0,1,2,0,0,0,5,5,0,52.1
1xn,ADCARRY,TT,JDG,Ruler,\,19.06.2024,v14.11,1,Blue,0:33:07,Kaisa,Win,18,8,1,3,9,10.7,542,25.70%,1.64,0.42,0.09,0.63,17.70%,801,32.60%,47.80%,26,12832.2,0,0,0,0,0,10,1,4,1,2,0,1,2,0,0,0,5,5,0,52.1
Feather,SUPPORT,TT,JDG,Missing,\,19.06.2024,v14.11,1,Blue,0:33:07,Blitzcrank,Win,15,0,4,14,4,1.3,267,12.70%,3.37,1.96,0.72,0.33,36.20%,191,7.80%,60.90%,-82,18762.3,1,0,1,0,0,10,1,4,1,2,0,1,2,0,0,0,5,5,0,52.1
sheer,TOP,JDG,TT,Hoya,\,19.06.2024,v14.11,1,Red,0:33:07,Twisted_Fate,Loss,17,1,3,5,8,9,430,25.10%,1.09,0.36,0.15,0.12,13.00%,344,19.20%,85.70%,2725,15777.5,0,0,0,1,1,3,0,0,0,4,1,0,0,0,0,0,5,0,0,47.9
Kanavi,JUNGLE,JDG,TT,Beichuan,\,19.06.2024,v14.11,1,Red,0:33:07,Karthus,Loss,15,1,6,5,210,6.9,331,19.30%,1.26,0.15,0.09,0.36,14.90%,626,34.90%,85.70%,265,33593.8,0,0,1,1,1,3,0,0,0,4,1,0,0,0,0,0,5,0,0,47.9
Yagao,MID,JDG,TT,Ucal,\,19.06.2024,v14.11,1,Red,0:33:07,Corki,Loss,16,3,4,4,7,8.3,371,21.60%,1.05,0.42,0.21,0.45,12.50%,385,21.50%,100.00%,30,17684.3,0,0,1,1,1,3,0,0,0,4,1,0,0,0,0,0,5,0,0,47.9
Ruler,ADCARRY,JDG,TT,1xn,\,19.06.2024,v14.11,1,Red,0:33:07,Xayah,Loss,15,1,5,3,2,9.3,369,21.50%,1.04,0.48,0.24,0.36,12.40%,312,17.40%,57.10%,-26,19639.6,0,0,1,1,1,3,0,0,0,4,1,0,0,0,0,0,5,0,0,47.9
Missing,SUPPORT,JDG,TT,Feather,\,19.06.2024,v14.11,1,Red,0:33:07,Leona,Loss,11,1,5,5,0,1.2,217,12.60%,4,2.84,0.57,0.24,47.30%,129,7.20%,85.70%,82,23640.4,0,0,1,1,1,3,0,0,0,4,1,0,0,0,0,0,5,0,0,47.9
sheer,TOP,JDG,TT,Hoya,\,19.06.2024,v14.11,2,Blue,0:22:53,Skarner,Win,14,4,1,5,0,8.1,465,23.70%,1.03,0.31,0.09,0.04,10.50%,615,28.50%,81.80%,2231,11435.1,1,1,1,1,1,7,0,2,0,6,1,0,0,1,1,0,2,2,0,56
Kanavi,JUNGLE,JDG,TT,Beichuan,\,19.06.2024,v14.11,2,Blue,0:22:53,Brand,Win,14,3,0,4,170,8.5,416,21.20%,3.26,1.09,0.09,0.92,33.20%,502,23.30%,63.60%,226,19715.8,0,0,0.6,1,1,7,0,2,0,6,1,0,0,1,1,0,2,2,0,56
Yagao,MID,JDG,TT,Ucal,\,19.06.2024,v14.11,2,Blue,0:22:53,Tristana,Win,14,2,0,2,4,10.3,454,23.10%,1.35,0.52,0.17,0.44,13.70%,495,23.00%,36.40%,671,8737.9,0,0,0.4,1,1,7,0,2,0,6,1,0,0,1,1,0,2,2,0,56
Ruler,ADCARRY,JDG,TT,1xn,\,19.06.2024,v14.11,2,Blue,0:22:53,Jhin,Win,12,2,1,2,3,8.7,394,20.10%,0.86,0.44,0.17,0,8.70%,425,19.70%,36.40%,122,9999.16,0,0,0.4,1,1,7,0,2,0,6,1,0,0,1,1,0,2,2,0,56
Missing,SUPPORT,JDG,TT,Feather,\,19.06.2024,v14.11,2,Blue,0:22:53,Rell,Win,9,0,3,4,0,1.7,234,11.90%,3.33,1.88,0.52,0.52,33.90%,117,5.40%,36.40%,249,13270,0,0,0.4,1,1,7,0,2,0,6,1,0,0,1,1,0,2,2,0,56
Hoya,TOP,TT,JDG,sheer,\,19.06.2024,v14.11,2,Red,0:22:53,Renekton,Loss,12,2,3,1,0,7.6,325,20.90%,1.09,0.52,0.22,0.09,14.80%,378,20.40%,60.00%,-2231,19740.8,0,0,0.5,0,0,0,1,1,0,0,0,0,0,1,0,0,2,0,0,44
Beichuan,JUNGLE,TT,JDG,Kanavi,\,19.06.2024,v14.11,2,Red,0:22:53,Lillia,Loss,12,0,2,5,139,6.6,311,20.00%,1.5,0.7,0.13,0.26,20.20%,434,23.50%,100.00%,-226,27499.5,0,0,1,0,0,0,1,1,0,0,0,0,0,1,0,0,2,0,0,44
Ucal,MID,TT,JDG,Yagao,\,19.06.2024,v14.11,2,Red,0:22:53,Jayce,Loss,13,1,1,1,0,9.7,362,23.30%,0.82,0.31,0,0.39,11.10%,439,23.70%,40.00%,-671,8624.93,0,0,0,0,0,0,1,1,0,0,0,0,0,1,0,0,2,0,0,44
1xn,ADCARRY,TT,JDG,Ruler,\,19.06.2024,v14.11,2,Red,0:22:53,Varus,Loss,12,2,2,2,0,8.5,351,22.60%,1.43,0.7,0.13,0.39,19.30%,465,25.20%,80.00%,-122,8444.41,0,0,0.5,0,0,0,1,1,0,0,0,0,0,1,0,0,2,0,0,44
Feather,SUPPORT,TT,JDG,Missing,\,19.06.2024,v14.11,2,Red,0:22:53,Alistar,Loss,8,0,3,3,0,1.2,204,13.10%,2.57,1.62,0.61,0.22,34.70%,132,7.20%,60.00%,-249,12811.2,0,0,0.5,0,0,0,1,1,0,0,0,0,0,1,0,0,2,0,0,44
Hoya,TOP,TT,JDG,sheer,\,19.06.2024,v14.11,3,Blue,0:25:53,Twisted_Fate,Loss,14,2,4,2,0,7.7,391,23.10%,0.98,0.5,0.19,0.12,14.20%,522,17.80%,66.70%,569,14529.8,1,0,0.333,0,0,1,0,1,0,1,0,0,0,0,0,0,4,0,1,44.6
Beichuan,JUNGLE,TT,JDG,Kanavi,\,19.06.2024,v14.11,3,Blue,0:25:53,Karthus,Loss,13,1,6,5,169,6.9,362,21.50%,1.52,0.62,0.08,0.27,22.10%,830,28.30%,100.00%,44,28078.5,1,0,1,0,0,1,0,1,0,1,0,0,0,0,0,0,4,0,1,44.6
Ucal,MID,TT,JDG,Yagao,\,19.06.2024,v14.11,3,Blue,0:25:53,Corki,Loss,13,2,4,1,0,9,369,21.90%,0.72,0.31,0.08,0.19,10.40%,749,25.60%,50.00%,-307,19128.9,0,0,0.333,0,0,1,0,1,0,1,0,0,0,0,0,0,4,0,1,44.6
1xn,ADCARRY,TT,JDG,Ruler,\,19.06.2024,v14.11,3,Blue,0:25:53,Ziggs,Loss,13,1,5,4,0,8.9,360,21.30%,1,0.46,0.23,0.27,14.40%,680,23.20%,83.30%,-590,12872.7,0,0,0.667,0,0,1,0,1,0,1,0,0,0,0,0,0,4,0,1,44.6
Feather,SUPPORT,TT,JDG,Missing,\,19.06.2024,v14.11,3,Blue,0:25:53,Nautilus,Loss,9,0,6,4,0,1,207,12.30%,2.69,1.74,0.7,0.27,38.90%,146,5.00%,66.70%,-371,16215.7,0,0,0.333,0,0,1,0,1,0,1,0,0,0,0,0,0,4,0,1,44.6
sheer,TOP,JDG,TT,Hoya,\,19.06.2024,v14.11,3,Red,0:25:53,KSante,Win,15,2,1,12,4,6.5,379,17.40%,0.93,0.27,0.12,0.27,11.40%,285,10.40%,56.00%,-569,19175.7,0,0,0.333,1,0,9,1,2,0,5,1,1,1,0,0,0,4,3,1,55.4
Kanavi,JUNGLE,JDG,TT,Beichuan,\,19.06.2024,v14.11,3,Red,0:25:53,Nidalee,Win,16,6,0,17,192,8.4,500,23.00%,1.51,0.23,0.15,0.62,18.50%,893,32.50%,92.00%,-44,33679.8,0,0,0.889,1,0,9,1,2,0,5,1,1,1,0,0,0,4,3,1,55.4
Yagao,MID,JDG,TT,Ucal,\,19.06.2024,v14.11,3,Red,0:25:53,Yone,Win,15,5,1,5,10,9.4,452,20.70%,0.92,0.31,0.27,0.23,11.20%,435,15.80%,40.00%,307,20379.3,0,0,0.222,1,0,9,1,2,0,5,1,1,1,0,0,0,4,3,1,55.4
Ruler,ADCARRY,JDG,TT,1xn,\,19.06.2024,v14.11,3,Red,0:25:53,Kaisa,Win,16,12,1,10,4,10.5,571,26.20%,1.46,0.39,0.19,0.5,17.90%,948,34.50%,88.00%,590,13371.1,0,1,0.889,1,0,9,1,2,0,5,1,1,1,0,0,0,4,3,1,55.4
Missing,SUPPORT,JDG,TT,Feather,\,19.06.2024,v14.11,3,Red,0:25:53,Alistar,Win,12,0,3,19,0,1.2,276,12.70%,3.35,1.78,0.39,0.31,41.00%,189,6.90%,76.00%,371,21067.4,0,0,0.556,1,0,9,1,2,0,5,1,1,1,0,0,0,4,3,1,55.4
Solokill,TOP,EDG,FPX,Xiaolaohu,\,20.06.2024,v14.11,1,Blue,0:43:45,Rumble,Loss,18,1,2,7,8,7.7,394,22.00%,1.24,0.59,0.32,0.09,12.20%,584,19.60%,47.10%,638,18544.5,0,0,0.25,0,0,4,0,4,0,1,0,1,2,0,0,0,6,2,1,54.5
Jiejie,JUNGLE,EDG,FPX,milkyway,\,20.06.2024,v14.11,1,Blue,0:43:45,Wukong,Loss,18,10,5,5,266,7.6,419,23.30%,2.21,0.25,0.21,0.89,21.80%,416,14.00%,88.20%,-375,48355.5,0,0,1,0,0,4,0,4,0,1,0,1,2,0,0,0,6,2,1,54.5
Cryin,MID,EDG,FPX,Care,\,20.06.2024,v14.11,1,Blue,0:43:45,Hwei,Loss,18,1,4,9,4,6.5,325,18.10%,1.25,0.53,0.27,0.48,12.30%,489,16.40%,58.80%,-992,14319.1,0,0,0.25,0,0,4,0,4,0,1,0,1,2,0,0,0,6,2,1,54.5
Leave,ADCARRY,EDG,FPX,deokdam,\,20.06.2024,v14.11,1,Blue,0:43:45,Varus,Loss,18,4,4,10,8,8.8,421,23.40%,1.84,0.91,0.05,0.55,18.10%,1396,46.90%,82.40%,40,18970.5,0,0,0.75,0,0,4,0,4,0,1,0,1,2,0,0,0,6,2,1,54.5
Wink,SUPPORT,EDG,FPX,Life,\,20.06.2024,v14.11,1,Blue,0:43:45,Rell,Loss,14,1,5,9,0,1.3,237,13.20%,3.61,2.33,0.71,0.48,35.60%,91,3.10%,58.80%,-455,29620.1,0,0,0.5,0,0,4,0,4,0,1,0,1,2,0,0,0,6,2,1,54.5
Xiaolaohu,TOP,FPX,EDG,Solokill,\,20.06.2024,v14.11,1,Red,0:43:45,KSante,Win,18,3,2,10,1,6.7,339,18.50%,1.58,0.41,0.25,0.55,12.50%,237,11.00%,65.00%,-638,36427.1,0,0,0.5,1,0,9,1,2,1,2,1,0,0,0,0,0,6,3,1,45.5
milkyway,JUNGLE,FPX,EDG,Jiejie,\,20.06.2024,v14.11,1,Red,0:43:45,Viego,Win,18,8,3,10,215,5.9,415,22.60%,2,0.3,0.25,0.53,15.80%,425,19.80%,90.00%,375,43886.3,1,1,0.833,1,0,9,1,2,1,2,1,0,0,0,0,0,6,3,1,45.5
Care,MID,FPX,EDG,Cryin,\,20.06.2024,v14.11,1,Red,0:43:45,Ahri,Win,18,6,2,14,0,8.5,437,23.80%,3.41,1.58,0.43,0.78,26.90%,742,34.50%,100.00%,992,29064.9,1,0,1,1,0,9,1,2,1,2,1,0,0,0,0,0,6,3,1,45.5
deokdam,ADCARRY,FPX,EDG,Leave,\,20.06.2024,v14.11,1,Red,0:43:45,Ashe,Win,18,1,4,10,23,9,400,21.80%,1.71,0.3,0.05,0.5,13.50%,591,27.50%,55.00%,-40,18540.9,0,0,0.167,1,0,9,1,2,1,2,1,0,0,0,0,0,6,3,1,45.5
Life,SUPPORT,FPX,EDG,Wink,\,20.06.2024,v14.11,1,Red,0:43:45,Leona,Win,14,2,6,7,0,1.3,244,13.30%,3.98,1.78,0.41,0.75,31.40%,153,7.10%,45.00%,455,39850.8,0,0,0.333,1,0,9,1,2,1,2,1,0,0,0,0,0,6,3,1,45.5
Xiaolaohu,TOP,FPX,EDG,Solokill,\,20.06.2024,v14.11,2,Blue,0:32:36,Renekton,Win,16,3,3,7,4,7.4,382,19.90%,1.63,0.43,0.31,0.4,18.00%,376,13.90%,55.60%,1504,33223.8,1,0,0.6,1,0,6,1,3,0,0,1,1,1,0,0,0,5,2,0,51.4
milkyway,JUNGLE,FPX,EDG,Jiejie,\,20.06.2024,v14.11,2,Blue,0:32:36,Taliyah,Win,16,6,3,9,200,7.5,443,23.00%,1.54,0.21,0.21,0.43,17.00%,1084,40.00%,83.30%,429,20912.1,1,0,0.6,1,0,6,1,3,0,0,1,1,1,0,0,0,5,2,0,51.4
Care,MID,FPX,EDG,Cryin,\,20.06.2024,v14.11,2,Blue,0:32:36,Twisted_Fate,Win,16,5,4,9,0,7.4,424,22.00%,1.53,0.67,0.31,0.21,16.90%,368,13.60%,77.80%,633,18888.9,0,0,0.8,1,0,6,1,3,0,0,1,1,1,0,0,0,5,2,0,51.4
deokdam,ADCARRY,FPX,EDG,Leave,\,20.06.2024,v14.11,2,Blue,0:32:36,Zeri,Win,16,4,2,7,18,9.5,445,23.20%,1.54,0.31,0.06,0.61,17.00%,715,26.40%,61.10%,390,15239.5,0,0,0.4,1,0,6,1,3,0,0,1,1,1,0,0,0,5,2,0,51.4
Life,SUPPORT,FPX,EDG,Wink,\,20.06.2024,v14.11,2,Blue,0:32:36,Braum,Win,12,0,5,13,0,0.7,229,11.90%,2.82,1.5,0.4,0.15,31.10%,168,6.20%,72.20%,-187,30188.2,0,0,0.4,1,0,6,1,3,0,0,1,1,1,0,0,0,5,2,0,51.4
Solokill,TOP,EDG,FPX,Xiaolaohu,\,20.06.2024,v14.11,2,Red,0:32:36,Skarner,Loss,16,0,5,11,4,6.6,318,17.10%,0.72,0.4,0.18,0.06,8.50%,456,15.80%,64.70%,-1504,31066.8,0,0,0.5,0,0,6,0,2,0,6,0,0,0,0,0,0,5,3,0,48.6
Jiejie,JUNGLE,EDG,FPX,milkyway,\,20.06.2024,v14.11,2,Red,0:32:36,Lee_Sin,Loss,16,5,2,9,189,6.5,397,21.30%,1.76,0.49,0.21,0.55,20.90%,347,12.00%,82.40%,-429,34006.7,0,0,1,0,0,6,0,2,0,6,0,0,0,0,0,0,5,3,0,48.6
Cryin,MID,EDG,FPX,Care,\,20.06.2024,v14.11,2,Red,0:32:36,Azir,Loss,17,5,3,8,8,8.2,421,22.60%,1.15,0.52,0.21,0.18,13.60%,1066,36.90%,76.50%,-633,19294.1,0,0,0.5,0,0,6,0,2,0,6,0,0,0,0,0,0,5,3,0,48.6
Leave,ADCARRY,EDG,FPX,deokdam,\,20.06.2024,v14.11,2,Red,0:32:36,Jinx,Loss,16,5,2,7,9,10.4,481,25.80%,1.42,0.34,0.09,0.46,16.80%,854,29.50%,70.60%,-390,13628.6,0,1,1,0,0,6,0,2,0,6,0,0,0,0,0,0,5,3,0,48.6
Wink,SUPPORT,EDG,FPX,Life,\,20.06.2024,v14.11,2,Red,0:32:36,Nautilus,Loss,12,2,6,8,0,0.9,247,13.30%,3.39,1.93,0.61,0.28,40.20%,167,5.80%,58.80%,187,20531.6,0,0,1,0,0,6,0,2,0,6,0,0,0,0,0,0,5,3,0,48.6
Solokill,TOP,EDG,FPX,Xiaolaohu,\,20.06.2024,v14.11,3,Blue,0:28:28,KSante,Loss,15,0,1,1,0,8.8,343,21.00%,0.86,0.39,0.14,0.11,10.60%,208,15.40%,100.00%,-1196,22103.5,0,0,\,0,1,2,0,1,0,0,0,0,0,0,0,0,2,0,0,42.9
Jiejie,JUNGLE,EDG,FPX,milkyway,\,20.06.2024,v14.11,3,Blue,0:28:28,Brand,Loss,14,1,3,0,152,6.9,333,20.40%,2,1.09,0.21,0.7,24.80%,489,36.10%,100.00%,-1067,23162.3,0,0,\,0,1,2,0,1,0,0,0,0,0,0,0,0,2,0,0,42.9
Cryin,MID,EDG,FPX,Care,\,20.06.2024,v14.11,3,Blue,0:28:28,Tristana,Loss,15,0,2,0,0,8.4,340,20.90%,1.47,0.46,0.18,0.39,18.20%,275,20.30%,0.00%,-867,15608,0,0,\,0,1,2,0,1,0,0,0,0,0,0,0,0,2,0,0,42.9
Leave,ADCARRY,EDG,FPX,deokdam,\,20.06.2024,v14.11,3,Blue,0:28:28,Zeri,Loss,14,0,3,0,16,10.5,406,24.90%,1.06,0.25,0,0.67,13.10%,343,25.30%,0.00%,-680,16483.9,0,0,\,0,1,2,0,1,0,0,0,0,0,0,0,0,2,0,0,42.9
Wink,SUPPORT,EDG,FPX,Life,\,20.06.2024,v14.11,3,Blue,0:28:28,Alistar,Loss,10,0,3,0,0,1.1,209,12.80%,2.69,2.07,0.84,0.18,33.30%,39,2.90%,0.00%,-180,16361,0,0,\,0,1,2,0,1,0,0,0,0,0,0,0,0,2,0,0,42.9
Xiaolaohu,TOP,FPX,EDG,Solokill,\,20.06.2024,v14.11,3,Red,0:28:28,Skarner,Win,16,2,1,3,4,8.7,409,19.80%,1.06,0.35,0.14,0.11,9.30%,563,23.10%,41.70%,1196,17668.1,0,0,0,1,2,10,1,3,0,6,1,1,1,0,0,0,2,2,0,57.1
milkyway,JUNGLE,FPX,EDG,Jiejie,\,20.06.2024,v14.11,3,Red,0:28:28,Diana,Win,16,2,0,6,210,8.6,442,21.40%,1.63,0.25,0.25,0.49,14.40%,417,17.10%,66.70%,1067,17519.9,1,0,1,1,2,10,1,3,0,6,1,1,1,0,0,0,2,2,0,57.1
Care,MID,FPX,EDG,Cryin,\,20.06.2024,v14.11,3,Red,0:28:28,Corki,Win,16,5,0,3,6,9.2,463,22.40%,1.79,0.39,0.32,0.7,15.80%,533,21.90%,66.70%,867,11517.3,0,1,0.5,1,2,10,1,3,0,6,1,1,1,0,0,0,2,2,0,57.1
deokdam,ADCARRY,FPX,EDG,Leave,\,20.06.2024,v14.11,3,Red,0:28:28,Ezreal,Win,16,1,0,6,4,9.9,454,21.90%,0.99,0.42,0.11,0.21,8.70%,764,31.40%,58.30%,680,12326.7,0,0,0,1,2,10,1,3,0,6,1,1,1,0,0,0,2,2,0,57.1
Life,SUPPORT,FPX,EDG,Wink,\,20.06.2024,v14.11,3,Red,0:28:28,Pyke,Win,12,2,0,4,0,2.2,302,14.60%,5.89,3.09,0.42,1.37,51.90%,159,6.50%,50.00%,180,7725.42,0,0,0,1,2,10,1,3,0,6,1,1,1,0,0,0,2,2,0,57.1
Hery,TOP,OMG,RA,Xiaoxu,\,20.06.2024,v14.11,1,Blue,0:37:20,Skarner,Loss,17,2,3,2,0,7.3,333,19.50%,0.76,0.24,0.11,0.16,8.60%,707,26.90%,44.40%,-363,31004.2,0,0,0.333,1,0,2,0,1,0,6,1,0,0,0,0,0,7,0,2,47.3
xiaofang,JUNGLE,OMG,RA,Xiaohao,\,20.06.2024,v14.11,1,Blue,0:37:20,Zyra,Loss,15,2,7,3,200,5.8,307,18.00%,1.53,0.35,0.29,0.32,17.30%,539,20.50%,55.60%,-59,21088,0,0,0.5,1,0,2,0,1,0,6,1,0,0,0,0,0,7,0,2,47.3
Angel,MID,OMG,RA,Vicla,\,20.06.2024,v14.11,1,Blue,0:37:20,Corki,Loss,18,3,2,3,28,9.7,459,26.90%,1.48,0.48,0.13,0.27,16.80%,798,30.30%,66.70%,872,18117.1,0,0,0.5,1,0,2,0,1,0,6,1,0,0,0,0,0,7,0,2,47.3
Starry,ADCARRY,OMG,RA,Assum,\,20.06.2024,v14.11,1,Blue,0:37:20,Ashe,Loss,16,2,4,3,16,10,394,23.10%,1.43,0.29,0.08,0.4,16.20%,445,16.90%,55.60%,-245,16147.3,1,0,0.5,1,0,2,0,1,0,6,1,0,0,0,0,0,7,0,2,47.3
Ppgod,SUPPORT,OMG,RA,Jwei,\,20.06.2024,v14.11,1,Blue,0:37:20,Leona,Loss,13,0,4,5,0,1.2,213,12.50%,3.63,1.9,0.62,0.43,41.10%,142,5.40%,55.60%,206,23160.9,0,0,0.333,1,0,2,0,1,0,6,1,0,0,0,0,0,7,0,2,47.3
Xiaoxu,TOP,RA,OMG,Hery,\,20.06.2024,v14.11,1,Red,0:37:20,Mordekaiser,Win,18,4,1,4,12,8.6,427,21.80%,1.26,0.51,0.13,0.08,14.90%,506,20.00%,40.00%,363,31800.7,0,0,0.333,0,0,9,1,4,0,0,0,1,2,0,0,0,7,5,2,52.7
Xiaohao,JUNGLE,RA,OMG,xiaofang,\,20.06.2024,v14.11,1,Red,0:37:20,Lillia,Win,18,2,2,14,224,6.7,354,18.10%,1.47,0.32,0.24,0.35,17.40%,489,19.30%,80.00%,59,46835.8,0,0,0.833,0,0,9,1,4,0,0,0,1,2,0,0,0,7,5,2,52.7
Vicla,MID,RA,OMG,Angel,\,20.06.2024,v14.11,1,Red,0:37:20,Yone,Win,18,5,2,10,32,9.8,457,23.30%,1.14,0.32,0.21,0.21,13.40%,743,29.30%,75.00%,-872,30326.5,0,1,0.667,0,0,9,1,4,0,0,0,1,2,0,0,0,7,5,2,52.7
Assum,ADCARRY,RA,OMG,Starry,\,20.06.2024,v14.11,1,Red,0:37:20,Jhin,Win,18,8,2,9,4,9.2,475,24.20%,0.84,0.27,0.03,0.24,9.90%,675,26.60%,85.00%,245,14958,0,0,1,0,0,9,1,4,0,0,0,1,2,0,0,0,7,5,2,52.7
Jwei,SUPPORT,RA,OMG,Ppgod,\,20.06.2024,v14.11,1,Red,0:37:20,Nautilus,Win,15,1,2,12,0,1,248,12.60%,3.77,1.88,0.54,0.43,44.40%,121,4.80%,65.00%,-206,26334.2,0,0,0.667,0,0,9,1,4,0,0,0,1,2,0,0,0,7,5,2,52.7
Xiaoxu,TOP,RA,OMG,Hery,\,20.06.2024,v14.11,2,Blue,0:31:13,Skarner,Loss,16,0,3,5,4,7.8,347,17.50%,0.92,0.48,0.16,0.06,10.10%,452,15.10%,41.70%,-708,22860.3,0,0,0,0,0,9,0,2,0,2,0,1,1,1,0,0,2,1,0,57.6
Xiaohao,JUNGLE,RA,OMG,xiaofang,\,20.06.2024,v14.11,2,Blue,0:31:13,Graves,Loss,17,10,2,2,225,8.2,494,24.90%,2.42,0.93,0.22,0.42,26.50%,595,19.80%,100.00%,-225,22115,1,1,1,0,0,9,0,2,0,2,0,1,1,1,0,0,2,1,0,57.6
Vicla,MID,RA,OMG,Angel,\,20.06.2024,v14.11,2,Blue,0:31:13,Corki,Loss,17,1,1,8,5,9.5,428,21.60%,1.44,0.42,0.16,0.29,15.80%,660,22.00%,75.00%,88,13183.9,1,0,0.5,0,0,9,0,2,0,2,0,1,1,1,0,0,2,1,0,57.6
Assum,ADCARRY,RA,OMG,Starry,\,20.06.2024,v14.11,2,Blue,0:31:13,Ziggs,Loss,17,1,0,8,2,9.9,472,23.80%,0.79,0.35,0.19,0.19,8.70%,1096,36.60%,75.00%,1519,7473.5,0,0,0.5,0,0,9,0,2,0,2,0,1,1,1,0,0,2,1,0,57.6
Jwei,SUPPORT,RA,OMG,Ppgod,\,20.06.2024,v14.11,2,Blue,0:31:13,Leona,Loss,13,0,2,6,0,1,244,12.30%,3.55,1.92,0.58,0.38,39.00%,194,6.50%,50.00%,-1749,17890.2,0,0,0,0,0,9,0,2,0,2,0,1,1,1,0,0,2,1,0,57.6
Hery,TOP,OMG,RA,Xiaoxu,\,20.06.2024,v14.11,2,Red,0:31:13,KSante,Win,16,1,2,7,0,8.8,372,22.00%,0.81,0.26,0.16,0.16,9.50%,337,17.60%,100.00%,708,25978.9,0,0,1,1,0,3,1,2,0,1,1,0,0,1,1,0,2,1,0,42.4
xiaofang,JUNGLE,OMG,RA,Xiaohao,\,20.06.2024,v14.11,2,Red,0:31:13,Lee_Sin,Win,14,4,2,2,162,6.2,339,20.10%,1.66,0.61,0.32,0.38,19.50%,255,13.30%,75.00%,225,29936.8,0,0,1,1,0,3,1,2,0,1,1,0,0,1,1,0,2,1,0,42.4
Angel,MID,OMG,RA,Vicla,\,20.06.2024,v14.11,2,Red,0:31:13,Hwei,Win,16,2,6,1,10,9.2,392,23.20%,1.69,0.54,0.22,0.26,19.80%,654,34.20%,37.50%,-88,20310.4,0,0,0.167,1,0,3,1,2,0,1,1,0,0,1,1,0,2,1,0,42.4
Starry,ADCARRY,OMG,RA,Assum,\,20.06.2024,v14.11,2,Red,0:31:13,Senna,Win,12,1,1,4,2,2.2,264,15.60%,3.17,1.22,0.29,0.74,37.20%,433,22.70%,62.50%,-1519,10982.3,0,0,0.833,1,0,3,1,2,0,1,1,0,0,1,1,0,2,1,0,42.4
Ppgod,SUPPORT,OMG,RA,Jwei,\,20.06.2024,v14.11,2,Red,0:31:13,Ornn,Win,14,0,1,2,0,8,322,19.10%,1.19,0.35,0.16,0.32,13.90%,233,12.20%,25.00%,1749,31128.4,0,0,0.333,1,0,3,1,2,0,1,1,0,0,1,1,0,2,1,0,42.4
Qingtian,TOP,UP,AL,Ale,\,21.06.2024,v14.11,1,Blue,0:36:07,KSante,Win,18,2,1,4,0,8.1,386,19.30%,0.97,0.22,0.06,0.25,10.50%,258,12.60%,35.30%,-455,21481.2,0,0,0.167,1,0,8,0,2,0,6,1,1,2,0,0,0,3,2,1,50.7
H4cker,JUNGLE,UP,AL,Croco,\,21.06.2024,v14.11,1,Blue,0:36:07,Karthus,Win,18,9,2,7,252,8.3,460,23.00%,1.14,0.22,0.19,0.28,12.40%,566,27.60%,94.10%,1072,35584.8,0,0,0.833,1,0,8,0,2,0,6,1,1,2,0,0,0,3,2,1,50.7
Yuekai,MID,UP,AL,Shanks,\,21.06.2024,v14.11,1,Blue,0:36:07,Yone,Win,18,3,2,10,20,9.1,453,22.60%,1.01,0.42,0.25,0.14,11.00%,670,32.70%,76.50%,400,31954.6,1,0,0.667,1,0,8,0,2,0,6,1,1,2,0,0,0,3,2,1,50.7
Doggo,ADCARRY,UP,AL,Hope,\,21.06.2024,v14.11,1,Blue,0:36:07,Kalista,Win,18,1,2,10,20,10,443,22.10%,2.34,1.02,0.28,0.5,25.40%,410,20.00%,64.70%,84,11130.4,0,0,0.5,1,0,8,0,2,0,6,1,1,2,0,0,0,3,2,1,50.7
Niket,SUPPORT,UP,AL,Kael,\,21.06.2024,v14.11,1,Blue,0:36:07,Leona,Win,15,2,3,11,0,1.1,261,13.00%,3.76,2.22,0.55,0.42,40.70%,145,7.10%,76.50%,-59,20719.9,0,1,0.5,1,0,8,0,2,0,6,1,1,2,0,0,0,3,2,1,50.7
Ale,TOP,AL,UP,Qingtian,\,21.06.2024,v14.11,1,Red,0:36:07,Jax,Loss,18,3,4,2,16,8.9,382,20.80%,0.96,0.55,0.14,0.08,10.40%,444,19.20%,50.00%,455,29752.7,0,0,0.333,0,0,4,1,4,0,0,0,0,0,0,0,0,3,0,1,49.3
Croco,JUNGLE,AL,UP,H4cker,\,21.06.2024,v14.11,1,Red,0:36:07,Brand,Loss,17,2,3,4,260,7.8,367,19.90%,1.41,0.33,0.3,0.47,15.40%,397,17.20%,60.00%,-1072,29010.6,0,0,0.333,0,0,4,1,4,0,0,0,0,0,0,0,0,3,0,1,49.3
Shanks,MID,AL,UP,Yuekai,\,21.06.2024,v14.11,1,Red,0:36:07,Corki,Loss,18,4,4,2,8,9.5,476,25.80%,1.49,0.42,0.11,0.36,16.20%,735,31.80%,60.00%,-400,18188.2,0,0,0.333,0,0,4,1,4,0,0,0,0,0,0,0,0,3,0,1,49.3
Hope,ADCARRY,AL,UP,Doggo,\,21.06.2024,v14.11,1,Red,0:36:07,Ezreal,Loss,17,1,3,4,0,10.2,393,21.40%,1.2,0.33,0.06,0.53,13.00%,622,26.90%,50.00%,-84,15536.9,0,0,0.333,0,0,4,1,4,0,0,0,0,0,0,0,0,3,0,1,49.3
Kael,SUPPORT,AL,UP,Niket,\,21.06.2024,v14.11,1,Red,0:36:07,Braum,Loss,14,0,3,7,0,1,222,12.10%,4.14,2.13,0.72,0.53,45.00%,113,4.90%,70.00%,59,13207.7,0,0,0.333,0,0,4,1,4,0,0,0,0,0,0,0,0,3,0,1,49.3
Ale,TOP,AL,UP,Qingtian,\,21.06.2024,v14.11,2,Blue,0:40:32,Kennen,Win,18,6,5,9,20,9.1,479,23.80%,1.11,0.27,0.15,0.27,12.10%,736,29.90%,57.70%,224,26153.2,0,0,0.857,0,0,10,0,0,2,2,1,0,1,1,0,1,6,1,1,46.5
Croco,JUNGLE,AL,UP,H4cker,\,21.06.2024,v14.11,2,Blue,0:40:32,Lee_Sin,Win,18,9,3,8,215,6.3,437,21.70%,1.58,0.69,0.32,0.2,17.20%,425,17.30%,65.40%,-414,43912.2,0,1,0.714,0,0,10,0,0,2,2,1,0,1,1,0,1,6,1,1,46.5
Shanks,MID,AL,UP,Yuekai,\,21.06.2024,v14.11,2,Blue,0:40:32,LeBlanc,Win,18,7,4,9,4,6.5,447,22.20%,1.79,0.69,0.2,0.35,19.50%,647,26.30%,61.50%,-1052,25159.4,0,0,0.571,0,0,10,0,0,2,2,1,0,1,1,0,1,6,1,1,46.5
Hope,ADCARRY,AL,UP,Doggo,\,21.06.2024,v14.11,2,Blue,0:40:32,Senna,Win,15,4,6,13,0,1.9,336,16.70%,3.5,1.55,0.3,0.69,37.90%,455,18.40%,65.40%,-1467,20104.7,0,0,0.571,0,0,10,0,0,2,2,1,0,1,1,0,1,6,1,1,46.5
Kael,SUPPORT,AL,UP,Niket,\,21.06.2024,v14.11,2,Blue,0:40:32,Nautilus,Win,16,0,6,13,4,5,315,15.60%,1.23,0.76,0.52,0.2,13.40%,202,8.20%,50.00%,956,28592.3,0,0,0.286,0,0,10,0,0,2,2,1,0,1,1,0,1,6,1,1,46.5
Qingtian,TOP,UP,AL,Ale,\,21.06.2024,v14.11,2,Red,0:40:32,Malphite,Loss,18,2,6,13,0,5.5,312,17.00%,0.85,0.17,0.07,0.25,9.70%,345,13.70%,62.50%,-224,29118,0,0,0.833,1,1,7,1,4,0,1,0,1,1,1,0,1,6,4,1,53.5
H4cker,JUNGLE,UP,AL,Croco,\,21.06.2024,v14.11,2,Red,0:40:32,Zyra,Loss,18,7,3,9,210,7.2,389,21.20%,1.41,0.37,0.3,0.37,16.10%,677,26.90%,66.70%,414,27454.7,1,0,1,1,1,7,1,4,0,1,0,1,1,1,0,1,6,4,1,53.5
Yuekai,MID,UP,AL,Shanks,\,21.06.2024,v14.11,2,Red,0:40:32,Lucian,Loss,18,7,6,10,56,8.7,456,24.90%,1.34,0.44,0.15,0.37,15.30%,696,27.70%,70.80%,1052,30078.9,0,0,0.667,1,1,7,1,4,0,1,0,1,1,1,0,1,6,4,1,53.5
Doggo,ADCARRY,UP,AL,Hope,\,21.06.2024,v14.11,2,Red,0:40:32,Ashe,Loss,17,7,5,13,12,7.9,428,23.40%,1.29,0.35,0.12,0.37,14.70%,619,24.60%,83.30%,1467,18709.6,1,0,0.5,1,1,7,1,4,0,1,0,1,1,1,0,1,6,4,1,53.5
Niket,SUPPORT,UP,AL,Kael,\,21.06.2024,v14.11,2,Red,0:40:32,Rell,Loss,14,1,6,18,2,1.3,246,13.40%,3.89,2.39,0.69,0.44,44.20%,181,7.20%,79.20%,-956,27454.9,1,0,0.5,1,1,7,1,4,0,1,0,1,1,1,0,1,6,4,1,53.5
Qingtian,TOP,UP,AL,Ale,\,21.06.2024,v14.11,3,Blue,0:29:33,Renekton,Loss,14,0,3,3,0,7,336,19.90%,0.62,0.2,0.03,0.17,11.10%,319,16.60%,33.30%,-378,37256.1,0,0,0.25,0,0,1,0,0,0,4,0,0,0,1,0,0,3,0,1,43.4
H4cker,JUNGLE,UP,AL,Croco,\,21.06.2024,v14.11,3,Blue,0:29:33,Brand,Loss,14,4,8,3,152,6.4,349,20.70%,0.8,0.2,0.14,0.34,14.30%,658,34.20%,77.80%,-244,38281.3,0,0,0.75,0,0,1,0,0,0,4,0,0,0,1,0,0,3,0,1,43.4
Yuekai,MID,UP,AL,Shanks,\,21.06.2024,v14.11,3,Blue,0:29:33,Tristana,Loss,16,3,3,2,19,9.1,434,25.80%,0.87,0.44,0.1,0.2,15.60%,300,15.60%,55.60%,-422,18022.9,0,0,0.75,0,0,1,0,0,0,4,0,0,0,1,0,0,3,0,1,43.4
Doggo,ADCARRY,UP,AL,Hope,\,21.06.2024,v14.11,3,Blue,0:29:33,Ziggs,Loss,14,1,8,3,1,8.1,355,21.10%,0.81,0.41,0.17,0.24,14.60%,553,28.70%,44.40%,-2513,18333,0,0,0.25,0,0,1,0,0,0,4,0,0,0,1,0,0,3,0,1,43.4
Niket,SUPPORT,UP,AL,Kael,\,21.06.2024,v14.11,3,Blue,0:29:33,Alistar,Loss,11,1,4,4,0,0.9,210,12.50%,2.48,1.76,0.58,0.17,44.50%,95,4.90%,55.60%,-886,31406.8,0,0,0.25,0,0,1,0,0,0,4,0,0,0,1,0,0,3,0,1,43.4
Ale,TOP,AL,UP,Qingtian,\,21.06.2024,v14.11,3,Red,0:29:33,Skarner,Win,16,5,4,8,2,6.5,436,19.80%,0.85,0.37,0.07,0.07,8.60%,694,16.50%,50.00%,378,29744.7,0,0,0.167,1,1,10,1,4,0,2,1,1,2,1,1,0,3,2,1,56.6
Croco,JUNGLE,AL,UP,H4cker,\,21.06.2024,v14.11,3,Red,0:29:33,Zyra,Win,17,3,1,14,206,8.1,421,19.10%,1.72,0.44,0.3,0.3,17.30%,876,20.90%,65.40%,244,22342.7,1,0,0.583,1,1,10,1,4,0,2,1,1,2,1,1,0,3,2,1,56.6
Shanks,MID,AL,UP,Yuekai,\,21.06.2024,v14.11,3,Red,0:29:33,Jayce,Win,18,5,3,10,12,10.1,509,23.10%,1.05,0.24,0.03,0.27,10.50%,973,23.20%,57.70%,422,14299.8,0,0,0.5,1,1,10,1,4,0,2,1,1,2,1,1,0,3,2,1,56.6
Hope,ADCARRY,AL,UP,Doggo,\,21.06.2024,v14.11,3,Red,0:29:33,Varus,Win,16,13,1,7,4,8.9,557,25.30%,1.45,0.71,0.17,0.27,14.60%,1226,29.20%,76.90%,2513,15346.4,1,1,0.75,1,1,10,1,4,0,2,1,1,2,1,1,0,3,2,1,56.6
Kael,SUPPORT,AL,UP,Niket,\,21.06.2024,v14.11,3,Red,0:29:33,Ashe,Win,13,0,1,16,0,1.4,281,12.80%,4.85,2.37,0.51,0.61,49.00%,431,10.30%,61.50%,886,12508.8,1,0,0.5,1,1,10,1,4,0,2,1,1,2,1,1,0,3,2,1,56.6
shanji,TOP,NIP,WBG,Breathe,\,21.06.2024,v14.11,1,Blue,0:29:44,Mordekaiser,Win,16,5,2,2,12,8.4,403,20.30%,1.33,0.5,0.2,0.2,15.10%,613,20.50%,53.80%,-162,28885,0,0,0.333,1,0,10,1,2,0,2,0,1,1,0,0,0,3,2,0,52.7
AKi,JUNGLE,NIP,WBG,Tarzan,\,21.06.2024,v14.11,1,Blue,0:29:44,Wukong,Win,14,1,2,3,172,6.7,366,18.40%,1.86,0.34,0.2,0.57,21.20%,209,7.00%,30.80%,22,24653.3,0,0,0.333,1,0,10,1,2,0,2,0,1,1,0,0,0,3,2,0,52.7
RooKie,MID,NIP,WBG,Xiaohu,\,21.06.2024,v14.11,1,Blue,0:29:44,Tristana,Win,16,4,0,5,8,10,502,25.30%,1.18,0.47,0.2,0.47,13.40%,911,30.50%,69.20%,1236,19168.5,1,1,0.667,1,0,10,1,2,0,2,0,1,1,0,0,0,3,2,0,52.7
Photic,ADCARRY,NIP,WBG,Light,\,21.06.2024,v14.11,1,Blue,0:29:44,Ziggs,Win,16,3,0,5,10,8.9,464,23.40%,1.26,0.57,0.17,0.3,14.40%,1078,36.10%,61.50%,579,8934.21,1,0,0.333,1,0,10,1,2,0,2,0,1,1,0,0,0,3,2,0,52.7
Zhuo,SUPPORT,NIP,WBG,Crisp,\,21.06.2024,v14.11,1,Blue,0:29:44,Leona,Win,12,0,2,6,0,1.4,249,12.60%,3.14,1.61,0.44,0.4,35.90%,178,6.00%,46.20%,190,18932.2,1,0,0.667,1,0,10,1,2,0,2,0,1,1,0,0,0,3,2,0,52.7
Breathe,TOP,WBG,NIP,Shanji,\,21.06.2024,v14.11,1,Red,0:29:44,Skarner,Loss,14,1,3,5,0,7.3,311,19.20%,0.92,0.27,0.2,0.2,9.80%,684,27.50%,100.00%,162,28369.7,0,0,1,0,0,3,0,2,0,3,1,0,0,0,0,0,3,1,0,47.3
Tarzan,JUNGLE,WBG,NIP,Aki,\,21.06.2024,v14.11,1,Red,0:29:44,Nidalee,Loss,14,2,3,4,164,6.1,332,20.50%,1.56,0.3,0.27,0.47,16.70%,578,23.20%,100.00%,-22,33062.9,0,0,1,0,0,3,0,2,0,3,1,0,0,0,0,0,3,1,0,47.3
xiaohu,MID,WBG,NIP,Rookie,\,21.06.2024,v14.11,1,Red,0:29:44,Jayce,Loss,15,0,4,5,5,8.6,355,21.90%,1.3,0.37,0.1,0.27,13.90%,633,25.50%,83.30%,-1236,20761.1,0,0,0.5,0,0,3,0,2,0,3,1,0,0,0,0,0,3,1,0,47.3
Light,ADCARRY,WBG,NIP,Photic,\,21.06.2024,v14.11,1,Red,0:29:44,Kaisa,Loss,15,3,1,2,12,9.4,405,25.00%,0.58,0.3,0,0.1,6.10%,497,20.00%,83.30%,-579,14726.5,0,0,1,0,0,3,0,2,0,3,1,0,0,0,0,0,3,1,0,47.3
Crisp,SUPPORT,WBG,NIP,Zhuo,\,21.06.2024,v14.11,1,Red,0:29:44,Rakan,Loss,11,0,2,6,0,1.1,216,13.30%,5.02,2.79,0.64,0.67,53.50%,95,3.80%,100.00%,-190,21468.1,0,0,1,0,0,3,0,2,0,3,1,0,0,0,0,0,3,1,0,47.3
Breathe,TOP,WBG,NIP,shanji,\,21.06.2024,v14.11,2,Blue,0:31:20,Rumble,Loss,15,3,8,3,1,7,324,19.80%,1.05,0.48,0.16,0.22,13.80%,703,23.10%,54.50%,127,23063,0,0,0.5,0,0,1,0,1,0,3,1,0,0,0,0,0,5,0,1,52.8
Tarzan,JUNGLE,WBG,NIP,AKi,\,21.06.2024,v14.11,2,Blue,0:31:20,Zyra,Loss,14,0,3,2,171,6.4,297,18.20%,1.49,0.22,0.19,0.51,19.50%,754,24.80%,18.20%,-382,22906,0,0,0.5,0,0,1,0,1,0,3,1,0,0,0,0,0,5,0,1,52.8
Xiaohu,MID,WBG,NIP,RooKie,\,21.06.2024,v14.11,2,Blue,0:31:20,Yone,Loss,15,4,4,1,10,7.8,372,22.70%,1.21,0.45,0.1,0.32,15.90%,439,14.40%,45.50%,-460,30514.7,0,0,0,0,0,1,0,1,0,3,1,0,0,0,0,0,5,0,1,52.8
Light,ADCARRY,WBG,NIP,Photic,\,21.06.2024,v14.11,2,Blue,0:31:20,Ezreal,Loss,15,4,2,1,8,9.6,436,26.60%,0.9,0.41,0.06,0.51,11.70%,1024,33.70%,45.50%,765,17057.1,1,0,0.5,0,0,1,0,1,0,3,1,0,0,0,0,0,5,0,1,52.8
Crisp,SUPPORT,WBG,NIP,Zhuo,\,21.06.2024,v14.11,2,Blue,0:31:20,Rell,Loss,11,0,10,5,0,1,207,12.60%,2.99,1.69,0.67,0.38,39.10%,118,3.90%,45.50%,-97,29253.8,1,0,0.5,0,0,1,0,1,0,3,1,0,0,0,0,0,5,0,1,52.8
Shanji,TOP,NIP,WBG,Breathe,\,21.06.2024,v14.11,2,Red,0:31:20,KSante,Win,16,4,1,12,0,6.4,374,19.40%,1.17,0.35,0.13,0.1,11.00%,500,14.90%,59.30%,-127,26758.4,0,0,0.667,1,0,9,1,3,0,1,0,1,1,0,0,0,5,4,1,47.2
Aki,JUNGLE,NIP,WBG,Tarzan,\,21.06.2024,v14.11,2,Red,0:31:20,Sejuani,Win,15,4,1,13,148,5.4,360,18.70%,1.44,0.35,0.29,0.22,13.50%,346,10.30%,63.00%,382,46110.5,0,0,1,1,0,9,1,3,0,1,0,1,1,0,0,0,5,4,1,47.2
Rookie,MID,NIP,WBG,xiaohu,\,21.06.2024,v14.11,2,Red,0:31:20,Corki,Win,16,7,1,14,18,8.3,462,24.00%,1.56,0.48,0.22,0.35,14.60%,1330,39.60%,77.80%,460,24342.5,0,1,0.333,1,0,9,1,3,0,1,0,1,1,0,0,0,5,4,1,47.2
Photic,ADCARRY,NIP,WBG,Light,\,21.06.2024,v14.11,2,Red,0:31:20,Kalista,Win,16,10,4,5,4,8,463,24.00%,1.65,0.67,0.06,0.19,15.40%,736,21.90%,55.60%,-765,21053.3,0,0,0,1,0,9,1,3,0,1,0,1,1,0,0,0,5,4,1,47.2
Zhuo,SUPPORT,NIP,WBG,Crisp,\,21.06.2024,v14.11,2,Red,0:31:20,Ashe,Win,13,2,4,14,0,1.5,271,14.00%,4.85,2.33,0.41,0.77,45.50%,445,13.20%,59.30%,97,14638.2,0,0,0,1,0,9,1,3,0,1,0,1,1,0,0,0,5,4,1,47.2
Wayward,TOP,WE,LGD,Burdol,\,22.06.2024,v14.11,1,Blue,0:36:12,KSante,Loss,17,4,4,5,6,6.8,339,19.90%,0.78,0.47,0.17,0.22,8.10%,283,11.80%,75.00%,678,31825.3,1,0,0.75,1,0,3,0,1,0,5,1,0,0,0,0,0,5,0,0,47.5
Heng,JUNGLE,WE,LGD,Meteor,\,22.06.2024,v14.11,1,Blue,0:36:12,Nidalee,Loss,16,3,5,9,214,6.7,351,20.50%,1.33,0.39,0.36,0.5,13.80%,509,21.30%,100.00%,-144,40548.9,1,0,1,1,0,3,0,1,0,5,1,0,0,0,0,0,5,0,0,47.5
FoFo,MID,WE,LGD,Haichao,\,22.06.2024,v14.11,1,Blue,0:36:12,Corki,Loss,17,4,3,5,16,8.9,408,23.90%,0.97,0.5,0.17,0.25,10.10%,830,34.70%,75.00%,-46,24547.5,0,0,0.25,1,0,3,0,1,0,5,1,0,0,0,0,0,5,0,0,47.5
LP,ADCARRY,WE,LGD,Shaoye,\,22.06.2024,v14.11,1,Blue,0:36:12,Ezreal,Loss,16,1,4,6,0,9.1,383,22.40%,0.93,0.41,0.11,0.36,9.60%,666,27.90%,58.30%,-841,20743.9,0,0,0,1,0,3,0,1,0,5,1,0,0,0,0,0,5,0,0,47.5
Mark,SUPPORT,WE,LGD,jinjiao,\,22.06.2024,v14.11,1,Blue,0:36:12,Rakan,Loss,12,0,3,9,0,1.9,228,13.30%,5.62,3.15,0.58,1.13,58.30%,102,4.30%,75.00%,290,19579.9,0,0,0.25,1,0,3,0,1,0,5,1,0,0,0,0,0,5,0,0,47.5
Burdol,TOP,LGD,WE,Wayward,\,22.06.2024,v14.11,1,Red,0:36:12,Rumble,Win,17,3,5,11,4,6.5,373,18.70%,1.06,0.41,0.22,0.25,10.00%,628,22.30%,73.70%,-678,25019.3,0,0,0.333,0,0,7,1,4,0,0,0,1,1,0,0,0,5,5,0,52.5
Meteor,JUNGLE,LGD,WE,Heng,\,22.06.2024,v14.11,1,Red,0:36:12,Kindred,Win,18,6,0,11,257,9.3,446,22.40%,3.26,1.22,0.25,0.99,30.90%,719,25.50%,89.50%,144,30177.7,0,1,1,0,0,7,1,4,0,0,0,1,1,0,0,0,5,5,0,52.5
Haichao,MID,LGD,WE,FoFo,\,22.06.2024,v14.11,1,Red,0:36:12,LeBlanc,Win,18,5,1,12,0,9.3,480,24.10%,1.86,0.69,0.08,0.8,17.70%,785,27.90%,89.50%,46,21891.2,0,0,0.667,0,0,7,1,4,0,0,0,1,1,0,0,0,5,5,0,52.5
Shaoye,ADCARRY,LGD,WE,LP,\,22.06.2024,v14.11,1,Red,0:36:12,Kaisa,Win,17,4,2,10,0,9.6,465,23.30%,1.11,0.44,0.17,0.39,10.50%,498,17.70%,73.70%,841,13973.6,0,0,0.667,0,0,7,1,4,0,0,0,1,1,0,0,0,5,5,0,52.5
jinjiao,SUPPORT,LGD,WE,Mark,\,22.06.2024,v14.11,1,Red,0:36:12,Leona,Win,13,1,4,11,0,1.2,229,11.50%,3.27,1.71,0.44,0.39,31.00%,183,6.50%,63.20%,-290,28085.2,0,0,0.667,0,0,7,1,4,0,0,0,1,1,0,0,0,5,5,0,52.5
Burdol,TOP,LGD,WE,Wayward,\,22.06.2024,v14.11,2,Blue,0:32:24,Skarner,Win,17,0,1,9,0,7.2,360,18.60%,1,0.4,0.28,0.15,9.70%,455,18.70%,69.20%,-604,19818.6,0,0,0.667,0,0,9,1,4,1,4,0,1,1,0,0,0,3,1,1,52.2
Meteor,JUNGLE,LGD,WE,Heng,\,22.06.2024,v14.11,2,Blue,0:32:24,Brand,Win,16,2,1,8,210,7.7,386,20.00%,3.18,1.23,0.19,0.65,30.70%,649,26.60%,76.90%,134,29008.5,0,0,1,0,0,9,1,4,1,4,0,1,1,0,0,0,3,1,1,52.2
Haichao,MID,LGD,WE,FoFo,\,22.06.2024,v14.11,2,Blue,0:32:24,Yone,Win,17,4,1,3,5,9.3,419,21.70%,1.18,0.22,0.12,0.43,11.40%,569,23.40%,53.80%,-1097,26550.4,0,0,0.333,0,0,9,1,4,1,4,0,1,1,0,0,0,3,1,1,52.2
Shaoye,ADCARRY,LGD,WE,LP,\,22.06.2024,v14.11,2,Blue,0:32:24,Varus,Win,17,6,2,4,10,10.1,500,25.90%,1.51,0.52,0.22,0.37,14.60%,564,23.20%,76.90%,785,13550.9,0,0,0.667,0,0,9,1,4,1,4,0,1,1,0,0,0,3,1,1,52.2
jinjiao,SUPPORT,LGD,WE,Mark,\,22.06.2024,v14.11,2,Blue,0:32:24,Nautilus,Win,13,1,2,10,2,1.1,266,13.80%,3.5,1.54,0.49,0.31,33.70%,198,8.10%,84.60%,83,17485.9,0,1,1,0,0,9,1,4,1,4,0,1,1,0,0,0,3,1,1,52.2
Wayward,TOP,WE,LGD,Burdol,\,22.06.2024,v14.11,2,Red,0:32:24,Mordekaiser,Loss,16,0,5,4,0,8.2,326,19.80%,1.37,0.46,0.25,0.09,16.80%,491,22.20%,57.10%,604,30407.8,0,0,0.5,1,0,2,0,0,0,2,1,0,0,0,0,0,3,1,1,47.8
Heng,JUNGLE,WE,LGD,Meteor,\,22.06.2024,v14.11,2,Red,0:32:24,Maokai,Loss,14,1,1,5,178,6.1,333,20.20%,1.43,0.34,0.34,0.43,17.60%,390,17.70%,85.70%,-134,28659.3,1,0,0.75,1,0,2,0,0,0,2,1,0,0,0,0,0,3,1,1,47.8
FoFo,MID,WE,LGD,Haichao,\,22.06.2024,v14.11,2,Red,0:32:24,Jayce,Loss,15,3,3,4,12,8.2,358,21.70%,1.26,0.52,0.19,0.37,15.50%,845,38.30%,100.00%,1097,14529.2,1,0,1,1,0,2,0,0,0,2,1,0,0,0,0,0,3,1,1,47.8
LP,ADCARRY,WE,LGD,Shaoye,\,22.06.2024,v14.11,2,Red,0:32:24,Kaisa,Loss,16,3,2,4,18,9.9,426,25.80%,0.93,0.4,0.12,0.37,11.40%,404,18.30%,100.00%,-785,14246.4,1,0,1,1,0,2,0,0,0,2,1,0,0,0,0,0,3,1,1,47.8
Mark,SUPPORT,WE,LGD,jinjiao,\,22.06.2024,v14.11,2,Red,0:32:24,Braum,Loss,11,0,2,6,0,1.2,205,12.40%,3.16,1.76,0.46,0.46,38.70%,77,3.50%,85.70%,-83,18640.1,1,0,0.75,1,0,2,0,0,0,2,1,0,0,0,0,0,3,1,1,47.8
Bin,TOP,BLG,RNG,Juice,\,22.06.2024,v14.11,1,Blue,0:34:27,Rumble,Win,18,3,1,6,17,9.2,453,22.40%,0.75,0.23,0.12,0.12,8.50%,503,22.30%,100.00%,2749,9836.36,1,1,1,1,4,11,0,4,0,6,1,1,2,0,0,0,2,1,0,58
XUN,JUNGLE,BLG,RNG,Wei,\,22.06.2024,v14.11,1,Blue,0:34:27,Zyra,Win,17,1,1,5,247,8.1,392,19.40%,1.3,0.15,0.12,0.44,14.70%,312,13.80%,66.70%,640,19099.6,1,0,0.667,1,4,11,0,4,0,6,1,1,2,0,0,0,2,1,0,58
Knight,MID,BLG,RNG,Tangyuan,\,22.06.2024,v14.11,1,Blue,0:34:27,Corki,Win,18,4,3,1,24,10.3,453,22.50%,1.6,0.38,0.23,0.58,18.10%,525,23.20%,55.60%,-1759,18545.8,0,0,0,1,4,11,0,4,0,6,1,1,2,0,0,0,2,1,0,58
Elk,ADCARRY,BLG,RNG,huanfeng,\,22.06.2024,v14.11,1,Blue,0:34:27,Ezreal,Win,17,1,2,3,16,10.1,437,21.60%,1.1,0.44,0.2,0.44,12.50%,850,37.60%,44.40%,1017,11537.6,0,0,0,1,4,11,0,4,0,6,1,1,2,0,0,0,2,1,0,58
ON,SUPPORT,BLG,RNG,Ming,\,22.06.2024,v14.11,1,Blue,0:34:27,Rell,Win,12,0,2,5,0,1.1,284,14.00%,4.09,2.12,0.58,0.55,46.20%,69,3.10%,55.60%,889,15435.4,0,0,0.333,1,4,11,0,4,0,6,1,1,2,0,0,0,2,1,0,58
Juice,TOP,RNG,BLG,Bin,\,22.06.2024,v14.11,1,Red,0:34:27,KSante,Loss,17,0,4,2,0,7.3,303,16.50%,0.93,0.38,0.23,0.12,10.80%,119,8.80%,22.20%,-2749,23452.5,0,0,0,0,2,4,1,2,0,0,0,0,0,0,0,0,2,1,0,42
Wei,JUNGLE,RNG,BLG,XUN,\,22.06.2024,v14.11,1,Red,0:34:27,Brand,Loss,15,2,2,3,199,6.7,329,17.90%,1.86,0.84,0.26,0.35,21.50%,296,21.90%,55.60%,-640,26505.8,0,0,1,0,2,4,1,2,0,0,0,0,0,0,0,0,2,1,0,42
Tangyuan,MID,RNG,BLG,Knight,\,22.06.2024,v14.11,1,Red,0:34:27,Tristana,Loss,18,4,1,0,18,12.1,563,30.60%,1.3,0.35,0.06,0.41,15.10%,522,38.60%,44.40%,1759,23121.8,0,0,0,0,2,4,1,2,0,0,0,0,0,0,0,0,2,1,0,42
huanfeng,ADCARRY,RNG,BLG,Elk,\,22.06.2024,v14.11,1,Red,0:34:27,Kaisa,Loss,17,3,0,3,3,10.2,432,23.50%,1.1,0.44,0.15,0.29,12.70%,328,24.30%,66.70%,-1017,15405.5,0,0,0.5,0,2,4,1,2,0,0,0,0,0,0,0,0,2,1,0,42
Ming,SUPPORT,RNG,BLG,ON,\,22.06.2024,v14.11,1,Red,0:34:27,Nautilus,Loss,13,0,2,5,0,1,213,11.60%,3.45,2.09,0.52,0.29,39.90%,87,6.40%,55.60%,-889,17180.3,0,0,1,0,2,4,1,2,0,0,0,0,0,0,0,0,2,1,0,42
Bin,TOP,BLG,RNG,Juice,\,22.06.2024,v14.11,2,Blue,0:36:08,Skarner,Win,18,4,8,12,15,8.1,458,20.90%,0.74,0.14,0.06,0.14,7.60%,972,28.70%,69.60%,146,38301.7,1,0,0.333,1,2,11,1,2,0,4,1,0,2,2,2,0,4,3,0,61.7
XUN,JUNGLE,BLG,RNG,Wei,\,22.06.2024,v14.11,2,Blue,0:36:08,Nidalee,Win,18,1,3,12,232,7.6,412,18.80%,2.57,0.94,0.28,0.53,26.50%,472,13.90%,56.50%,42,34025.2,0,0,0.667,1,2,11,1,2,0,4,1,0,2,2,2,0,4,3,0,61.7
Knight,MID,BLG,RNG,Tangyuan,\,22.06.2024,v14.11,2,Blue,0:36:08,Yone,Win,18,5,5,2,59,10.6,484,22.00%,1.29,0.22,0.19,0.53,13.30%,585,17.30%,30.40%,1523,32631.1,0,0,0.667,1,2,11,1,2,0,4,1,0,2,2,2,0,4,3,0,61.7
Elk,ADCARRY,BLG,RNG,huanfeng,\,22.06.2024,v14.11,2,Blue,0:36:08,Kaisa,Win,18,13,3,3,14,10,567,25.80%,1.61,0.33,0.11,0.47,16.60%,1205,35.60%,69.60%,680,23529.9,0,1,0,1,2,11,1,2,0,4,1,0,2,2,2,0,4,3,0,61.7
ON,SUPPORT,BLG,RNG,Ming,\,22.06.2024,v14.11,2,Blue,0:36:08,Alistar,Win,15,0,1,15,1,1.4,275,12.50%,3.5,1.74,0.53,0.44,36.10%,156,4.60%,65.20%,166,18140,0,0,0,1,2,11,1,2,0,4,1,0,2,2,2,0,4,3,0,61.7
Juice,TOP,RNG,BLG,Bin,\,22.06.2024,v14.11,2,Red,0:36:08,Renekton,Loss,18,3,8,9,2,8.4,393,20.00%,0.7,0.25,0.17,0.17,9.70%,507,17.70%,60.00%,-146,55006.3,0,0,0.6,0,0,2,0,3,0,2,0,1,1,2,0,0,4,1,0,38.3
Wei,JUNGLE,RNG,BLG,XUN,\,22.06.2024,v14.11,2,Red,0:36:08,Karthus,Loss,18,6,6,9,189,6.4,378,19.20%,1.24,0.53,0.14,0.22,17.30%,929,32.40%,75.00%,-42,33377.4,0,0,1,0,0,2,0,3,0,2,0,1,1,2,0,0,4,1,0,38.3
Tangyuan,MID,RNG,BLG,Knight,\,22.06.2024,v14.11,2,Red,0:36:08,Corki,Loss,18,5,3,9,4,10.6,496,25.20%,0.85,0.47,0.11,0.22,11.90%,909,31.70%,70.00%,-1523,24098.7,0,0,0.2,0,0,2,0,3,0,2,0,1,1,2,0,0,4,1,0,38.3
huanfeng,ADCARRY,RNG,BLG,Elk,\,22.06.2024,v14.11,2,Red,0:36:08,Kalista,Loss,18,4,3,7,4,9.9,448,22.80%,1.34,0.44,0.17,0.36,18.70%,376,13.10%,55.00%,-680,23870.8,0,0,0.2,0,0,2,0,3,0,2,0,1,1,2,0,0,4,1,0,38.3
Ming,SUPPORT,RNG,BLG,ON,\,22.06.2024,v14.11,2,Red,0:36:08,Rell,Loss,15,2,3,12,0,1.1,252,12.80%,3.04,2.19,0.55,0.22,42.40%,148,5.20%,70.00%,-166,25886.6,0,0,0.4,0,0,2,0,3,0,2,0,1,1,2,0,0,4,1,0,38.3
Ale,TOP,AL,IG,ZUIAN,\,23.06.2024,v14.11,1,Blue,0:28:56,Skarner,Win,16,2,4,8,0,7.8,407,18.80%,1.06,0.41,0.03,0.24,13.00%,720,16.60%,52.60%,983,28563.7,0,0,0,1,4,11,0,2,0,5,1,1,1,0,0,0,4,2,0,55.1
Croco,JUNGLE,AL,IG,glfs,\,23.06.2024,v14.11,1,Blue,0:28:56,Sejuani,Win,14,5,4,13,152,5.8,387,17.80%,1.43,0.62,0.45,0.35,17.50%,542,12.50%,94.70%,768,39164.4,0,0,1,1,4,11,0,2,0,5,1,1,1,0,0,0,4,2,0,55.1
Shanks,MID,AL,IG,neny,\,23.06.2024,v14.11,1,Blue,0:28:56,Corki,Win,16,2,1,9,26,10.3,549,25.30%,1.16,0.35,0.03,0.48,14.30%,1261,29.10%,57.90%,2161,20587.2,0,0,0,1,4,11,0,2,0,5,1,1,1,0,0,0,4,2,0,55.1
Hope,ADCARRY,AL,IG,Ahn,\,23.06.2024,v14.11,1,Blue,0:28:56,Ziggs,Win,15,6,1,10,0,8.4,531,24.50%,1.03,0.52,0.14,0.24,12.50%,1607,37.10%,84.20%,1054,11974.8,0,1,0.8,1,4,11,0,2,0,5,1,1,1,0,0,0,4,2,0,55.1
Kael,SUPPORT,AL,IG,Vampire,\,23.06.2024,v14.11,1,Blue,0:28:56,Rell,Win,12,4,4,10,0,1.2,295,13.60%,3.48,1.87,0.69,0.45,42.60%,200,4.60%,73.70%,782,26280.7,0,0,1,1,4,11,0,2,0,5,1,1,1,0,0,0,4,2,0,55.1
ZUIAN,TOP,IG,AL,Ale,\,23.06.2024,v14.11,1,Red,0:28:56,KSante,Loss,14,1,7,6,0,6.2,307,18.00%,0.92,0.45,0.24,0.1,11.30%,447,13.80%,50.00%,-983,40324.1,1,0,0.75,0,0,1,1,3,0,1,0,0,0,0,0,0,4,2,0,44.9
glfs,JUNGLE,IG,AL,Croco,\,23.06.2024,v14.11,1,Red,0:28:56,Brand,Loss,14,5,5,6,133,5.7,370,21.70%,1.3,0.28,0.24,0.28,15.90%,931,28.70%,78.60%,-768,27781.4,1,0,0.5,0,0,1,1,3,0,1,0,0,0,0,0,0,4,2,0,44.9
neny,MID,IG,AL,Shanks,\,23.06.2024,v14.11,1,Red,0:28:56,Yone,Loss,16,2,0,4,4,9.1,396,23.20%,1.24,0.28,0.14,0.35,15.10%,685,21.20%,42.90%,-2161,29115.3,0,0,0,0,0,1,1,3,0,1,0,0,0,0,0,0,4,2,0,44.9
Ahn,ADCARRY,IG,AL,Hope,\,23.06.2024,v14.11,1,Red,0:28:56,Jhin,Loss,14,6,3,6,8,8.3,411,24.10%,1,0.35,0.1,0.21,12.20%,896,27.70%,85.70%,-1054,22714.3,0,0,0.5,0,0,1,1,3,0,1,0,0,0,0,0,0,4,2,0,44.9
Vampire,SUPPORT,IG,AL,Kael,\,23.06.2024,v14.11,1,Red,0:28:56,Maokai,Loss,11,0,4,6,0,1.1,222,13.00%,3.73,2.21,0.62,0.52,45.50%,278,8.60%,42.90%,-782,28077.6,0,0,0.25,0,0,1,1,3,0,1,0,0,0,0,0,0,4,2,0,44.9
ZUIAN,TOP,IG,AL,Ale,\,23.06.2024,v14.11,2,Blue,0:29:59,Skarner,Loss,14,1,7,2,1,6.9,305,18.20%,0.86,0.4,0.2,0.1,10.60%,625,23.00%,50.00%,-261,27604.6,0,0,0.333,1,1,3,0,0,0,5,1,0,0,1,1,0,2,0,0,41.9
glfs,JUNGLE,IG,AL,Croco,\,23.06.2024,v14.11,2,Blue,0:29:59,Viego,Loss,14,1,2,0,153,5.9,313,18.70%,1.48,0.43,0.33,0.33,18.20%,222,8.20%,16.70%,478,29236.4,0,0,0,1,1,3,0,0,0,5,1,0,0,1,1,0,2,0,0,41.9
neny,MID,IG,AL,Shanks,\,23.06.2024,v14.11,2,Blue,0:29:59,Aurelion_Sol,Loss,15,1,4,2,0,8.5,366,21.90%,1.05,0.3,0.23,0.2,12.90%,856,31.50%,50.00%,-805,21391.7,0,0,0.333,1,1,3,0,0,0,5,1,0,0,1,1,0,2,0,0,41.9
Ahn,ADCARRY,IG,AL,Hope,\,23.06.2024,v14.11,2,Blue,0:29:59,Ziggs,Loss,15,3,4,2,1,9.4,459,27.40%,0.99,0.53,0.27,0.23,12.20%,862,31.70%,83.30%,1413,13013.7,1,0,0.667,1,1,3,0,0,0,5,1,0,0,1,1,0,2,0,0,41.9
Vampire,SUPPORT,IG,AL,Kael,\,23.06.2024,v14.11,2,Blue,0:29:59,Nautilus,Loss,11,0,4,4,0,1.4,233,13.90%,3.74,1.87,0.67,0.5,46.00%,156,5.70%,66.70%,449,19952.1,1,0,0.667,1,1,3,0,0,0,5,1,0,0,1,1,0,2,0,0,41.9
Ale,TOP,AL,IG,ZUIAN,\,23.06.2024,v14.11,2,Red,0:29:59,KSante,Win,17,7,1,7,8,7.9,458,21.30%,0.88,0.47,0.2,0.03,9.40%,773,26.10%,66.70%,261,32381.4,0,1,0.75,0,0,11,1,4,0,1,0,1,2,1,0,0,2,2,0,58.1
Croco,JUNGLE,AL,IG,glfs,\,23.06.2024,v14.11,2,Red,0:29:59,Nidalee,Win,16,5,1,9,184,6.6,424,19.80%,1.75,0.3,0.23,0.37,18.70%,512,17.30%,66.70%,-478,31459.4,0,0,0.25,0,0,11,1,4,0,1,0,1,2,1,0,0,2,2,0,58.1
Shanks,MID,AL,IG,neny,\,23.06.2024,v14.11,2,Red,0:29:59,Twisted_Fate,Win,17,6,0,9,11,9.8,550,25.60%,1.5,0.4,0.1,0.33,16.10%,779,26.30%,71.40%,805,20401.9,0,0,0.5,0,0,11,1,4,0,1,0,1,2,1,0,0,2,2,0,58.1
Hope,ADCARRY,AL,IG,Ahn,\,23.06.2024,v14.11,2,Red,0:29:59,Ashe,Win,16,3,2,12,12,8.9,448,20.90%,1.85,0.43,0.2,0.57,19.70%,734,24.70%,71.40%,-1413,17601.8,0,0,0.5,0,0,11,1,4,0,1,0,1,2,1,0,0,2,2,0,58.1
Kael,SUPPORT,AL,IG,Vampire,\,23.06.2024,v14.11,2,Red,0:29:59,Braum,Win,14,0,2,16,0,1.3,267,12.40%,3.38,1.63,0.5,0.4,36.10%,170,5.70%,76.20%,-449,25635.3,0,0,0.5,0,0,11,1,4,0,1,0,1,2,1,0,0,2,2,0,58.1
369,TOP,TES,LNG,Zika,\,23.06.2024,v14.11,1,Blue,0:46:02,Skarner,Loss,18,3,3,10,2,6.2,348,19.40%,0.93,0.15,0.09,0.26,9.20%,743,24.30%,81.30%,-647,44840.3,0,0,0,0,0,5,0,3,0,1,0,1,3,0,0,0,7,3,1,50.2
Tian,JUNGLE,TES,LNG,WeiWei,\,23.06.2024,v14.11,1,Blue,0:46:02,Brand,Loss,18,1,3,12,244,6.5,351,19.50%,2.58,1.09,0.2,0.52,25.40%,905,29.60%,81.30%,-188,35427.6,0,0,1,0,0,5,0,3,0,1,0,1,3,0,0,0,7,3,1,50.2
Creme,MID,TES,LNG,Scout,\,23.06.2024,v14.11,1,Blue,0:46:02,Yone,Loss,18,5,5,4,37,9.4,437,24.40%,1.43,0.48,0.11,0.2,14.10%,439,14.30%,56.30%,-1522,48590.7,0,0,0,0,0,5,0,3,0,1,0,1,3,0,0,0,7,3,1,50.2
JackeyLove,ADCARRY,TES,LNG,GALA,\,23.06.2024,v14.11,1,Blue,0:46:02,Ashe,Loss,18,7,3,4,25,8.4,412,23.00%,1.24,0.2,0.04,0.39,12.20%,757,24.70%,68.80%,-1090,30936.2,0,0,1,0,0,5,0,3,0,1,0,1,3,0,0,0,7,3,1,50.2
meiko,SUPPORT,TES,LNG,Hang,\,23.06.2024,v14.11,1,Blue,0:46:02,Braum,Loss,15,0,5,15,0,1,245,13.70%,3.99,1.8,0.59,0.65,39.20%,217,7.10%,93.80%,-188,49119.4,0,0,1,0,0,5,0,3,0,1,0,1,3,0,0,0,7,3,1,50.2
Zika,TOP,LNG,TES,369,\,23.06.2024,v14.11,1,Red,0:46:02,Rumble,Win,18,5,3,6,33,7.4,371,20.10%,0.65,0.41,0.11,0.13,7.50%,822,22.70%,57.90%,647,33914.3,0,0,0,1,0,11,1,4,0,5,1,0,0,0,0,0,7,3,1,49.8
WeiWei,JUNGLE,LNG,TES,Tian,\,23.06.2024,v14.11,1,Red,0:46:02,Sejuani,Win,17,0,3,15,211,5.5,316,17.20%,1.87,0.5,0.46,0.67,21.50%,316,8.80%,78.90%,188,76011.1,1,0,0.8,1,0,11,1,4,0,5,1,0,0,0,0,0,7,3,1,49.8
Scout,MID,LNG,TES,Creme,\,23.06.2024,v14.11,1,Red,0:46:02,Jayce,Win,18,5,3,7,46,9.3,463,25.10%,1.34,0.3,0.13,0.41,15.40%,1000,27.70%,63.20%,1522,26443.8,1,0,0.6,1,0,11,1,4,0,5,1,0,0,0,0,0,7,3,1,49.8
GALA,ADCARRY,LNG,TES,JackeyLove,\,23.06.2024,v14.11,1,Red,0:46:02,Ziggs,Win,18,9,0,5,12,8.7,468,25.40%,0.81,0.3,0.09,0.17,9.30%,1263,35.00%,73.70%,1090,12009.2,0,1,0.6,1,0,11,1,4,0,5,1,0,0,0,0,0,7,3,1,49.8
Hang,SUPPORT,LNG,TES,meiko,\,23.06.2024,v14.11,1,Red,0:46:02,Leona,Win,15,0,7,11,4,1.2,223,12.10%,4.03,2.17,0.59,0.54,46.30%,213,5.90%,57.90%,188,40126.6,0,0,0.6,1,0,11,1,4,0,5,1,0,0,0,0,0,7,3,1,49.8
Zika,TOP,LNG,TES,369,\,23.06.2024,v14.11,2,Blue,0:26:05,Jax,Loss,15,2,3,1,12,8.6,389,22.90%,0.77,0.42,0.15,0.04,11.10%,534,27.00%,60.00%,-210,22707.9,0,0,0,0,0,3,0,0,0,3,0,0,0,1,0,0,1,0,0,49.6
WeiWei,JUNGLE,LNG,TES,Tian,\,23.06.2024,v14.11,2,Blue,0:26:05,Nidalee,Loss,13,1,3,1,160,6.7,316,18.60%,1.66,0.27,0.15,0.5,23.80%,294,14.90%,40.00%,255,25477.2,0,0,1,0,0,3,0,0,0,3,0,0,0,1,0,0,1,0,0,49.6
Scout,MID,LNG,TES,Creme,\,23.06.2024,v14.11,2,Blue,0:26:05,Corki,Loss,15,1,1,2,4,9.7,408,24.00%,0.51,0.31,0.08,0.04,7.30%,652,33.00%,60.00%,-370,16423.7,0,0,1,0,0,3,0,0,0,3,0,0,0,1,0,0,1,0,0,49.6
GALA,ADCARRY,LNG,TES,JackeyLove,\,23.06.2024,v14.11,2,Blue,0:26:05,Zeri,Loss,13,1,2,3,3,8.8,370,21.70%,0.78,0.31,0.15,0.19,11.20%,404,20.50%,80.00%,-2043,13167.8,0,0,0.5,0,0,3,0,0,0,3,0,0,0,1,0,0,1,0,0,49.6
Hang,SUPPORT,LNG,TES,meiko,\,23.06.2024,v14.11,2,Blue,0:26:05,Rell,Loss,10,0,2,5,0,1.3,219,12.90%,3.24,1.69,0.46,0.42,46.60%,91,4.60%,100.00%,-429,15619.5,0,0,1,0,0,3,0,0,0,3,0,0,0,1,0,0,1,0,0,49.6
369,TOP,TES,LNG,Zika,\,23.06.2024,v14.11,2,Red,0:26:05,KSante,Win,16,1,1,5,0,9.4,417,20.20%,0.53,0.23,0.04,0.04,7.20%,449,17.30%,54.50%,210,19755.5,1,0,0.25,1,3,10,1,3,0,3,1,1,1,1,1,0,1,1,0,50.4
Tian,JUNGLE,TES,LNG,WeiWei,\,23.06.2024,v14.11,2,Red,0:26:05,Zyra,Win,14,1,1,8,164,7.2,374,18.10%,1.59,0.35,0.23,0.38,21.50%,415,16.00%,81.80%,-255,14307.1,0,0,0.5,1,3,10,1,3,0,3,1,1,1,1,1,0,1,1,0,50.4
Creme,MID,TES,LNG,Scout,\,23.06.2024,v14.11,2,Red,0:26:05,Tristana,Win,16,4,2,4,13,10.8,490,23.70%,1.13,0.42,0.08,0.38,15.20%,742,28.60%,72.70%,370,16851.5,0,0,0.5,1,3,10,1,3,0,3,1,1,1,1,1,0,1,1,0,50.4
JackeyLove,ADCARRY,TES,LNG,GALA,\,23.06.2024,v14.11,2,Red,0:26:05,Ezreal,Win,15,5,0,3,5,10.1,519,25.10%,1.07,0.31,0.12,0.19,14.40%,858,33.10%,72.70%,2043,9629.06,1,1,1,1,3,10,1,3,0,3,1,1,1,1,1,0,1,1,0,50.4
meiko,SUPPORT,TES,LNG,Hang,\,23.06.2024,v14.11,2,Red,0:26:05,Alistar,Win,11,0,1,10,0,1.2,268,13.00%,3.09,1.34,0.42,0.38,41.70%,127,4.90%,90.90%,429,15132.5,1,0,1,1,3,10,1,3,0,3,1,1,1,1,1,0,1,1,0,50.4
369,TOP,TES,LNG,Zika,\,23.06.2024,v14.11,3,Blue,0:27:01,Renekton,Win,16,8,1,4,0,8.6,467,21.90%,1.04,0.3,0.07,0.19,12.70%,604,19.20%,54.50%,598,28728.2,0,0,0.5,1,2,11,0,1,0,6,1,1,1,1,0,1,5,4,0,52.7
Tian,JUNGLE,TES,LNG,WeiWei,\,23.06.2024,v14.11,3,Blue,0:27:01,Maokai,Win,14,1,1,14,144,6.1,357,16.70%,1.34,0.26,0.19,0.44,16.30%,508,16.20%,68.20%,-233,31629.6,0,0,0.5,1,2,11,0,1,0,6,1,1,1,1,0,1,5,4,0,52.7
Creme,MID,TES,LNG,Scout,\,23.06.2024,v14.11,3,Blue,0:27:01,Corki,Win,15,4,3,12,12,8.7,519,24.30%,1.29,0.37,0.04,0.26,15.70%,899,28.60%,72.70%,2383,18727.5,1,0,0.833,1,2,11,0,1,0,6,1,1,1,1,0,1,5,4,0,52.7
JackeyLove,ADCARRY,TES,LNG,GALA,\,23.06.2024,v14.11,3,Blue,0:27:01,Kaisa,Win,14,8,2,5,12,8.6,483,22.60%,1.21,0.3,0.07,0.3,14.70%,711,22.60%,59.10%,128,13314.7,0,0,0.167,1,2,11,0,1,0,6,1,1,1,1,0,1,5,4,0,52.7
meiko,SUPPORT,TES,LNG,Hang,\,23.06.2024,v14.11,3,Blue,0:27:01,Leona,Win,12,1,1,17,0,1.2,308,14.40%,3.34,1.55,0.52,0.41,40.60%,421,13.40%,81.80%,624,18542.6,0,1,0.667,1,2,11,0,1,0,6,1,1,1,1,0,1,5,4,0,52.7
Zika,TOP,LNG,TES,369,\,23.06.2024,v14.11,3,Red,0:27:01,Skarner,Loss,15,3,4,4,4,7.8,352,22.30%,0.84,0.3,0.11,0.22,13.40%,879,33.50%,87.50%,-598,23135.9,0,0,0.8,0,0,0,1,2,0,0,0,0,0,1,0,1,5,1,0,47.3
WeiWei,JUNGLE,LNG,TES,Tian,\,23.06.2024,v14.11,3,Red,0:27:01,Lee_Sin,Loss,12,1,5,4,127,5.3,284,18.00%,1.13,0.48,0.22,0.15,18.10%,285,10.80%,62.50%,233,31351,0,0,1,0,0,0,1,2,0,0,0,0,0,1,0,1,5,1,0,47.3
Scout,MID,LNG,TES,Creme,\,23.06.2024,v14.11,3,Red,0:27:01,LeBlanc,Loss,13,3,6,1,0,6.9,346,21.90%,1.03,0.22,0.07,0.19,16.50%,609,23.20%,50.00%,-2383,22181.8,0,0,0.6,0,0,0,1,2,0,0,0,0,0,1,0,1,5,1,0,47.3
GALA,ADCARRY,LNG,TES,JackeyLove,\,23.06.2024,v14.11,3,Red,0:27:01,Xayah,Loss,14,1,3,4,20,10.3,386,24.50%,0.33,0.19,0.04,0.04,5.30%,630,24.00%,62.50%,-128,15326.7,0,0,0.6,0,0,0,1,2,0,0,0,0,0,1,0,1,5,1,0,47.3
Hang,SUPPORT,LNG,TES,meiko,\,23.06.2024,v14.11,3,Red,0:27:01,Rakan,Loss,11,0,4,5,0,1.1,209,13.30%,2.93,2.07,0.33,0.22,46.80%,223,8.50%,62.50%,-624,15315.2,0,0,0.6,0,0,0,1,2,0,0,0,0,0,1,0,1,5,1,0,47.3
Hoya,TOP,TT,EDG,Solokill,\,24.06.2024,v14.11,1,Blue,0:38:21,KSante,Win,17,0,5,2,0,7.1,333,18.00%,1.46,0.34,0.23,0.37,15.50%,320,13.50%,20.00%,650,39830.4,0,0,0,1,0,8,0,3,0,6,0,1,1,1,1,0,4,1,0,52
Beichuan,JUNGLE,TT,EDG,Jiejie,\,24.06.2024,v14.11,1,Blue,0:38:21,Karthus,Win,18,4,5,4,254,7.6,372,20.20%,2.02,0.91,0.18,0.34,21.50%,820,34.60%,80.00%,521,36346.5,0,0,1,1,0,8,0,3,0,6,0,1,1,1,1,0,4,1,0,52
Ucal,MID,TT,EDG,Cryin,\,24.06.2024,v14.11,1,Blue,0:38:21,Tristana,Win,18,3,2,3,28,11,511,27.70%,1.77,0.39,0.1,0.34,18.80%,565,23.80%,60.00%,-41,28892.2,0,0,0.667,1,0,8,0,3,0,6,0,1,1,1,1,0,4,1,0,52
1xn,ADCARRY,TT,EDG,Leave,\,24.06.2024,v14.11,1,Blue,0:38:21,Kaisa,Win,17,3,4,1,8,9.4,411,22.30%,1,0.39,0.16,0.23,10.60%,545,23.00%,40.00%,-597,19415,0,0,0.667,1,0,8,0,3,0,6,0,1,1,1,1,0,4,1,0,52
Feather,SUPPORT,TT,EDG,Wink,\,24.06.2024,v14.11,1,Blue,0:38:21,Rell,Win,14,0,3,7,0,0.9,217,11.80%,3.16,1.77,0.57,0.37,33.60%,123,5.20%,70.00%,-75,25935.7,0,1,0.667,1,0,8,0,3,0,6,0,1,1,1,1,0,4,1,0,52
Solokill,TOP,EDG,TT,Hoya,\,24.06.2024,v14.11,1,Red,0:38:21,Skarner,Loss,18,3,1,10,0,6.8,336,17.40%,1.18,0.39,0.23,0.21,12.30%,377,12.60%,68.40%,-650,22488.7,0,0,0,0,0,8,1,3,0,0,1,0,1,1,0,0,4,3,0,48
Jiejie,JUNGLE,EDG,TT,Beichuan,\,24.06.2024,v14.11,1,Red,0:38:21,Zyra,Loss,18,3,3,12,229,6.6,351,18.20%,1.37,0.18,0.16,0.44,14.30%,675,22.60%,78.90%,-521,21712.1,1,0,1,0,0,8,1,3,0,0,1,0,1,1,0,0,4,3,0,48
Cryin,MID,EDG,TT,Ucal,\,24.06.2024,v14.11,1,Red,0:38:21,Corki,Loss,18,2,2,11,14,10.1,444,23.10%,1.38,0.37,0.18,0.31,14.40%,908,30.40%,68.40%,41,22512.2,0,0,0.5,0,0,8,1,3,0,0,1,0,1,1,0,0,4,3,0,48
Leave,ADCARRY,EDG,TT,1xn,\,24.06.2024,v14.11,1,Red,0:38:21,Zeri,Loss,18,10,2,3,25,11.5,541,28.10%,2.13,0.47,0.21,0.78,22.20%,845,28.30%,68.40%,597,24613.6,1,0,0.5,0,0,8,1,3,0,0,1,0,1,1,0,0,4,3,0,48
Wink,SUPPORT,EDG,TT,Feather,\,24.06.2024,v14.11,1,Red,0:38:21,Alistar,Loss,14,1,2,13,0,1,255,13.20%,3.52,1.83,0.55,0.37,36.80%,177,5.90%,73.70%,75,21213.7,1,0,0.5,0,0,8,1,3,0,0,1,0,1,1,0,0,4,3,0,48
Solokill,TOP,EDG,TT,Hoya,\,24.06.2024,v14.11,2,Blue,0:30:02,Twisted_Fate,Loss,15,1,2,2,8,7.7,415,24.10%,0.96,0.4,0.1,0.13,11.80%,292,16.60%,60.00%,-187,12636.4,0,0,0,0,0,4,0,0,0,6,0,0,0,0,0,0,4,0,0,47.3
Jiejie,JUNGLE,EDG,TT,Beichuan,\,24.06.2024,v14.11,2,Blue,0:30:02,Viego,Loss,14,1,4,2,180,7.2,339,19.60%,1.71,0.27,0.27,0.57,21.10%,191,10.90%,60.00%,-246,24061.4,1,0,1,0,0,4,0,0,0,6,0,0,0,0,0,0,4,0,0,47.3
Cryin,MID,EDG,TT,Ucal,\,24.06.2024,v14.11,2,Blue,0:30:02,Ahri,Loss,15,1,3,2,0,9,366,21.20%,1.46,0.7,0.23,0.33,18.00%,531,30.30%,60.00%,-611,13654.8,0,0,0,0,0,4,0,0,0,6,0,0,0,0,0,0,4,0,0,47.3
Leave,ADCARRY,EDG,TT,1xn,\,24.06.2024,v14.11,2,Blue,0:30:02,Smolder,Loss,15,2,4,1,16,9.3,386,22.30%,0.73,0.23,0.07,0.3,9.00%,595,33.90%,60.00%,-786,21514.5,1,0,1,0,0,4,0,0,0,6,0,0,0,0,0,0,4,0,0,47.3
Wink,SUPPORT,EDG,TT,Feather,\,24.06.2024,v14.11,2,Blue,0:30:02,Leona,Loss,10,0,6,5,0,1.2,220,12.80%,3.27,2.03,0.7,0.3,40.20%,147,8.40%,100.00%,-202,21224.2,1,0,1,0,0,4,0,0,0,6,0,0,0,0,0,0,4,0,0,47.3
Hoya,TOP,TT,EDG,Solokill,\,24.06.2024,v14.11,2,Red,0:30:02,Gragas,Win,17,2,2,8,0,8.7,398,19.20%,0.99,0.5,0.33,0.13,11.70%,327,14.00%,55.60%,187,16313.7,0,0,0.667,1,1,9,1,4,1,0,1,1,1,0,0,0,4,4,0,52.7
Beichuan,JUNGLE,TT,EDG,Jiejie,\,24.06.2024,v14.11,2,Red,0:30:02,Wukong,Win,16,4,1,7,207,7.4,414,20.00%,1.36,0.37,0.17,0.3,16.00%,348,14.90%,61.10%,246,30567.6,0,0,1,1,1,9,1,4,1,0,1,1,1,0,0,0,4,4,0,52.7
Ucal,MID,TT,EDG,Cryin,\,24.06.2024,v14.11,2,Red,0:30:02,Azir,Win,17,7,0,7,4,9.8,525,25.30%,1.73,0.43,0.17,0.57,20.50%,762,32.60%,77.80%,611,18018.9,0,1,1,1,1,9,1,4,1,0,1,1,1,0,0,0,4,4,0,52.7
1xn,ADCARRY,TT,EDG,Leave,\,24.06.2024,v14.11,2,Red,0:30:02,Ezreal,Win,16,5,1,5,16,9.2,474,22.90%,0.83,0.33,0.1,0.27,9.80%,776,33.20%,55.60%,786,12668.3,0,0,0,1,1,9,1,4,1,0,1,1,1,0,0,0,4,4,0,52.7
Feather,SUPPORT,TT,EDG,Wink,\,24.06.2024,v14.11,2,Red,0:30:02,Braum,Win,12,0,1,13,0,0.9,262,12.60%,3.55,2.33,0.8,0.23,42.00%,123,5.30%,72.20%,202,10719.5,0,0,1,1,1,9,1,4,1,0,1,1,1,0,0,0,4,4,0,52.7
Flandre,TOP,JDG,FPX,Xiaolaohu,\,24.06.2024,v14.11,1,Blue,0:32:13,KSante,Win,17,1,2,5,0,7.9,362,17.20%,0.71,0.28,0.22,0.12,8.10%,325,13.20%,54.50%,-1989,24615.1,0,0,0,1,1,10,0,2,0,5,1,1,2,1,0,1,1,1,0,61.8
Kanavi,JUNGLE,JDG,FPX,milkyway,\,24.06.2024,v14.11,1,Blue,0:32:13,Nidalee,Win,17,3,3,3,253,8.9,443,21.10%,2.32,0.12,0.09,0.78,26.30%,655,26.60%,54.50%,1008,28103.4,1,0,0.75,1,1,10,0,2,0,5,1,1,2,1,0,1,1,1,0,61.8
Yagao,MID,JDG,FPX,Care,\,24.06.2024,v14.11,1,Blue,0:32:13,Tristana,Win,18,4,2,4,4,10.6,535,25.40%,1.13,0.56,0.19,0.16,12.90%,879,35.60%,72.70%,2432,20317.9,1,1,0.5,1,1,10,0,2,0,5,1,1,2,1,0,1,1,1,0,61.8
Ruler,ADCARRY,JDG,FPX,deokdam,\,24.06.2024,v14.11,1,Blue,0:32:13,Zeri,Win,18,2,0,3,42,12.2,511,24.30%,1.1,0.37,0.09,0.31,12.50%,503,20.40%,45.50%,1155,12944.7,0,0,0.25,1,1,10,0,2,0,5,1,1,2,1,0,1,1,1,0,61.8
Missing,SUPPORT,JDG,FPX,Life,\,24.06.2024,v14.11,1,Blue,0:32:13,Alistar,Win,12,1,1,2,0,0.9,252,12.00%,3.54,1.99,0.62,0.31,40.20%,104,4.20%,27.30%,297,22965.4,0,0,0.25,1,1,10,0,2,0,5,1,1,2,1,0,1,1,1,0,61.8
Xiaolaohu,TOP,FPX,JDG,Flandre,\,24.06.2024,v14.11,1,Red,0:32:13,Gnar,Loss,17,4,1,1,4,10.1,457,26.10%,1.25,0.28,0.16,0.31,14.50%,576,25.20%,62.50%,1989,24293.4,0,0,0.8,0,0,3,1,2,0,1,0,0,0,1,0,1,1,0,0,38.2
milkyway,JUNGLE,FPX,JDG,Kanavi,\,24.06.2024,v14.11,1,Red,0:32:13,Lillia,Loss,15,1,2,3,181,7,324,18.50%,1.13,0.19,0.16,0.22,13.10%,360,15.70%,50.00%,-1008,30196.5,0,0,0.4,0,0,3,1,2,0,1,0,0,0,1,0,1,1,0,0,38.2
Care,MID,FPX,JDG,Yagao,\,24.06.2024,v14.11,1,Red,0:32:13,Corki,Loss,16,2,3,5,0,9.1,376,21.50%,1.73,0.59,0.25,0.4,20.10%,536,23.50%,87.50%,-2432,20677.3,0,0,0.8,0,0,3,1,2,0,1,0,0,0,1,0,1,1,0,0,38.2
deokdam,ADCARRY,FPX,JDG,Ruler,\,24.06.2024,v14.11,1,Red,0:32:13,Ezreal,Loss,16,1,2,2,0,10,383,21.80%,0.86,0.31,0,0.25,10.00%,724,31.70%,37.50%,-1155,15830.3,0,0,0,0,0,3,1,2,0,1,0,0,0,1,0,1,1,0,0,38.2
Life,SUPPORT,FPX,JDG,Missing,\,24.06.2024,v14.11,1,Red,0:32:13,Leona,Loss,11,0,3,5,0,1.2,213,12.10%,3.66,1.86,0.4,0.43,42.40%,89,3.90%,62.50%,-297,20992.2,0,0,0.4,0,0,3,1,2,0,1,0,0,0,1,0,1,1,0,0,38.2
Xiaolaohu,TOP,FPX,JDG,Flandre,\,24.06.2024,v14.11,2,Blue,0:33:37,Renekton,Loss,17,1,4,6,8,8.5,374,20.70%,1.15,0.33,0.21,0.3,13.60%,413,17.80%,43.80%,-286,34949.1,0,0,0.125,1,0,5,1,4,0,3,1,0,0,4,3,0,3,0,1,51
milkyway,JUNGLE,FPX,JDG,Kanavi,\,24.06.2024,v14.11,2,Blue,0:33:37,Diana,Loss,15,6,4,6,212,6.7,376,20.80%,1.04,0.27,0.27,0.12,12.40%,404,17.40%,75.00%,1110,24421.1,1,0,1,1,0,5,1,4,0,3,1,0,0,4,3,0,3,0,1,51
Care,MID,FPX,JDG,Yagao,\,24.06.2024,v14.11,2,Blue,0:33:37,Jayce,Loss,16,4,3,5,2,8.2,414,22.90%,1.81,0.68,0.36,0.42,21.50%,695,30.00%,56.30%,573,15456.5,0,0,0.5,1,0,5,1,4,0,3,1,0,0,4,3,0,3,0,1,51
deokdam,ADCARRY,FPX,JDG,Ruler,\,24.06.2024,v14.11,2,Blue,0:33:37,Ashe,Loss,16,5,4,7,6,9.2,414,22.90%,1.57,0.39,0.06,0.59,18.70%,660,28.50%,75.00%,523,15899.2,1,0,0.875,1,0,5,1,4,0,3,1,0,0,4,3,0,3,0,1,51
Life,SUPPORT,FPX,JDG,Missing,\,24.06.2024,v14.11,2,Blue,0:33:37,Braum,Loss,13,0,5,12,0,0.8,230,12.70%,2.84,1.55,0.36,0.24,33.80%,147,6.30%,75.00%,343,29426.9,1,0,1,1,0,5,1,4,0,3,1,0,0,4,3,0,3,0,1,51
Flandre,TOP,JDG,FPX,Xiaolaohu,\,24.06.2024,v14.11,2,Red,0:33:37,Skarner,Win,17,1,3,13,2,6.3,382,18.60%,1,0.24,0.15,0.3,10.40%,544,18.40%,70.00%,286,25471.9,0,0,0.6,0,0,10,0,0,1,3,0,1,2,4,1,0,3,2,1,49
Kanavi,JUNGLE,JDG,FPX,milkyway,\,24.06.2024,v14.11,2,Red,0:33:37,Zyra,Win,17,3,5,10,187,7.3,402,19.60%,1.6,0.33,0.3,0.45,16.60%,856,29.00%,65.00%,-1110,23771.9,0,0,0.4,0,0,10,0,0,1,3,0,1,2,4,1,0,3,2,1,49
Yagao,MID,JDG,FPX,Care,\,24.06.2024,v14.11,2,Red,0:33:37,Azir,Win,18,8,4,7,10,9.1,497,24.20%,1.38,0.51,0.24,0.36,14.30%,662,22.40%,75.00%,-573,21744.9,0,0,0.2,0,0,10,0,0,1,3,0,1,2,4,1,0,3,2,1,49
Ruler,ADCARRY,JDG,FPX,deokdam,\,24.06.2024,v14.11,2,Red,0:33:37,Jhin,Win,17,8,1,8,20,8.5,493,24.00%,0.82,0.39,0.15,0.21,8.50%,738,25.00%,80.00%,-523,15927.7,0,1,0.8,0,0,10,0,0,1,3,0,1,2,4,1,0,3,2,1,49
Missing,SUPPORT,JDG,FPX,Life,\,24.06.2024,v14.11,2,Red,0:33:37,Bard,Win,14,0,3,16,0,1.1,279,13.60%,4.85,2.68,0.57,0.48,50.30%,152,5.10%,80.00%,-343,18074.1,0,0,0.6,0,0,10,0,0,1,3,0,1,2,4,1,0,3,2,1,49
YSKM,TOP,IG,UP,Qingtian,\,25.06.2024,v14.11,1,Blue,0:31:29,Skarner,Win,17,2,1,10,0,8,404,20.30%,0.94,0.35,0.13,0.06,10.30%,492,19.10%,92.30%,-344,19600.2,0,0,0.667,1,0,9,1,3,0,2,0,1,1,1,0,1,3,2,0,52.7
glfs,JUNGLE,IG,UP,H4cker,\,25.06.2024,v14.11,1,Blue,0:31:29,Lillia,Win,16,3,0,7,199,7.3,386,19.40%,1.77,0.32,0.25,0.48,19.40%,383,14.80%,76.90%,-372,27191.4,0,0,0.667,1,0,9,1,3,0,2,0,1,1,1,0,1,3,2,0,52.7
neny,MID,IG,UP,Yuekai,\,25.06.2024,v14.11,1,Blue,0:31:29,Corki,Win,17,4,0,4,8,9.9,463,23.30%,1.26,0.41,0.06,0.32,13.80%,691,26.80%,61.50%,-337,14547.7,0,0,0.333,1,0,9,1,3,0,2,0,1,1,1,0,1,3,2,0,52.7
Ahn,ADCARRY,IG,UP,Doggo,\,25.06.2024,v14.11,1,Blue,0:31:29,Ziggs,Win,16,2,1,11,6,9,466,23.40%,1.43,0.51,0.19,0.25,15.60%,899,34.80%,100.00%,-71,14372.6,1,1,1,1,0,9,1,3,0,2,0,1,1,1,0,1,3,2,0,52.7
Vampire,SUPPORT,IG,UP,Niket,\,25.06.2024,v14.11,1,Blue,0:31:29,Alistar,Win,12,2,5,10,0,1.1,269,13.50%,3.74,1.87,0.64,0.41,40.90%,117,4.50%,92.30%,318,24607.2,1,0,1,1,0,9,1,3,0,2,0,1,1,1,0,1,3,2,0,52.7
Qingtian,TOP,UP,IG,YSKM,\,25.06.2024,v14.11,1,Red,0:31:29,KSante,Loss,15,1,2,1,0,8.1,344,19.80%,1.1,0.25,0.1,0.25,12.70%,253,12.00%,28.60%,344,24145.9,0,0,0.2,0,0,3,0,1,0,4,1,0,0,1,0,1,3,1,0,47.3
H4cker,JUNGLE,UP,IG,glfs,\,25.06.2024,v14.11,1,Red,0:31:29,Maokai,Loss,14,3,3,4,153,5.5,348,20.10%,1.52,0.25,0.19,0.29,17.70%,679,32.20%,100.00%,372,30710,0,0,1,0,0,3,0,1,0,4,1,0,0,1,0,1,3,1,0,47.3
Yuekai,MID,UP,IG,neny,\,25.06.2024,v14.11,1,Red,0:31:29,Tristana,Loss,17,1,2,4,24,9.9,429,24.80%,0.98,0.35,0.03,0.25,11.40%,550,26.00%,71.40%,337,24150.5,0,0,0.6,0,0,3,0,1,0,4,1,0,0,1,0,1,3,1,0,47.3
Doggo,ADCARRY,UP,IG,Ahn,\,25.06.2024,v14.11,1,Red,0:31:29,Kaisa,Loss,14,1,4,3,14,9,381,22.00%,1.08,0.32,0.1,0.35,12.60%,482,22.80%,57.10%,71,15559.2,0,0,0.8,0,0,3,0,1,0,4,1,0,0,1,0,1,3,1,0,47.3
Niket,SUPPORT,UP,IG,Vampire,\,25.06.2024,v14.11,1,Red,0:31:29,Nautilus,Loss,11,1,2,5,0,1.4,230,13.30%,3.93,2.16,0.67,0.67,45.60%,148,7.00%,85.70%,-318,13247.4,0,0,0.8,0,0,3,0,1,0,4,1,0,0,1,0,1,3,1,0,47.3
Qingtian,TOP,UP,IG,YSKM,\,25.06.2024,v14.11,2,Blue,0:33:00,Gragas,Loss,16,1,2,3,0,7.9,333,19.70%,0.71,0.21,0.09,0.09,8.50%,396,19.90%,100.00%,222,25810.3,0,0,1,1,1,1,0,0,0,5,1,0,0,1,0,0,5,1,1,44
H4cker,JUNGLE,UP,IG,glfs,\,25.06.2024,v14.11,2,Blue,0:33:00,Nidalee,Loss,15,1,3,2,191,7.3,329,19.50%,1.64,0.18,0.12,1.06,19.90%,262,13.20%,75.00%,733,30187.8,0,0,1,1,1,1,0,0,0,5,1,0,0,1,0,0,5,1,1,44
Yuekai,MID,UP,IG,neny,\,25.06.2024,v14.11,2,Blue,0:33:00,Corki,Loss,17,1,1,1,16,10.3,453,26.80%,0.87,0.39,0.09,0.18,10.50%,733,36.80%,50.00%,1016,18451.3,0,0,0,1,1,1,0,0,0,5,1,0,0,1,0,0,5,1,1,44
Doggo,ADCARRY,UP,IG,Ahn,\,25.06.2024,v14.11,2,Blue,0:33:00,Ezreal,Loss,15,1,3,2,0,9.2,369,21.80%,1.56,0.52,0.24,0.48,18.80%,515,25.90%,75.00%,-569,14735.8,0,0,1,1,1,1,0,0,0,5,1,0,0,1,0,0,5,1,1,44
Niket,SUPPORT,UP,IG,Vampire,\,25.06.2024,v14.11,2,Blue,0:33:00,Leona,Loss,12,0,6,2,0,1.7,208,12.30%,3.49,2,0.58,0.73,42.20%,83,4.20%,50.00%,22,22104.8,0,0,1,1,1,1,0,0,0,5,1,0,0,1,0,0,5,1,1,44
YSKM,TOP,IG,UP,Qingtian,\,25.06.2024,v14.11,2,Red,0:33:00,Fiora,Win,18,3,1,3,13,10.5,485,22.40%,1.2,0.3,0.12,0.12,11.60%,490,19.90%,40.00%,-222,30033.9,0,0,0,0,0,10,1,4,1,1,0,1,2,1,1,0,5,3,1,56
glfs,JUNGLE,IG,UP,H4cker,\,25.06.2024,v14.11,2,Red,0:33:00,Brand,Win,17,3,1,6,214,7.5,392,18.10%,2.99,1.42,0.33,0.67,28.90%,681,27.70%,60.00%,-733,18696.4,0,0,0,0,0,10,1,4,1,1,0,1,2,1,1,0,5,3,1,56
neny,MID,IG,UP,Yuekai,\,25.06.2024,v14.11,2,Red,0:33:00,Yone,Win,18,5,0,4,20,10.1,480,22.20%,1.13,0.48,0.18,0.18,10.90%,581,23.60%,60.00%,-1016,23523.4,0,1,0,0,0,10,1,4,1,1,0,1,2,1,1,0,5,3,1,56
Ahn,ADCARRY,IG,UP,Doggo,\,25.06.2024,v14.11,2,Red,0:33:00,Draven,Win,17,4,1,8,15,9.9,533,24.60%,1.69,0.48,0.21,0.58,16.30%,572,23.30%,80.00%,569,9574.31,1,0,1,0,0,10,1,4,1,1,0,1,2,1,1,0,5,3,1,56
Vampire,SUPPORT,IG,UP,Niket,\,25.06.2024,v14.11,2,Red,0:33:00,Nautilus,Win,14,0,1,10,1,1.2,276,12.70%,3.35,2.03,0.7,0.42,32.30%,134,5.50%,66.70%,-22,18169.4,1,0,1,0,0,10,1,4,1,1,0,1,2,1,1,0,5,3,1,56
Breathe,TOP,WBG,AL,Ale,\,25.06.2024,v14.11,1,Blue,0:30:36,Renekton,Loss,16,2,3,4,4,8.5,379,21.50%,0.98,0.49,0.23,0.1,10.70%,288,14.60%,66.70%,1301,26801.8,0,0,1,1,1,3,0,2,0,5,1,0,0,2,1,1,4,0,2,47.2
Tarzan,JUNGLE,WBG,AL,Croco,\,25.06.2024,v14.11,1,Blue,0:30:36,Brand,Loss,15,2,2,5,191,7.1,370,21.00%,2.83,1.37,0.39,0.62,31.10%,491,24.90%,77.80%,-314,25874.5,0,0,0.667,1,1,3,0,2,0,5,1,0,0,2,1,1,4,0,2,47.2
xiaohu,MID,WBG,AL,Shanks,\,25.06.2024,v14.11,1,Blue,0:30:36,Corki,Loss,15,1,3,5,12,8.8,389,22.10%,1.29,0.46,0.16,0.39,14.20%,520,26.40%,66.70%,-589,18029.2,0,0,0.333,1,1,3,0,2,0,5,1,0,0,2,1,1,4,0,2,47.2
Light,ADCARRY,WBG,AL,Hope,\,25.06.2024,v14.11,1,Blue,0:30:36,Kaisa,Loss,15,3,2,3,9,9,397,22.60%,0.81,0.33,0.1,0.39,8.90%,551,27.90%,66.70%,-1441,16324.7,0,0,0.333,1,1,3,0,2,0,5,1,0,0,2,1,1,4,0,2,47.2
XBear,SUPPORT,WBG,AL,Kael,\,25.06.2024,v14.11,1,Blue,0:30:36,Alistar,Loss,10,1,6,4,0,0.8,225,12.80%,3.19,2.06,0.65,0.26,35.00%,122,6.20%,55.60%,-65,25393.4,0,0,1,1,1,3,0,2,0,5,1,0,0,2,1,1,4,0,2,47.2
Ale,TOP,AL,WBG,Breathe,\,25.06.2024,v14.11,1,Red,0:30:36,Jax,Win,17,2,3,3,16,8.6,412,20.20%,1.14,0.59,0.23,0.23,11.20%,465,17.70%,31.30%,-1301,28168.9,0,0,0,0,1,9,1,3,0,1,0,1,1,2,0,1,4,2,2,52.8
Croco,JUNGLE,AL,WBG,Tarzan,\,25.06.2024,v14.11,1,Red,0:30:36,Karthus,Win,16,5,1,8,216,7.6,401,19.70%,1.35,0.33,0.23,0.42,13.40%,603,22.90%,81.30%,314,28035.1,0,0,0.6,0,1,9,1,3,0,1,0,1,1,2,0,1,4,2,2,52.8
Shanks,MID,AL,WBG,xiaohu,\,25.06.2024,v14.11,1,Red,0:30:36,Tristana,Win,17,4,2,7,4,10.8,512,25.10%,1.63,0.39,0.07,0.59,16.10%,656,24.90%,68.80%,589,18066.3,1,1,0.4,0,1,9,1,3,0,1,0,1,1,2,0,1,4,2,2,52.8
Hope,ADCARRY,AL,WBG,Light,\,25.06.2024,v14.11,1,Red,0:30:36,Varus,Win,15,4,1,7,6,8.8,452,22.20%,2.29,1.08,0.13,0.52,22.60%,745,28.30%,68.80%,1441,10123.2,0,0,0.8,0,1,9,1,3,0,1,0,1,1,2,0,1,4,2,2,52.8
Kael,SUPPORT,AL,WBG,XBear,\,25.06.2024,v14.11,1,Red,0:30:36,Nautilus,Win,12,1,3,9,0,1.3,260,12.80%,3.71,1.76,0.56,0.52,36.60%,163,6.20%,62.50%,65,17420.1,0,0,0.8,0,1,9,1,3,0,1,0,1,1,2,0,1,4,2,2,52.8
Ale,TOP,AL,WBG,Breathe,\,25.06.2024,v14.11,2,Blue,0:31:55,KSante,Win,18,5,1,6,0,8.2,438,20.90%,0.77,0.41,0.16,0.03,8.00%,618,19.70%,52.40%,702,23710.2,0,0,0.75,1,1,9,0,3,0,5,1,1,1,0,0,0,6,4,1,54
Croco,JUNGLE,AL,WBG,Tarzan,\,25.06.2024,v14.11,2,Blue,0:31:55,Rumble,Win,16,5,2,12,208,7,445,21.20%,1.33,0.47,0.31,0.19,13.80%,715,22.80%,81.00%,814,25613.9,0,0,1,1,1,9,0,3,0,5,1,1,1,0,0,0,6,4,1,54
Shanks,MID,AL,WBG,xiaohu,\,25.06.2024,v14.11,2,Blue,0:31:55,Yone,Win,17,7,2,7,8,8.9,481,22.90%,1.22,0.31,0.16,0.31,12.70%,601,19.20%,66.70%,563,19141,0,1,0,1,1,9,0,3,0,5,1,1,1,0,0,0,6,4,1,54
Hope,ADCARRY,AL,WBG,Light,\,25.06.2024,v14.11,2,Blue,0:31:55,Ziggs,Win,16,3,3,12,2,8.5,471,22.50%,1.63,0.6,0.25,0.44,17.00%,846,27.00%,71.40%,-132,11819.9,0,0,0.5,1,1,9,0,3,0,5,1,1,1,0,0,0,6,4,1,54
Kael,SUPPORT,AL,WBG,XBear,\,25.06.2024,v14.11,2,Blue,0:31:55,Maokai,Win,12,1,3,14,0,1.1,263,12.50%,4.64,2.69,0.56,0.5,48.40%,352,11.20%,71.40%,516,26764.3,0,0,0.5,1,1,9,0,3,0,5,1,1,1,0,0,0,6,4,1,54
Breathe,TOP,WBG,AL,Ale,\,25.06.2024,v14.11,2,Red,0:31:55,Camille,Loss,16,3,7,2,8,7.9,390,23.10%,1.38,0.53,0.22,0.16,16.30%,664,28.90%,45.50%,-702,32755.7,0,0,0.2,0,0,3,1,2,0,1,0,0,0,0,0,0,6,1,1,46
Tarzan,JUNGLE,WBG,AL,Croco,\,25.06.2024,v14.11,2,Red,0:31:55,Skarner,Loss,14,1,5,6,159,5.8,299,17.80%,1.33,0.38,0.38,0.22,15.70%,354,15.40%,63.60%,-814,34932.8,1,0,0.8,0,0,3,1,2,0,1,0,0,0,0,0,0,6,1,1,46
xiaohu,MID,WBG,AL,Shanks,\,25.06.2024,v14.11,2,Red,0:31:55,Ahri,Loss,16,2,3,4,4,8.6,389,23.10%,1,0.34,0.28,0.31,11.70%,610,26.50%,54.50%,-563,16857.4,0,0,0.2,0,0,3,1,2,0,1,0,0,0,0,0,0,6,1,1,46
Light,ADCARRY,WBG,AL,Hope,\,25.06.2024,v14.11,2,Red,0:31:55,Ashe,Loss,15,4,3,5,15,9,391,23.20%,1.26,0.28,0.09,0.56,14.80%,551,23.90%,81.80%,132,17946.4,1,0,1,0,0,3,1,2,0,1,0,0,0,0,0,0,6,1,1,46
XBear,SUPPORT,WBG,AL,Kael,\,25.06.2024,v14.11,2,Red,0:31:55,Rell,Loss,11,1,3,7,0,1,216,12.80%,3.53,2.16,0.44,0.34,41.60%,120,5.20%,72.70%,-516,20425.8,1,0,0.6,0,0,3,1,2,0,1,0,0,0,0,0,0,6,1,1,46
369,TOP,TES,RA,Xiaoxu,\,26.06.2024,v14.11,1,Blue,0:34:13,Mordekaiser,Win,18,3,4,11,9,7.9,387,18.90%,0.75,0.23,0.15,0,9.10%,676,17.80%,70.00%,-695,33712.7,0,0,0,0,0,9,1,4,0,3,1,0,1,1,0,0,4,2,0,55.9
Tian,JUNGLE,TES,RA,Xiaohao,\,26.06.2024,v14.11,1,Blue,0:34:13,Nidalee,Win,18,7,3,10,214,7.7,428,20.90%,1.79,0.23,0.09,0.53,21.60%,686,18.10%,85.00%,-289,28188.8,0,0,1,0,0,9,1,4,0,3,1,0,1,1,0,0,4,2,0,55.9
Creme,MID,TES,RA,Vicla,\,26.06.2024,v14.11,1,Blue,0:34:13,Corki,Win,18,6,4,11,20,8.7,547,26.70%,1,0.38,0.09,0.2,12.00%,1174,30.90%,85.00%,574,22205.6,0,0,0.5,0,0,9,1,4,0,3,1,0,1,1,0,0,4,2,0,55.9
JackeyLove,ADCARRY,TES,RA,Assum,\,26.06.2024,v14.11,1,Blue,0:34:13,Ezreal,Win,17,4,1,10,8,9.4,438,21.40%,1.36,0.29,0.12,0.53,16.40%,994,26.20%,70.00%,145,14716.8,0,1,0,0,0,9,1,4,0,3,1,0,1,1,0,0,4,2,0,55.9
meiko,SUPPORT,TES,RA,Jwei,\,26.06.2024,v14.11,1,Blue,0:34:13,Leona,Win,13,0,5,11,0,1.2,245,12.00%,3.38,1.64,0.44,0.44,40.90%,265,7.00%,55.00%,-46,22719.5,0,0,0.5,0,0,9,1,4,0,3,1,0,1,1,0,0,4,2,0,55.9
Xiaoxu,TOP,RA,TES,369,\,26.06.2024,v14.11,1,Red,0:34:13,Skarner,Loss,16,2,5,10,9,7,350,18.90%,0.93,0.41,0.2,0.09,11.70%,600,23.60%,70.60%,695,33007.9,1,0,0.4,1,0,7,0,1,0,3,0,1,1,1,1,0,4,2,0,44.1
Xiaohao,JUNGLE,RA,TES,Tian,\,26.06.2024,v14.11,1,Red,0:34:13,Sejuani,Loss,15,5,3,9,149,4.8,347,18.70%,1.44,0.44,0.44,0.26,18.20%,333,13.10%,82.40%,289,45673.2,1,0,1,1,0,7,0,1,0,3,0,1,1,1,1,0,4,2,0,44.1
Vicla,MID,RA,TES,Creme,\,26.06.2024,v14.11,1,Red,0:34:13,Yone,Loss,17,3,5,10,16,9,443,23.90%,0.98,0.32,0.26,0.23,12.30%,788,31.00%,76.50%,-574,37882.2,0,0,0.6,1,0,7,0,1,0,3,0,1,1,1,1,0,4,2,0,44.1
Assum,ADCARRY,RA,TES,JackeyLove,\,26.06.2024,v14.11,1,Red,0:34:13,Ashe,Loss,16,6,3,6,24,9.5,457,24.70%,1.24,0.32,0.12,0.23,15.70%,635,25.00%,70.60%,-145,18381.9,0,0,0.2,1,0,7,0,1,0,3,0,1,1,1,1,0,4,2,0,44.1
Jwei,SUPPORT,RA,TES,meiko,\,26.06.2024,v14.11,1,Red,0:34:13,Rell,Loss,13,1,4,12,0,1.3,255,13.80%,3.34,1.84,0.58,0.26,42.10%,187,7.40%,76.50%,46,24434.6,0,0,0.4,1,0,7,0,1,0,3,0,1,1,1,1,0,4,2,0,44.1
Xiaoxu,TOP,RA,TES,369,\,26.06.2024,v14.11,2,Blue,0:32:01,Rumble,Loss,16,2,4,4,8,8.2,359,22.60%,0.88,0.41,0.06,0.06,10.70%,626,36.00%,66.70%,514,14559.5,1,0,0.5,0,0,1,1,2,0,3,0,0,0,0,0,0,3,1,0,43
Xiaohao,JUNGLE,RA,TES,Tian,\,26.06.2024,v14.11,2,Blue,0:32:01,Xin_Zhao,Loss,14,2,3,5,157,5.8,308,19.40%,1.41,0.25,0.22,0.66,17.20%,262,15.00%,77.80%,355,45897.4,1,0,1,0,0,1,1,2,0,3,0,0,0,0,0,0,3,1,0,43
Vicla,MID,RA,TES,Creme,\,26.06.2024,v14.11,2,Blue,0:32:01,Hwei,Loss,16,1,2,6,0,7.6,320,20.10%,1.02,0.53,0.31,0.34,12.40%,355,20.40%,77.80%,-436,15717,0,0,0.5,0,0,1,1,2,0,3,0,0,0,0,0,0,3,1,0,43
Assum,ADCARRY,RA,TES,JackeyLove,\,26.06.2024,v14.11,2,Blue,0:32:01,Jhin,Loss,15,4,1,1,2,9,388,24.40%,0.73,0.34,0.12,0.28,8.90%,402,23.10%,55.60%,-1008,13259.4,0,0,0,0,0,1,1,2,0,3,0,0,0,0,0,0,3,1,0,43
Jwei,SUPPORT,RA,TES,meiko,\,26.06.2024,v14.11,2,Blue,0:32:01,Rakan,Loss,10,0,3,8,0,1.5,215,13.50%,4.15,2.69,0.59,0.72,50.70%,96,5.50%,88.90%,-68,22681.5,0,0,0.5,0,0,1,1,2,0,3,0,0,0,0,0,0,3,1,0,43
369,TOP,TES,RA,Xiaoxu,\,26.06.2024,v14.11,2,Red,0:32:01,KSante,Win,17,6,2,5,0,7.1,384,19.50%,1,0.41,0.09,0.16,9.60%,476,18.40%,84.60%,-514,25092.4,0,0,1,1,0,11,0,3,0,3,1,1,1,0,0,0,3,2,0,57
Tian,JUNGLE,TES,RA,Xiaohao,\,26.06.2024,v14.11,2,Red,0:32:01,RekSai,Win,16,1,2,6,195,7.1,351,17.80%,1.18,0.19,0.19,0.53,11.40%,168,6.50%,53.80%,-355,36511.6,0,0,1,1,0,11,0,3,0,3,1,1,1,0,0,0,3,2,0,57
Creme,MID,TES,RA,Vicla,\,26.06.2024,v14.11,2,Red,0:32:01,Azir,Win,18,6,2,4,22,10.6,533,27.00%,1.72,0.47,0.16,0.44,16.60%,900,34.90%,76.90%,436,16702.3,0,1,0,1,0,11,0,3,0,3,1,1,1,0,0,0,3,2,0,57
JackeyLove,ADCARRY,TES,RA,Assum,\,26.06.2024,v14.11,2,Red,0:32:01,Varus,Win,16,0,1,11,4,9.2,427,21.60%,1.44,0.59,0.09,0.34,13.80%,689,26.70%,84.60%,1008,8912.84,0,0,0,1,0,11,0,3,0,3,1,1,1,0,0,0,3,2,0,57
meiko,SUPPORT,TES,RA,Jwei,\,26.06.2024,v14.11,2,Red,0:32:01,Ashe,Win,13,0,2,11,0,1.6,279,14.10%,5.05,2.37,0.31,1,48.60%,350,13.60%,84.60%,68,11201.5,0,0,0,1,0,11,0,3,0,3,1,1,1,0,0,0,3,2,0,57
Zika,TOP,LNG,OMG,Hery,\,26.06.2024,v14.11,1,Blue,0:32:20,Skarner,Win,17,2,2,15,4,7.2,365,17.70%,0.96,0.25,0.12,0.28,9.70%,676,21.00%,77.30%,-947,23218.1,0,0,0.667,1,1,9,1,4,0,0,1,1,2,0,0,0,5,3,1,57.6
WeiWei,JUNGLE,LNG,OMG,xiaofang,\,26.06.2024,v14.11,1,Blue,0:32:20,Zyra,Win,17,6,3,12,218,7.6,425,20.70%,1.62,0.34,0.28,0.31,16.30%,901,28.00%,81.80%,290,25936.9,0,0,0.667,1,1,9,1,4,0,0,1,1,2,0,0,0,5,3,1,57.6
Scout,MID,LNG,OMG,Linfeng,\,26.06.2024,v14.11,1,Blue,0:32:20,Yone,Win,18,2,1,10,12,8.9,423,20.60%,1.07,0.19,0.09,0.15,10.80%,501,15.60%,54.50%,-341,19898.7,0,0,1,1,1,9,1,4,0,0,1,1,2,0,0,0,5,3,1,57.6
GALA,ADCARRY,LNG,OMG,Starry,\,26.06.2024,v14.11,1,Blue,0:32:20,Kalista,Win,16,11,3,8,14,8.8,548,26.70%,1.12,0.25,0.06,0.46,11.30%,899,27.90%,86.40%,1131,16084.6,0,1,0.667,1,1,9,1,4,0,0,1,1,2,0,0,0,5,3,1,57.6
Hang,SUPPORT,LNG,OMG,Ppgod,\,26.06.2024,v14.11,1,Blue,0:32:20,Renata_Glasc,Win,14,1,2,19,1,1.2,295,14.30%,5.16,2.85,0.46,0.62,52.00%,243,7.50%,90.90%,162,12388.7,0,0,0.667,1,1,9,1,4,0,0,1,1,2,0,0,0,5,3,1,57.6
Hery,TOP,OMG,LNG,Zika,\,26.06.2024,v14.11,1,Red,0:32:20,Twisted_Fate,Loss,16,3,2,1,11,8.9,433,25.20%,1.33,0.59,0.31,0.09,16.90%,482,23.90%,36.40%,947,20965.5,0,0,0.25,0,0,2,0,1,0,6,0,0,0,0,0,0,5,1,1,42.4
xiaofang,JUNGLE,OMG,LNG,WeiWei,\,26.06.2024,v14.11,1,Red,0:32:20,Sejuani,Loss,14,0,6,7,148,5.1,284,16.50%,1.46,0.43,0.4,0.37,18.50%,227,11.30%,63.60%,-290,45653.4,1,0,0.75,0,0,2,0,1,0,6,0,0,0,0,0,0,5,1,1,42.4
Linfeng,MID,OMG,LNG,Scout,\,26.06.2024,v14.11,1,Red,0:32:20,Akali,Loss,16,5,5,1,0,7.9,390,22.70%,0.97,0.28,0.22,0.12,12.30%,618,30.70%,54.50%,341,27351,0,0,0.75,0,0,2,0,1,0,6,0,0,0,0,0,0,5,1,1,42.4
Starry,ADCARRY,OMG,LNG,GALA,\,26.06.2024,v14.11,1,Red,0:32:20,Kaisa,Loss,16,3,3,6,24,9.9,406,23.60%,1.24,0.37,0.12,0.62,15.70%,532,26.40%,81.80%,-1131,16282.7,1,0,0.75,0,0,2,0,1,0,6,0,0,0,0,0,0,5,1,1,42.4
Ppgod,SUPPORT,OMG,LNG,Hang,\,26.06.2024,v14.11,1,Red,0:32:20,Leona,Loss,12,0,6,7,0,1.1,208,12.10%,2.89,1.52,0.43,0.43,36.70%,157,7.80%,63.60%,-162,25743.8,1,0,1,0,0,2,0,1,0,6,0,0,0,0,0,0,5,1,1,42.4
Hery,TOP,OMG,LNG,Zika,\,26.06.2024,v14.11,2,Blue,0:30:34,KSante,Win,17,2,2,9,4,8.6,432,22.60%,0.8,0.23,0.1,0.2,9.90%,657,22.80%,64.70%,-1350,27539.5,0,0,0,0,0,8,0,1,0,4,0,1,1,1,0,0,5,3,1,44.6
xiaofang,JUNGLE,OMG,LNG,WeiWei,\,26.06.2024,v14.11,2,Blue,0:30:34,Viego,Win,15,5,4,10,168,6.2,400,20.90%,1.64,0.43,0.33,0.33,20.40%,563,19.60%,88.20%,-244,35408.4,0,0,0.667,0,0,8,0,1,0,4,0,1,1,1,0,0,5,3,1,44.6
Linfeng,MID,OMG,LNG,Scout,\,26.06.2024,v14.11,2,Blue,0:30:34,Hwei,Win,16,7,1,9,0,7.1,401,20.90%,0.84,0.52,0.36,0.16,10.40%,800,27.80%,94.10%,-349,12892.8,0,0,0.667,0,0,8,0,1,0,4,0,1,1,1,0,0,5,3,1,44.6
Starry,ADCARRY,OMG,LNG,GALA,\,26.06.2024,v14.11,2,Blue,0:30:34,Ashe,Win,15,3,3,13,1,9,434,22.70%,1.32,0.33,0.1,0.46,16.50%,657,22.80%,94.10%,1042,12483.3,0,1,1,0,0,8,0,1,0,4,0,1,1,1,0,0,5,3,1,44.6
Ppgod,SUPPORT,OMG,LNG,Hang,\,26.06.2024,v14.11,2,Blue,0:30:34,Braum,Win,13,0,3,14,0,0.7,248,12.90%,3.44,1.7,0.52,0.26,42.80%,201,7.00%,82.40%,-1128,25736.7,0,0,1,0,0,8,0,1,0,4,0,1,1,1,0,0,5,3,1,44.6
Zika,TOP,LNG,OMG,Hery,\,26.06.2024,v14.11,2,Red,0:30:34,Renekton,Loss,16,2,5,3,12,9,393,22.00%,0.91,0.23,0.1,0.23,11.70%,652,23.80%,38.50%,1350,39583,0,0,0.4,1,0,3,1,3,0,2,1,0,0,1,1,0,5,1,1,55.4
WeiWei,JUNGLE,LNG,OMG,xiaofang,\,26.06.2024,v14.11,2,Red,0:30:34,KhaZix,Loss,15,4,3,3,199,7.1,363,20.30%,1.58,0.29,0.26,0.33,20.10%,426,15.60%,53.80%,244,34720.2,0,0,0.8,1,0,3,1,3,0,2,1,0,0,1,1,0,5,1,1,55.4
Scout,MID,LNG,OMG,Linfeng,\,26.06.2024,v14.11,2,Red,0:30:34,Azir,Loss,17,5,2,3,4,10,438,24.50%,1.11,0.43,0.2,0.23,14.20%,747,27.30%,61.50%,349,16657,1,0,0.6,1,0,3,1,3,0,2,1,0,0,1,1,0,5,1,1,55.4
GALA,ADCARRY,LNG,OMG,Starry,\,26.06.2024,v14.11,2,Red,0:30:34,Senna,Loss,13,2,1,8,0,1.8,301,16.80%,2.86,1.24,0.29,0.52,36.50%,706,25.80%,76.90%,-1042,10381.6,1,0,0.6,1,0,3,1,3,0,2,1,0,0,1,1,0,5,1,1,55.4
Hang,SUPPORT,LNG,OMG,Ppgod,\,26.06.2024,v14.11,2,Red,0:30:34,Nautilus,Loss,13,0,6,6,0,6.2,295,16.50%,1.37,0.72,0.36,0.16,17.50%,208,7.60%,46.20%,1128,22083.8,1,0,0.6,1,0,3,1,3,0,2,1,0,0,1,1,0,5,1,1,55.4
Zika,TOP,LNG,OMG,Hery,\,26.06.2024,v14.11,3,Blue,0:33:23,Jax,Win,18,7,1,5,11,8.4,453,22.60%,0.96,0.54,0.15,0.06,9.80%,447,18.50%,70.60%,-1233,34652.6,0,0,0,1,1,10,1,3,0,1,1,1,1,0,0,0,5,3,0,48.6
WeiWei,JUNGLE,LNG,OMG,xiaofang,\,26.06.2024,v14.11,3,Blue,0:33:23,Sejuani,Win,16,1,4,13,159,5.8,334,16.70%,3.15,1.23,0.33,0.69,32.00%,321,13.30%,82.40%,-461,44563.4,1,0,0.5,1,1,10,1,3,0,1,1,1,1,0,0,0,5,3,0,48.6
Scout,MID,LNG,OMG,Linfeng,\,26.06.2024,v14.11,3,Blue,0:33:23,Corki,Win,17,6,1,6,40,9.1,473,23.60%,1.29,0.36,0.06,0.27,13.10%,694,28.70%,70.60%,510,16890.2,1,0,1,1,1,10,1,3,0,1,1,1,1,0,0,0,5,3,0,48.6
GALA,ADCARRY,LNG,OMG,Starry,\,26.06.2024,v14.11,3,Blue,0:33:23,Ziggs,Win,16,2,1,10,0,9.5,488,24.40%,1.03,0.27,0.03,0.33,10.40%,816,33.70%,70.60%,2440,10297.3,1,0,1,1,1,10,1,3,0,1,1,1,1,0,0,0,5,3,0,48.6
Hang,SUPPORT,LNG,OMG,Ppgod,\,26.06.2024,v14.11,3,Blue,0:33:23,Alistar,Win,13,1,3,10,0,1.4,254,12.70%,3.42,1.56,0.51,0.54,34.70%,141,5.80%,64.70%,-152,22811.1,1,1,1,1,1,10,1,3,0,1,1,1,1,0,0,0,5,3,0,48.6
Hery,TOP,OMG,LNG,Zika,\,26.06.2024,v14.11,3,Red,0:33:23,Kennen,Loss,16,2,5,3,4,8.1,360,21.00%,1.11,0.33,0.24,0.24,12.60%,905,30.90%,50.00%,1233,20210.5,0,0,0,0,0,4,0,1,0,5,0,0,0,0,0,0,5,2,0,51.4
xiaofang,JUNGLE,OMG,LNG,WeiWei,\,26.06.2024,v14.11,3,Red,0:33:23,Nidalee,Loss,15,0,2,7,198,6.8,320,18.60%,2.01,0.27,0.21,0.69,22.80%,597,20.40%,70.00%,461,32209.4,0,0,0,0,0,4,0,1,0,5,0,0,0,0,0,0,5,2,0,51.4
Linfeng,MID,OMG,LNG,Scout,\,26.06.2024,v14.11,3,Red,0:33:23,Tristana,Loss,17,6,5,3,19,9.3,431,25.10%,0.87,0.36,0.18,0.21,9.80%,698,23.90%,90.00%,-510,24780.7,0,0,1,0,0,4,0,1,0,5,0,0,0,0,0,0,5,2,0,51.4
Starry,ADCARRY,OMG,LNG,GALA,\,26.06.2024,v14.11,3,Red,0:33:23,Varus,Loss,16,2,2,6,1,9.6,393,22.90%,1.25,0.66,0.09,0.24,14.20%,581,19.90%,80.00%,-2440,18838.9,0,0,0,0,0,4,0,1,0,5,0,0,0,0,0,0,5,2,0,51.4
Ppgod,SUPPORT,OMG,LNG,Hang,\,26.06.2024,v14.11,3,Red,0:33:23,Nautilus,Loss,13,0,3,7,0,1.3,214,12.50%,3.58,1.92,0.66,0.63,40.60%,145,4.90%,70.00%,152,17652.6,0,0,1,0,0,4,0,1,0,5,0,0,0,0,0,0,5,2,0,51.4
Juice,TOP,RNG,WE,Wayward,\,27.06.2024,v14.11,1,Blue,0:42:49,Rumble,Win,18,3,3,7,26,9,426,22.30%,1.04,0.33,0.26,0.21,11.20%,943,26.70%,83.30%,1650,25554,0,1,0,1,1,11,0,4,0,5,1,1,2,0,0,0,2,0,1,62.3
Wei,JUNGLE,RNG,WE,Heng,\,27.06.2024,v14.11,1,Blue,0:42:49,Nidalee,Win,18,2,2,8,265,7.2,361,18.90%,1.99,0.28,0.23,0.75,21.50%,715,20.30%,83.30%,220,38721,0,0,1,1,1,11,0,4,0,5,1,1,2,0,0,0,2,0,1,62.3
Tangyuan,MID,RNG,WE,FoFo,\,27.06.2024,v14.11,1,Blue,0:42:49,Corki,Win,18,0,1,7,34,9.7,435,22.80%,1.68,0.58,0.19,0.47,18.20%,652,18.50%,58.30%,12,15379,0,0,0,1,1,11,0,4,0,5,1,1,2,0,0,0,2,0,1,62.3
huanfeng,ADCARRY,RNG,WE,Able,\,27.06.2024,v14.11,1,Blue,0:42:49,Ezreal,Win,18,7,1,2,11,9.5,448,23.50%,1.01,0.42,0.09,0.4,10.90%,1077,30.50%,75.00%,-800,18046,0,0,1,1,1,11,0,4,0,5,1,1,2,0,0,0,2,0,1,62.3
Ming,SUPPORT,RNG,WE,Mark,\,27.06.2024,v14.11,1,Blue,0:42:49,Nautilus,Win,15,0,4,9,0,1.3,236,12.40%,3.55,1.87,0.49,0.49,38.30%,139,4.00%,75.00%,-66,31259,0,0,1,1,1,11,0,4,0,5,1,1,2,0,0,0,2,0,1,62.3
Wayward,TOP,WE,RNG,Juice,\,27.06.2024,v14.11,1,Red,0:42:49,KSante,Loss,18,2,4,7,4,7.2,339,18.00%,0.76,0.51,0.16,0.09,7.80%,261,13.50%,81.80%,-1650,47174,0,0,0,0,0,6,1,2,0,1,0,0,0,0,0,0,2,1,1,37.7
Heng,JUNGLE,WE,RNG,Wei,\,27.06.2024,v14.11,1,Red,0:42:49,Sejuani,Loss,17,2,3,7,165,4.6,290,15.40%,2.18,1.21,0.44,0.3,22.30%,190,9.80%,81.80%,-220,58240,1,0,1,0,0,6,1,2,0,1,0,0,0,0,0,0,2,1,1,37.7
FoFo,MID,WE,RNG,Tangyuan,\,27.06.2024,v14.11,1,Red,0:42:49,Tristana,Loss,18,5,0,3,16,10.7,550,29.10%,1.68,0.49,0.16,0.23,17.20%,585,30.30%,72.70%,-12,23968,0,0,0,0,0,6,1,2,0,1,0,0,0,0,0,0,2,1,1,37.7
Able,ADCARRY,WE,RNG,huanfeng,\,27.06.2024,v14.11,1,Red,0:42:49,Zeri,Loss,18,2,1,8,18,12,480,25.50%,1.6,0.23,0.07,0.79,16.40%,770,39.80%,90.90%,800,25916,0,0,0,0,0,6,1,2,0,1,0,0,0,0,0,0,2,1,1,37.7
Mark,SUPPORT,WE,RNG,Ming,\,27.06.2024,v14.11,1,Red,0:42:49,Leona,Loss,15,0,4,7,0,1.2,228,12.10%,3.54,1.89,0.58,0.4,36.20%,128,6.60%,63.60%,66,25767,1,0,1,0,0,6,1,2,0,1,0,0,0,0,0,0,2,1,1,37.7
Wayward,TOP,WE,RNG,Juice,\,27.06.2024,v14.11,2,Blue,0:29:08,Renekton,Win,16,2,1,2,4,8.6,378,20.30%,1.04,0.45,0.24,0.24,10.20%,302,17.40%,57.10%,93,23805.8,0,0,0,1,1,7,1,4,0,6,0,1,1,0,0,0,2,2,0,48
Heng,JUNGLE,WE,RNG,Wei,\,27.06.2024,v14.11,2,Blue,0:29:08,Maokai,Win,14,2,2,4,150,5.6,320,17.10%,1.45,0.38,0.27,0.34,14.30%,221,12.80%,85.70%,-499,30376,1,0,1,1,1,7,1,4,0,6,0,1,1,0,0,0,2,2,0,48
FoFo,MID,WE,RNG,Tangyuan,\,27.06.2024,v14.11,2,Blue,0:29:08,Corki,Win,16,1,0,4,8,10.6,423,22.60%,1.5,0.48,0.14,0.45,14.70%,516,29.80%,71.40%,-332,12622.5,0,0,0,1,1,7,1,4,0,6,0,1,1,0,0,0,2,2,0,48
Able,ADCARRY,WE,RNG,huanfeng,\,27.06.2024,v14.11,2,Blue,0:29:08,Xayah,Win,16,2,0,4,14,10.3,481,25.70%,1.05,0.34,0.07,0.38,10.30%,564,32.60%,85.70%,1036,12667.1,1,1,1,1,1,7,1,4,0,6,0,1,1,0,0,0,2,2,0,48
Mark,SUPPORT,WE,RNG,Ming,\,27.06.2024,v14.11,2,Blue,0:29:08,Rakan,Win,12,0,0,7,0,1.7,266,14.20%,5.14,2.99,0.48,0.86,50.50%,130,7.50%,100.00%,462,10595.3,1,0,1,1,1,7,1,4,0,6,0,1,1,0,0,0,2,2,0,48
Juice,TOP,RNG,WE,Wayward,\,27.06.2024,v14.11,2,Red,0:29:08,KSante,Loss,15,1,3,1,0,8.4,338,20.40%,1.3,0.41,0.31,0.31,15.00%,376,19.90%,66.70%,-93,23258.8,0,0,0.5,0,0,2,0,0,0,0,1,0,0,0,0,0,2,0,0,52
Wei,JUNGLE,RNG,WE,Heng,\,27.06.2024,v14.11,2,Red,0:29:08,Graves,Loss,15,0,1,2,187,7.6,336,20.30%,1.54,0.34,0.24,0.58,17.80%,585,30.90%,66.70%,499,16618.6,0,0,0.5,0,0,2,0,0,0,0,1,0,0,0,0,0,2,0,0,52
Tangyuan,MID,RNG,WE,FoFo,\,27.06.2024,v14.11,2,Red,0:29:08,LeBlanc,Loss,15,1,0,0,0,9.3,386,23.30%,1.7,0.89,0.31,0.58,19.70%,491,26.00%,33.30%,332,8783.88,0,0,0,0,0,2,0,0,0,0,1,0,0,0,0,0,2,0,0,52
huanfeng,ADCARRY,RNG,WE,Able,\,27.06.2024,v14.11,2,Red,0:29:08,Draven,Loss,13,1,2,0,4,10,383,23.20%,0.86,0.34,0.1,0.27,9.90%,324,17.10%,33.30%,-1036,7517.44,0,0,0.5,0,0,2,0,0,0,0,1,0,0,0,0,0,2,0,0,52
Ming,SUPPORT,RNG,WE,Mark,\,27.06.2024,v14.11,2,Red,0:29:08,Leona,Loss,11,0,1,1,0,1.7,212,12.80%,3.26,1.68,0.58,0.65,37.60%,117,6.20%,33.30%,-462,12315.9,0,0,0.5,0,0,2,0,0,0,0,1,0,0,0,0,0,2,0,0,52
Wayward,TOP,WE,RNG,Juice,\,27.06.2024,v14.11,3,Blue,0:33:48,Skarner,Loss,16,2,6,4,12,7,345,20.00%,0.73,0.24,0.12,0.09,8.20%,512,23.00%,66.70%,-1161,23793.9,0,0,0.667,0,0,3,0,2,0,2,0,0,0,0,0,0,5,1,0,44.6
Heng,JUNGLE,WE,RNG,Wei,\,27.06.2024,v14.11,3,Blue,0:33:48,Poppy,Loss,14,0,2,8,151,5.4,288,16.70%,1.77,0.41,0.44,0.74,19.70%,180,8.10%,88.90%,-1155,17792.5,0,0,0.667,0,0,3,0,2,0,2,0,0,0,0,0,0,5,1,0,44.6
FoFo,MID,WE,RNG,Tangyuan,\,27.06.2024,v14.11,3,Blue,0:33:48,Jayce,Loss,17,3,2,4,26,9.3,410,23.90%,1.03,0.53,0.18,0.21,11.40%,723,32.60%,77.80%,741,14573.1,0,0,0.667,0,0,3,0,2,0,2,0,0,0,0,0,0,5,1,0,44.6
Able,ADCARRY,WE,RNG,huanfeng,\,27.06.2024,v14.11,3,Blue,0:33:48,Kaisa,Loss,17,4,2,3,0,11.1,459,26.70%,1.77,0.18,0.03,0.71,19.60%,725,32.70%,77.80%,-339,12441.3,0,0,0.333,0,0,3,0,2,0,2,0,0,0,0,0,0,5,1,0,44.6
Mark,SUPPORT,WE,RNG,Ming,\,27.06.2024,v14.11,3,Blue,0:33:48,Rell,Loss,13,0,2,5,0,1.4,218,12.70%,3.68,1.86,0.5,0.56,41.00%,80,3.60%,55.60%,35,14586.7,0,0,0.333,0,0,3,0,2,0,2,0,0,0,0,0,0,5,1,0,44.6
Juice,TOP,RNG,WE,Wayward,\,27.06.2024,v14.11,3,Red,0:33:48,Renekton,Win,18,1,4,12,2,8.8,404,20.60%,1.4,0.36,0.3,0.38,13.30%,327,18.50%,92.90%,1161,33089.9,1,0,1,1,0,10,1,3,0,4,1,1,1,0,0,0,5,4,0,55.4
Wei,JUNGLE,RNG,WE,Heng,\,27.06.2024,v14.11,3,Red,0:33:48,Viego,Win,16,5,3,7,211,6.7,394,20.10%,1.86,0.36,0.44,0.44,17.60%,324,18.40%,85.70%,1155,38287.5,1,1,1,1,0,10,1,3,0,4,1,1,1,0,0,0,5,4,0,55.4
Tangyuan,MID,RNG,WE,FoFo,\,27.06.2024,v14.11,3,Red,0:33:48,Ahri,Win,17,5,1,3,0,8.6,442,22.50%,2.69,1.04,0.21,0.53,25.50%,437,24.70%,57.10%,-741,11175.7,0,0,0.5,1,0,10,1,3,0,4,1,1,1,0,0,0,5,4,0,55.4
huanfeng,ADCARRY,RNG,WE,Able,\,27.06.2024,v14.11,3,Red,0:33:48,Varus,Win,17,3,1,8,22,10.3,483,24.60%,1.42,0.38,0.15,0.38,13.40%,578,32.70%,78.60%,339,12688.8,0,0,0.5,1,0,10,1,3,0,4,1,1,1,0,0,0,5,4,0,55.4
Ming,SUPPORT,RNG,WE,Mark,\,27.06.2024,v14.11,3,Red,0:33:48,Alistar,Win,13,0,0,11,0,0.7,240,12.20%,3.18,2.01,0.5,0.12,30.20%,99,5.60%,78.60%,-35,18980,0,0,0.5,1,0,10,1,3,0,4,1,1,1,0,0,0,5,4,0,55.4
Burdol,TOP,LGD,BLG,Bin,\,27.06.2024,v14.11,1,Blue,0:34:41,Skarner,Win,18,0,2,13,4,7.3,373,19.00%,1.13,0.4,0.26,0.12,13.40%,694,19.20%,68.40%,-103,36933.2,0,0,0.667,1,0,8,0,4,0,6,1,1,2,1,1,0,7,3,3,55.1
Meteor,JUNGLE,LGD,BLG,XUN,\,27.06.2024,v14.11,1,Blue,0:34:41,Brand,Win,17,7,2,9,216,7.5,419,21.30%,1.22,0.26,0.2,0.23,14.50%,1028,28.50%,84.20%,-80,26037.6,0,1,1,1,0,8,0,4,0,6,1,1,2,1,1,0,7,3,3,55.1
Haichao,MID,LGD,BLG,Knight,\,27.06.2024,v14.11,1,Blue,0:34:41,Corki,Win,18,6,0,9,19,9.3,460,23.40%,1.08,0.49,0.14,0.17,12.80%,848,23.50%,78.90%,-753,16152.9,0,0,0.833,1,0,8,0,4,0,6,1,1,2,1,1,0,7,3,3,55.1
Shaoye,ADCARRY,LGD,BLG,Elk,\,27.06.2024,v14.11,1,Blue,0:34:41,Zeri,Win,17,4,2,10,32,9,454,23.10%,2,1.07,0.14,0.49,23.70%,857,23.80%,73.70%,766,18679.4,0,0,0.667,1,0,8,0,4,0,6,1,1,2,1,1,0,7,3,3,55.1
jinjiao,SUPPORT,LGD,BLG,ON,\,27.06.2024,v14.11,1,Blue,0:34:41,Leona,Win,13,2,6,10,0,0.9,259,13.20%,3,1.5,0.49,0.23,35.50%,181,5.00%,63.20%,-1564,37089.9,0,0,0.833,1,0,8,0,4,0,6,1,1,2,1,1,0,7,3,3,55.1
Bin,TOP,BLG,LGD,Burdol,\,27.06.2024,v14.11,1,Red,0:34:41,KSante,Loss,17,1,1,5,1,8.8,385,21.80%,0.99,0.29,0.14,0.09,12.60%,340,11.40%,50.00%,103,37548.7,0,0,0.25,0,0,2,1,1,0,0,0,0,0,1,0,0,7,1,3,44.9
XUN,JUNGLE,BLG,LGD,Meteor,\,27.06.2024,v14.11,1,Red,0:34:41,Nidalee,Loss,15,2,5,4,201,6.7,329,18.60%,1.51,0.14,0.12,0.72,19.30%,613,20.60%,50.00%,80,43088.7,1,0,0.5,0,0,2,1,1,0,0,0,0,0,1,0,0,7,1,3,44.9
Knight,MID,BLG,LGD,Haichao,\,27.06.2024,v14.11,1,Red,0:34:41,Lucian,Loss,16,4,5,3,17,9.8,424,24.00%,1.13,0.37,0.06,0.35,14.50%,993,33.40%,58.30%,753,23520.3,1,0,0.5,0,0,2,1,1,0,0,0,0,0,1,0,0,7,1,3,44.9
Elk,ADCARRY,BLG,LGD,Shaoye,\,27.06.2024,v14.11,1,Red,0:34:41,Senna,Loss,14,3,2,9,2,1.8,301,17.10%,3.42,1.41,0.2,0.84,43.80%,616,20.70%,100.00%,-766,16659,1,0,1,0,0,2,1,1,0,0,0,0,0,1,0,0,7,1,3,44.9
ON,SUPPORT,BLG,LGD,jinjiao,\,27.06.2024,v14.11,1,Red,0:34:41,Nautilus,Loss,15,2,6,9,0,6.9,326,18.50%,0.76,0.29,0.26,0.17,9.80%,414,13.90%,91.70%,1564,34625.7,0,0,0.75,0,0,2,1,1,0,0,0,0,0,1,0,0,7,1,3,44.9
Bin,TOP,BLG,LGD,Burdol,\,27.06.2024,v14.11,2,Blue,0:28:24,Skarner,Win,17,4,2,5,0,8.8,472,21.30%,0.76,0.25,0.07,0.11,8.40%,1012,33.10%,47.40%,724,18335.9,0,0,0.2,1,2,11,1,4,0,6,1,1,2,1,1,0,1,1,0,62.2
XUN,JUNGLE,BLG,LGD,Meteor,\,27.06.2024,v14.11,2,Blue,0:28:24,Zyra,Win,16,2,2,8,218,8.5,403,18.20%,1.44,0.11,0.11,0.42,15.90%,536,17.60%,52.60%,374,20913.1,1,0,0.8,1,2,11,1,4,0,6,1,1,2,1,1,0,1,1,0,62.2
Knight,MID,BLG,LGD,Haichao,\,27.06.2024,v14.11,2,Blue,0:28:24,Yone,Win,16,3,2,5,18,9,433,19.60%,1.1,0.25,0.18,0.28,12.10%,428,14.00%,42.10%,129,19442.4,0,0,0.4,1,2,11,1,4,0,6,1,1,2,1,1,0,1,1,0,62.2
Elk,ADCARRY,BLG,LGD,Shaoye,\,27.06.2024,v14.11,2,Blue,0:28:24,Kalista,Win,16,8,0,6,8,9,558,25.20%,1.34,0.35,0.11,0.35,14.70%,852,27.90%,73.70%,2783,12875.4,1,1,0.8,1,2,11,1,4,0,6,1,1,2,1,1,0,1,1,0,62.2
ON,SUPPORT,BLG,LGD,jinjiao,\,27.06.2024,v14.11,2,Blue,0:28:24,Renata_Glasc,Win,13,2,2,13,1,1.2,349,15.70%,4.45,2.39,0.49,0.53,48.90%,226,7.40%,78.90%,1736,12627.4,1,0,0.8,1,2,11,1,4,0,6,1,1,2,1,1,0,1,1,0,62.2
Burdol,TOP,LGD,BLG,Bin,\,27.06.2024,v14.11,2,Red,0:28:24,KSante,Loss,15,1,3,3,0,7.4,324,20.40%,0.79,0.28,0.11,0.25,13.20%,438,21.90%,57.10%,-724,28656,0,0,0.333,0,0,1,0,0,0,0,0,0,0,1,0,0,1,0,0,37.8
Meteor,JUNGLE,LGD,BLG,XUN,\,27.06.2024,v14.11,2,Red,0:28:24,Lillia,Loss,14,4,4,1,145,7.1,353,22.20%,1.13,0.46,0.25,0.21,18.80%,591,29.60%,71.40%,-374,26246.9,0,0,0.667,0,0,1,0,0,0,0,0,0,0,1,0,0,1,0,0,37.8
Haichao,MID,LGD,BLG,Knight,\,27.06.2024,v14.11,2,Red,0:28:24,Jayce,Loss,15,2,3,2,4,9.6,406,25.60%,0.76,0.21,0.07,0.35,12.60%,743,37.10%,57.10%,-129,18245.8,0,0,0.333,0,0,1,0,0,0,0,0,0,0,1,0,0,1,0,0,37.8
Shaoye,ADCARRY,LGD,BLG,Elk,\,27.06.2024,v14.11,2,Red,0:28:24,Draven,Loss,13,0,4,2,0,6.9,299,18.80%,0.67,0.46,0.11,0.14,11.10%,128,6.40%,28.60%,-2783,13973.7,0,0,0,0,0,1,0,0,0,0,0,0,0,1,0,0,1,0,0,37.8
jinjiao,SUPPORT,LGD,BLG,ON,\,27.06.2024,v14.11,2,Red,0:28:24,Alistar,Loss,11,0,5,3,0,1.1,206,13.00%,2.67,1.55,0.53,0.32,44.40%,100,5.00%,42.90%,-1736,19268.1,0,0,0.333,0,0,1,0,0,0,0,0,0,0,1,0,0,1,0,0,37.8
Burdol,TOP,LGD,BLG,Bin,\,27.06.2024,v14.11,3,Blue,0:37:51,Poppy,Win,18,3,4,6,0,6.9,367,19.00%,1.28,0.48,0.4,0.26,12.90%,486,15.00%,69.20%,-533,33280.6,0,0,1,0,0,9,1,4,2,1,1,0,1,1,0,0,5,2,1,52
Meteor,JUNGLE,LGD,BLG,XUN,\,27.06.2024,v14.11,3,Blue,0:37:51,Kindred,Win,18,3,2,7,276,8.7,421,21.90%,2.03,0.69,0.11,0.4,20.40%,835,25.70%,76.90%,223,34931.3,0,0,1,0,0,9,1,4,2,1,1,0,1,1,0,0,5,2,1,52
Haichao,MID,LGD,BLG,Knight,\,27.06.2024,v14.11,3,Blue,0:37:51,LeBlanc,Win,18,2,2,7,1,9,474,24.60%,2.16,0.58,0.11,0.48,21.70%,950,29.30%,69.20%,-106,23140.7,0,1,0,0,0,9,1,4,2,1,1,0,1,1,0,0,5,2,1,52
Shaoye,ADCARRY,LGD,BLG,Elk,\,27.06.2024,v14.11,3,Blue,0:37:51,Ezreal,Win,17,3,2,6,14,8.5,405,21.00%,0.96,0.48,0.16,0.16,9.60%,820,25.20%,69.20%,-740,25317.1,0,0,0,0,0,9,1,4,2,1,1,0,1,1,0,0,5,2,1,52
jinjiao,SUPPORT,LGD,BLG,ON,\,27.06.2024,v14.11,3,Blue,0:37:51,Nautilus,Win,14,2,6,7,0,0.9,260,13.50%,3.52,1.88,0.63,0.32,35.40%,158,4.90%,69.20%,-376,30658.5,0,0,0,0,0,9,1,4,2,1,1,0,1,1,0,0,5,2,1,52
Bin,TOP,BLG,LGD,Burdol,\,27.06.2024,v14.11,3,Red,0:37:51,Renekton,Loss,18,1,4,7,4,7.6,336,18.10%,0.95,0.26,0.16,0.24,11.60%,321,10.40%,50.00%,533,44099.3,0,0,0.333,1,0,5,0,0,0,5,0,1,1,1,1,0,5,2,1,48
XUN,JUNGLE,BLG,LGD,Meteor,\,27.06.2024,v14.11,3,Red,0:37:51,Brand,Loss,17,2,4,8,227,7,353,19.10%,1.07,0.18,0.18,0.32,13.10%,885,28.60%,62.50%,-223,33652.6,1,0,0.667,1,0,5,0,0,0,5,0,1,1,1,1,0,5,2,1,48
Knight,MID,BLG,LGD,Haichao,\,27.06.2024,v14.11,3,Red,0:37:51,Corki,Loss,18,6,1,8,26,10.7,470,25.40%,1.12,0.24,0.18,0.34,13.80%,880,28.50%,87.50%,106,28432.1,0,0,0.333,1,0,5,0,0,0,5,0,1,1,1,1,0,5,2,1,48
Elk,ADCARRY,BLG,LGD,Shaoye,\,27.06.2024,v14.11,3,Red,0:37:51,Kaisa,Loss,18,6,1,6,12,9.2,445,24.10%,1.54,0.45,0.16,0.5,18.90%,856,27.70%,75.00%,740,19709.3,1,0,1,1,0,5,0,0,0,5,0,1,1,1,1,0,5,2,1,48
ON,SUPPORT,BLG,LGD,jinjiao,\,27.06.2024,v14.11,3,Red,0:37:51,Rell,Loss,14,1,3,11,0,1.2,246,13.30%,3.47,1.93,0.61,0.55,42.60%,148,4.80%,75.00%,376,29851.2,1,0,0.667,1,0,5,0,0,0,5,0,1,1,1,1,0,5,2,1,48
Xiaolaohu,TOP,FPX,TT,Hoya,\,28.06.2024,v14.11,1,Blue,0:34:50,KSante,Win,18,3,3,5,4,8.1,394,19.30%,1.09,0.43,0.2,0.11,13.30%,665,22.40%,47.10%,49,27440.4,0,0,0.333,1,1,11,0,1,0,4,1,1,2,2,1,0,3,2,0,52.3
milkyway,JUNGLE,FPX,TT,Beichuan,\,28.06.2024,v14.11,1,Blue,0:34:50,Taliyah,Win,18,4,2,9,233,7.8,435,21.30%,1.32,0.14,0.09,0.37,16.00%,372,12.50%,76.50%,608,15876.5,1,0,0.833,1,1,11,0,1,0,4,1,1,2,2,1,0,3,2,0,52.3
Care,MID,FPX,TT,Ucal,\,28.06.2024,v14.11,1,Blue,0:34:50,Corki,Win,17,2,2,7,4,8.4,469,22.90%,1.72,0.63,0.29,0.4,20.80%,667,22.50%,52.90%,878,16553.1,0,0,0.5,1,1,11,0,1,0,4,1,1,2,2,1,0,3,2,0,52.3
deokdam,ADCARRY,FPX,TT,1xn,\,28.06.2024,v14.11,1,Blue,0:34:50,Ezreal,Win,17,7,1,6,16,9.4,474,23.20%,1.08,0.37,0.09,0.32,13.10%,1199,40.40%,76.50%,801,27047.6,1,1,0.667,1,1,11,0,1,0,4,1,1,2,2,1,0,3,2,0,52.3
Life,SUPPORT,FPX,TT,Feather,\,28.06.2024,v14.11,1,Blue,0:34:50,Alistar,Win,14,1,3,11,0,0.8,271,13.30%,3.03,1.75,0.52,0.11,36.80%,65,2.20%,70.60%,337,28311.5,1,0,0.333,1,1,11,0,1,0,4,1,1,2,2,1,0,3,2,0,52.3
Hoya,TOP,TT,FPX,Xiaolaohu,\,28.06.2024,v14.11,1,Red,0:34:50,Renekton,Loss,17,4,5,2,0,8.6,375,21.40%,1.38,0.32,0.2,0.29,17.40%,461,17.90%,54.50%,-49,36924.2,0,0,0.667,0,0,3,1,4,0,2,0,0,0,2,1,0,3,1,0,47.7
Beichuan,JUNGLE,TT,FPX,milkyway,\,28.06.2024,v14.11,1,Red,0:34:50,Zyra,Loss,17,1,2,9,203,7.1,340,19.50%,1.35,0.26,0.2,0.37,17.10%,903,35.00%,90.90%,-608,18777.2,0,0,1,0,0,3,1,4,0,2,0,0,0,2,1,0,3,1,0,47.7
Ucal,MID,TT,FPX,Care,\,28.06.2024,v14.11,1,Red,0:34:50,Yone,Loss,17,3,3,5,10,8.5,380,21.70%,0.58,0.11,0.06,0.2,7.40%,342,13.30%,72.70%,-878,25325.5,0,0,1,0,0,3,1,4,0,2,0,0,0,2,1,0,3,1,0,47.7
1xn,ADCARRY,TT,FPX,deokdam,\,28.06.2024,v14.11,1,Red,0:34:50,Zeri,Loss,17,3,1,4,21,10.5,452,25.80%,1.33,0.34,0.11,0.49,16.90%,766,29.70%,63.60%,-801,23262.5,0,0,0,0,0,3,1,4,0,2,0,0,0,2,1,0,3,1,0,47.7
Feather,SUPPORT,TT,FPX,Life,\,28.06.2024,v14.11,1,Red,0:34:50,Leona,Loss,12,0,6,6,0,1.1,203,11.60%,3.26,1.87,0.75,0.32,41.30%,107,4.10%,54.50%,-337,20522.9,0,0,0.667,0,0,3,1,4,0,2,0,0,0,2,1,0,3,1,0,47.7
Hoya,TOP,TT,FPX,Xiaolaohu,\,28.06.2024,v14.11,2,Blue,0:35:30,Skarner,Loss,18,1,5,12,0,7,346,19.10%,0.89,0.39,0.31,0.11,9.90%,523,17.90%,76.50%,-1251,31016,0,0,0,0,0,4,1,4,1,0,1,0,0,1,0,0,6,2,1,50.8
Beichuan,JUNGLE,TT,FPX,milkyway,\,28.06.2024,v14.11,2,Blue,0:35:30,Brand,Loss,17,8,6,6,227,7.1,420,23.20%,1.56,0.2,0.11,0.42,17.40%,935,32.00%,82.40%,-1682,35616,0,0,1,0,0,4,1,4,1,0,1,0,0,1,0,0,6,2,1,50.8
Ucal,MID,TT,FPX,Care,\,28.06.2024,v14.11,2,Blue,0:35:30,Corki,Loss,17,0,2,12,20,8.1,351,19.40%,1.02,0.34,0.06,0.34,11.50%,448,15.30%,70.60%,-1028,22594,0,0,1,0,0,4,1,4,1,0,1,0,0,1,0,0,6,2,1,50.8
1xn,ADCARRY,TT,FPX,deokdam,\,28.06.2024,v14.11,2,Blue,0:35:30,Varus,Loss,17,7,4,7,4,9.7,466,25.80%,1.85,0.48,0.23,0.68,20.70%,877,30.00%,82.40%,-297,16807,0,0,1,0,0,4,1,4,1,0,1,0,0,1,0,0,6,2,1,50.8
Feather,SUPPORT,TT,FPX,Life,\,28.06.2024,v14.11,2,Blue,0:35:30,Alistar,Loss,13,1,8,9,0,1,226,12.50%,3.61,2.14,0.87,0.28,40.40%,139,4.80%,58.80%,-1190,26131,0,0,0,0,0,4,1,4,1,0,1,0,0,1,0,0,6,2,1,50.8
Xiaolaohu,TOP,FPX,TT,Hoya,\,28.06.2024,v14.11,2,Red,0:35:30,Renekton,Win,18,1,7,16,0,7.9,387,18.90%,1.09,0.31,0.23,0.2,12.50%,429,15.00%,68.00%,1251,43090,1,0,0.556,1,2,9,0,0,0,6,0,1,1,1,1,0,6,3,1,49.2
milkyway,JUNGLE,FPX,TT,Beichuan,\,28.06.2024,v14.11,2,Red,0:35:30,Lillia,Win,17,10,2,8,223,7.5,452,22.10%,1.29,0.23,0.23,0.25,14.70%,944,33.00%,72.00%,1682,33462,1,1,0.778,1,2,9,0,0,0,6,0,1,1,1,1,0,6,3,1,49.2
Care,MID,FPX,TT,Ucal,\,28.06.2024,v14.11,2,Red,0:35:30,Lucian,Win,18,5,1,8,16,8.5,488,23.80%,1.6,0.62,0.28,0.54,18.20%,654,22.90%,52.00%,1028,16416,0,0,0.333,1,2,9,0,0,0,6,0,1,1,1,1,0,6,3,1,49.2
deokdam,ADCARRY,FPX,TT,1xn,\,28.06.2024,v14.11,2,Red,0:35:30,Kaisa,Win,17,8,3,9,4,8.8,460,22.50%,0.87,0.31,0,0.34,10.00%,657,23.00%,68.00%,297,18459,1,0,0.556,1,2,9,0,0,0,6,0,1,1,1,1,0,6,3,1,49.2
Life,SUPPORT,FPX,TT,Feather,\,28.06.2024,v14.11,2,Red,0:35:30,Leona,Win,13,1,4,14,0,1.3,258,12.60%,3.91,1.97,0.56,0.51,44.60%,173,6.10%,60.00%,1190,28782,1,0,0.889,1,2,9,0,0,0,6,0,1,1,1,1,0,6,3,1,49.2
sheer,TOP,JDG,EDG,Solokill,\,28.06.2024,v14.11,1,Blue,0:35:23,KSante,Win,18,3,3,9,0,8.3,402,19.80%,0.83,0.23,0.11,0.2,8.80%,419,13.90%,70.60%,-219,32494.5,0,0,0,1,1,11,1,3,0,3,0,1,1,0,0,0,3,2,1,56.6
Kanavi,JUNGLE,JDG,EDG,Jiejie,\,28.06.2024,v14.11,1,Blue,0:35:23,Nidalee,Win,17,4,1,7,237,7.7,409,20.10%,1.92,0.14,0.11,0.79,20.50%,673,22.30%,64.70%,49,40186.8,1,0,0.5,1,1,11,1,3,0,3,0,1,1,0,0,0,3,2,1,56.6
Yagao,MID,JDG,EDG,Cryin,\,28.06.2024,v14.11,1,Blue,0:35:23,Tristana,Win,18,9,2,6,28,9.5,523,25.70%,1.43,0.31,0.03,0.54,15.30%,1211,40.10%,88.20%,1078,24159.1,0,1,0.5,1,1,11,1,3,0,3,0,1,1,0,0,0,3,2,1,56.6
Ruler,ADCARRY,JDG,EDG,Leave,\,28.06.2024,v14.11,1,Blue,0:35:23,Ashe,Win,18,1,2,11,14,10.3,454,22.30%,1.68,0.45,0.14,0.25,18.00%,543,18.00%,70.60%,950,17786.9,1,0,1,1,1,11,1,3,0,3,0,1,1,0,0,0,3,2,1,56.6
Missing,SUPPORT,JDG,EDG,Wink,\,28.06.2024,v14.11,1,Blue,0:35:23,Braum,Win,13,0,0,15,4,1,247,12.10%,3.51,2.01,0.57,0.42,37.40%,176,5.80%,88.20%,-28,28947.2,1,0,1,1,1,11,1,3,0,3,0,1,1,0,0,0,3,2,1,56.6
Solokill,TOP,EDG,JDG,sheer,\,28.06.2024,v14.11,1,Red,0:35:23,Jax,Loss,17,2,4,1,8,8.2,351,20.90%,1.13,0.45,0.23,0.17,12.70%,336,11.30%,37.50%,219,31624.4,0,0,1,0,1,3,0,1,0,3,1,0,0,0,0,0,3,0,1,43.4
Jiejie,JUNGLE,EDG,JDG,Kanavi,\,28.06.2024,v14.11,1,Red,0:35:23,Zyra,Loss,16,0,3,6,193,6.7,317,18.80%,1.76,0.25,0.25,0.51,19.70%,828,27.90%,75.00%,-49,20375.1,0,0,1,0,1,3,0,1,0,3,1,0,0,0,0,0,3,0,1,43.4
Cryin,MID,EDG,JDG,Yagao,\,28.06.2024,v14.11,1,Red,0:35:23,Corki,Loss,17,4,3,1,6,8.4,392,23.30%,0.95,0.45,0.14,0.2,10.60%,867,29.20%,62.50%,-1078,24946.1,0,0,0,0,1,3,0,1,0,3,1,0,0,0,0,0,3,0,1,43.4
Leave,ADCARRY,EDG,JDG,Ruler,\,28.06.2024,v14.11,1,Red,0:35:23,Ezreal,Loss,17,2,3,1,10,9.6,386,23.00%,0.67,0.28,0.06,0.08,7.60%,758,25.50%,37.50%,-950,21477.4,0,0,0,0,1,3,0,1,0,3,1,0,0,0,0,0,3,0,1,43.4
Wink,SUPPORT,EDG,JDG,Missing,\,28.06.2024,v14.11,1,Red,0:35:23,Rakan,Loss,12,0,4,6,0,1.4,235,14.00%,4.39,2.63,0.59,0.48,49.40%,178,6.00%,75.00%,28,28660.8,0,0,0,0,1,3,0,1,0,3,1,0,0,0,0,0,3,0,1,43.4
Solokill,TOP,EDG,JDG,sheer,\,28.06.2024,v14.11,2,Blue,0:34:29,KSante,Loss,17,2,5,5,0,7.3,330,18.50%,0.74,0.26,0.12,0.12,8.70%,309,17.20%,58.30%,116,35821.4,0,0,0.25,0,1,3,0,1,0,3,1,1,1,2,1,0,5,1,0,40
Jiejie,JUNGLE,EDG,JDG,Kanavi,\,28.06.2024,v14.11,2,Blue,0:34:29,Wukong,Loss,16,1,5,7,177,6.3,346,19.40%,1.64,0.2,0.17,0.55,19.40%,280,15.60%,66.70%,265,30125,1,0,0.5,0,1,3,0,1,0,3,1,1,1,2,1,0,5,1,0,40
Cryin,MID,EDG,JDG,Yagao,\,28.06.2024,v14.11,2,Blue,0:34:29,Azir,Loss,17,1,4,5,8,9.5,408,22.90%,1.42,0.46,0.17,0.49,16.80%,476,26.50%,50.00%,436,21384.9,1,0,0.5,0,1,3,0,1,0,3,1,1,1,2,1,0,5,1,0,40
Leave,ADCARRY,EDG,JDG,Ruler,\,28.06.2024,v14.11,2,Blue,0:34:29,Kaisa,Loss,17,8,3,2,8,9.8,474,26.60%,1.22,0.38,0.12,0.49,14.40%,628,34.90%,83.30%,-909,15678.8,0,0,0.5,0,1,3,0,1,0,3,1,1,1,2,1,0,5,1,0,40
Wink,SUPPORT,EDG,JDG,Missing,\,28.06.2024,v14.11,2,Blue,0:34:29,Alistar,Loss,13,0,4,7,0,1,222,12.50%,3.43,2.09,0.67,0.41,40.60%,106,5.90%,58.30%,20,22797.1,1,0,0.75,0,1,3,0,1,0,3,1,1,1,2,1,0,5,1,0,40
sheer,TOP,JDG,EDG,Solokill,\,28.06.2024,v14.11,2,Red,0:34:29,Skarner,Win,18,2,1,15,2,8.1,394,19.30%,1.43,0.26,0.09,0.32,14.00%,560,18.80%,81.00%,-116,20596.9,0,0,0,1,1,10,1,4,0,3,0,0,1,2,1,0,5,4,0,60
Kanavi,JUNGLE,JDG,EDG,Jiejie,\,28.06.2024,v14.11,2,Red,0:34:29,Lillia,Win,18,7,4,11,245,8.1,448,22.00%,1.26,0.32,0.26,0.17,12.30%,659,22.10%,85.70%,-265,38008.2,0,0,0.5,1,1,10,1,4,0,3,0,0,1,2,1,0,5,4,0,60
Yagao,MID,JDG,EDG,Cryin,\,28.06.2024,v14.11,2,Red,0:34:29,Jayce,Win,17,2,4,11,22,8,426,20.90%,1.24,0.29,0.2,0.35,12.10%,609,20.50%,61.90%,-436,17516.9,0,0,0.5,1,1,10,1,4,0,3,0,0,1,2,1,0,5,4,0,60
Ruler,ADCARRY,JDG,EDG,Leave,\,28.06.2024,v14.11,2,Red,0:34:29,Ezreal,Win,18,9,0,8,20,10,518,25.50%,1.09,0.32,0.09,0.26,10.60%,981,33.00%,81.00%,909,11108.8,0,1,0.5,1,1,10,1,4,0,3,0,0,1,2,1,0,5,4,0,60
Missing,SUPPORT,JDG,EDG,Wink,\,28.06.2024,v14.11,2,Red,0:34:29,Leona,Win,14,1,3,10,0,1.2,249,12.20%,5.22,2.99,0.67,0.55,51.00%,165,5.60%,52.40%,-20,16261.5,0,0,0.5,1,1,10,1,4,0,3,0,0,1,2,1,0,5,4,0,60
Qingtian,TOP,UP,NIP,shanji,\,29.06.2024,v14.11,1,Blue,0:36:25,Skarner,Loss,18,2,4,3,1,8.3,374,22.00%,0.78,0.22,0.11,0.19,8.40%,377,25.10%,62.50%,-2464,31013.6,0,0,0.333,0,0,2,1,2,0,2,0,0,0,0,0,0,1,0,0,37.7
H4cker,JUNGLE,UP,NIP,AKi,\,29.06.2024,v14.11,1,Blue,0:36:25,Zyra,Loss,16,2,1,5,193,7.4,350,20.60%,1.93,0.25,0.22,0.8,20.70%,444,29.60%,87.50%,554,19972,0,0,1,0,0,2,1,2,0,2,0,0,0,0,0,0,1,0,0,37.7
Yuekai,MID,UP,NIP,RooKie,\,29.06.2024,v14.11,1,Blue,0:36:25,Corki,Loss,18,2,2,2,14,9.3,389,22.80%,0.92,0.44,0.14,0.19,9.80%,361,24.10%,50.00%,-648,20713.2,0,0,0.333,0,0,2,1,2,0,2,0,0,0,0,0,0,1,0,0,37.7
Doggo,ADCARRY,UP,NIP,Photic,\,29.06.2024,v14.11,1,Blue,0:36:25,Ashe,Loss,16,2,2,3,4,9.4,378,22.20%,1.77,0.52,0.3,0.49,19.00%,281,18.70%,62.50%,-329,16575.3,0,0,0.333,0,0,2,1,2,0,2,0,0,0,0,0,0,1,0,0,37.7
Niket,SUPPORT,UP,NIP,Zhuo,\,29.06.2024,v14.11,1,Blue,0:36:25,Rell,Loss,12,0,2,6,0,1.3,212,12.50%,3.93,2.22,0.58,0.52,42.10%,39,2.60%,75.00%,83,20501.8,0,0,0.667,0,0,2,1,2,0,2,0,0,0,0,0,0,1,0,0,37.7
shanji,TOP,NIP,UP,Qingtian,\,29.06.2024,v14.11,1,Red,0:36:25,Twisted_Fate,Win,18,4,1,4,15,10.2,515,24.80%,1.42,0.44,0.11,0.19,14.30%,505,20.60%,72.70%,2464,18321.1,0,0,0.667,1,1,10,0,4,0,4,1,1,1,0,0,0,1,1,0,62.3
AKi,JUNGLE,NIP,UP,H4cker,\,29.06.2024,v14.11,1,Red,0:36:25,Taliyah,Win,18,1,1,5,287,8.5,379,18.30%,1.27,0.19,0.19,0.22,12.80%,366,14.90%,54.50%,-554,17416.9,0,0,0.667,1,1,10,0,4,0,4,1,1,1,0,0,0,1,1,0,62.3
RooKie,MID,NIP,UP,Yuekai,\,29.06.2024,v14.11,1,Red,0:36:25,Tristana,Win,18,2,2,2,44,11.4,483,23.30%,1.42,0.55,0.22,0.44,14.30%,682,27.90%,36.40%,648,23254.8,1,1,0.333,1,1,10,0,4,0,4,1,1,1,0,0,0,1,1,0,62.3
Photic,ADCARRY,NIP,UP,Doggo,\,29.06.2024,v14.11,1,Red,0:36:25,Ezreal,Win,18,3,0,3,5,10.6,460,22.20%,1.21,0.41,0.05,0.27,12.20%,823,33.60%,54.50%,329,11137.5,0,0,0,1,1,10,0,4,0,4,1,1,1,0,0,0,1,1,0,62.3
Zhuo,SUPPORT,NIP,UP,Niket,\,29.06.2024,v14.11,1,Red,0:36:25,Leona,Win,12,1,4,2,0,1.5,238,11.50%,4.59,2.2,0.58,0.8,46.30%,73,3.00%,27.30%,-83,18009.2,0,0,0,1,1,10,0,4,0,4,1,1,1,0,0,0,1,1,0,62.3
shanji,TOP,NIP,UP,Qingtian,\,29.06.2024,v14.11,2,Blue,0:22:34,Skarner,Win,14,3,0,5,0,7.5,382,18.90%,0.67,0.44,0.09,0.04,8.20%,782,20.70%,72.70%,1206,15786.6,0,0,0,1,2,10,0,1,0,6,1,0,0,1,1,0,1,1,0,55.6
AKi,JUNGLE,NIP,UP,H4cker,\,29.06.2024,v14.11,2,Blue,0:22:34,Zyra,Win,13,0,0,6,152,8.1,374,18.50%,1.4,0.22,0.09,0.4,17.30%,459,12.10%,54.50%,95,10659.8,0,0,0,1,2,10,0,1,0,6,1,0,0,1,1,0,1,1,0,55.6
RooKie,MID,NIP,UP,Yuekai,\,29.06.2024,v14.11,2,Blue,0:22:34,Corki,Win,14,2,1,7,4,10,453,22.40%,1.38,0.4,0.13,0.31,17.00%,1223,32.40%,81.80%,1886,17595.8,1,1,1,1,2,10,0,1,0,6,1,0,0,1,1,0,1,1,0,55.6
Photic,ADCARRY,NIP,UP,Doggo,\,29.06.2024,v14.11,2,Blue,0:22:34,Ashe,Win,12,6,0,2,4,9.5,525,25.90%,1.38,0.4,0.09,0.27,17.00%,1114,29.50%,72.70%,1603,10341.9,1,0,0.5,1,2,10,0,1,0,6,1,0,0,1,1,0,1,1,0,55.6
Zhuo,SUPPORT,NIP,UP,Niket,\,29.06.2024,v14.11,2,Blue,0:22:34,Braum,Win,10,0,1,11,0,1.2,290,14.30%,3.28,1.37,0.44,0.53,40.50%,196,5.20%,100.00%,430,15258.5,1,0,1,1,2,10,0,1,0,6,1,0,0,1,1,0,1,1,0,55.6
Qingtian,TOP,UP,NIP,shanji,\,29.06.2024,v14.11,2,Red,0:22:34,KSante,Loss,12,0,3,2,0,6.3,269,18.40%,0.43,0.22,0.04,0.04,6.80%,227,11.40%,100.00%,-1206,23020.6,0,0,\,0,0,0,1,1,0,0,0,0,0,1,0,0,1,0,0,44.4
H4cker,JUNGLE,UP,NIP,AKi,\,29.06.2024,v14.11,2,Red,0:22:34,Karthus,Loss,12,2,2,0,128,8.2,370,25.30%,0.72,0.27,0.13,0.22,11.40%,538,27.00%,100.00%,-95,21571.9,0,0,\,0,0,0,1,1,0,0,0,0,0,1,0,0,1,0,0,44.4
Yuekai,MID,UP,NIP,RooKie,\,29.06.2024,v14.11,2,Red,0:22:34,Yone,Loss,13,0,1,0,0,7.6,301,20.70%,0.9,0.4,0.09,0.22,14.50%,463,23.20%,0.00%,-1886,19644.9,0,0,\,0,0,0,1,1,0,0,0,0,0,1,0,0,1,0,0,44.4
Doggo,ADCARRY,UP,NIP,Photic,\,29.06.2024,v14.11,2,Red,0:22:34,Ezreal,Loss,11,0,1,2,0,7.6,306,21.00%,0.45,0.27,0,0.04,7.20%,639,32.10%,100.00%,-1603,18875.1,0,0,\,0,0,0,1,1,0,0,0,0,0,1,0,0,1,0,0,44.4
Niket,SUPPORT,UP,NIP,Zhuo,\,29.06.2024,v14.11,2,Red,0:22:34,Rakan,Loss,9,0,4,2,0,1.6,213,14.60%,3.75,2.22,0.31,0.58,60.00%,125,6.30%,100.00%,-430,18485.8,0,0,\,0,0,0,1,1,0,0,0,0,0,1,0,0,1,0,0,44.4
YSKM,TOP,IG,WBG,Breathe,\,29.06.2024,v14.11,1,Blue,0:26:05,Skarner,Loss,13,1,3,3,2,6.5,316,18.90%,1.01,0.35,0.12,0.15,13.30%,322,15.80%,66.70%,-122,22145.5,0,0,0.5,0,0,3,1,1,0,6,1,0,0,3,1,2,3,0,0,47.2
glfs,JUNGLE,IG,WBG,Tarzan,\,29.06.2024,v14.11,1,Blue,0:26:05,Brand,Loss,13,3,5,1,168,7,353,21.10%,1.23,0.35,0.27,0.23,16.10%,560,27.50%,66.70%,498,24207.2,0,0,0.75,0,0,3,1,1,0,6,1,0,0,3,1,2,3,0,0,47.2
neny,MID,IG,WBG,xiaohu,\,29.06.2024,v14.11,1,Blue,0:26:05,Corki,Loss,15,1,1,3,4,10.2,431,25.80%,1.39,0.42,0.15,0.42,18.30%,561,27.60%,66.70%,-1054,12943.4,0,0,0.5,0,0,3,1,1,0,6,1,0,0,3,1,2,3,0,0,47.2
Ahn,ADCARRY,IG,WBG,Light,\,29.06.2024,v14.11,1,Blue,0:26:05,Jhin,Loss,13,1,2,3,2,8.4,342,20.50%,0.74,0.42,0.08,0.15,9.70%,449,22.10%,66.70%,-2031,12399.1,0,0,0.5,0,0,3,1,1,0,6,1,0,0,3,1,2,3,0,0,47.2
Vampire,SUPPORT,IG,WBG,Crisp,\,29.06.2024,v14.11,1,Blue,0:26:05,Nautilus,Loss,9,0,5,5,0,1,229,13.70%,3.24,1.76,0.65,0.54,42.60%,142,7.00%,83.30%,-597,14191.5,0,0,0.75,0,0,3,1,1,0,6,1,0,0,3,1,2,3,0,0,47.2
Breathe,TOP,WBG,IG,YSKM,\,29.06.2024,v14.11,1,Red,0:26:05,Mordekaiser,Win,15,2,1,4,12,8.3,407,19.10%,1.09,0.54,0.23,0.04,12.30%,375,15.30%,37.50%,122,19639.5,0,0,0,1,1,10,0,3,0,0,0,1,1,3,0,2,3,3,0,52.8
Tarzan,JUNGLE,WBG,IG,glfs,\,29.06.2024,v14.11,1,Red,0:26:05,Sejuani,Win,14,1,1,13,148,6.3,363,17.00%,1.81,0.54,0.5,0.46,20.40%,327,13.30%,87.50%,-498,30173.6,1,1,1,1,1,10,0,3,0,0,0,1,1,3,0,2,3,3,0,52.8
xiaohu,MID,WBG,IG,neny,\,29.06.2024,v14.11,1,Red,0:26:05,Tristana,Win,16,8,1,5,36,10.4,544,25.50%,0.9,0.27,0.08,0.23,10.20%,703,28.60%,81.30%,1054,13781.9,1,0,0.6,1,1,10,0,3,0,0,0,1,1,3,0,2,3,3,0,52.8
Light,ADCARRY,WBG,IG,Ahn,\,29.06.2024,v14.11,1,Red,0:26:05,Ziggs,Win,15,4,0,12,1,9.9,526,24.70%,0.95,0.42,0.15,0.08,10.70%,889,36.20%,100.00%,2031,5330.25,1,0,1,1,1,10,0,3,0,0,0,1,1,3,0,2,3,3,0,52.8
Crisp,SUPPORT,WBG,IG,Vampire,\,29.06.2024,v14.11,1,Red,0:26:05,Leona,Win,11,1,3,10,0,1.4,295,13.80%,4.11,1.76,0.65,0.81,46.40%,161,6.50%,68.80%,597,13827.4,0,0,0.8,1,1,10,0,3,0,0,0,1,1,3,0,2,3,3,0,52.8
Breathe,TOP,WBG,IG,YSKM,\,29.06.2024,v14.11,2,Blue,0:27:43,Renekton,Win,16,5,2,7,4,9.1,523,24.20%,0.75,0.25,0.14,0.14,8.20%,644,21.20%,57.10%,2337,26530.4,0,0,0.25,1,2,10,1,2,0,3,0,1,1,0,0,0,5,3,1,59.2
Tarzan,JUNGLE,WBG,IG,glfs,\,29.06.2024,v14.11,2,Blue,0:27:43,Brand,Win,15,8,3,10,193,7.8,469,21.70%,3.2,1.12,0.18,0.72,35.10%,803,26.40%,85.70%,2097,28544.9,1,1,1,1,2,10,1,2,0,3,0,1,1,0,0,0,5,3,1,59.2
xiaohu,MID,WBG,IG,neny,\,29.06.2024,v14.11,2,Blue,0:27:43,Corki,Win,16,4,1,11,12,9.3,469,21.70%,1.34,0.36,0.22,0.29,14.70%,939,30.90%,71.40%,398,24216.2,0,0,0.25,1,2,10,1,2,0,3,0,1,1,0,0,0,5,3,1,59.2
Light,ADCARRY,WBG,IG,Ahn,\,29.06.2024,v14.11,2,Blue,0:27:43,Ezreal,Win,16,3,1,6,4,9.9,428,19.80%,0.74,0.36,0.04,0.25,8.10%,529,17.40%,42.90%,-1087,12731.4,0,0,0,1,2,10,1,2,0,3,0,1,1,0,0,0,5,3,1,59.2
Crisp,SUPPORT,WBG,IG,Vampire,\,29.06.2024,v14.11,2,Blue,0:27:43,Rell,Win,12,1,2,17,0,0.7,275,12.70%,3.09,1.84,0.65,0.25,33.90%,127,4.20%,85.70%,-233,20971.9,1,0,0.75,1,2,10,1,2,0,3,0,1,1,0,0,0,5,3,1,59.2
YSKM,TOP,IG,WBG,Breathe,\,29.06.2024,v14.11,2,Red,0:27:43,KSante,Loss,14,1,4,3,0,7.4,315,18.80%,0.54,0.22,0,0.07,7.00%,303,11.40%,44.40%,-2337,21993.3,0,0,0,0,0,0,0,2,0,1,1,0,0,0,0,0,5,1,1,40.8
glfs,JUNGLE,IG,WBG,Tarzan,\,29.06.2024,v14.11,2,Red,0:27:43,Graves,Loss,13,1,6,4,147,6.1,309,18.40%,1.37,0.29,0.25,0.32,17.90%,361,13.60%,55.60%,-2097,24238.5,0,0,0.25,0,0,0,0,2,0,1,1,0,0,0,0,0,5,1,1,40.8
neny,MID,IG,WBG,xiaohu,\,29.06.2024,v14.11,2,Red,0:27:43,LeBlanc,Loss,15,2,3,2,0,8.6,374,22.30%,1,0.61,0.25,0.32,13.00%,627,23.60%,44.40%,-398,22064.8,0,0,0.25,0,0,0,0,2,0,1,1,0,0,0,0,0,5,1,1,40.8
Ahn,ADCARRY,IG,WBG,Light,\,29.06.2024,v14.11,2,Red,0:27:43,Ziggs,Loss,15,3,3,6,0,8.7,445,26.50%,0.99,0.43,0.11,0.29,12.80%,1200,45.10%,100.00%,1087,14722.2,0,0,1,0,0,0,0,2,0,1,1,0,0,0,0,0,5,1,1,40.8
Vampire,SUPPORT,IG,WBG,Crisp,\,29.06.2024,v14.11,2,Red,0:27:43,Alistar,Loss,11,2,5,5,0,1.3,234,14.00%,3.78,2.27,0.87,0.72,49.30%,169,6.40%,77.80%,233,18042.5,0,0,0.75,0,0,0,0,2,0,1,1,0,0,0,0,0,5,1,1,40.8
Solokill,TOP,EDG,RNG,Juice,Nirvana,05.07.2024,v14.13,1,Blue,0:46:16,Gnar,Win,18,0,3,4,25,8.6,413,20.90%,1.64,0.56,0.26,0.37,15.90%,268,11.90%,33.30%,-770,44263.4,0,0,0.25,1,2,9,1,4,1,5,0,1,3,2,1,0,1,0,0,48
Jiejie,JUNGLE,EDG,RNG,Geju,Nirvana,05.07.2024,v14.13,1,Blue,0:46:16,Zyra,Win,18,1,2,8,243,7.1,353,17.90%,1.94,0.28,0.24,0.73,18.80%,707,31.50%,75.00%,-60,17630.7,0,1,1,1,2,9,1,4,1,5,0,1,3,2,1,0,1,0,0,48
Cryin,MID,EDG,RNG,Tangyuan,Nirvana,05.07.2024,v14.13,1,Blue,0:46:16,Tristana,Win,18,4,5,1,27,9.2,456,23.10%,1.39,0.41,0.11,0.5,13.50%,423,18.90%,41.70%,382,34860.2,0,0,0.5,1,2,9,1,4,1,5,0,1,3,2,1,0,1,0,0,48
Leave,ADCARRY,EDG,RNG,huanfeng,Nirvana,05.07.2024,v14.13,1,Blue,0:46:16,Miss_Fortune,Win,18,3,3,6,25,10.1,478,24.20%,1.33,0.39,0.13,0.43,12.90%,706,31.50%,75.00%,1003,15676,0,0,0.75,1,2,9,1,4,1,5,0,1,3,2,1,0,1,0,0,48
Wink,SUPPORT,EDG,RNG,Iwandy,Nirvana,05.07.2024,v14.13,1,Blue,0:46:16,Alistar,Win,16,4,3,6,0,1.1,272,13.80%,4.01,2.23,0.65,0.52,38.90%,138,6.20%,83.30%,734,30721.3,0,0,0.75,1,2,9,1,4,1,5,0,1,3,2,1,0,1,0,0,48
Juice,TOP,RNG,EDG,Solokill,Nirvana,05.07.2024,v14.13,1,Red,0:46:16,Twisted_Fate,Loss,18,6,2,7,20,8.4,474,24.30%,1.38,0.48,0.13,0.17,13.60%,461,18.60%,81.30%,770,28803.3,1,0,0.8,0,0,7,0,2,1,1,1,0,1,2,1,0,1,1,0,52
Geju,JUNGLE,RNG,EDG,Jiejie,Nirvana,05.07.2024,v14.13,1,Red,0:46:16,Brand,Loss,18,3,3,6,237,6.5,364,18.70%,2.19,0.97,0.17,0.37,21.70%,563,22.70%,56.30%,60,29800.8,1,0,1,0,0,7,0,2,1,1,1,0,1,2,1,0,1,1,0,52
Tangyuan,MID,RNG,EDG,Cryin,Nirvana,05.07.2024,v14.13,1,Red,0:46:16,Corki,Loss,18,5,1,8,41,9.9,467,24.00%,1.47,0.52,0.13,0.43,14.60%,802,32.30%,81.30%,-382,24880.5,1,0,0.8,0,0,7,0,2,1,1,1,0,1,2,1,0,1,1,0,52
huanfeng,ADCARRY,RNG,EDG,Leave,Nirvana,05.07.2024,v14.13,1,Red,0:46:16,Kaisa,Loss,18,2,2,6,48,9.3,423,21.70%,1.09,0.43,0.09,0.35,10.80%,540,21.70%,50.00%,-1003,22115.5,0,0,0.2,0,0,7,0,2,1,1,1,0,1,2,1,0,1,1,0,52
Iwandy,SUPPORT,RNG,EDG,Wink,Nirvana,05.07.2024,v14.13,1,Red,0:46:16,Rell,Loss,15,0,4,9,1,0.8,221,11.30%,3.96,2.44,0.61,0.37,39.30%,117,4.70%,56.30%,-734,38990.2,0,0,0.4,0,0,7,0,2,1,1,1,0,1,2,1,0,1,1,0,52
Solokill,TOP,EDG,RNG,Juice,Nirvana,05.07.2024,v14.13,2,Blue,0:41:23,Gnar,Loss,18,2,4,10,16,8.7,408,20.60%,1.63,0.56,0.19,0.22,13.90%,494,14.60%,85.70%,-235,41060.7,0,0,0,0,1,8,1,2,0,0,1,0,2,1,0,0,4,1,1,54.4
Jiejie,JUNGLE,EDG,RNG,Geju,Nirvana,05.07.2024,v14.13,2,Blue,0:41:23,Karthus,Loss,18,3,4,7,264,7.7,372,18.80%,2.11,0.75,0.19,0.53,18.00%,887,26.20%,71.40%,-1229,44265,0,0,0,0,1,8,1,2,0,0,1,0,2,1,0,0,4,1,1,54.4
Cryin,MID,EDG,RNG,Tangyuan,Nirvana,05.07.2024,v14.13,2,Blue,0:41:23,Corki,Loss,18,6,5,5,33,9.8,460,23.30%,1.35,0.36,0.07,0.48,11.50%,1016,30.00%,78.60%,663,31403.2,0,0,0,0,1,8,1,2,0,0,1,0,2,1,0,0,4,1,1,54.4
Leave,ADCARRY,EDG,RNG,huanfeng,Nirvana,05.07.2024,v14.13,2,Blue,0:41:23,Miss_Fortune,Loss,18,2,3,9,16,10,464,23.50%,1.42,0.34,0.07,0.63,12.10%,803,23.70%,78.60%,884,18509,1,0,1,0,1,8,1,2,0,0,1,0,2,1,0,0,4,1,1,54.4
Wink,SUPPORT,EDG,RNG,Iwandy,Nirvana,05.07.2024,v14.13,2,Blue,0:41:23,Rakan,Loss,15,1,2,9,0,1.2,274,13.80%,5.22,3.46,0.77,0.7,44.50%,187,5.50%,71.40%,484,28898.9,1,0,1,0,1,8,1,2,0,0,1,0,2,1,0,0,4,1,1,54.4
Juice,TOP,RNG,EDG,Solokill,Nirvana,05.07.2024,v14.13,2,Red,0:41:23,KSante,Win,18,5,4,5,0,7,382,19.50%,1.02,0.46,0.39,0.19,10.50%,493,17.00%,55.60%,235,45139.2,0,1,/,1,3,8,0,4,1,6,0,1,1,1,1,0,4,2,1,45.6
Geju,JUNGLE,RNG,EDG,Jiejie,Nirvana,05.07.2024,v14.13,2,Red,0:41:23,Brand,Win,18,2,2,8,232,7.1,379,19.30%,1.97,0.99,0.19,0.7,20.20%,781,26.90%,55.60%,1229,38163.2,0,0,/,1,3,8,0,4,1,6,0,1,1,1,1,0,4,2,1,45.6
Tangyuan,MID,RNG,EDG,Cryin,Nirvana,05.07.2024,v14.13,2,Red,0:41:23,Tristana,Win,18,6,3,5,22,10.9,517,26.30%,1.85,0.48,0.12,1.06,18.90%,897,30.90%,61.10%,-663,29968.3,0,0,/,1,3,8,0,4,1,6,0,1,1,1,1,0,4,2,1,45.6
huanfeng,ADCARRY,RNG,EDG,Leave,Nirvana,05.07.2024,v14.13,2,Red,0:41:23,Jhin,Win,18,4,0,8,22,9.7,431,21.90%,1.48,0.46,0.14,0.53,15.10%,537,18.50%,66.70%,-884,21233.7,0,0,/,1,3,8,0,4,1,6,0,1,1,1,1,0,4,2,1,45.6
Iwandy,SUPPORT,RNG,EDG,Wink,Nirvana,05.07.2024,v14.13,2,Red,0:41:23,Alistar,Win,17,1,5,15,0,0.9,255,13.00%,3.45,2.13,0.56,0.41,35.30%,195,6.70%,88.90%,-484,42588.3,0,0,/,1,3,8,0,4,1,6,0,1,1,1,1,0,4,2,1,45.6
Solokill,TOP,EDG,RNG,Juice,Nirvana,05.07.2024,v14.13,3,Blue,0:41:58,KSante,Win,18,7,1,6,0,7.3,438,21.30%,0.86,0.33,0.26,0.12,9.20%,514,16.60%,68.40%,225,51135.2,1,1,0.6,1,1,11,1,4,1,5,1,1,3,0,0,0,4,3,1,53.1
Jiejie,JUNGLE,EDG,RNG,Geju,Nirvana,05.07.2024,v14.13,3,Blue,0:41:58,Karthus,Win,18,3,3,11,251,7.7,397,19.30%,1.42,0.33,0.26,0.43,15.20%,828,26.80%,73.70%,-258,43365.6,1,0,0.8,1,1,11,1,4,1,5,1,1,3,0,0,0,4,3,1,53.1
Cryin,MID,EDG,RNG,Tangyuan,Nirvana,05.07.2024,v14.13,3,Blue,0:41:58,Tristana,Win,18,6,2,7,37,10.5,499,24.20%,1.79,0.41,0.12,0.52,19.10%,878,28.40%,68.40%,-734,35829,1,0,0.6,1,1,11,1,4,1,5,1,1,3,0,0,0,4,3,1,53.1
Leave,ADCARRY,EDG,RNG,huanfeng,Nirvana,05.07.2024,v14.13,3,Blue,0:41:58,Varus,Win,18,2,3,9,25,9.6,446,21.60%,1.76,0.26,0.07,0.76,18.70%,667,21.60%,57.90%,384,23759.6,0,0,0.6,1,1,11,1,4,1,5,1,1,3,0,0,0,4,3,1,53.1
Wink,SUPPORT,EDG,RNG,Iwandy,Nirvana,05.07.2024,v14.13,3,Blue,0:41:58,Rell,Win,16,1,2,15,0,0.9,279,13.60%,3.56,1.91,0.62,0.5,37.90%,205,6.60%,84.20%,659,32347.7,1,0,1,1,1,11,1,4,1,5,1,1,3,0,0,0,4,3,1,53.1
Juice,TOP,RNG,EDG,Solokill,Nirvana,05.07.2024,v14.13,3,Red,0:41:58,Jax,Loss,18,2,5,6,12,8.1,373,20.10%,1.3,0.62,0.36,0.14,13.00%,487,14.40%,72.70%,-225,53221.8,0,0,0.75,0,1,6,0,1,0,1,0,0,0,0,0,0,4,0,1,46.9
Geju,JUNGLE,RNG,EDG,Jiejie,Nirvana,05.07.2024,v14.13,3,Red,0:41:58,Lillia,Loss,18,3,5,5,225,6.7,357,19.20%,1.23,0.24,0.21,0.21,12.30%,675,19.90%,72.70%,258,51068.9,0,0,0.75,0,1,6,0,1,0,1,0,0,0,0,0,0,4,0,1,46.9
Tangyuan,MID,RNG,EDG,Cryin,Nirvana,05.07.2024,v14.13,3,Red,0:41:58,Corki,Loss,18,2,4,1,35,11.1,459,24.70%,1.2,0.38,0.12,0.36,11.90%,929,27.40%,27.30%,734,28680.9,0,0,0.25,0,1,6,0,1,0,1,0,0,0,0,0,0,4,0,1,46.9
huanfeng,ADCARRY,RNG,EDG,Leave,Nirvana,05.07.2024,v14.13,3,Red,0:41:58,Ziggs,Loss,18,4,0,3,5,10.6,452,24.40%,1.04,0.33,0.1,0.24,10.40%,1215,35.90%,63.60%,-384,13266.4,0,0,0.25,0,1,6,0,1,0,1,0,0,0,0,0,0,4,0,1,46.9
Iwandy,SUPPORT,RNG,EDG,Wink,Nirvana,05.07.2024,v14.13,3,Red,0:41:58,Rakan,Loss,15,0,5,6,0,0.8,215,11.60%,5.26,3.1,0.6,0.52,52.40%,79,2.30%,54.50%,-659,33071.4,0,0,0.5,0,1,6,0,1,0,1,0,0,0,0,0,0,4,0,1,46.9
Ale,TOP,AL,FPX,Xiaolaohu ,Ascend,05.07.2024,v14.13,1,Blue,0:32:09,KSante,Win,18,1,1,5,1,8.4,416,20.60%,1.03,0.5,0.25,0.16,9.60%,259,9.40%,50.00%,-1310,27578.3,0,0,1,0,0,10,0,2,0,4,0,1,2,0,0,0,2,1,0,52.2
Croco,JUNGLE,AL,FPX,milkyway,Ascend,05.07.2024,v14.13,1,Blue,0:32:09,Karthus,Win,17,1,2,6,236,7.7,373,18.50%,1.31,0.31,0.16,0.28,12.20%,547,19.80%,58.30%,-247,30860.5,0,0,1,0,0,10,0,2,0,4,0,1,2,0,0,0,2,1,0,52.2
Shanks,MID,AL,FPX,Care,Ascend,05.07.2024,v14.13,1,Blue,0:32:09,Tristana,Win,18,7,0,1,13,9.8,516,25.60%,1.75,0.4,0.09,0.4,16.30%,853,30.90%,66.70%,440,17596.2,0,1,0,0,0,10,0,2,0,4,0,1,2,0,0,0,2,1,0,52.2
Hope,ADCARRY,AL,FPX,deokdam,Ascend,05.07.2024,v14.13,1,Blue,0:32:09,Ziggs,Win,17,2,2,6,2,9.6,448,22.20%,1.26,0.62,0.31,0.22,11.80%,978,35.40%,66.70%,-74,12577.2,0,0,0,0,0,10,0,2,0,4,0,1,2,0,0,0,2,1,0,52.2
Kael,SUPPORT,AL,FPX,Life,Ascend,05.07.2024,v14.13,1,Blue,0:32:09,Leona,Win,13,1,4,6,0,1.2,267,13.20%,5.37,3.2,0.68,0.65,50.10%,122,4.40%,58.30%,-874,20424.6,0,0,0,0,0,10,0,2,0,4,0,1,2,0,0,0,2,1,0,52.2
Xiaolaohu ,TOP,FPX,AL,Ale,Ascend,05.07.2024,v14.13,1,Red,0:32:09,Gnar,Loss,17,2,2,0,12,9.2,424,23.70%,0.86,0.25,0.12,0.19,9.80%,595,26.60%,22.20%,1310,27556.8,0,0,0,1,1,4,1,2,0,2,1,0,0,0,0,0,2,1,0,47.8
milkyway,JUNGLE,FPX,AL,Croco,Ascend,05.07.2024,v14.13,1,Red,0:32:09,Brand,Loss,16,4,2,2,211,7.9,373,20.90%,1.99,0.22,0.19,0.75,22.60%,596,26.60%,66.70%,247,27388.9,0,0,0.33,1,1,4,1,2,0,2,1,0,0,0,0,0,2,1,0,47.8
Care,MID,FPX,AL,Shanks,Ascend,05.07.2024,v14.13,1,Red,0:32:09,Corki,Loss,17,0,3,5,4,9.8,396,22.10%,1.56,0.5,0.12,0.47,17.80%,444,19.80%,55.60%,-440,21577.7,0,0,0.33,1,1,4,1,2,0,2,1,0,0,0,0,0,2,1,0,47.8
deokdam,ADCARRY,FPX,AL,Hope,Ascend,05.07.2024,v14.13,1,Red,0:32:09,Ezreal,Loss,15,1,3,4,4,9,358,20.00%,0.73,0.25,0,0.4,8.30%,514,22.90%,55.60%,74,24016.1,1,0,0.66,1,1,4,1,2,0,2,1,0,0,0,0,0,2,1,0,47.8
Life,SUPPORT,FPX,AL,Kael,Ascend,05.07.2024,v14.13,1,Red,0:32:09,Rell,Loss,11,2,2,6,0,1.2,238,13.30%,3.65,2.12,0.47,0.5,41.50%,90,4.00%,88.90%,874,14345.9,1,0,1,1,1,4,1,2,0,2,1,0,0,0,0,0,2,1,0,47.8
Xiaolaohu ,TOP,FPX,AL,Ale,Ascend,05.07.2024,v14.13,2,Blue,0:32:03,KSante,Loss,15,2,5,3,1,6.7,332,17.80%,0.85,0.34,0.22,0.12,8.00%,473,17.80%,27.80%,-208,30966.8,0,0,0.273,1,1,4,1,3,0,3,1,0,0,6,2,1,4,1,0,48.9
milkyway,JUNGLE,FPX,AL,Croco,Ascend,05.07.2024,v14.13,2,Blue,0:32:03,Lillia,Loss,15,4,3,5,196,7.3,387,20.80%,1.43,0.31,0.31,0.37,13.40%,540,20.30%,50.00%,589,31499.5,0,0,0.364,1,1,4,1,3,0,3,1,0,0,6,2,1,4,1,0,48.9
Care,MID,FPX,AL,Shanks,Ascend,05.07.2024,v14.13,2,Blue,0:32:03,Corki,Loss,16,4,5,6,16,9.3,443,23.80%,1.55,0.62,0.31,0.25,14.40%,863,32.50%,55.60%,1041,23209.2,0,0,0.455,1,1,4,1,3,0,3,1,0,0,6,2,1,4,1,0,48.9
deokdam,ADCARRY,FPX,AL,Hope,Ascend,05.07.2024,v14.13,2,Blue,0:32:03,Ashe,Loss,15,3,4,8,2,8.5,407,21.90%,1.28,0.37,0.06,0.37,12.00%,489,18.40%,61.10%,1703,15240.2,0,0,0.545,1,1,4,1,3,0,3,1,0,0,6,2,1,4,1,0,48.9
Life,SUPPORT,FPX,AL,Kael,Ascend,05.07.2024,v14.13,2,Blue,0:32:03,Pyke,Loss,10,5,9,7,0,1.3,292,15.70%,5.59,3.28,0.47,0.87,52.20%,290,10.90%,66.70%,489,18972.6,0,0,0.636,1,1,4,1,3,0,3,1,0,0,6,2,1,4,1,0,48.9
Ale,TOP,AL,FPX,Xiaolaohu ,Ascend,05.07.2024,v14.13,2,Red,0:32:03,Camille,Win,18,12,2,4,30,8.8,516,24.40%,0.98,0.22,0.09,0.44,10.70%,870,29.90%,61.50%,208,39810.8,0,1,0.5,0,0,9,0,2,0,3,0,1,1,6,3,1,4,3,0,51.1
Croco,JUNGLE,AL,FPX,milkyway,Ascend,05.07.2024,v14.13,2,Red,0:32:03,Zyra,Win,15,2,5,12,169,6.3,368,17.40%,1.51,0.34,0.28,0.66,16.50%,762,26.20%,53.80%,-589,17615.6,0,0,0.5,0,0,9,0,2,0,3,0,1,1,6,3,1,4,3,0,51.1
Shanks,MID,AL,FPX,Care,Ascend,05.07.2024,v14.13,2,Red,0:32:03,Tristana,Win,17,6,4,4,21,9.4,494,23.40%,1.58,0.41,0.12,0.69,17.30%,581,20.00%,38.50%,-1041,18917.4,1,0,0.5,0,0,9,0,2,0,3,0,1,1,6,3,1,4,3,0,51.1
Hope,ADCARRY,AL,FPX,deokdam,Ascend,05.07.2024,v14.13,2,Red,0:32:03,Miss_Fortune,Win,17,4,1,8,5,8.7,447,21.20%,1.28,0.5,0.16,0.28,14.00%,518,17.80%,46.20%,-1703,13708.2,0,0,0.125,0,0,9,0,2,0,3,0,1,1,6,3,1,4,3,0,51.1
Kael,SUPPORT,AL,FPX,Life,Ascend,05.07.2024,v14.13,2,Red,0:32:03,Rell,Win,12,2,6,14,0,1.2,286,13.50%,3.79,2.31,0.72,0.5,41.50%,177,6.10%,61.50%,-489,26019.9,0,0,0.5,0,0,9,0,2,0,3,0,1,1,6,3,1,4,3,0,51.1
Hoya,TOP,TT,RA,Xiaoxu,Nirvana,06.07.2024,v14.13,1,Blue,0:33:22,KSante,Loss,15,1,2,2,1,7.5,337,19.80%,0.9,0.36,0.24,0.09,12.10%,206,10.00%,42.90%,526,22817.4,0,0,0.5,1,2,3,1,2,0,5,0,0,0,1,0,0,6,1,1,46.3
Beichuan,JUNGLE,TT,RA,Xiaohao,Nirvana,06.07.2024,v14.13,1,Blue,0:33:22,Lillia,Loss,15,3,5,3,218,7.2,345,20.20%,1.09,0.21,0.15,0.27,14.70%,479,23.10%,85.70%,454,39957.5,0,0,0.833,1,2,3,1,2,0,5,0,0,0,1,0,0,6,1,1,46.3
Ucal,MID,TT,RA,Vicla,Nirvana,06.07.2024,v14.13,1,Blue,0:33:22,Corki,Loss,16,1,5,5,7,9.9,397,23.30%,1.18,0.36,0.03,0.45,15.90%,610,29.50%,85.70%,-799,20577,0,0,0.833,1,2,3,1,2,0,5,0,0,0,1,0,0,6,1,1,46.3
1xn,ADCARRY,TT,RA,Assum,Nirvana,06.07.2024,v14.13,1,Blue,0:33:22,Ezreal,Loss,16,1,2,4,13,9.9,402,23.60%,1.22,0.3,0.03,0.36,16.40%,650,31.40%,71.40%,266,15810.3,0,0,0.667,1,2,3,1,2,0,5,0,0,0,1,0,0,6,1,1,46.3
Feather,SUPPORT,TT,RA,Jwei,Nirvana,06.07.2024,v14.13,1,Blue,0:33:22,Braum,Loss,12,1,4,6,0,0.7,223,13.10%,3.05,1.62,0.69,0.3,41.00%,126,6.10%,100.00%,643,20293.4,0,0,1,1,2,3,1,2,0,5,0,0,0,1,0,0,6,1,1,46.3
Xiaoxu,TOP,RA,TT,Hoya,Nirvana,06.07.2024,v14.13,1,Red,0:33:22,Camille,Win,18,2,1,6,24,9.5,451,21.40%,0.98,0.27,0.15,0.24,10.20%,313,12.30%,44.40%,-526,19319.7,1,0,0.5,0,0,10,0,2,0,1,1,1,1,1,1,0,6,4,1,53.7
Xiaohao,JUNGLE,RA,TT,Beichuan,Nirvana,06.07.2024,v14.13,1,Red,0:33:22,Diana,Win,17,6,1,9,228,7.6,431,20.50%,1.97,0.3,0.24,0.42,20.60%,528,20.80%,83.30%,-454,21965.9,1,1,1,0,0,10,0,2,0,1,1,1,1,1,1,0,6,4,1,53.7
Vicla,MID,RA,TT,Ucal,Nirvana,06.07.2024,v14.13,1,Red,0:33:22,Tristana,Win,18,9,2,8,24,10.9,548,26.00%,2.2,0.48,0.18,0.51,23.00%,989,39.00%,94.40%,799,21126,1,0,1,0,0,10,0,2,0,1,1,1,1,1,1,0,6,4,1,53.7
Assum,ADCARRY,RA,TT,1xn,Nirvana,06.07.2024,v14.13,1,Red,0:33:22,Ashe,Win,16,1,0,12,1,9.8,437,20.80%,1.27,0.3,0.12,0.27,13.20%,507,20.00%,72.20%,-266,13097.4,0,0,0.667,0,0,10,0,2,0,1,1,1,1,1,1,0,6,4,1,53.7
Jwei,SUPPORT,RA,TT,Feather,Nirvana,06.07.2024,v14.13,1,Red,0:33:22,Nautilus,Win,13,0,3,13,0,0.7,238,11.30%,3.16,1.83,0.57,0.18,33.00%,199,7.80%,72.20%,-643,20131.9,1,0,1,0,0,10,0,2,0,1,1,1,1,1,1,0,6,4,1,53.7
Xiaoxu,TOP,RA,TT,Hoya,Nirvana,06.07.2024,v14.13,2,Blue,0:41:37,Jax,Win,18,4,2,10,20,9.9,490,25.00%,1.17,0.43,0.1,0.19,12.50%,586,20.20%,58.30%,749,34735.9,1,1,0.75,0,1,9,1,4,0,1,1,1,1,1,0,0,5,4,1,50.2
Xiaohao,JUNGLE,RA,TT,Beichuan,Nirvana,06.07.2024,v14.13,2,Blue,0:41:37,Viego,Win,18,6,5,9,249,6.5,364,18.60%,1.26,0.24,0.22,0.29,13.40%,412,14.20%,62.50%,-572,43306.2,1,0,0.75,0,1,9,1,4,0,1,1,1,1,1,0,0,5,4,1,50.2
Vicla,MID,RA,TT,Ucal,Nirvana,06.07.2024,v14.13,2,Blue,0:41:37,LeBlanc,Win,18,5,3,15,0,7.4,398,20.30%,2.43,0.89,0.19,0.77,25.80%,836,28.70%,83.30%,-706,25728.5,1,0,0.75,0,1,9,1,4,0,1,1,1,1,1,0,0,5,4,1,50.2
Assum,ADCARRY,RA,TT,1xn,Nirvana,06.07.2024,v14.13,2,Blue,0:41:37,Jhin,Win,18,9,1,9,21,9.9,477,24.30%,1.01,0.29,0.02,0.29,10.70%,884,30.40%,75.00%,100,19012.4,1,0,0.75,0,1,9,1,4,0,1,1,1,1,1,0,0,5,4,1,50.2
Jwei,SUPPORT,RA,TT,Feather,Nirvana,06.07.2024,v14.13,2,Blue,0:41:37,Nautilus,Win,15,0,5,13,0,1.2,231,11.80%,3.52,2.31,0.82,0.41,37.50%,190,6.50%,54.20%,-86,25805.3,0,0,0.5,0,1,9,1,4,0,1,1,1,1,1,0,0,5,4,1,50.2
Hoya,TOP,TT,RA,Xiaoxu,Nirvana,06.07.2024,v14.13,2,Red,0:41:37,Poppy,Loss,18,1,6,9,0,6.8,338,18.40%,1.03,0.46,0.34,0.14,10.90%,488,17.30%,62.50%,-749,38323.9,0,0,0.667,1,1,5,0,2,0,5,0,1,1,1,1,0,5,1,1,49.8
Beichuan,JUNGLE,TT,RA,Xiaohao,Nirvana,06.07.2024,v14.13,2,Red,0:41:37,Nidalee,Loss,18,6,4,8,267,7.2,424,23.10%,1.65,0.22,0.17,0.55,17.60%,784,27.70%,87.50%,572,49094.7,0,0,0.833,1,1,5,0,2,0,5,0,1,1,1,1,0,5,1,1,49.8
Ucal,MID,TT,RA,Vicla,Nirvana,06.07.2024,v14.13,2,Red,0:41:37,Zeri,Loss,18,6,4,8,21,9.7,457,24.80%,1.47,0.22,0.02,0.82,15.70%,679,24.00%,87.50%,706,24797.9,0,0,0.833,1,1,5,0,2,0,5,0,1,1,1,1,0,5,1,1,49.8
1xn,ADCARRY,TT,RA,Assum,Nirvana,06.07.2024,v14.13,2,Red,0:41:37,Ziggs,Loss,18,3,4,8,0,9.3,396,21.50%,1.1,0.38,0.1,0.26,11.70%,750,26.50%,68.80%,-100,17202.2,0,0,0.833,1,1,5,0,2,0,5,0,1,1,1,1,0,5,1,1,49.8
Feather,SUPPORT,TT,RA,Jwei,Nirvana,06.07.2024,v14.13,2,Red,0:41:37,Leona,Loss,14,0,6,7,0,1.2,223,12.20%,4.13,2.76,0.74,0.43,44.00%,126,4.50%,43.80%,86,29428.4,0,0,0.333,1,1,5,0,2,0,5,0,1,1,1,1,0,5,1,1,49.8
sheer,TOP,JDG,WBG,Breathe,Ascend,06.07.2024,v14.13,1,Blue,0:43:33,Skarner,Loss,17,1,8,8,0,5,289,15.70%,1.29,0.3,0.21,0.28,12.80%,333,10.10%,75.00%,-261,42031,0,0,0.667,0,1,7,0,1,1,6,0,0,1,1,0,0,6,2,0,49.7
Kanavi,JUNGLE,JDG,WBG,Tarzan,Ascend,06.07.2024,v14.13,1,Blue,0:43:33,Zyra,Loss,18,1,5,10,231,6.3,345,18.70%,2.42,1.08,0.21,0.62,24.00%,866,26.20%,91.70%,-261,26578.4,0,0,0.667,0,1,7,0,1,1,6,0,0,1,1,0,0,6,2,0,49.7
Yagao,MID,JDG,WBG,xiaohu,Ascend,06.07.2024,v14.13,1,Blue,0:43:33,Tristana,Loss,18,5,1,5,32,10.6,522,28.30%,1.71,0.39,0.16,0.62,16.90%,1064,32.20%,83.30%,910,18547.3,0,0,0.333,0,1,7,0,1,1,6,0,0,1,1,0,0,6,2,0,49.7
Ruler,ADCARRY,JDG,WBG,Light,Ascend,06.07.2024,v14.13,1,Blue,0:43:33,Ezreal,Loss,18,3,4,4,25,9.7,430,23.30%,0.95,0.39,0.11,0.44,9.40%,776,23.50%,58.30%,-1863,23487.7,0,0,0.667,0,1,7,0,1,1,6,0,0,1,1,0,0,6,2,0,49.7
Missing,SUPPORT,JDG,WBG,Crisp,Ascend,06.07.2024,v14.13,1,Blue,0:43:33,Karma,Loss,16,2,4,9,2,1.1,258,14.00%,3.72,2.41,0.67,0.51,36.80%,261,7.90%,91.70%,-10,20602.6,0,0,0.667,0,1,7,0,1,1,6,0,0,1,1,0,0,6,2,0,49.7
Breathe,TOP,WBG,JDG,sheer,Ascend,06.07.2024,v14.13,1,Red,0:43:33,Mordekaiser,Win,18,2,5,5,13,7,358,18.50%,0.97,0.32,0.18,0.18,9.20%,543,22.80%,31.80%,261,43274.6,0,0,0,1,2,10,1,4,1,0,1,1,2,1,1,0,6,4,0,50.3
Tarzan,JUNGLE,WBG,JDG,Kanavi,Ascend,06.07.2024,v14.13,1,Red,0:43:33,Sejuani,Win,18,3,2,16,185,5,335,17.30%,1.75,0.67,0.57,0.46,16.50%,363,15.20%,86.40%,261,62707.9,1,1,1,1,2,10,1,4,1,0,1,1,2,1,1,0,6,4,0,50.3
xiaohu,MID,WBG,JDG,Yagao,Ascend,06.07.2024,v14.13,1,Red,0:43:33,Corki,Win,18,8,1,8,58,10.2,488,25.30%,1.79,0.37,0.09,0.51,17.00%,789,33.10%,72.70%,-910,26396.2,0,0,0.6,1,2,10,1,4,1,0,1,1,2,1,1,0,6,4,0,50.3
Light,ADCARRY,WBG,JDG,Ruler,Ascend,06.07.2024,v14.13,1,Red,0:43:33,Kalista,Win,18,7,1,10,38,8.7,483,25.00%,1.15,0.32,0.05,0.41,10.80%,522,21.90%,77.30%,1863,22381.3,1,0,0.6,1,2,10,1,4,1,0,1,1,2,1,1,0,6,4,0,50.3
Crisp,SUPPORT,WBG,JDG,Missing,Ascend,06.07.2024,v14.13,1,Red,0:43:33,Renata_Glasc,Win,16,2,3,17,0,1.1,268,13.90%,4.91,3.12,0.69,0.62,46.50%,168,7.10%,86.40%,10,24145.5,1,0,0.8,1,2,10,1,4,1,0,1,1,2,1,1,0,6,4,0,50.3
Breathe,TOP,WBG,JDG,sheer,Ascend,06.07.2024,v14.13,2,Blue,0:33:25,Renekton,Win,18,8,0,6,11,8.8,470,22.80%,0.91,0.42,0.27,0.24,9.50%,791,25.10%,73.70%,1109,46907.3,0,1,0.6,0,1,11,0,1,0,4,0,1,2,1,0,0,5,4,1,56.1
Tarzan,JUNGLE,WBG,JDG,Kanavi,Ascend,06.07.2024,v14.13,2,Blue,0:33:25,Brand,Win,17,2,2,11,210,7.3,395,19.20%,2.62,1.02,0.18,0.48,27.30%,879,27.90%,68.40%,499,33143.4,0,0,0.4,0,1,11,0,1,0,4,0,1,2,1,0,0,5,4,1,56.1
xiaohu,MID,WBG,JDG,Yagao,Ascend,06.07.2024,v14.13,2,Blue,0:33:25,Tristana,Win,18,5,0,7,43,10.4,502,24.40%,1.43,0.42,0.09,0.51,14.90%,796,25.30%,63.20%,-48,22869,0,0,0.4,0,1,11,0,1,0,4,0,1,2,1,0,0,5,4,1,56.1
Light,ADCARRY,WBG,JDG,Ruler,Ascend,06.07.2024,v14.13,2,Blue,0:33:25,Senna,Win,14,2,2,11,0,1.6,334,16.30%,3.45,1.41,0.27,0.72,35.90%,420,13.30%,68.40%,-1916,11837.2,0,0,0.8,0,1,11,0,1,0,4,0,1,2,1,0,0,5,4,1,56.1
Crisp,SUPPORT,WBG,JDG,Missing,Ascend,06.07.2024,v14.13,2,Blue,0:33:25,Ornn,Win,16,2,2,10,4,6.4,356,17.30%,1.2,0.75,0.42,0.33,12.50%,267,8.50%,63.20%,1051,32910.9,0,0,0.6,0,1,11,0,1,0,4,0,1,2,1,0,0,5,4,1,56.1
sheer,TOP,JDG,WBG,Breathe,Ascend,06.07.2024,v14.13,2,Red,0:33:25,Jax,Loss,16,1,3,0,8,7.6,322,19.90%,0.86,0.42,0.09,0.24,9.90%,474,15.00%,16.70%,-1109,32128.2,0,0,0,1,1,2,1,3,0,2,1,0,0,1,1,0,5,0,1,43.9
Kanavi,JUNGLE,JDG,WBG,Tarzan,Ascend,06.07.2024,v14.13,2,Red,0:33:25,Karthus,Loss,14,0,6,2,180,6.1,290,17.90%,1.43,0.54,0.21,0.33,16.40%,764,24.10%,33.30%,-499,34371.6,1,0,0.4,1,1,2,1,3,0,2,1,0,0,1,1,0,5,0,1,43.9
Yagao,MID,JDG,WBG,xiaohu,Ascend,06.07.2024,v14.13,2,Red,0:33:25,Corki,Loss,16,0,3,1,16,9.1,372,23.00%,0.9,0.27,0.06,0.33,10.40%,532,16.80%,16.70%,48,20624.3,0,0,0,1,1,2,1,3,0,2,1,0,0,1,1,0,5,0,1,43.9
Ruler,ADCARRY,JDG,WBG,Light,Ascend,06.07.2024,v14.13,2,Red,0:33:25,Ezreal,Loss,16,3,2,2,6,9.3,403,24.90%,1.18,0.39,0.12,0.36,13.50%,1159,36.50%,83.30%,1916,21193.6,1,0,1,1,1,2,1,3,0,2,1,0,0,1,1,0,5,0,1,43.9
Missing,SUPPORT,JDG,WBG,Crisp,Ascend,06.07.2024,v14.13,2,Red,0:33:25,Leona,Loss,11,2,5,3,0,1.2,233,14.40%,4.36,2.9,0.69,0.51,49.90%,242,7.60%,83.30%,-1051,26444.8,1,0,1,1,1,2,1,3,0,2,1,0,0,1,1,0,5,0,1,43.9
Qingtian,TOP,UP,iG,YSKM,Nirvana,07.07.2024,v14.13,1,Blue,0:31:35,Gnar,Loss,16,3,5,2,8,7.9,379,21.00%,1.19,0.41,0.13,0.16,13.50%,410,17.40%,41.70%,503,26903,0,0,0,1,1,4,0,1,0,6,0,0,0,1,0,0,5,3,1,44.2
H4cker,JUNGLE,UP,iG,glfs,Nirvana,07.07.2024,v14.13,1,Blue,0:31:35,Sejuani,Loss,14,3,3,8,154,5.7,326,18.10%,1.79,0.44,0.41,0.32,20.20%,299,12.70%,91.70%,-619,34639.8,1,0,0.75,1,1,4,0,1,0,6,0,0,0,1,0,0,5,3,1,44.2
Yuekai,MID,UP,iG,neny,Nirvana,07.07.2024,v14.13,1,Blue,0:31:35,Corki,Loss,17,3,2,3,24,10.3,445,24.70%,1.09,0.38,0.09,0.28,12.30%,866,36.80%,50.00%,99,20924.5,1,0,0.25,1,1,4,0,1,0,6,0,0,0,1,0,0,5,3,1,44.2
Doggo,ADCARRY,UP,iG,Ahn,Nirvana,07.07.2024,v14.13,1,Blue,0:31:35,Ezreal,Loss,15,3,4,7,12,9.2,420,23.30%,1.36,0.35,0.22,0.51,15.30%,616,26.20%,83.30%,706,19532.8,0,0,0.75,1,1,4,0,1,0,6,0,0,0,1,0,0,5,3,1,44.2
Niket,SUPPORT,UP,iG,Vampire,Nirvana,07.07.2024,v14.13,1,Blue,0:31:35,Braum,Loss,12,0,4,10,0,1.3,233,12.90%,3.42,1.8,0.51,0.44,38.60%,164,7.00%,83.30%,377,25327.5,0,0,0.75,1,1,4,0,1,0,6,0,0,0,1,0,0,5,3,1,44.2
YSKM,TOP,iG,UP,Qingtian,Nirvana,07.07.2024,v14.13,1,Red,0:31:35,Camille,Win,17,5,2,7,8,9.2,441,21.90%,0.66,0.25,0.09,0.13,7.80%,432,13.70%,66.70%,-503,25704.3,0,0,0.333,0,0,7,1,4,0,0,1,1,1,1,1,0,5,2,1,55.8
glfs,JUNGLE,iG,UP,H4cker,Nirvana,07.07.2024,v14.13,1,Red,0:31:35,Brand,Win,17,7,0,10,208,7,428,21.30%,1.35,0.44,0.38,0.16,15.70%,1264,40.00%,94.40%,619,21325.1,0,1,0.667,0,0,7,1,4,0,0,1,1,1,1,1,0,5,2,1,55.8
neny,MID,iG,UP,Yuekai,Nirvana,07.07.2024,v14.13,1,Red,0:31:35,Tristana,Win,17,4,3,6,21,9.9,461,22.90%,1.28,0.41,0.13,0.41,14.90%,690,21.80%,55.60%,-99,21246.6,0,0,0,0,0,7,1,4,0,0,1,1,1,1,1,0,5,2,1,55.8
Ahn,ADCARRY,iG,UP,Doggo,Nirvana,07.07.2024,v14.13,1,Red,0:31:35,Kaisa,Win,16,2,2,10,13,8.9,417,20.80%,1.28,0.38,0.06,0.44,14.90%,603,19.10%,66.70%,-706,16660.8,0,0,0.333,0,0,7,1,4,0,0,1,1,1,1,1,0,5,2,1,55.8
Vampire,SUPPORT,iG,UP,Niket,Nirvana,07.07.2024,v14.13,1,Red,0:31:35,Rell,Win,13,0,5,16,0,1.2,262,13.10%,3.99,1.99,0.66,0.63,46.60%,173,5.50%,88.90%,-377,22922.8,0,0,1,0,0,7,1,4,0,0,1,1,1,1,1,0,5,2,1,55.8
YSKM,TOP,iG,UP,Qingtian,Nirvana,07.07.2024,v14.13,2,Blue,0:39:02,Renekton,Win,18,3,3,9,4,7.6,404,19.60%,1.07,0.36,0.23,0.2,10.00%,617,21.80%,60.00%,1298,52255.9,0,0,0.5,1,1,10,0,3,0,6,1,1,3,1,1,0,7,4,1,54.3
glfs,JUNGLE,iG,UP,H4cker,Nirvana,07.07.2024,v14.13,2,Blue,0:39:02,Lillia,Win,18,3,0,9,278,8.9,445,21.60%,1.74,0.31,0.23,0.44,16.40%,500,17.70%,60.00%,434,44075.8,0,0,0.5,1,1,10,0,3,0,6,1,1,3,1,1,0,7,4,1,54.3
neny,MID,iG,UP,Yuekai,Nirvana,07.07.2024,v14.13,2,Blue,0:39:02,Kennen,Win,18,5,2,9,8,8.2,426,20.70%,2.13,0.77,0.18,0.41,20.00%,744,26.40%,70.00%,-719,22346.8,1,0,0.5,1,1,10,0,3,0,6,1,1,3,1,1,0,7,4,1,54.3
Ahn,ADCARRY,iG,UP,Doggo,Nirvana,07.07.2024,v14.13,2,Blue,0:39:02,Kaisa,Win,18,9,2,5,19,9.6,513,24.90%,1.44,0.46,0.13,0.41,13.60%,872,30.90%,70.00%,174,25956.2,0,1,0,1,1,10,0,3,0,6,1,1,3,1,1,0,7,4,1,54.3
Vampire,SUPPORT,iG,UP,Niket,Nirvana,07.07.2024,v14.13,2,Blue,0:39:02,Rell,Win,14,0,4,12,0,1,270,13.10%,4.25,2.2,0.69,0.54,40.00%,90,3.20%,60.00%,492,27856.3,1,0,0.5,1,1,10,0,3,0,6,1,1,3,1,1,0,7,4,1,54.3
Qingtian,TOP,UP,iG,YSKM,Nirvana,07.07.2024,v14.13,2,Red,0:39:02,Nasus,Loss,17,2,5,5,4,6.9,324,18.40%,1.12,0.44,0.13,0.2,11.90%,526,18.60%,63.60%,-1298,41743,0,0,/,0,1,2,1,3,0,0,0,0,0,1,0,0,7,2,1,45.7
H4cker,JUNGLE,UP,iG,glfs,Nirvana,07.07.2024,v14.13,2,Red,0:39:02,Brand,Loss,17,3,6,5,219,6.5,338,19.20%,1.63,0.28,0.23,0.46,17.30%,553,19.50%,72.70%,-434,34455,0,0,/,0,1,2,1,3,0,0,0,0,0,1,0,0,7,2,1,45.7
Yuekai,MID,UP,iG,neny,Nirvana,07.07.2024,v14.13,2,Red,0:39:02,Lucian,Loss,18,5,1,4,21,11.1,483,27.50%,1.37,0.44,0.13,0.54,14.50%,918,32.40%,81.80%,719,19296.9,0,0,/,0,1,2,1,3,0,0,0,0,0,1,0,0,7,2,1,45.7
Doggo,ADCARRY,UP,iG,Ahn,Nirvana,07.07.2024,v14.13,2,Red,0:39:02,Ezreal,Loss,18,1,2,7,16,9.5,394,22.40%,0.91,0.41,0.2,0.28,9.60%,746,26.30%,72.70%,-174,18739.1,0,0,/,0,1,2,1,3,0,0,0,0,0,1,0,0,7,2,1,45.7
Niket,SUPPORT,UP,iG,Vampire,Nirvana,07.07.2024,v14.13,2,Red,0:39:02,Leona,Loss,13,0,6,7,0,1.4,218,12.40%,4.4,2.41,0.67,0.77,46.70%,92,3.20%,63.60%,-492,28838.2,0,0,/,0,1,2,1,3,0,0,0,0,0,1,0,0,7,2,1,45.7
shanji,TOP,NIP,LNG,Zika,Ascend,07.07.2024,v14.13,1,Blue,0:26:56,Mordekaiser,Loss,13,1,6,4,6,7.2,327,20.20%,0.66,0.33,0.19,0.04,8.60%,713,31.30%,71.40%,-703,26023.2,1,0,0.75,0,0,2,0,1,0,5,1,0,0,0,0,0,4,0,1,42
Aki,JUNGLE,NIP,LNG,WeiWei,Ascend,07.07.2024,v14.13,1,Blue,0:26:56,Sejuani,Loss,12,3,3,3,132,5.7,317,19.60%,0.87,0.33,0.26,0.07,11.40%,367,16.10%,85.70%,-416,34497.2,1,0,0.75,0,0,2,0,1,0,5,1,0,0,0,0,0,4,0,1,42
RooKie,MID,NIP,LNG,Scout,Ascend,07.07.2024,v14.13,1,Blue,0:26:56,Corki,Loss,15,2,2,4,12,9.8,410,25.30%,0.85,0.41,0.11,0.19,11.20%,702,30.80%,85.70%,91,17023.6,0,0,0.75,0,0,2,0,1,0,5,1,0,0,0,0,0,4,0,1,42
Photic,ADCARRY,NIP,LNG,GALA,Ascend,07.07.2024,v14.13,1,Blue,0:26:56,Ashe,Loss,13,1,4,4,4,8.4,349,21.60%,0.86,0.3,0.04,0.15,11.20%,436,19.10%,71.40%,-504,11117.5,0,0,0.5,0,0,2,0,1,0,5,1,0,0,0,0,0,4,0,1,42
Zhuo,SUPPORT,NIP,LNG,Hang,Ascend,07.07.2024,v14.13,1,Blue,0:26:56,Rakan,Loss,9,0,3,6,0,1.2,215,13.30%,4.39,2.52,0.56,0.41,57.60%,61,2.70%,85.70%,82,17414.5,0,0,0.75,0,0,2,0,1,0,5,1,0,0,0,0,0,4,0,1,42
Zika,TOP,LNG,NIP,shanji,Ascend,07.07.2024,v14.13,1,Red,0:26:56,KSante,Win,15,6,1,8,0,7.2,410,19.80%,0.84,0.22,0.07,0.22,10.30%,643,21.60%,77.80%,703,24568.5,0,1,0.8,1,1,9,1,3,0,1,0,1,1,0,0,0,4,3,1,58
WeiWei,JUNGLE,LNG,NIP,Aki,Ascend,07.07.2024,v14.13,1,Red,0:26:56,Nidalee,Win,16,4,3,12,202,8.4,446,21.60%,2.09,0.22,0.19,0.63,25.60%,600,20.20%,88.90%,416,32045.2,0,0,0.8,1,1,9,1,3,0,1,0,1,1,0,0,0,4,3,1,58
Scout,MID,LNG,NIP,RooKie,Ascend,07.07.2024,v14.13,1,Red,0:26:56,Yone,Win,16,1,0,10,8,9.7,485,23.50%,0.82,0.26,0.15,0.11,10.00%,670,22.50%,61.10%,-91,18531.3,0,0,0.4,1,1,9,1,3,0,1,0,1,1,0,0,0,4,3,1,58
GALA,ADCARRY,LNG,NIP,Photic,Ascend,07.07.2024,v14.13,1,Red,0:26:56,Ezreal,Win,14,5,1,6,3,9.5,460,22.30%,1.19,0.3,0.07,0.37,14.60%,866,29.10%,61.10%,504,9558.99,0,0,0.8,1,1,9,1,3,0,1,0,1,1,0,0,0,4,3,1,58
Hang,SUPPORT,LNG,NIP,Zhuo,Ascend,07.07.2024,v14.13,1,Red,0:26:56,Nautilus,Win,11,2,2,9,0,1,266,12.90%,3.23,1.86,0.52,0.41,39.50%,194,6.50%,61.10%,-82,11342.1,0,0,0.6,1,1,9,1,3,0,1,0,1,1,0,0,0,4,3,1,58
Zika,TOP,LNG,NIP,shanji,Ascend,07.07.2024,v14.13,2,Blue,0:27:10,Rumble,Win,15,5,0,7,8,8.2,435,21.50%,1.13,0.33,0.15,0.18,14.20%,548,19.70%,80.00%,404,18589.4,1,0,0.667,0,0,11,0,2,0,5,1,1,1,1,0,1,3,3,0,54.5
WeiWei,JUNGLE,LNG,NIP,Aki,Ascend,07.07.2024,v14.13,2,Blue,0:27:10,Sejuani,Win,14,4,0,9,150,6.4,391,19.30%,1.55,0.4,0.37,0.4,19.40%,385,13.80%,86.70%,731,36428.8,1,1,0.667,0,0,11,0,2,0,5,1,1,1,1,0,1,3,3,0,54.5
Scout,MID,LNG,NIP,RooKie,Ascend,07.07.2024,v14.13,2,Blue,0:27:10,Corki,Win,17,5,1,5,30,11.7,518,25.60%,1.07,0.37,0.07,0.15,13.30%,989,35.50%,66.70%,153,18456.7,0,0,0.333,0,0,11,0,2,0,5,1,1,1,1,0,1,3,3,0,54.5
GALA,ADCARRY,LNG,NIP,Photic,Ascend,07.07.2024,v14.13,2,Blue,0:27:10,Senna,Win,12,1,1,10,0,1.4,323,15.90%,2.98,1.1,0.29,0.59,37.30%,613,22.00%,73.30%,-2218,12433.1,1,0,0.667,0,0,11,0,2,0,5,1,1,1,1,0,1,3,3,0,54.5
Hang,SUPPORT,LNG,NIP,Zhuo,Ascend,07.07.2024,v14.13,2,Blue,0:27:10,Nautilus,Win,14,0,2,11,0,6.3,359,17.70%,1.27,0.63,0.26,0.11,15.90%,249,8.90%,73.30%,1188,22798.1,0,0,0.667,0,0,11,0,2,0,5,1,1,1,1,0,1,3,3,0,54.5
shanji,TOP,NIP,LNG,Zika,Ascend,07.07.2024,v14.13,2,Red,0:27:10,Ryze,Loss,16,0,3,0,5,8.7,341,20.60%,0.48,0.4,0.15,0,7.50%,649,23.60%,0.00%,-404,19710.4,0,0,0,1,1,2,1,2,0,1,0,0,0,1,0,0,3,0,0,45.5
Aki,JUNGLE,NIP,LNG,WeiWei,Ascend,07.07.2024,v14.13,2,Red,0:27:10,Maokai,Loss,13,1,6,2,131,5.1,308,18.60%,0.73,0.18,0.22,0.15,11.30%,230,8.40%,75.00%,-731,32501.1,0,0,1,1,1,2,1,2,0,1,0,0,0,1,0,0,3,0,0,45.5
RooKie,MID,NIP,LNG,Scout,Ascend,07.07.2024,v14.13,2,Red,0:27:10,Tristana,Loss,15,2,2,2,7,10.4,405,24.50%,1.13,0.33,0.07,0.48,17.50%,579,21.10%,100.00%,-153,16915.9,0,0,1,1,1,2,1,2,0,1,0,0,0,1,0,0,3,0,0,45.5
Photic,ADCARRY,NIP,LNG,GALA,Ascend,07.07.2024,v14.13,2,Red,0:27:10,Ezreal,Loss,14,1,2,1,14,9.3,393,23.80%,0.83,0.29,0.04,0.22,12.80%,1151,41.90%,50.00%,2218,12757.2,0,0,1,1,1,2,1,2,0,1,0,0,0,1,0,0,3,0,0,45.5
Zhuo,SUPPORT,NIP,LNG,Hang,Ascend,07.07.2024,v14.13,2,Red,0:27:10,Braum,Loss,10,0,2,3,0,1,209,12.60%,3.3,1.91,0.66,0.33,51.00%,138,5.00%,75.00%,-1188,20545.9,0,0,1,1,1,2,1,2,0,1,0,0,0,1,0,0,3,0,0,45.5
Solokill,TOP,EDG,WE,Wayward,Nirvana,08.07.2024,v14.13,1,Blue,0:27:19,Jax,Loss,15,0,2,2,0,8.2,395,21.80%,0.86,0.44,0.22,0,11.50%,179,10.00%,28.60%,183,19585.1,0,0,0.35,1,1,4,0,0,0,6,1,0,0,2,0,1,2,0,0,50
Jiejie,JUNGLE,EDG,WE,Yanxiang,Nirvana,08.07.2024,v14.13,1,Blue,0:27:19,Lillia,Loss,15,2,2,5,185,8,380,20.90%,1.35,0.33,0.26,0.29,18.00%,532,29.50%,100.00%,791,31328.6,1,0,1,1,1,4,0,0,0,6,1,0,0,2,0,1,2,0,0,50
Cryin,MID,EDG,WE,FoFo,Nirvana,08.07.2024,v14.13,1,Blue,0:27:19,Tristana,Loss,15,2,0,2,4,9.9,453,25.00%,1.29,0.4,0.07,0.44,17.20%,418,23.20%,57.10%,516,12331.4,0,0,0.25,1,1,4,0,0,0,6,1,0,0,2,0,1,2,0,0,50
Leave,ADCARRY,EDG,WE,Able,Nirvana,08.07.2024,v14.13,1,Blue,0:27:19,Varus,Loss,13,2,3,3,7,7.9,348,19.10%,0.89,0.4,0.18,0.22,11.90%,551,30.60%,71.40%,-39,12188,1,0,0.75,1,1,4,0,0,0,6,1,0,0,2,0,1,2,0,0,50
Wink,SUPPORT,EDG,WE,Mark,Nirvana,08.07.2024,v14.13,1,Blue,0:27:19,Rell,Loss,10,1,3,5,0,1.2,239,13.20%,3.1,1.83,0.59,0.26,41.30%,119,6.60%,85.70%,74,14966.9,1,0,0.75,1,1,4,0,0,0,6,1,0,0,2,0,1,2,0,0,50
Wayward,TOP,WE,EDG,Solokill,Nirvana,08.07.2024,v14.13,1,Red,0:27:19,Gragas,Win,16,0,3,2,0,8.3,358,18.90%,1.19,0.44,0.15,0.18,14.50%,403,17.90%,20.00%,-183,23290.7,0,0,0,0,0,7,1,4,0,0,0,1,1,2,1,1,2,2,0,50
Yanxiang,JUNGLE,WE,EDG,Jiejie,Nirvana,08.07.2024,v14.13,1,Red,0:27:19,Zyra,Win,14,1,0,8,188,7.4,371,19.60%,1.48,0.33,0.29,0.33,18.10%,472,20.90%,90.00%,-791,11369.8,0,1,1,0,0,7,1,4,0,0,0,1,1,2,1,1,2,2,0,50
FoFo,MID,WE,EDG,Cryin,Nirvana,08.07.2024,v14.13,1,Red,0:27:19,Corki,Win,15,4,1,1,4,9,423,22.30%,1.04,0.4,0.11,0.18,12.70%,667,29.60%,50.00%,-516,13477.9,0,0,0.5,0,0,7,1,4,0,0,0,1,1,2,1,1,2,2,0,50
Able,ADCARRY,WE,EDG,Leave,Nirvana,08.07.2024,v14.13,1,Red,0:27:19,Kaisa,Win,16,5,0,2,4,10.8,487,25.70%,1.02,0.18,0.04,0.33,12.50%,522,23.10%,70.00%,39,6091.74,0,0,0.5,0,0,7,1,4,0,0,0,1,1,2,1,1,2,2,0,50
Mark,SUPPORT,WE,EDG,Wink,Nirvana,08.07.2024,v14.13,1,Red,0:27:19,Nautilus,Win,12,0,3,7,0,1.2,255,13.50%,3.45,1.87,0.51,0.48,42.20%,194,8.60%,70.00%,-74,12195.4,0,0,1,0,0,7,1,4,0,0,0,1,1,2,1,1,2,2,0,50
Wayward,TOP,WE,EDG,Solokill,Nirvana,08.07.2024,v14.13,2,Blue,0:29:46,Renekton,Win,16,0,2,3,0,9.1,373,19.70%,1.22,0.54,0.17,0.24,12.00%,299,18.20%,37.50%,1200,28721.1,0,0,0.333,1,0,8,0,3,0,3,1,0,0,0,0,0,2,2,0,48.3
Yanxiang,JUNGLE,WE,EDG,Jiejie,Nirvana,08.07.2024,v14.13,2,Blue,0:29:46,Brand,Win,15,2,0,5,189,6.6,351,18.50%,1.37,0.34,0.27,0.3,13.50%,444,27.00%,87.50%,-283,21238.1,0,0,1,1,0,8,0,3,0,3,1,0,0,0,0,0,2,2,0,48.3
FoFo,MID,WE,EDG,Cryin,Nirvana,08.07.2024,v14.13,2,Blue,0:29:46,Tristana,Win,16,2,0,3,17,10.4,481,25.40%,1.56,0.54,0.17,0.47,15.40%,375,22.80%,62.50%,1280,13645.3,0,0,0.667,1,0,8,0,3,0,3,1,0,0,0,0,0,2,2,0,48.3
Able,ADCARRY,WE,EDG,Leave,Nirvana,08.07.2024,v14.13,2,Blue,0:29:46,Zeri,Win,15,4,1,1,0,10.8,463,24.40%,1.57,0.2,0.1,0.84,15.40%,371,22.60%,62.50%,-160,14618.5,0,1,0.333,1,0,8,0,3,0,3,1,0,0,0,0,0,2,2,0,48.3
Mark,SUPPORT,WE,EDG,Wink,Nirvana,08.07.2024,v14.13,2,Blue,0:29:46,Maokai,Win,10,0,3,3,1,1.4,228,12.00%,4.43,2.49,0.54,0.6,43.70%,154,9.40%,37.50%,-151,17758.8,0,0,0.667,1,0,8,0,3,0,3,1,0,0,0,0,0,2,2,0,48.3
Solokill,TOP,EDG,WE,Wayward,Nirvana,08.07.2024,v14.13,2,Red,0:29:46,KSante,Loss,16,3,1,1,0,7.7,335,20.40%,0.87,0.4,0.17,0.13,9.90%,453,19.40%,66.70%,-1200,17565.1,0,0,0.333,0,0,2,1,1,0,3,0,0,0,0,0,0,2,0,0,51.7
Jiejie,JUNGLE,EDG,WE,Yanxiang,Nirvana,08.07.2024,v14.13,2,Red,0:29:46,Zyra,Loss,15,1,3,4,203,8,344,21.00%,1.73,0.24,0.17,0.71,19.70%,730,31.20%,83.30%,283,15425.8,0,0,0.667,0,0,2,1,1,0,3,0,0,0,0,0,0,2,0,0,51.7
Cryin,MID,EDG,WE,FoFo,Nirvana,08.07.2024,v14.13,2,Red,0:29:46,Corki,Loss,15,1,1,4,5,8.5,348,21.10%,1.02,0.44,0.2,0.37,11.60%,479,20.50%,83.30%,-1280,11313.6,0,0,0.667,0,0,2,1,1,0,3,0,0,0,0,0,0,2,0,0,51.7
Leave,ADCARRY,EDG,WE,Able,Nirvana,08.07.2024,v14.13,2,Red,0:29:46,Kaisa,Loss,15,0,1,4,14,11,395,24.00%,1.28,0.44,0.17,0.47,14.60%,543,23.20%,66.70%,160,11209.1,1,0,1,0,0,2,1,1,0,3,0,0,0,0,0,0,2,0,0,51.7
Wink,SUPPORT,EDG,WE,Mark,Nirvana,08.07.2024,v14.13,2,Red,0:29:46,Rakan,Loss,10,1,2,5,0,0.8,221,13.50%,3.88,2.72,0.47,0.44,44.20%,134,5.70%,100.00%,151,12236.2,1,0,1,0,0,2,1,1,0,3,0,0,0,0,0,0,2,0,0,51.7
Burbol,TOP,LGD,AL,Ale,Ascend,08.07.2024,v14.13,1,Blue,0:28:09,Gnar,Loss,15,1,5,3,0,7.9,356,21.60%,0.82,0.32,0.14,0.32,11.30%,594,26.60%,66.70%,-1948,20018.3,0,0,0.667,0,0,1,0,0,0,0,0,0,0,0,0,0,5,0,0,40.2
Meteor,JUNGLE,LGD,AL,Croco,Ascend,08.07.2024,v14.13,1,Blue,0:28:09,Zyra,Loss,13,3,4,2,157,6.3,323,19.60%,1.49,0.36,0.28,0.5,20.40%,555,24.80%,83.30%,-675,16738.4,0,0,1,0,0,1,0,0,0,0,0,0,0,0,0,0,5,0,0,40.2
Haichao,MID,LGD,AL,Shanks,Ascend,08.07.2024,v14.13,1,Blue,0:28:09,Corki,Loss,16,1,0,2,0,10.7,398,24.10%,0.79,0.46,0.11,0.18,10.80%,696,31.10%,50.00%,-487,14890.5,0,0,0.333,0,0,1,0,0,0,0,0,0,0,0,0,0,5,0,0,40.2
Shaoye,ADCARRY,LGD,AL,Hope,Ascend,08.07.2024,v14.13,1,Blue,0:28:09,Zeri,Loss,13,1,7,0,0,8.7,369,22.40%,1.53,0.53,0.21,0.53,20.90%,294,13.10%,16.70%,-1897,14269.8,0,0,0.333,0,0,1,0,0,0,0,0,0,0,0,0,0,5,0,0,40.2
jinjiao,SUPPORT,LGD,AL,Kael,Ascend,08.07.2024,v14.13,1,Blue,0:28:09,Alistar,Loss,9,0,6,2,0,0.9,203,12.30%,2.67,1.63,0.46,0.28,36.60%,98,4.40%,33.30%,-1040,23199.2,0,0,0.667,0,0,1,0,0,0,0,0,0,0,0,0,0,5,0,0,40.2
Ale,TOP,AL,LGD,Burbol,Ascend,08.07.2024,v14.13,1,Red,0:28:09,Renekton,Win,17,5,2,2,16,9.8,501,22.70%,0.8,0.36,0.14,0.11,6.90%,499,18.20%,31.80%,1948,24723.4,1,0,0.333,1,2,10,1,3,0,6,1,1,1,0,0,0,5,5,0,59.8
Croco,JUNGLE,AL,LGD,Meteor,Ascend,08.07.2024,v14.13,1,Red,0:28:09,Brand,Win,16,4,0,14,198,7.6,436,19.70%,2.02,0.67,0.21,0.32,17.40%,818,29.80%,81.80%,675,23999.8,0,0,0.667,1,2,10,1,3,0,6,1,1,1,0,0,0,5,5,0,59.8
Shanks,MID,AL,LGD,Haichao,Ascend,08.07.2024,v14.13,1,Red,0:28:09,Yone,Win,17,5,0,3,16,10.3,439,19.90%,1.4,0.25,0.18,0.39,12.00%,465,16.90%,36.40%,487,19446.3,0,0,0.111,1,2,10,1,3,0,6,1,1,1,0,0,0,5,5,0,59.8
Hope,ADCARRY,AL,LGD,Shaoye,Ascend,08.07.2024,v14.13,1,Red,0:28:09,Miss_Fortune,Win,16,7,2,6,4,10.5,532,24.10%,1.4,0.43,0.14,0.43,12.00%,712,25.90%,59.10%,1897,12991.2,0,0,0.556,1,2,10,1,3,0,6,1,1,1,0,0,0,5,5,0,59.8
Kael,SUPPORT,AL,LGD,jinjiao,Ascend,08.07.2024,v14.13,1,Red,0:28:09,Bard,Win,12,1,2,15,0,1,303,13.70%,6.02,3.2,0.71,0.85,51.70%,254,9.20%,72.70%,1040,17961,0,1,0.667,1,2,10,1,3,0,6,1,1,1,0,0,0,5,5,0,59.8
Ale,TOP,AL,LGD,Burbol,Ascend,08.07.2024,v14.13,2,Blue,0:28:36,Renekton,Win,17,6,2,2,3,9.4,523,26.00%,0.79,0.24,0.1,0.21,9.10%,466,20.80%,61.50%,2255,20198.9,1,0,1,1,3,8,0,2,0,3,1,1,1,0,0,0,3,2,0,52.1
Croco,JUNGLE,AL,LGD,Meteor,Ascend,08.07.2024,v14.13,2,Blue,0:28:36,Brand,Win,15,2,1,7,203,7.8,387,19.20%,1.49,0.63,0.28,0.28,17.20%,454,20.30%,69.20%,-410,23055.5,1,1,0.5,1,3,8,0,2,0,3,1,1,1,0,0,0,3,2,0,52.1
Shanks,MID,AL,LGD,Haichao,Ascend,08.07.2024,v14.13,2,Blue,0:28:36,Lucian,Win,16,1,2,6,8,9.6,406,20.20%,1.32,0.31,0.07,0.49,15.20%,578,25.80%,53.80%,-48,14875.4,0,0,0,1,3,8,0,2,0,3,1,1,1,0,0,0,3,2,0,52.1
Hope,ADCARRY,AL,LGD,Shaoye,Ascend,08.07.2024,v14.13,2,Blue,0:28:36,Miss_Fortune,Win,15,4,1,6,0,9.7,451,22.40%,1.5,0.56,0.21,0.49,17.30%,546,24.40%,76.90%,342,7302.29,0,0,0,1,3,8,0,2,0,3,1,1,1,0,0,0,3,2,0,52.1
Kael,SUPPORT,AL,LGD,jinjiao,Ascend,08.07.2024,v14.13,2,Blue,0:28:36,Braum,Win,11,0,2,9,0,1.2,246,12.20%,3.57,1.71,0.59,0.49,41.20%,195,8.70%,69.20%,188,15823.4,0,0,0,1,3,8,0,2,0,3,1,1,1,0,0,0,3,2,0,52.1
Burbol,TOP,LGD,AL,Ale,Ascend,08.07.2024,v14.13,2,Red,0:28:36,Poppy,Loss,15,2,3,5,0,7.2,351,18.60%,1.13,0.38,0.21,0.17,12.50%,401,22.40%,87.50%,-2255,21041.6,0,0,0.5,0,1,4,1,2,0,3,0,0,1,0,0,0,3,1,0,47.9
Meteor,JUNGLE,LGD,AL,Croco,Ascend,08.07.2024,v14.13,2,Red,0:28:36,Zyra,Loss,15,2,3,6,193,7.5,377,19.90%,1.78,0.24,0.14,0.59,19.60%,608,33.90%,100.00%,410,17435.8,0,0,1,0,1,4,1,2,0,3,0,0,1,0,0,0,3,1,0,47.9
Haichao,MID,LGD,AL,Shanks,Ascend,08.07.2024,v14.13,2,Red,0:28:36,Yone,Loss,16,1,2,5,2,10.2,458,24.20%,1.09,0.28,0.1,0.31,12.10%,247,13.80%,75.00%,48,21086.3,0,0,0.5,0,1,4,1,2,0,3,0,0,1,0,0,0,3,1,0,47.9
Shaoye,ADCARRY,LGD,AL,Hope,Ascend,08.07.2024,v14.13,2,Red,0:28:36,Draven,Loss,14,3,1,2,2,8.8,462,24.50%,0.97,0.45,0.14,0.1,10.70%,265,14.80%,62.50%,-342,9861.29,0,0,0,0,1,4,1,2,0,3,0,0,1,0,0,0,3,1,0,47.9
jinjiao,SUPPORT,LGD,AL,Kael,Ascend,08.07.2024,v14.13,2,Red,0:28:36,Renata_Glasc,Loss,11,0,4,6,0,1.2,242,12.80%,4.09,2.24,0.49,0.7,45.10%,271,15.10%,75.00%,-188,18217.4,0,0,0.5,0,1,4,1,2,0,3,0,0,1,0,0,0,3,1,0,47.9
Hery,TOP,OMG,RNG,Juice,Nirvana,09.07.2024,v14.13,1,Blue,0:26:20,KSante,Win,15,4,3,8,0,7,379,18.30%,0.76,0.3,0.15,0.08,8.50%,717,21.10%,66.70%,624,25711.7,1,0,0.5,1,0,9,1,4,0,4,1,1,1,1,0,0,5,5,0,59.4
Tianzhen,JUNGLE,OMG,RNG,Geju,Nirvana,09.07.2024,v14.13,1,Blue,0:26:20,Rengar,Win,15,4,3,9,173,7.2,422,20.30%,1.69,0.42,0.34,0.34,18.90%,339,10.00%,72.20%,1475,41560.8,0,1,0.875,1,0,9,1,4,0,4,1,1,1,1,0,0,5,5,0,59.4
Angel,MID,OMG,RNG,Tangyuan,Nirvana,09.07.2024,v14.13,1,Blue,0:26:20,LeBlanc,Win,15,6,0,9,4,8.8,507,24.40%,1.81,0.76,0.23,0.38,20.30%,859,25.30%,83.30%,310,9392.5,0,0,0.875,1,0,9,1,4,0,4,1,1,1,1,0,0,5,5,0,59.4
Starry,ADCARRY,OMG,RNG,huanfeng,Nirvana,09.07.2024,v14.13,1,Blue,0:26:20,Ezreal,Win,15,3,0,10,6,11.2,480,23.10%,0.81,0.38,0.11,0.27,9.10%,1175,34.60%,72.20%,863,11316,0,0,0.625,1,0,9,1,4,0,4,1,1,1,1,0,0,5,5,0,59.4
Ppgod,SUPPORT,OMG,RNG,Iwandy,Nirvana,09.07.2024,v14.13,1,Blue,0:26:20,Leona,Win,11,1,2,14,0,1.3,287,13.80%,3.86,1.86,0.61,0.68,43.20%,311,9.10%,83.30%,-12,17339.7,0,0,0.875,1,0,9,1,4,0,4,1,1,1,1,0,0,5,5,0,59.4
Juice,TOP,RNG,OMG,Hery,Nirvana,09.07.2024,v14.13,1,Red,0:26:20,Renekton,Loss,13,1,7,3,1,6.5,309,18.20%,1.13,0.34,0.23,0.27,14.60%,442,16.80%,50.00%,-624,27261.8,0,0,0.25,0,0,3,0,0,0,2,0,0,0,1,1,0,5,0,0,40.6
Geju,JUNGLE,RNG,OMG,Tianzhen,Nirvana,09.07.2024,v14.13,1,Red,0:26:20,Sejuani,Loss,12,2,5,4,112,5.1,316,18.60%,1.12,0.19,0.19,0.42,14.50%,419,15.90%,75.00%,-1475,28217.2,0,0,0.5,0,0,3,0,0,0,2,0,0,0,1,1,0,5,0,0,40.6
Tangyuan,MID,RNG,OMG,Angel,Nirvana,09.07.2024,v14.13,1,Red,0:26:20,Corki,Loss,15,4,4,3,2,9.9,464,27.40%,0.98,0.38,0.08,0.34,12.60%,882,33.50%,87.50%,-310,15398.3,0,0,0.75,0,0,3,0,0,0,2,0,0,0,1,1,0,5,0,0,40.6
huanfeng,ADCARRY,RNG,OMG,Starry,Nirvana,09.07.2024,v14.13,1,Red,0:26:20,Zeri,Loss,13,0,0,4,10,9.7,369,21.70%,1.48,0.46,0.11,0.53,19.10%,567,21.50%,50.00%,-863,12631.9,0,0,0.25,0,0,3,0,0,0,2,0,0,0,1,1,0,5,0,0,40.6
Iwandy,SUPPORT,RNG,OMG,Ppgod,Nirvana,09.07.2024,v14.13,1,Red,0:26:20,Braum,Loss,11,1,2,6,0,0.5,239,14.10%,3.04,2.13,0.49,0.23,39.30%,323,12.30%,87.50%,12,28577.2,0,0,0.75,0,0,3,0,0,0,2,0,0,0,1,1,0,5,0,0,40.6
Juice,TOP,RNG,OMG,Hery,Nirvana,09.07.2024,v14.13,2,Blue,0:30:46,Renekton,Loss,15,3,2,1,2,7.1,354,19.40%,1.34,0.39,0.23,0.46,14.90%,218,10.10%,40.00%,387,31201,0,0,0.333,1,1,5,0,2,0,4,1,0,0,0,0,0,2,1,0,51.5
Geju,JUNGLE,RNG,OMG,Tianzhen,Nirvana,09.07.2024,v14.13,2,Blue,0:30:46,Lillia,Loss,15,3,4,4,208,7.8,367,20.10%,1.48,0.23,0.16,0.42,16.50%,638,29.60%,70.00%,426,34494.3,0,0,0.333,1,1,5,0,2,0,4,1,0,0,0,0,0,2,1,0,51.5
Tangyuan,MID,RNG,OMG,Angel,Nirvana,09.07.2024,v14.13,2,Blue,0:30:46,Corki,Loss,16,4,1,4,6,10.1,496,27.10%,1.52,0.52,0.16,0.59,17.00%,585,27.20%,80.00%,342,11725.4,0,0,0.667,1,1,5,0,2,0,4,1,0,0,0,0,0,2,1,0,51.5
huanfeng,ADCARRY,RNG,OMG,Starry,Nirvana,09.07.2024,v14.13,2,Blue,0:30:46,Ziggs,Loss,15,0,4,7,4,9.4,372,20.40%,1.13,0.46,0.13,0.33,12.60%,586,27.20%,70.00%,-820,12440.7,0,0,0.667,1,1,5,0,2,0,4,1,0,0,0,0,0,2,1,0,51.5
Iwandy,SUPPORT,RNG,OMG,Ppgod,Nirvana,09.07.2024,v14.13,2,Blue,0:30:46,Nautilus,Loss,12,0,3,8,2,1.1,238,13.00%,3.5,2.15,0.59,0.29,39.00%,125,5.80%,80.00%,141,16174.2,0,0,0.667,1,1,5,0,2,0,4,1,0,0,0,0,0,2,1,0,51.5
Hery,TOP,OMG,RNG,Juice,Nirvana,09.07.2024,v14.13,2,Red,0:30:46,Kennen,Win,16,4,3,3,8,8.8,410,20.50%,0.82,0.29,0.16,0.16,8.20%,682,27.70%,50.00%,-387,13229.4,0,0,0.667,0,1,8,1,2,0,2,0,1,1,0,0,0,2,1,0,48.5
Tianzhen,JUNGLE,OMG,RNG,Geju,Nirvana,09.07.2024,v14.13,2,Red,0:30:46,Sejuani,Win,15,4,2,9,151,5.8,352,17.70%,2.69,1.24,0.42,0.46,26.90%,404,16.40%,92.90%,-426,33612.1,1,1,0.667,0,1,8,1,2,0,2,0,1,1,0,0,0,2,1,0,48.5
Angel,MID,OMG,RNG,Tangyuan,Nirvana,09.07.2024,v14.13,2,Red,0:30:46,Lucian,Win,17,4,0,3,30,10.4,515,25.80%,1.63,0.46,0.1,0.52,16.30%,591,24.00%,50.00%,-342,12401,1,0,0.333,0,1,8,1,2,0,2,0,1,1,0,0,0,2,1,0,48.5
Starry,ADCARRY,OMG,RNG,huanfeng,Nirvana,09.07.2024,v14.13,2,Red,0:30:46,Sivir,Win,17,2,1,10,20,11.1,468,23.50%,1.3,0.42,0.2,0.36,13.00%,516,21.00%,85.70%,820,13687.2,1,0,1,0,1,8,1,2,0,2,0,1,1,0,0,0,2,1,0,48.5
Ppgod,SUPPORT,OMG,RNG,Iwandy,Nirvana,09.07.2024,v14.13,2,Red,0:30:46,Leona,Win,13,0,4,9,0,1.1,250,12.50%,3.55,1.79,0.59,0.55,35.50%,268,10.90%,64.30%,-141,25395.8,1,0,0.667,0,1,8,1,2,0,2,0,1,1,0,0,0,2,1,0,48.5
sheer,TOP,JDG,FPX,Zdz,Ascend,09.07.2024,v14.13,1,Blue,0:28:41,Rumble,Win,16,1,2,2,8,9.3,432,19.80%,1.05,0.31,0.17,0.1,11.70%,566,23.10%,16.70%,1911,12807.5,0,0,0,1,0,9,1,3,0,6,1,0,0,2,2,0,2,2,0,62.5
Kanavi,JUNGLE,JDG,FPX,milkyway,Ascend,09.07.2024,v14.13,1,Blue,0:28:41,Lee_Sin,Win,16,8,3,7,237,8.5,464,21.30%,1.5,0.49,0.17,0.17,16.60%,508,20.70%,83.30%,615,28679.3,0,1,0.75,1,0,9,1,3,0,6,1,0,0,2,2,0,2,2,0,62.5
Yagao,MID,JDG,FPX,Care,Ascend,09.07.2024,v14.13,1,Blue,0:28:41,Corki,Win,16,5,1,8,14,10,495,22.70%,1.08,0.45,0.1,0.35,12.00%,782,32.00%,72.20%,1215,13992.3,0,0,0.75,1,0,9,1,3,0,6,1,0,0,2,2,0,2,2,0,62.5
Ruler,ADCARRY,JDG,FPX,deokdam,Ascend,09.07.2024,v14.13,1,Blue,0:28:41,Zeri,Win,17,1,1,6,16,12.6,492,22.60%,1.81,0.42,0.14,0.66,20.00%,504,20.60%,38.90%,734,14508.6,0,0,0.25,1,0,9,1,3,0,6,1,0,0,2,2,0,2,2,0,62.5
Missing,SUPPORT,JDG,FPX,Life,Ascend,09.07.2024,v14.13,1,Blue,0:28:41,Rell,Win,12,3,3,12,0,1,293,13.50%,3.58,2.2,0.63,0.28,39.70%,87,3.60%,83.30%,-577,10413.5,0,0,0.625,1,0,9,1,3,0,6,1,0,0,2,2,0,2,2,0,62.5
Zdz,TOP,FPX,JDG,sheer,Ascend,09.07.2024,v14.13,1,Red,0:28:41,KSante,Loss,15,0,2,2,1,7.7,314,17.70%,1.15,0.38,0.24,0.17,12.10%,93,4.90%,20.00%,-1911,18074.1,0,0,0,0,0,2,0,1,0,0,0,0,0,2,0,0,2,0,0,37.5
milkyway,JUNGLE,FPX,JDG,Kanavi,Ascend,09.07.2024,v14.13,1,Red,0:28:41,Taliyah,Loss,13,2,4,8,156,5.9,360,20.30%,1.34,0.24,0.17,0.28,14.00%,484,25.80%,100.00%,-615,17120.7,1,0,1,0,0,2,0,1,0,0,0,0,0,2,0,0,2,0,0,37.5
Care,MID,FPX,JDG,Yagao,Ascend,09.07.2024,v14.13,1,Red,0:28:41,Tristana,Loss,16,4,3,2,4,10,447,25.30%,1.73,0.56,0.21,0.42,18.20%,519,27.60%,60.00%,-1215,18422,0,0,0.6,0,0,2,0,1,0,0,0,0,0,2,0,0,2,0,0,37.5
deokdam,ADCARRY,FPX,JDG,Ruler,Ascend,09.07.2024,v14.13,1,Red,0:28:41,Ezreal,Loss,15,1,3,3,4,9.8,385,21.70%,0.87,0.21,0.03,0.28,9.20%,570,30.40%,40.00%,-734,14730.5,0,0,0.2,0,0,2,0,1,0,0,0,0,0,2,0,0,2,0,0,37.5
Life,SUPPORT,FPX,JDG,Missing,Ascend,09.07.2024,v14.13,1,Red,0:28:41,Nautilus,Loss,10,3,6,6,0,1.1,265,14.90%,4.44,2.13,0.73,0.63,46.50%,212,11.30%,90.00%,577,17882.1,1,0,1,0,0,2,0,1,0,0,0,0,0,2,0,0,2,0,0,37.5
Zdz,TOP,FPX,JDG,sheer,Ascend,09.07.2024,v14.13,2,Blue,0:30:24,Renekton,Win,17,3,3,3,0,8.6,428,21.10%,1.31,0.33,0.23,0.36,12.60%,606,19.70%,42.90%,713,32511.4,0,0,0.25,1,1,11,0,2,0,6,1,1,1,2,2,0,2,1,0,61.3
milkyway,JUNGLE,FPX,JDG,Kanavi,Ascend,09.07.2024,v14.13,2,Blue,0:30:24,Karthus,Win,17,2,0,8,267,9.4,439,21.60%,1.41,0.26,0.2,0.36,13.60%,720,23.50%,71.40%,622,27184.6,1,0,0.75,1,1,11,0,2,0,6,1,1,1,2,2,0,2,1,0,61.3
Care,MID,FPX,JDG,Yagao,Ascend,09.07.2024,v14.13,2,Blue,0:30:24,Corki,Win,17,6,1,6,8,9.3,507,25.00%,1.56,0.59,0.26,0.66,15.00%,1061,34.60%,85.70%,2042,13084.9,1,0,0.875,1,1,11,0,2,0,6,1,1,1,2,2,0,2,1,0,61.3
deokdam,ADCARRY,FPX,JDG,Ruler,Ascend,09.07.2024,v14.13,2,Blue,0:30:24,Kaisa,Win,15,2,2,3,4,8.3,400,19.70%,0.8,0.33,0.1,0.33,7.70%,515,16.80%,35.70%,259,10624.8,0,0,0.25,1,1,11,0,2,0,6,1,1,1,2,2,0,2,1,0,61.3
Life,SUPPORT,FPX,JDG,Missing,Ascend,09.07.2024,v14.13,2,Blue,0:30:24,Pyke,Win,10,1,2,5,0,1.4,256,12.60%,5.31,3.29,0.59,0.76,51.10%,168,5.50%,42.90%,15,9936.41,0,1,0.375,1,1,11,0,2,0,6,1,1,1,2,2,0,2,1,0,61.3
sheer,TOP,JDG,FPX,Zdz,Ascend,09.07.2024,v14.13,2,Red,0:30:24,KSante,Loss,15,2,2,4,0,7.3,343,19.90%,1.07,0.3,0.2,0.26,10.50%,479,26.50%,75.00%,-713,29814.8,0,0,0.5,0,0,2,1,2,0,0,0,0,0,2,0,0,2,1,0,38.7
Kanavi,JUNGLE,JDG,FPX,milkyway,Ascend,09.07.2024,v14.13,2,Red,0:30:24,Brand,Loss,14,2,3,3,156,6.9,347,20.10%,2.42,0.95,0.2,0.82,23.80%,602,33.30%,62.50%,-622,28675.9,0,0,0.75,0,0,2,1,2,0,0,0,0,0,2,0,0,2,1,0,38.7
Yagao,MID,JDG,FPX,Care,Ascend,09.07.2024,v14.13,2,Red,0:30:24,Tristana,Loss,16,3,3,1,8,9.1,415,24.00%,1.17,0.43,0.1,0.36,11.50%,325,18.00%,50.00%,-2042,21557.9,0,0,0.25,0,0,2,1,2,0,0,0,0,0,2,0,0,2,1,0,38.7
Ruler,ADCARRY,JDG,FPX,deokdam,Ascend,09.07.2024,v14.13,2,Red,0:30:24,Kalista,Loss,15,1,1,2,12,10.5,406,23.50%,2.64,1.28,0.39,0.76,25.90%,251,13.90%,37.50%,-259,17745.6,0,0,0,0,0,2,1,2,0,0,0,0,0,2,0,0,2,1,0,38.7
Missing,SUPPORT,JDG,FPX,Life,Ascend,09.07.2024,v14.13,2,Red,0:30:24,Alistar,Loss,11,0,5,5,0,1,215,12.40%,2.88,1.91,0.49,0.23,28.30%,149,8.30%,62.50%,-15,19416.6,0,0,0.5,0,0,2,1,2,0,0,0,0,0,2,0,0,2,1,0,38.7
sheer,TOP,JDG,FPX,Zdz,Ascend,09.07.2024,v14.13,3,Blue,0:32:41,KSante,Win,16,3,3,9,3,7,358,17.70%,0.95,0.24,0.15,0.21,10.40%,468,15.00%,66.70%,59,36797.6,0,0,0.833,0,0,10,0,3,0,3,0,0,0,0,0,0,5,3,1,59.6
Kanavi,JUNGLE,JDG,FPX,milkyway,Ascend,09.07.2024,v14.13,3,Blue,0:32:41,Karthus,Win,18,5,1,11,239,8.7,474,23.40%,1.43,0.12,0.09,0.4,15.80%,1074,34.50%,88.90%,1546,27137.5,0,0,0.833,0,0,10,0,3,0,3,0,0,0,0,0,0,5,3,1,59.6
Yagao,MID,JDG,FPX,Care,Ascend,09.07.2024,v14.13,3,Blue,0:32:41,Tristana,Win,17,5,0,6,19,9,496,24.50%,1.72,0.55,0.21,0.46,18.90%,676,21.70%,61.10%,120,17212.6,0,0,0.333,0,0,10,0,3,0,3,0,0,0,0,0,0,5,3,1,59.6
Ruler,ADCARRY,JDG,FPX,deokdam,Ascend,09.07.2024,v14.13,3,Blue,0:32:41,Jhin,Win,17,4,2,10,8,9.2,430,21.30%,1.15,0.34,0.06,0.31,12.70%,755,24.20%,77.80%,420,17378.9,0,0,0.5,0,0,10,0,3,0,3,0,0,0,0,0,0,5,3,1,59.6
Missing,SUPPORT,JDG,FPX,Life,Ascend,09.07.2024,v14.13,3,Blue,0:32:41,Rell,Win,13,1,4,15,0,0.9,264,13.10%,3.82,2.02,0.58,0.52,42.20%,141,4.50%,88.90%,176,23552.2,0,1,0.833,0,0,10,0,3,0,3,0,0,0,0,0,0,5,3,1,59.6
Zdz,TOP,FPX,JDG,sheer,Ascend,09.07.2024,v14.13,3,Red,0:32:41,Poppy,Loss,16,0,3,4,1,6.9,335,18.70%,0.99,0.43,0.24,0.12,12.20%,410,15.50%,40.00%,-59,24763.3,0,0,0,1,0,4,1,2,0,3,1,1,1,0,0,0,5,1,1,40.4
milkyway,JUNGLE,FPX,JDG,Kanavi,Ascend,09.07.2024,v14.13,3,Red,0:32:41,Zyra,Loss,15,1,4,7,166,6.2,342,19.10%,1.68,0.31,0.24,0.43,20.70%,523,19.80%,80.00%,-1546,22020.8,1,0,1,1,0,4,1,2,0,3,1,1,1,0,0,0,5,1,1,40.4
Care,MID,FPX,JDG,Yagao,Ascend,09.07.2024,v14.13,3,Red,0:32:41,Corki,Loss,17,7,4,0,7,9.4,485,27.10%,1.36,0.52,0.18,0.37,16.70%,818,30.90%,70.00%,-120,26721.5,0,0,0.667,1,0,4,1,2,0,3,1,1,1,0,0,0,5,1,1,40.4
deokdam,ADCARRY,FPX,JDG,Ruler,Ascend,09.07.2024,v14.13,3,Red,0:32:41,Ezreal,Loss,16,2,3,5,8,9.1,388,21.70%,0.69,0.21,0,0.28,8.50%,729,27.50%,70.00%,-420,24560.5,1,0,1,1,0,4,1,2,0,3,1,1,1,0,0,0,5,1,1,40.4
Life,SUPPORT,FPX,JDG,Missing,Ascend,09.07.2024,v14.13,3,Red,0:32:41,Braum,Loss,13,0,4,9,0,0.8,239,13.40%,3.39,2.02,0.46,0.34,41.90%,165,6.30%,90.00%,-176,21316,1,0,1,1,0,4,1,2,0,3,1,1,1,0,0,0,5,1,1,40.4
Hoya,TOP,TT,iG,YSKM,Nirvana,10.07.2024,v14.13,1,Blue,0:27:35,Kennen,Win,16,1,0,6,0,9.2,407,19.40%,1.26,0.44,0.18,0.25,12.90%,543,27.40%,53.80%,525,5623.31,0,0,0.25,1,0,9,1,4,0,6,1,1,1,0,0,0,2,2,0,55.9
Beichuan,JUNGLE,TT,iG,glfs,Nirvana,10.07.2024,v14.13,1,Blue,0:27:35,Brand,Win,15,1,1,7,200,8.1,425,20.20%,2.78,1.02,0.25,0.58,28.60%,394,19.90%,61.50%,318,24135.4,1,0,0.5,1,0,9,1,4,0,6,1,1,1,0,0,0,2,2,0,55.9
Ucal,MID,TT,iG,neny,Nirvana,10.07.2024,v14.13,1,Blue,0:27:35,Twisted_Fate,Win,16,9,1,0,12,9.2,517,24.60%,0.85,0.25,0.07,0.18,8.80%,430,21.70%,69.20%,415,10901.3,0,1,0.75,1,0,9,1,4,0,6,1,1,1,0,0,0,2,2,0,55.9
1xn,ADCARRY,TT,iG,Ahn,Nirvana,10.07.2024,v14.13,1,Blue,0:27:35,Zeri,Win,16,2,0,5,12,11.3,479,22.80%,1.37,0.33,0.07,0.54,14.10%,550,27.70%,53.80%,1155,12631.9,1,0,0.5,1,0,9,1,4,0,6,1,1,1,0,0,0,2,2,0,55.9
Feather,SUPPORT,TT,iG,Vampire,Nirvana,10.07.2024,v14.13,1,Blue,0:27:35,Alistar,Win,11,0,1,12,4,1.6,272,12.90%,3.47,1.78,0.69,0.44,35.60%,66,3.30%,92.30%,297,12291.4,1,0,1,1,0,9,1,4,0,6,1,1,1,0,0,0,2,2,0,55.9
YSKM,TOP,iG,TT,Hoya,Nirvana,10.07.2024,v14.13,1,Red,0:27:35,Jax,Loss,14,0,3,0,0,7.9,337,21.20%,0.82,0.4,0.07,0.07,10.50%,94,8.20%,0.00%,-525,20076,0,0,0,0,0,2,0,0,0,0,0,0,0,0,0,0,2,0,0,44.1
glfs,JUNGLE,iG,TT,Beichuan,Nirvana,10.07.2024,v14.13,1,Red,0:27:35,Lillia,Loss,13,1,4,2,174,6.9,332,20.80%,1.72,0.58,0.22,0.29,22.20%,266,23.40%,100.00%,-318,25818.6,0,0,1,0,0,2,0,0,0,0,0,0,0,0,0,0,2,0,0,44.1
neny,MID,iG,TT,Ucal,Nirvana,10.07.2024,v14.13,1,Red,0:27:35,Yone,Loss,15,2,2,1,0,8.4,345,21.70%,0.7,0.29,0.22,0.11,9.00%,217,19.00%,100.00%,-415,14112,0,0,1,0,0,2,0,0,0,0,0,0,0,0,0,0,2,0,0,44.1
Ahn,ADCARRY,iG,TT,1xn,Nirvana,10.07.2024,v14.13,1,Red,0:27:35,Ezreal,Loss,14,0,1,2,6,10.3,368,23.10%,0.94,0.36,0.15,0.22,12.10%,504,44.30%,66.70%,-1155,12879.3,0,0,0.5,0,0,2,0,0,0,0,0,0,0,0,0,0,2,0,0,44.1
Vampire,SUPPORT,iG,TT,Feather,Nirvana,10.07.2024,v14.13,1,Red,0:27:35,Nautilus,Loss,10,0,3,2,0,1.6,211,13.20%,3.6,1.85,0.62,0.69,46.30%,57,5.00%,66.70%,-297,8047.1,0,0,0.5,0,0,2,0,0,0,0,0,0,0,0,0,0,2,0,0,44.1
YSKM,TOP,iG,TT,Hoya,Nirvana,10.07.2024,v14.13,2,Blue,0:34:55,Jax,Loss,16,6,4,3,4,6.9,391,22.80%,0.77,0.43,0.06,0.06,9.60%,362,13.70%,69.20%,52,32484.8,0,0,0.25,1,1,3,0,1,0,0,1,0,0,2,0,0,5,0,1,33.8
glfs,JUNGLE,iG,TT,Beichuan,Nirvana,10.07.2024,v14.13,2,Blue,0:34:55,Sejuani,Loss,14,1,2,12,147,4.8,292,17.00%,1.47,0.37,0.34,0.32,18.30%,370,13.90%,100.00%,-399,46856.2,1,0,0.75,1,1,3,0,1,0,0,1,0,0,2,0,0,5,0,1,33.8
neny,MID,iG,TT,Ucal,Nirvana,10.07.2024,v14.13,2,Blue,0:34:55,Jayce,Loss,17,3,4,3,4,8.5,377,22.00%,1.22,0.34,0.23,0.26,15.20%,463,17.50%,46.20%,-275,17216.2,1,0,0.5,1,1,3,0,1,0,0,1,0,0,2,0,0,5,0,1,33.8
Ahn,ADCARRY,iG,TT,1xn,Nirvana,10.07.2024,v14.13,2,Blue,0:34:55,Ziggs,Loss,16,3,3,6,2,8.9,429,25.00%,0.57,0.37,0.09,0.09,7.10%,1279,48.20%,69.20%,62,18109.5,1,0,0.5,1,1,3,0,1,0,0,1,0,0,2,0,0,5,0,1,33.8
Vampire,SUPPORT,iG,TT,Feather,Nirvana,10.07.2024,v14.13,2,Blue,0:34:55,Leona,Loss,12,0,8,11,0,1.3,224,13.10%,4,2,0.69,0.52,49.80%,179,6.70%,84.60%,162,26148.9,1,0,1,1,1,3,0,1,0,0,1,0,0,2,0,0,5,0,1,33.8
Hoya,TOP,TT,iG,YSKM,Nirvana,10.07.2024,v14.13,2,Red,0:34:55,Gragas,Win,18,1,4,7,0,8.1,374,18.30%,0.98,0.37,0.23,0.06,12.00%,435,13.40%,38.10%,-52,20786.1,0,0,0,0,1,10,1,4,0,6,0,1,2,2,2,0,5,4,1,66.2
Beichuan,JUNGLE,TT,iG,glfs,Nirvana,10.07.2024,v14.13,2,Red,0:34:55,Zyra,Win,18,1,3,13,256,8.1,400,19.50%,1.4,0.29,0.23,0.26,17.10%,741,22.70%,66.70%,399,24489.6,0,0,0.667,0,1,10,1,4,0,6,0,1,2,2,2,0,5,4,1,66.2
Ucal,MID,TT,iG,neny,Nirvana,10.07.2024,v14.13,2,Red,0:34:55,Lucian,Win,18,11,1,7,36,9.6,532,26.00%,1.08,0.2,0.03,0.49,13.20%,1021,31.30%,85.70%,275,20788.5,0,1,0.667,0,1,10,1,4,0,6,0,1,2,2,2,0,5,4,1,66.2
1xn,ADCARRY,TT,iG,Ahn,Nirvana,10.07.2024,v14.13,2,Red,0:34:55,Ezreal,Win,18,6,2,9,16,9.1,470,23.00%,1.23,0.43,0.14,0.32,15.00%,940,28.80%,71.40%,-62,22012.5,0,0,0.667,0,1,10,1,4,0,6,0,1,2,2,2,0,5,4,1,66.2
Feather,SUPPORT,TT,iG,Vampire,Nirvana,10.07.2024,v14.13,2,Red,0:34:55,Alistar,Win,13,2,3,14,0,0.9,270,13.20%,3.49,1.92,0.66,0.29,42.70%,122,3.80%,76.20%,-162,30164.6,0,0,1,0,1,10,1,4,0,6,0,1,2,2,2,0,5,4,1,66.2
Zika,TOP,LNG,WBG,Breathe,Ascend,10.07.2024,v14.13,1,Blue,0:35:36,Rumble,Win,18,5,2,5,13,7.5,412,20.40%,1.15,0.31,0.2,0.17,11.00%,936,27.50%,50.00%,1255,16130.5,1,0,0.4,0,1,9,0,3,0,3,1,1,2,1,0,0,3,3,0,53.1
WeiWei,JUNGLE,LNG,WBG,Tarzan,Ascend,10.07.2024,v14.13,1,Blue,0:35:36,Sejuani,Win,16,2,2,8,184,5.7,341,16.90%,2.04,0.53,0.45,0.42,19.50%,311,9.10%,50.00%,-653,39528.9,0,0,0.8,0,1,9,0,3,0,3,1,1,2,1,0,0,3,3,0,53.1
Scout,MID,LNG,WBG,xiaohu,Ascend,10.07.2024,v14.13,1,Blue,0:35:36,Corki,Win,18,3,1,8,60,11.1,494,24.50%,1.8,0.42,0.11,0.31,17.20%,729,21.40%,55.00%,21,18756.2,0,0,0.6,0,1,9,0,3,0,3,1,1,2,1,0,0,3,3,0,53.1
GALA,ADCARRY,LNG,WBG,Light,Ascend,10.07.2024,v14.13,1,Blue,0:35:36,Ezreal,Win,18,9,1,3,6,10.2,493,24.40%,0.74,0.39,0.14,0.11,7.10%,1119,32.90%,60.00%,518,12359.6,0,1,0.4,0,1,9,0,3,0,3,1,1,2,1,0,0,3,3,0,53.1
Hang,SUPPORT,LNG,WBG,Crisp,Ascend,10.07.2024,v14.13,1,Blue,0:35:36,Poppy,Win,12,1,2,10,0,0.9,277,13.70%,4.71,2.72,0.48,0.39,45.10%,305,9.00%,55.00%,417,20619.4,0,0,0.6,0,1,9,0,3,0,3,1,1,2,1,0,0,3,3,0,53.1
Breathe,TOP,WBG,LNG,Zika,Ascend,10.07.2024,v14.13,1,Red,0:35:36,Dr._Mundo,Loss,16,2,5,3,0,7.1,347,20.30%,1.01,0.53,0.2,0.25,11.20%,581,27.60%,62.50%,-1255,59492.9,0,0,0.25,1,1,2,1,2,0,3,0,0,0,1,1,0,3,0,0,46.9
Tarzan,JUNGLE,WBG,LNG,WeiWei,Ascend,10.07.2024,v14.13,1,Red,0:35:36,KhaZix,Loss,14,3,5,2,179,6,318,18.60%,1.94,0.45,0.42,0.39,21.60%,373,17.70%,62.50%,653,36048.3,0,0,0.75,1,1,2,1,2,0,3,0,0,0,1,1,0,3,0,0,46.9
xiaohu,MID,WBG,LNG,Scout,Ascend,10.07.2024,v14.13,1,Red,0:35:36,Tristana,Loss,18,2,4,3,39,10.4,423,24.70%,1.38,0.2,0.06,0.59,15.40%,291,13.90%,62.50%,-21,21023.4,0,0,0.75,1,1,2,1,2,0,3,0,0,0,1,1,0,3,0,0,46.9
Light,ADCARRY,WBG,LNG,GALA,Ascend,10.07.2024,v14.13,1,Red,0:35:36,Ziggs,Loss,17,1,2,3,14,9.9,423,24.80%,0.62,0.37,0.06,0.2,6.90%,776,36.90%,50.00%,-518,13343.2,0,0,0.25,1,1,2,1,2,0,3,0,0,0,1,1,0,3,0,0,46.9
Crisp,SUPPORT,WBG,LNG,Hang,Ascend,10.07.2024,v14.13,1,Red,0:35:36,Rell,Loss,10,0,4,4,0,1.1,200,11.70%,4.04,2.02,0.62,0.51,44.90%,81,3.90%,50.00%,-417,17422.3,0,0,0.75,1,1,2,1,2,0,3,0,0,0,1,1,0,3,0,0,46.9
Breathe,TOP,WBG,LNG,Zika,Ascend,10.07.2024,v14.13,2,Blue,0:35:10,Gnar,Win,18,1,1,5,28,10.1,435,21.20%,1.05,0.31,0.14,0.17,9.90%,695,21.60%,28.60%,590,26390.6,0,0,0,0,0,9,0,3,0,6,1,1,1,2,1,0,3,3,0,57.2
Tarzan,JUNGLE,WBG,LNG,WeiWei,Ascend,10.07.2024,v14.13,2,Blue,0:35:10,Brand,Win,17,6,3,11,226,6.9,404,19.70%,2.91,1.11,0.26,0.45,27.60%,748,23.20%,81.00%,294,35790.2,1,1,1,0,0,9,0,3,0,6,1,1,1,2,1,0,3,3,0,57.2
xiaohu,MID,WBG,LNG,Scout,Ascend,10.07.2024,v14.13,2,Blue,0:35:10,Lucian,Win,18,6,1,5,33,9.4,488,23.80%,1.55,0.48,0.11,0.4,14.70%,762,23.70%,52.40%,-368,20035.4,0,0,0.5,0,0,9,0,3,0,6,1,1,1,2,1,0,3,3,0,57.2
Light,ADCARRY,WBG,LNG,GALA,Ascend,10.07.2024,v14.13,2,Blue,0:35:10,Miss_Fortune,Win,18,7,1,8,15,9.9,478,23.30%,1.51,0.4,0.11,0.43,14.30%,777,24.10%,71.40%,436,13084.4,1,0,0.5,0,0,9,0,3,0,6,1,1,1,2,1,0,3,3,0,57.2
Crisp,SUPPORT,WBG,LNG,Hang,Ascend,10.07.2024,v14.13,2,Blue,0:35:10,Leona,Win,14,1,3,15,0,0.9,249,12.10%,3.53,1.88,0.57,0.37,33.40%,236,7.30%,76.20%,254,29068.7,1,0,1,0,0,9,0,3,0,6,1,1,1,2,1,0,3,3,0,57.2
Zika,TOP,LNG,WBG,Breathe,Ascend,10.07.2024,v14.13,2,Red,0:35:10,KSante,Loss,17,1,2,2,0,8.4,368,20.30%,0.87,0.28,0.09,0.26,9.90%,199,7.90%,33.30%,-590,28501.9,0,0,0,1,0,3,1,2,0,0,0,0,1,2,1,0,3,0,0,42.8
WeiWei,JUNGLE,LNG,WBG,Tarzan,Ascend,10.07.2024,v14.13,2,Red,0:35:10,Karthus,Loss,17,2,4,6,216,7.9,394,21.70%,1.78,0.26,0.17,0.54,20.20%,689,27.40%,88.90%,-294,30891.8,0,0,1,1,0,3,1,2,0,0,0,0,1,2,1,0,3,0,0,42.8
Scout,MID,LNG,WBG,xiaohu,Ascend,10.07.2024,v14.13,2,Red,0:35:10,Corki,Loss,18,2,5,3,6,9.4,425,23.30%,1.57,0.31,0.09,0.45,17.90%,667,26.50%,55.60%,368,25249.4,0,0,0.5,1,0,3,1,2,0,0,0,0,1,2,1,0,3,0,0,42.8
GALA,ADCARRY,LNG,WBG,Light,Ascend,10.07.2024,v14.13,2,Red,0:35:10,Ezreal,Loss,17,4,2,4,4,9.2,417,22.90%,0.95,0.34,0.11,0.26,10.80%,838,33.30%,88.90%,-436,20150.6,0,0,0.5,1,0,3,1,2,0,0,0,0,1,2,1,0,3,0,0,42.8
Hang,SUPPORT,LNG,WBG,Crisp,Ascend,10.07.2024,v14.13,2,Red,0:35:10,Alistar,Loss,12,0,8,7,0,1.1,215,11.80%,3.62,1.96,0.57,0.4,41.20%,124,4.90%,77.80%,-254,35207.6,0,0,0.5,1,0,3,1,2,0,0,0,0,1,2,1,0,3,0,0,42.8
Zika,TOP,LNG,WBG,Breathe,Ascend,10.07.2024,v14.13,3,Blue,0:32:31,KSante,Win,17,0,1,3,0,8.5,386,20.30%,0.94,0.31,0.15,0.12,9.30%,189,9.20%,42.90%,-805,24282.6,0,0,\,0,0,10,1,4,0,2,0,1,1,1,0,0,2,2,0,55.1
WeiWei,JUNGLE,LNG,WBG,Tarzan,Ascend,10.07.2024,v14.13,3,Blue,0:32:31,Nidalee,Win,15,1,2,6,202,7.1,356,18.70%,2.34,0.89,0.25,0.52,23.20%,465,22.70%,100.00%,-286,29236.1,0,0,\,0,0,10,1,4,0,2,0,1,1,1,0,0,2,2,0,55.1
Scout,MID,LNG,WBG,xiaohu,Ascend,10.07.2024,v14.13,3,Blue,0:32:31,Tristana,Win,18,5,0,2,31,11.1,492,25.90%,1.17,0.37,0.09,0.28,11.60%,549,26.80%,100.00%,-73,20264.2,0,1,\,0,0,10,1,4,0,2,0,1,1,1,0,0,2,2,0,55.1
GALA,ADCARRY,LNG,WBG,Light,Ascend,10.07.2024,v14.13,3,Blue,0:32:31,Ezreal,Win,17,1,0,5,8,10.7,417,21.90%,1.19,0.28,0.12,0.43,11.80%,700,34.10%,85.70%,-449,16983.1,0,0,\,0,0,10,1,4,0,2,0,1,1,1,0,0,2,2,0,55.1
Hang,SUPPORT,LNG,WBG,Crisp,Ascend,10.07.2024,v14.13,3,Blue,0:32:31,Rakan,Win,12,0,0,6,0,1,250,13.10%,4.45,2.52,0.37,0.77,44.10%,148,7.20%,85.70%,117,11671,0,0,\,0,0,10,1,4,0,2,0,1,1,1,0,0,2,2,0,55.1
Breathe,TOP,WBG,LNG,Zika,Ascend,10.07.2024,v14.13,3,Red,0:32:31,Gnar,Loss,17,0,1,0,4,9.9,381,22.40%,1.16,0.34,0.12,0.31,14.00%,480,24.50%,0.00%,805,19211.3,0,0,0,1,0,3,0,0,0,4,1,0,0,1,1,0,2,0,0,44.9
Tarzan,JUNGLE,WBG,LNG,WeiWei,Ascend,10.07.2024,v14.13,3,Red,0:32:31,Brand,Loss,15,0,1,3,180,6.6,324,19.00%,2.12,0.95,0.28,0.58,25.70%,541,27.60%,100.00%,286,26080.6,1,0,1,1,0,3,0,0,0,4,1,0,0,1,1,0,2,0,0,44.9
xiaohu,MID,WBG,LNG,Scout,Ascend,10.07.2024,v14.13,3,Red,0:32:31,Corki,Loss,16,0,2,1,11,9,354,20.90%,1.32,0.4,0.09,0.43,16.00%,321,16.40%,33.30%,73,16898.2,0,0,0,1,0,3,0,0,0,4,1,0,0,1,1,0,2,0,0,44.9
Light,ADCARRY,WBG,LNG,GALA,Ascend,10.07.2024,v14.13,3,Red,0:32:31,Ziggs,Loss,17,3,0,0,1,9.9,437,25.70%,0.87,0.46,0.15,0.22,10.60%,533,27.20%,100.00%,449,5483.37,1,0,1,1,0,3,0,0,0,4,1,0,0,1,1,0,2,0,0,44.9
Crisp,SUPPORT,WBG,LNG,Hang,Ascend,10.07.2024,v14.13,3,Red,0:32:31,Leona,Loss,9,0,3,1,0,0.7,204,12.00%,2.79,1.81,0.65,0.34,33.80%,83,4.20%,33.30%,-117,25043.4,1,0,1,1,0,3,0,0,0,4,1,0,0,1,1,0,2,0,0,44.9
Qingtian,TOP,UP,RA,Xiaoxu,Nirvana,11.07.2024,v14.13,1,Blue,0:22:42,Darius,Win,14,6,0,8,12,9.2,471,21.10%,1.35,0.44,0.18,0.26,16.50%,548,18.90%,70.00%,1311,12939.7,0,1,0.375,1,1,9,1,3,0,4,1,0,0,0,0,0,3,3,0,64.4
H4cker,JUNGLE,UP,RA,Xiaohao,Nirvana,11.07.2024,v14.13,1,Blue,0:22:42,Lillia,Win,14,3,1,12,172,8.4,441,19.70%,1.34,0.31,0.22,0.22,16.30%,613,21.20%,75.00%,1842,27090.1,1,0,0.875,1,1,9,1,3,0,4,1,0,0,0,0,0,3,3,0,64.4
Yuekai,MID,UP,RA,Vicla,Nirvana,11.07.2024,v14.13,1,Blue,0:22:42,Corki,Win,14,2,0,12,4,9.8,518,23.20%,1.53,0.48,0.18,0.31,18.60%,944,32.60%,70.00%,1268,11172.2,0,0,0.75,1,1,9,1,3,0,4,1,0,0,0,0,0,3,3,0,64.4
Doggo,ADCARRY,UP,RA,Assum,Nirvana,11.07.2024,v14.13,1,Blue,0:22:42,Ashe,Win,13,7,0,9,4,8.5,494,22.10%,1.18,0.48,0.18,0.22,14.30%,573,19.80%,80.00%,1705,5803.59,0,0,0.875,1,1,9,1,3,0,4,1,0,0,0,0,0,3,3,0,64.4
Niket,SUPPORT,UP,RA,Jwei,Nirvana,11.07.2024,v14.13,1,Blue,0:22:42,Braum,Win,11,2,1,15,0,1.2,311,13.90%,2.82,1.41,0.35,0.4,34.30%,219,7.50%,85.00%,690,12511,0,0,0.75,1,1,9,1,3,0,4,1,0,0,0,0,0,3,3,0,64.4
Xiaoxu,TOP,RA,UP,Qingtian,Nirvana,11.07.2024,v14.13,1,Red,0:22:42,KSante,Loss,12,1,4,1,8,7.8,315,21.40%,0.82,0.4,0.09,0.13,12.60%,302,20.00%,100.00%,-1311,18208.9,0,0,1,0,0,0,0,0,0,1,0,0,0,0,0,0,3,3,0,35.6
Xiaohao,JUNGLE,RA,UP,H4cker,Nirvana,11.07.2024,v14.13,1,Red,0:22:42,Sejuani,Loss,11,0,5,2,98,5.1,264,18.00%,1.43,0.22,0.18,0.4,22.00%,204,13.50%,100.00%,-1842,20719.7,0,0,1,0,0,0,0,0,0,1,0,0,0,0,0,0,3,3,0,35.6
Vicla,MID,RA,UP,Yuekai,Nirvana,11.07.2024,v14.13,1,Red,0:22:42,Yone,Loss,14,0,4,2,0,9.3,342,23.30%,0.87,0.35,0.18,0.18,13.30%,508,33.70%,100.00%,-1268,19195.2,0,0,1,0,0,0,0,0,0,1,0,0,0,0,0,0,3,3,0,35.6
Assum,ADCARRY,RA,UP,Doggo,Nirvana,11.07.2024,v14.13,1,Red,0:22:42,Kaisa,Loss,12,1,3,1,0,8.9,351,23.90%,1,0.31,0,0.35,15.40%,357,23.70%,100.00%,-1705,10090.9,0,0,1,0,0,0,0,0,0,1,0,0,0,0,0,0,3,3,0,35.6
Jwei,SUPPORT,RA,UP,Niket,Nirvana,11.07.2024,v14.13,1,Red,0:22:42,Rell,Loss,10,0,4,2,0,1.4,198,13.50%,2.39,1.28,0.53,0.18,36.70%,137,9.10%,100.00%,-690,10971.9,0,0,1,0,0,0,0,0,0,1,0,0,0,0,0,0,3,3,0,35.6
Xiaoxu,TOP,RA,UP,Qingtian,Nirvana,11.07.2024,v14.13,2,Blue,0:33:55,Renekton,Loss,16,2,4,5,20,8.1,378,21.70%,0.73,0.32,0.09,0.06,8.60%,365,16.80%,58.30%,-613,29447.1,0,0,0.25,0,0,2,0,2,0,6,1,0,0,0,0,0,6,2,0,40.8
Xiaohao,JUNGLE,RA,UP,H4cker,Nirvana,11.07.2024,v14.13,2,Blue,0:33:55,Sejuani,Loss,15,2,2,9,150,5.4,328,18.90%,2.03,0.35,0.32,0.71,23.90%,329,15.20%,91.70%,-1245,34039.8,1,0,1,0,0,2,0,2,0,6,1,0,0,0,0,0,6,2,0,40.8
Vicla,MID,RA,UP,Yuekai,Nirvana,11.07.2024,v14.13,2,Blue,0:33:55,Yone,Loss,16,1,2,6,9,8.3,356,20.50%,1.07,0.32,0.21,0.21,12.60%,594,27.40%,58.30%,-412,18686.2,1,0,1,0,0,2,0,2,0,6,1,0,0,0,0,0,6,2,0,40.8
Assum,ADCARRY,RA,UP,Doggo,Nirvana,11.07.2024,v14.13,2,Blue,0:33:55,Miss_Fortune,Loss,15,6,4,3,16,9.5,458,26.30%,1.06,0.38,0.18,0.29,12.50%,738,34.00%,75.00%,310,10462.3,0,0,0.75,0,0,2,0,2,0,6,1,0,0,0,0,0,6,2,0,40.8
Jwei,SUPPORT,RA,UP,Niket,Nirvana,11.07.2024,v14.13,2,Blue,0:33:55,Nautilus,Loss,13,1,4,3,0,0.9,219,12.60%,3.61,1.86,0.56,0.35,42.40%,144,6.60%,33.30%,-221,18368.1,0,0,0.25,0,0,2,0,2,0,6,1,0,0,0,0,0,6,2,0,40.8
Qingtian,TOP,UP,RA,Xiaoxu,Nirvana,11.07.2024,v14.13,2,Red,0:33:55,KSante,Win,17,2,1,8,0,7.6,378,18.90%,1.34,0.32,0.21,0.38,14.20%,402,16.60%,62.50%,613,26957.1,0,0,0.4,1,1,9,1,3,0,0,0,1,2,0,0,0,6,4,0,59.2
H4cker,JUNGLE,UP,RA,Xiaohao,Nirvana,11.07.2024,v14.13,2,Red,0:33:55,Brand,Win,17,3,2,12,211,7.2,396,19.90%,1.52,0.41,0.41,0.29,16.00%,645,26.70%,93.80%,1245,24620.6,0,1,1,1,1,9,1,3,0,0,0,1,2,0,0,0,6,4,0,59.2
Yuekai,MID,UP,RA,Vicla,Nirvana,11.07.2024,v14.13,2,Red,0:33:55,Lucian,Win,17,4,3,7,36,8.9,482,24.20%,1.24,0.44,0.09,0.12,13.10%,609,25.20%,68.80%,412,16580.4,0,0,0.8,1,1,9,1,3,0,0,0,1,2,0,0,0,6,4,0,59.2
Doggo,ADCARRY,UP,RA,Assum,Nirvana,11.07.2024,v14.13,2,Red,0:33:55,Zeri,Win,17,7,2,7,36,10.2,481,24.10%,1.53,0.59,0.27,0.41,16.20%,611,25.30%,87.50%,-310,14049,0,0,0.8,1,1,9,1,3,0,0,0,1,2,0,0,0,6,4,0,59.2
Niket,SUPPORT,UP,RA,Jwei,Nirvana,11.07.2024,v14.13,2,Red,0:33:55,Leona,Win,13,0,4,12,0,1.1,258,12.90%,3.83,1.8,0.41,0.56,40.50%,148,6.10%,75.00%,221,22387.6,0,0,0.6,1,1,9,1,3,0,0,0,1,2,0,0,0,6,4,0,59.2
shanji,TOP,NIP,AL,Ale,Ascend,11.07.2024,v14.13,1,Blue,0:33:00,Kennen,Loss,16,1,5,1,12,7.6,329,20.00%,1.19,0.18,0.03,0.15,11.30%,623,27.40%,40.00%,-454,19820.9,0,0,0.667,0,0,2,0,1,0,3,1,0,0,1,1,0,3,0,0,45.2
AKi,JUNGLE,NIP,AL,Croco,Ascend,11.07.2024,v14.13,1,Blue,0:33:00,Sejuani,Loss,14,0,1,4,140,5.1,270,16.40%,2.11,0.88,0.21,0.48,20.00%,247,10.90%,80.00%,-45,31924.2,0,0,0.667,0,0,2,0,1,0,3,1,0,0,1,1,0,3,0,0,45.2
RooKie,MID,NIP,AL,Shanks,Ascend,11.07.2024,v14.13,1,Blue,0:33:00,Corki,Loss,17,3,1,2,26,10.8,443,26.90%,1.64,0.45,0.21,0.67,15.60%,860,37.80%,100.00%,193,24716.9,0,0,1,0,0,2,0,1,0,3,1,0,0,1,1,0,3,0,0,45.2
Photic,ADCARRY,NIP,AL,Hope,Ascend,11.07.2024,v14.13,1,Blue,0:33:00,Ezreal,Loss,16,1,3,1,12,9.8,382,23.20%,1.16,0.3,0.09,0.48,11.00%,423,18.60%,40.00%,-687,18230.9,0,0,0.333,0,0,2,0,1,0,3,1,0,0,1,1,0,3,0,0,45.2
Zhuo,SUPPORT,NIP,AL,Kael,Ascend,11.07.2024,v14.13,1,Blue,0:33:00,Braum,Loss,12,0,3,4,0,1.4,223,13.50%,4.44,2.15,0.64,0.97,42.10%,122,5.40%,80.00%,-171,20635.7,0,0,0.667,0,0,2,0,1,0,3,1,0,0,1,1,0,3,0,0,45.2
Ale,TOP,AL,NIP,shanji,Ascend,11.07.2024,v14.13,1,Red,0:33:00,Renekton,Win,18,4,1,5,0,8.8,436,21.30%,1.25,0.45,0.27,0.3,10.80%,466,18.40%,69.20%,454,38599.6,1,0,0.667,1,0,10,1,4,0,3,0,1,2,1,0,0,3,3,0,54.8
Croco,JUNGLE,AL,NIP,AKi,Ascend,11.07.2024,v14.13,1,Red,0:33:00,Brand,Win,16,1,3,6,194,6.4,345,16.90%,2.06,0.82,0.3,0.3,17.80%,370,14.70%,53.80%,45,26564.2,1,0,1,1,0,10,1,4,0,3,0,1,2,1,0,0,3,3,0,54.8
Shanks,MID,AL,NIP,RooKie,Ascend,11.07.2024,v14.13,1,Red,0:33:00,Zeri,Win,18,2,0,7,32,10.1,460,22.50%,1.54,0.42,0.15,0.52,13.30%,547,21.60%,69.20%,-193,21103.2,0,0,0,1,0,10,1,4,0,3,0,1,2,1,0,0,3,3,0,54.8
Hope,ADCARRY,AL,NIP,Photic,Ascend,11.07.2024,v14.13,1,Red,0:33:00,Miss_Fortune,Win,18,6,0,3,4,11.2,534,26.10%,1.33,0.55,0.21,0.3,11.50%,961,38.00%,69.20%,687,13103.7,0,0,0.333,1,0,10,1,4,0,3,0,1,2,1,0,0,3,3,0,54.8
Kael,SUPPORT,AL,NIP,Zhuo,Ascend,11.07.2024,v14.13,1,Red,0:33:00,Rakan,Win,13,0,1,12,0,1.3,269,13.20%,5.4,2.88,0.52,0.88,46.60%,183,7.20%,92.30%,171,16094.5,0,1,0.667,1,0,10,1,4,0,3,0,1,2,1,0,0,3,3,0,54.8
Ale,TOP,AL,NIP,shanji,Ascend,11.07.2024,v14.13,2,Blue,0:37:33,KSante,Win,18,6,3,8,12,8.2,472,22.40%,0.96,0.35,0.13,0.24,11.00%,413,15.00%,48.30%,212,43196.8,0,0,0.6,1,1,10,0,3,0,6,1,1,3,0,0,0,5,3,2,59.5
Croco,JUNGLE,AL,NIP,AKi,Ascend,11.07.2024,v14.13,2,Blue,0:37:33,Brand,Win,18,11,1,11,242,7.3,465,22.10%,1.99,0.69,0.19,0.27,22.80%,958,34.70%,75.90%,1086,30994.3,1,1,0.8,1,1,10,0,3,0,6,1,1,3,0,0,0,5,3,2,59.5
Shanks,MID,AL,NIP,RooKie,Ascend,11.07.2024,v14.13,2,Blue,0:37:33,Yone,Win,18,7,4,7,10,8.6,469,22.30%,0.72,0.08,0.03,0.27,8.30%,522,18.90%,48.30%,939,37332.5,0,0,0.4,1,1,10,0,3,0,6,1,1,3,0,0,0,5,3,2,59.5
Hope,ADCARRY,AL,NIP,Photic,Ascend,11.07.2024,v14.13,2,Blue,0:37:33,Varus,Win,17,3,7,12,18,7.9,419,19.90%,1.2,0.37,0.08,0.51,13.80%,666,24.20%,51.70%,-788,25253,1,0,0.4,1,1,10,0,3,0,6,1,1,3,0,0,0,5,3,2,59.5
Kael,SUPPORT,AL,NIP,Zhuo,Ascend,11.07.2024,v14.13,2,Blue,0:37:33,Nautilus,Win,15,2,3,13,0,1.4,280,13.30%,3.84,2.05,0.64,0.37,44.00%,199,7.20%,51.70%,440,23744.8,1,0,0.4,1,1,10,0,3,0,6,1,1,3,0,0,0,5,3,2,59.5
shanji,TOP,NIP,AL,Ale,Ascend,11.07.2024,v14.13,2,Red,0:37:33,Kennen,Loss,17,8,9,2,8,7.5,426,23.60%,0.75,0.21,0.13,0.24,8.20%,879,28.20%,55.60%,-212,27384.7,0,0,0.5,0,0,3,1,2,0,0,0,0,0,0,0,0,5,0,2,40.5
AKi,JUNGLE,NIP,AL,Croco,Ascend,11.07.2024,v14.13,2,Red,0:37:33,Nocturne,Loss,16,2,5,11,176,5.5,328,18.20%,1.28,0.61,0.27,0.13,13.90%,341,10.90%,72.20%,-1086,44270.2,0,0,0.5,0,0,3,1,2,0,0,0,0,0,0,0,0,5,0,2,40.5
RooKie,MID,NIP,AL,Shanks,Ascend,11.07.2024,v14.13,2,Red,0:37:33,Ahri,Loss,18,2,4,9,4,8.8,381,21.10%,1.55,0.75,0.37,0.24,16.90%,757,24.30%,61.10%,-939,24939.7,0,0,0,0,0,3,1,2,0,0,0,0,0,0,0,0,5,0,2,40.5
Photic,ADCARRY,NIP,AL,Hope,Ascend,11.07.2024,v14.13,2,Red,0:37:33,Miss_Fortune,Loss,18,6,4,5,4,9.9,455,25.20%,1.63,0.35,0.03,0.64,17.80%,979,31.40%,61.10%,788,15235.1,0,0,0.5,0,0,3,1,2,0,0,0,0,0,0,0,0,5,0,2,40.5
Zhuo,SUPPORT,NIP,AL,Kael,Ascend,11.07.2024,v14.13,2,Red,0:37:33,Rell,Loss,13,0,7,10,0,0.8,214,11.90%,3.95,2.13,0.64,0.45,43.10%,159,5.10%,55.60%,-440,28359.1,0,0,0.5,0,0,3,1,2,0,0,0,0,0,0,0,0,5,0,2,40.5
Burbol,TOP,LGD,JDG,sheer,Ascend,12.07.2024,v14.13,1,Blue,0:35:23,Camille,Loss,18,2,5,3,8,8.7,391,21.80%,1.03,0.37,0.23,0.23,11.60%,434,17.80%,55.60%,-1135,33378.9,0,0,0,0,0,3,1,2,0,4,0,0,0,0,0,0,5,1,0,38.4
Meteor,JUNGLE,LGD,JDG,Kanavi,Ascend,12.07.2024,v14.13,1,Blue,0:35:23,Brand,Loss,16,0,4,7,178,6.6,313,17.50%,1.55,0.25,0.23,0.73,17.40%,824,33.80%,77.80%,-1479,27178.3,0,0,1,0,0,3,1,2,0,4,0,0,0,0,0,0,5,1,0,38.4
Haichao,MID,LGD,JDG,Yagao,Ascend,12.07.2024,v14.13,1,Blue,0:35:23,Lucian,Loss,18,2,1,2,8,9.4,395,22.00%,1.12,0.54,0.2,0.45,12.60%,400,16.40%,44.40%,-736,20422.5,0,0,0.5,0,0,3,1,2,0,4,0,0,0,0,0,0,5,1,0,38.4
Shaoye,ADCARRY,LGD,JDG,Ruler,Ascend,12.07.2024,v14.13,1,Blue,0:35:23,Zeri,Loss,17,4,2,4,7,9.2,451,25.10%,1.29,0.4,0.11,0.45,14.50%,625,25.60%,88.90%,-705,23703,0,0,1,0,0,3,1,2,0,4,0,0,0,0,0,0,5,1,0,38.4
jinjiao,SUPPORT,LGD,JDG,Missing,Ascend,12.07.2024,v14.13,1,Blue,0:35:23,Leona,Loss,13,1,6,7,0,1,242,13.50%,3.91,2.49,0.62,0.48,43.90%,156,6.40%,88.90%,-199,31632.7,0,0,1,0,0,3,1,2,0,4,0,0,0,0,0,0,5,1,0,38.4
sheer,TOP,JDG,LGD,Burbol,Ascend,12.07.2024,v14.13,1,Red,0:35:23,KSante,Win,18,5,2,5,0,8.1,421,20.20%,0.52,0.17,0.11,0.03,5.00%,381,11.70%,55.60%,1135,31403.1,0,0,0,1,1,11,0,3,0,2,1,1,2,0,0,0,5,4,0,61.6
Kanavi,JUNGLE,JDG,LGD,Meteor,Ascend,12.07.2024,v14.13,1,Red,0:35:23,Zyra,Win,18,5,2,10,275,9.4,473,22.70%,2.89,1.02,0.06,0.79,27.40%,817,25.20%,83.30%,1479,19743.3,1,0,0.75,1,1,11,0,3,0,2,1,1,2,0,0,0,5,4,0,61.6
Yagao,MID,JDG,LGD,Haichao,Ascend,12.07.2024,v14.13,1,Red,0:35:23,Corki,Win,18,4,2,10,20,8.5,441,21.20%,1.62,0.37,0.08,0.45,15.30%,873,26.90%,77.80%,736,18939.5,1,0,1,1,1,11,0,3,0,2,1,1,2,0,0,0,5,4,0,61.6
Ruler,ADCARRY,JDG,LGD,Shaoye,Ascend,12.07.2024,v14.13,1,Red,0:35:23,Ezreal,Win,18,4,1,7,28,10.5,488,23.40%,1.34,0.45,0.14,0.4,12.70%,1048,32.30%,61.10%,705,20193.2,1,1,0.75,1,1,11,0,3,0,2,1,1,2,0,0,0,5,4,0,61.6
Missing,SUPPORT,JDG,LGD,jinjiao,Ascend,12.07.2024,v14.13,1,Red,0:35:23,Rell,Win,14,0,2,15,0,1.3,263,12.60%,4.17,2.23,0.65,0.73,39.60%,126,3.90%,83.30%,199,16962.7,1,0,0.5,1,1,11,0,3,0,2,1,1,2,0,0,0,5,4,0,61.6
sheer,TOP,JDG,LGD,Burbol,Ascend,12.07.2024,v14.13,2,Blue,0:28:31,KSante,Win,15,2,1,5,2,7.5,379,18.60%,1.21,0.35,0.21,0.28,12.20%,313,12.40%,50.00%,285,23953.3,0,0,0.333,1,1,8,0,2,0,4,1,1,1,2,1,0,5,4,0,59
Kanavi,JUNGLE,JDG,LGD,Meteor,Ascend,12.07.2024,v14.13,2,Blue,0:28:31,Nidalee,Win,16,5,2,7,215,8.5,471,23.20%,2.27,0.21,0.18,0.84,22.80%,791,31.30%,85.70%,606,30631.1,0,1,0.667,1,1,8,0,2,0,4,1,1,1,2,1,0,5,4,0,59
Yagao,MID,JDG,LGD,Haichao,Ascend,12.07.2024,v14.13,2,Blue,0:28:31,Tristana,Win,16,1,3,9,12,9.2,438,21.60%,1.11,0.39,0.11,0.28,11.20%,523,20.70%,71.40%,1265,17933,0,0,1,1,1,8,0,2,0,4,1,1,1,2,1,0,5,4,0,59
Ruler,ADCARRY,JDG,LGD,Shaoye,Ascend,12.07.2024,v14.13,2,Blue,0:28:31,Miss_Fortune,Win,16,5,1,5,16,11.3,490,24.10%,2.15,0.42,0.18,0.88,21.70%,700,27.70%,71.40%,224,9491.85,0,0,0.667,1,1,8,0,2,0,4,1,1,1,2,1,0,5,4,0,59
Missing,SUPPORT,JDG,LGD,jinjiao,Ascend,12.07.2024,v14.13,2,Blue,0:28:31,Nautilus,Win,12,1,5,8,0,0.8,253,12.50%,3.18,1.96,0.67,0.25,32.00%,197,7.80%,64.30%,90,15468.5,0,0,0.333,1,1,8,0,2,0,4,1,1,1,2,1,0,5,4,0,59
Burbol,TOP,LGD,JDG,sheer,Ascend,12.07.2024,v14.13,2,Red,0:28:31,Poppy,Loss,15,1,2,5,0,7.2,320,18.50%,1.49,0.42,0.28,0.39,16.50%,521,21.40%,50.00%,-285,21894.9,0,0,0.4,0,0,2,1,2,0,2,0,0,0,2,1,0,5,1,0,41
Meteor,JUNGLE,LGD,JDG,Kanavi,Ascend,12.07.2024,v14.13,2,Red,0:28:31,Brand,Loss,14,4,2,7,166,6.3,362,21.00%,1.36,0.35,0.28,0.25,15.00%,865,35.50%,91.70%,-606,23506.1,1,0,0.8,0,0,2,1,2,0,2,0,0,0,2,1,0,5,1,0,41
Haichao,MID,LGD,JDG,Yagao,Ascend,12.07.2024,v14.13,2,Red,0:28:31,Corki,Loss,16,0,1,8,0,9.9,388,22.50%,1.07,0.42,0.14,0.25,11.80%,415,17.00%,66.70%,-1265,14465.3,0,0,0.6,0,0,2,1,2,0,2,0,0,0,2,1,0,5,1,0,41
Shaoye,ADCARRY,LGD,JDG,Ruler,Ascend,12.07.2024,v14.13,2,Red,0:28:31,Kalista,Loss,14,7,3,4,4,8.8,426,24.70%,2.28,1.09,0.21,0.49,25.10%,493,20.20%,91.70%,-224,14730.8,1,0,0.8,0,0,2,1,2,0,2,0,0,0,2,1,0,5,1,0,41
jinjiao,SUPPORT,LGD,JDG,Missing,Ascend,12.07.2024,v14.13,2,Red,0:28:31,Rell,Loss,11,0,6,11,0,1.1,227,13.20%,2.86,1.47,0.56,0.39,31.50%,143,5.90%,91.70%,-90,18733.2,1,0,0.8,0,0,2,1,2,0,2,0,0,0,2,1,0,5,1,0,41
Solokill,TOP,EDG,OMG,Hery,Nirvana,12.07.2024,v14.13,1,Blue,0:41:33,Renekton,Loss,18,2,3,9,14,6.6,332,17.50%,1.58,0.51,0.34,0.31,12.60%,351,12.90%,52.40%,-686,49380.7,1,0,0.5,1,1,6,0,4,1,6,1,0,0,0,0,0,8,2,3,53
Jiejie,JUNGLE,EDG,OMG,Tianzhen,Nirvana,12.07.2024,v14.13,1,Blue,0:41:33,Brand,Loss,18,2,3,10,222,7.3,381,20.10%,1.88,0.24,0.22,0.65,15.10%,733,27.00%,57.10%,1146,37226.1,1,0,1,1,1,6,0,4,1,6,1,0,0,0,0,0,8,2,3,53
Cryin,MID,EDG,OMG,Angel,Nirvana,12.07.2024,v14.13,1,Blue,0:41:33,Corki,Loss,18,9,4,8,12,8.1,441,23.30%,1.28,0.46,0.14,0.1,10.20%,803,29.50%,81.00%,681,24236.4,0,0,0.5,1,1,6,0,4,1,6,1,0,0,0,0,0,8,2,3,53
Leave,ADCARRY,EDG,OMG,Starry,Nirvana,12.07.2024,v14.13,1,Blue,0:41:33,Kaisa,Loss,18,7,2,8,43,9.9,479,25.30%,1.2,0.34,0.07,0.31,9.60%,753,27.70%,71.40%,176,19209.3,0,0,0.5,1,1,6,0,4,1,6,1,0,0,0,0,0,8,2,3,53
Wink,SUPPORT,EDG,OMG,Ppgod,Nirvana,12.07.2024,v14.13,1,Blue,0:41:33,Rakan,Loss,14,1,4,12,0,1.5,261,13.80%,6.56,3.92,0.67,0.91,52.50%,79,2.90%,61.90%,744,28146.6,1,0,1,1,1,6,0,4,1,6,1,0,0,0,0,0,8,2,3,53
Hery,TOP,OMG,EDG,Solokill,Nirvana,12.07.2024,v14.13,1,Red,0:41:33,Kennen,Win,18,5,7,7,4,7.3,407,21.40%,1.2,0.34,0.24,0.24,11.70%,704,23.50%,75.00%,686,22528.2,0,0,\,0,0,9,1,2,0,0,0,1,3,0,0,0,8,3,3,47
Tianzhen,JUNGLE,OMG,EDG,Jiejie,Nirvana,12.07.2024,v14.13,1,Red,0:41:33,Vi,Win,16,0,7,6,179,5.1,292,15.30%,2.26,0.48,0.53,0.77,22.10%,121,4.00%,37.50%,-1146,37771.5,0,1,\,0,0,9,1,2,0,0,0,1,3,0,0,0,8,3,3,47
Angel,MID,OMG,EDG,Cryin,Nirvana,12.07.2024,v14.13,1,Red,0:41:33,Lucian,Win,18,6,3,8,30,9.9,455,23.90%,1.83,0.53,0.19,0.91,17.90%,744,24.90%,87.50%,-681,25068.8,0,0,\,0,0,9,1,2,0,0,0,1,3,0,0,0,8,3,3,47
Starry,ADCARRY,OMG,EDG,Leave,Nirvana,12.07.2024,v14.13,1,Red,0:41:33,Ezreal,Win,18,4,1,7,45,10.7,488,25.60%,1.16,0.31,0.05,0.48,11.30%,1241,41.40%,68.80%,-176,20075.6,0,0,\,0,0,9,1,2,0,0,0,1,3,0,0,0,8,3,3,47
Ppgod,SUPPORT,OMG,EDG,Wink,Nirvana,12.07.2024,v14.13,1,Red,0:41:33,Nautilus,Win,16,1,3,13,0,1,263,13.80%,3.79,1.95,0.55,0.51,37.00%,184,6.20%,87.50%,-744,32706,0,0,\,0,0,9,1,2,0,0,0,1,3,0,0,0,8,3,3,47
Hery,TOP,OMG,EDG,Solokill,Nirvana,12.07.2024,v14.13,2,Blue,0:33:42,Renekton,Loss,16,0,4,2,12,8.5,346,20.70%,1.1,0.24,0.12,0.21,9.50%,306,16.40%,28.60%,472,34658.9,0,0,0,0,0,3,1,2,0,3,1,0,0,0,0,0,5,0,0,50.6
Tianzhen,JUNGLE,OMG,EDG,Jiejie,Nirvana,12.07.2024,v14.13,2,Blue,0:33:42,Vi,Loss,15,3,4,2,171,6.2,317,19.00%,2.15,0.53,0.56,0.8,18.50%,173,9.30%,71.40%,-90,28304.9,0,0,0.5,0,0,3,1,2,0,3,1,0,0,0,0,0,5,0,0,50.6
Angel,MID,OMG,EDG,Cryin,Nirvana,12.07.2024,v14.13,2,Blue,0:33:42,LeBlanc,Loss,16,2,2,2,0,8.3,368,22.00%,2.52,0.77,0.15,0.86,21.80%,470,25.20%,57.10%,254,15796,0,0,0.5,0,0,3,1,2,0,3,1,0,0,0,0,0,5,0,0,50.6
Starry,ADCARRY,OMG,EDG,Leave,Nirvana,12.07.2024,v14.13,2,Blue,0:33:42,Ezreal,Loss,16,1,2,5,27,10.3,421,25.20%,1.19,0.39,0.18,0.39,10.20%,739,39.60%,85.70%,518,13587,1,0,0.5,0,0,3,1,2,0,3,1,0,0,0,0,0,5,0,0,50.6
Ppgod,SUPPORT,OMG,EDG,Wink,Nirvana,12.07.2024,v14.13,2,Blue,0:33:42,Poppy,Loss,10,1,6,2,0,0.9,220,13.20%,4.63,3.06,0.65,0.47,40.00%,178,9.60%,42.90%,15,25441.6,1,0,0.5,0,0,3,1,2,0,3,1,0,0,0,0,0,5,0,0,50.6
Solokill,TOP,EDG,OMG,Hery,Nirvana,12.07.2024,v14.13,2,Red,0:33:42,KSante,Win,16,4,2,10,0,5.8,336,18.00%,1.13,0.42,0.24,0.18,11.00%,487,18.60%,77.80%,-472,25889.7,0,0,0.5,1,1,9,0,3,0,3,0,1,1,0,0,0,5,5,0,49.4
Jiejie,JUNGLE,EDG,OMG,Tianzhen,Nirvana,12.07.2024,v14.13,2,Red,0:33:42,Lee_Sin,Win,16,3,2,12,176,6.5,380,20.30%,1.45,0.45,0.24,0.47,14.10%,349,13.40%,83.30%,90,29462.5,0,0,1,1,1,9,0,3,0,3,0,1,1,0,0,0,5,5,0,49.4
Cryin,MID,EDG,OMG,Angel,Nirvana,12.07.2024,v14.13,2,Red,0:33:42,Malzahar,Win,17,4,2,9,4,7.3,387,20.70%,1.34,0.53,0.21,0.21,12.90%,560,21.40%,72.20%,-254,14018.5,0,0,0.5,1,1,9,0,3,0,3,0,1,1,0,0,0,5,5,0,49.4
Leave,ADCARRY,EDG,OMG,Starry,Nirvana,12.07.2024,v14.13,2,Red,0:33:42,Kaisa,Win,16,6,0,11,25,10.1,494,26.50%,1.57,0.21,0.03,0.8,15.20%,1022,39.10%,94.40%,-518,11844.8,0,1,0.5,1,1,9,0,3,0,3,0,1,1,0,0,0,5,5,0,49.4
Wink,SUPPORT,EDG,OMG,Ppgod,Nirvana,12.07.2024,v14.13,2,Red,0:33:42,Rakan,Win,13,1,1,16,0,1.2,270,14.50%,4.83,3.32,0.65,0.8,46.80%,194,7.40%,94.40%,-15,9320.37,0,0,1,1,1,9,0,3,0,3,0,1,1,0,0,0,5,5,0,49.4
Solokill,TOP,EDG,OMG,Hery,Nirvana,12.07.2024,v14.13,3,Blue,0:30:27,KSante,Loss,15,0,4,1,4,6.6,283,16.70%,1.05,0.33,0.16,0.1,11.50%,139,6.50%,12.50%,-2512,28014.8,0,0,0.2,0,0,4,1,3,0,3,1,0,0,1,0,1,4,0,0,45.1
Jiejie,JUNGLE,EDG,OMG,Tianzhen,Nirvana,12.07.2024,v14.13,3,Blue,0:30:27,Brand,Loss,14,1,5,5,159,6.1,315,18.60%,1.63,0.26,0.26,0.46,17.80%,612,28.70%,75.00%,-396,25502.2,1,0,1,0,0,4,1,3,0,3,1,0,0,1,0,1,4,0,0,45.1
Cryin,MID,EDG,OMG,Angel,Nirvana,12.07.2024,v14.13,3,Blue,0:30:27,Corki,Loss,16,4,3,2,5,9.3,445,26.20%,1.25,0.49,0.2,0.26,13.60%,800,37.50%,75.00%,119,21676.2,1,0,0.6,0,0,4,1,3,0,3,1,0,0,1,0,1,4,0,0,45.1
Leave,ADCARRY,EDG,OMG,Starry,Nirvana,12.07.2024,v14.13,3,Blue,0:30:27,Zeri,Loss,14,3,4,2,24,10.1,422,24.90%,1.6,0.33,0.13,0.53,17.40%,477,22.30%,62.50%,-65,19077.5,0,0,0.8,0,0,4,1,3,0,3,1,0,0,1,0,1,4,0,0,45.1
Wink,SUPPORT,EDG,OMG,Ppgod,Nirvana,12.07.2024,v14.13,3,Blue,0:30:27,Nautilus,Loss,12,0,5,4,0,1.4,229,13.50%,3.64,1.97,0.69,0.46,39.70%,105,4.90%,50.00%,16,16316.4,0,0,0.6,0,0,4,1,3,0,3,1,0,0,1,0,1,4,0,0,45.1
Hery,TOP,OMG,EDG,Solokill,Nirvana,12.07.2024,v14.13,3,Red,0:30:27,Gnar,Win,17,1,0,5,0,9.7,444,21.90%,0.81,0.46,0.13,0.1,9.30%,508,18.40%,28.60%,2512,22157.8,0,0,0,1,1,7,0,2,0,3,0,1,1,1,0,1,4,4,0,54.9
Tianzhen,JUNGLE,OMG,EDG,Jiejie,Nirvana,12.07.2024,v14.13,3,Red,0:30:27,Lillia,Win,17,5,4,10,202,7.1,398,19.60%,1.15,0.36,0.33,0.13,13.30%,572,20.70%,71.40%,396,35082.1,0,0,1,1,1,7,0,2,0,3,0,1,1,1,0,1,4,4,0,54.9
Angel,MID,OMG,EDG,Cryin,Nirvana,12.07.2024,v14.13,3,Red,0:30:27,Lucian,Win,16,2,1,11,11,8.7,406,20.10%,1.64,0.53,0.2,0.39,19.00%,611,22.10%,61.90%,-119,13367.1,0,0,0.4,1,1,7,0,2,0,3,0,1,1,1,0,1,4,4,0,54.9
Starry,ADCARRY,OMG,EDG,Leave,Nirvana,12.07.2024,v14.13,3,Red,0:30:27,Kaisa,Win,16,13,0,3,21,9.6,520,25.60%,1.48,0.59,0.3,0.36,17.10%,935,33.80%,76.20%,65,10127.9,0,1,0.8,1,1,7,0,2,0,3,0,1,1,1,0,1,4,4,0,54.9
Ppgod,SUPPORT,OMG,EDG,Wink,Nirvana,12.07.2024,v14.13,3,Red,0:30:27,Rell,Win,13,0,3,16,0,1.3,259,12.80%,3.56,2.07,0.66,0.36,41.30%,139,5.00%,76.20%,-16,19604.6,0,0,0.8,1,1,7,0,2,0,3,0,1,1,1,0,1,4,4,0,54.9
369,TOP,TES,BLG,Bin,Ascend,12.07.2024,v14.13,1,Blue,0:42:56,Jayce,Win,18,6,7,7,31,7.4,429,22.30%,1.16,0.4,0.09,0.21,12.50%,984,31.30%,61.90%,-498,26815.9,0,0,0.167,1,1,9,0,2,0,3,0,0,2,1,0,0,6,2,2,47.1
Tian,JUNGLE,TES,BLG,XUN,Ascend,12.07.2024,v14.13,1,Blue,0:42:56,Sejuani,Win,17,3,3,11,168,5.4,337,17.50%,1.69,0.44,0.4,0.37,18.30%,312,9.90%,66.70%,-751,48067,0,0,0.5,1,1,9,0,2,0,3,0,0,2,1,0,0,6,2,2,47.1
Creme,MID,TES,BLG,Knight,Ascend,12.07.2024,v14.13,1,Blue,0:42:56,Azir,Win,18,6,3,6,60,10.2,467,24.30%,1.59,0.44,0.12,0.4,17.10%,972,30.90%,57.10%,-764,22766.6,0,0,0.167,1,1,9,0,2,0,3,0,0,2,1,0,0,6,2,2,47.1
JackeyLove,ADCARRY,TES,BLG,Elk,Ascend,12.07.2024,v14.13,1,Blue,0:42:56,Senna,Win,17,5,3,12,4,2.4,341,17.70%,3.86,1.47,0.47,0.84,41.70%,512,16.30%,81.00%,-261,20672.8,0,0,1,1,1,9,0,2,0,3,0,0,2,1,0,0,6,2,2,47.1
meiko,SUPPORT,TES,BLG,ON,Ascend,12.07.2024,v14.13,1,Blue,0:42:56,Ornn,Win,18,1,3,14,4,6.7,349,18.20%,0.97,0.56,0.14,0.21,10.40%,365,11.60%,71.40%,1541,43427.3,0,1,0.833,1,1,9,0,2,0,3,0,0,2,1,0,0,6,2,2,47.1
Bin,TOP,BLG,TES,369,Ascend,12.07.2024,v14.13,1,Red,0:42:56,Renekton,Loss,18,5,4,6,9,7.6,360,20.10%,1.07,0.42,0.16,0.12,11.30%,424,14.60%,57.90%,498,47322.6,1,0,0.571,0,0,5,1,4,0,3,1,1,1,1,1,0,6,2,2,52.9
XUN,JUNGLE,BLG,TES,Tian,Ascend,12.07.2024,v14.13,1,Red,0:42:56,Nidalee,Loss,18,5,3,11,228,6.5,354,19.70%,1.22,0.16,0.14,0.4,12.80%,690,23.70%,84.20%,751,42536.4,1,0,0.857,0,0,5,1,4,0,3,1,1,1,1,1,0,6,2,2,52.9
Knight,MID,BLG,TES,Creme,Ascend,12.07.2024,v14.13,1,Red,0:42:56,Yone,Loss,18,3,3,8,38,7.9,373,20.80%,1.19,0.35,0.28,0.21,12.50%,554,19.00%,57.90%,764,32199.2,1,0,0.286,0,0,5,1,4,0,3,1,1,1,1,1,0,6,2,2,52.9
Elk,ADCARRY,BLG,TES,JackeyLove,Ascend,12.07.2024,v14.13,1,Red,0:42:56,Ashe,Loss,18,4,4,12,25,9.2,457,25.50%,1.01,0.23,0.02,0.26,10.60%,924,31.80%,84.20%,261,19427.9,1,0,0.714,0,0,5,1,4,0,3,1,1,1,1,1,0,6,2,2,52.9
ON,SUPPORT,BLG,TES,meiko,Ascend,12.07.2024,v14.13,1,Red,0:42:56,Renata_Glasc,Loss,14,2,7,12,0,1.1,250,13.90%,5.02,3.21,0.7,0.7,52.70%,317,10.90%,73.70%,-1541,35941.4,1,0,0.714,0,0,5,1,4,0,3,1,1,1,1,1,0,6,2,2,52.9
Bin,TOP,BLG,TES,369,Ascend,12.07.2024,v14.13,2,Blue,0:28:09,Kennen,Win,15,5,6,6,4,7.2,409,20.30%,0.93,0.32,0.14,0.21,11.90%,574,17.70%,52.40%,-610,19337.4,1,0,0.5,0,0,10,1,4,0,0,1,1,1,0,0,0,5,4,1,47.9
XUN,JUNGLE,BLG,TES,Tian,Ascend,12.07.2024,v14.13,2,Blue,0:28:09,Maokai,Win,14,1,0,13,131,5.2,315,15.60%,0.94,0.21,0.14,0.21,12.00%,507,15.60%,66.70%,-735,32874.8,0,0,0.333,0,0,10,1,4,0,0,1,1,1,0,0,0,5,4,1,47.9
Knight,MID,BLG,TES,Creme,Ascend,12.07.2024,v14.13,2,Blue,0:28:09,Tristana,Win,17,7,0,9,9,10.2,527,26.10%,1.4,0.46,0.14,0.36,17.90%,690,21.20%,76.20%,704,15460.4,0,1,0.5,0,0,10,1,4,0,0,1,1,1,0,0,0,5,4,1,47.9
Elk,ADCARRY,BLG,TES,JackeyLove,Ascend,12.07.2024,v14.13,2,Blue,0:28:09,Ezreal,Win,16,7,1,9,16,9.3,492,24.40%,0.74,0.36,0.11,0.14,9.60%,1200,36.90%,76.20%,1278,16777.7,0,0,0.5,0,0,10,1,4,0,0,1,1,1,0,0,0,5,4,1,47.9
ON,SUPPORT,BLG,TES,meiko,Ascend,12.07.2024,v14.13,2,Blue,0:28:09,Leona,Win,12,1,3,8,0,1.2,275,13.60%,3.79,1.85,0.57,0.5,48.60%,282,8.70%,42.90%,-2230,21942.4,0,0,0.5,0,0,10,1,4,0,0,1,1,1,0,0,0,5,4,1,47.9
369,TOP,TES,BLG,Bin,Ascend,12.07.2024,v14.13,2,Red,0:28:09,Jayce,Loss,14,1,7,5,13,7.8,379,21.10%,1.15,0.46,0.18,0.04,16.80%,820,32.70%,60.00%,610,20150.4,0,0,0.75,1,2,5,0,0,0,6,0,0,0,0,0,0,5,0,1,52.1
Tian,JUNGLE,TES,BLG,XUN,Ascend,12.07.2024,v14.13,2,Red,0:28:09,Lee_Sin,Loss,13,4,3,2,153,5.9,337,18.80%,1.33,0.53,0.32,0.25,19.40%,301,12.00%,60.00%,735,30633.8,0,0,0.5,1,2,5,0,0,0,6,0,0,0,0,0,0,5,0,1,52.1
Creme,MID,TES,BLG,Knight,Ascend,12.07.2024,v14.13,2,Red,0:28:09,Azir,Loss,15,1,3,4,6,9.6,435,24.20%,0.9,0.43,0.14,0.18,13.20%,606,24.20%,50.00%,-704,14657.8,0,0,0,1,2,5,0,0,0,6,0,0,0,0,0,0,5,0,1,52.1
JackeyLove,ADCARRY,TES,BLG,Elk,Ascend,12.07.2024,v14.13,2,Red,0:28:09,Senna,Loss,12,0,4,5,2,2.2,293,16.30%,2.68,1.07,0.28,0.46,39.30%,441,17.60%,50.00%,-1278,14022.7,0,0,0,1,2,5,0,0,0,6,0,0,0,0,0,0,5,0,1,52.1
meiko,SUPPORT,TES,BLG,ON,Ascend,12.07.2024,v14.13,2,Red,0:28:09,Ornn,Loss,12,4,4,2,0,6.1,351,19.60%,0.76,0.53,0.14,0.04,11.20%,341,13.60%,60.00%,2230,32900.6,0,0,0.25,1,2,5,0,0,0,6,0,0,0,0,0,0,5,0,1,52.1
369,TOP,TES,BLG,Bin,Ascend,12.07.2024,v14.13,3,Blue,0:29:00,Renekton,Loss,14,2,5,1,4,7.6,337,21.10%,0.76,0.34,0.1,0.17,10.40%,193,11.50%,60.00%,-585,30555,1,0,0.667,0,1,2,1,2,0,0,0,0,0,1,0,0,3,0,0,37.7
Tian,JUNGLE,TES,BLG,XUN,Ascend,12.07.2024,v14.13,3,Blue,0:29:00,Sejuani,Loss,13,1,4,3,123,5,289,18.10%,1.64,0.41,0.38,0.34,22.50%,213,12.70%,80.00%,-1625,32361.2,1,0,1,0,1,2,1,2,0,0,0,0,0,1,0,0,3,0,0,37.7
Creme,MID,TES,BLG,Knight,Ascend,12.07.2024,v14.13,3,Blue,0:29:00,Azir,Loss,14,0,3,3,16,9,358,22.50%,1.51,0.45,0.14,0.48,20.70%,706,41.90%,60.00%,-2000,17120.1,1,0,0.667,0,1,2,1,2,0,0,0,0,0,1,0,0,3,0,0,37.7
JackeyLove,ADCARRY,TES,BLG,Elk,Ascend,12.07.2024,v14.13,3,Blue,0:29:00,Senna,Loss,11,1,6,3,1,1.7,263,16.50%,2.69,1.17,0.34,0.34,36.80%,312,18.50%,80.00%,-1312,15234.5,1,0,1,0,1,2,1,2,0,0,0,0,0,1,0,0,3,0,0,37.7
meiko,SUPPORT,TES,BLG,ON,Ascend,12.07.2024,v14.13,3,Blue,0:29:00,Ornn,Loss,13,1,5,3,0,7,346,21.70%,0.69,0.41,0.03,0.1,9.50%,260,15.40%,80.00%,1123,25394.1,1,0,1,0,1,2,1,2,0,0,0,0,0,1,0,0,3,0,0,37.7
Bin,TOP,BLG,TES,369,Ascend,12.07.2024,v14.13,3,Red,0:29:00,Kennen,Win,16,4,1,10,8,8.1,453,21.80%,1.13,0.48,0.34,0.17,13.30%,766,23.40%,60.90%,585,13311,0,0,0.5,1,2,9,0,2,0,6,1,1,1,1,1,0,3,3,0,62.3
XUN,JUNGLE,BLG,TES,Tian,Ascend,12.07.2024,v14.13,3,Red,0:29:00,Kindred,Win,16,7,1,8,206,7.9,442,21.30%,1.21,0.17,0.21,0.34,14.30%,441,13.50%,65.20%,1625,19676.5,0,0,0.75,1,2,9,0,2,0,6,1,1,1,1,1,0,3,3,0,62.3
Knight,MID,BLG,TES,Creme,Ascend,12.07.2024,v14.13,3,Red,0:29:00,Taliyah,Win,16,10,0,9,15,8.7,511,24.60%,1.37,0.24,0.14,0.34,16.20%,935,28.60%,82.60%,2000,9551.94,0,1,0.625,1,2,9,0,2,0,6,1,1,1,1,1,0,3,3,0,62.3
Elk,ADCARRY,BLG,TES,JackeyLove,Ascend,12.07.2024,v14.13,3,Red,0:29:00,Ezreal,Win,16,1,1,12,9,9,406,19.50%,0.97,0.41,0.17,0.17,11.50%,903,27.60%,56.50%,1312,14184.8,0,0,0.5,1,2,9,0,2,0,6,1,1,1,1,1,0,3,3,0,62.3
ON,SUPPORT,BLG,TES,meiko,Ascend,12.07.2024,v14.13,3,Red,0:29:00,Leona,Win,12,1,2,11,0,1,265,12.80%,3.8,1.97,0.55,0.52,44.80%,226,6.90%,52.20%,-1123,23423.4,0,0,0.625,1,2,9,0,2,0,6,1,1,1,1,1,0,3,3,0,62.3
Xiaoxu,TOP,RA,iG,YSKM,Nirvana,13.07.2024,v14.13,1,Blue,0:33:35,KSante,Win,18,5,3,7,0,8,406,19.40%,1.23,0.54,0.15,0.12,11.60%,515,17.50%,54.50%,550,30250.7,0,0,0.25,1,1,10,1,4,1,5,0,1,1,1,0,0,4,4,0,56.1
Xiaohao,JUNGLE,RA,iG,glfs,Nirvana,13.07.2024,v14.13,1,Blue,0:33:35,Lillia,Win,17,9,0,7,226,7.2,438,20.90%,1.26,0.24,0.18,0.18,11.90%,638,21.60%,72.70%,296,46222.6,0,0,0.5,1,1,10,1,4,1,5,0,1,1,1,0,0,4,4,0,56.1
Vicla,MID,RA,iG,neny,Nirvana,13.07.2024,v14.13,1,Blue,0:33:35,Lucian,Win,18,6,2,8,32,10.1,519,24.80%,1.59,0.54,0.24,0.33,15.00%,994,33.70%,63.60%,1582,21813.8,1,0,0.5,1,1,10,1,4,1,5,0,1,1,1,0,0,4,4,0,56.1
Assum,ADCARRY,RA,iG,Ahn,Nirvana,13.07.2024,v14.13,1,Blue,0:33:35,Ashe,Win,18,2,0,10,4,9.3,443,21.20%,1.34,0.27,0.09,0.51,12.60%,601,20.40%,54.50%,287,12252.6,0,0,0,1,1,10,1,4,1,5,0,1,1,1,0,0,4,4,0,56.1
Jwei,SUPPORT,RA,iG,Vampire,Nirvana,13.07.2024,v14.13,1,Blue,0:33:35,Bard,Win,14,0,2,18,0,1.5,285,13.60%,5.15,2.74,0.54,0.86,48.70%,200,6.80%,81.80%,603,15892.1,1,1,0.75,1,1,10,1,4,1,5,0,1,1,1,0,0,4,4,0,56.1
YSKM,TOP,iG,RA,Xiaoxu,Nirvana,13.07.2024,v14.13,1,Red,0:33:35,Camille,Loss,17,4,4,1,8,8.6,409,25.10%,0.96,0.3,0.15,0.24,11.20%,415,18.00%,71.40%,-550,28445.2,0,0,0.667,0,0,2,0,0,0,1,1,0,0,1,1,0,4,0,0,43.9
glfs,JUNGLE,iG,RA,Xiaohao,Nirvana,13.07.2024,v14.13,1,Red,0:33:35,Brand,Loss,15,2,5,5,176,6,328,20.10%,1.44,0.51,0.24,0.27,16.70%,748,32.50%,100.00%,-296,29679.3,0,0,1,0,0,2,0,0,0,1,1,0,0,1,1,0,4,0,0,43.9
neny,MID,iG,RA,Vicla,Nirvana,13.07.2024,v14.13,1,Red,0:33:35,Renekton,Loss,16,1,4,1,6,7.9,321,19.70%,1.15,0.24,0.18,0.57,13.50%,229,10.00%,28.60%,-1582,33991.3,0,0,0.333,0,0,2,0,0,0,1,1,0,0,1,1,0,4,0,0,43.9
Ahn,ADCARRY,iG,RA,Assum,Nirvana,13.07.2024,v14.13,1,Red,0:33:35,Miss_Fortune,Loss,16,0,4,5,15,9.6,367,22.50%,1.12,0.42,0.15,0.45,13.10%,574,24.90%,71.40%,-287,14039,0,0,0.667,0,0,2,0,0,0,1,1,0,0,1,1,0,4,0,0,43.9
Vampire,SUPPORT,iG,RA,Jwei,Nirvana,13.07.2024,v14.13,1,Red,0:33:35,Maokai,Loss,11,0,5,4,0,0.8,204,12.50%,3.9,2.2,0.6,0.36,45.50%,336,14.60%,57.10%,-603,22491.3,0,0,0.333,0,0,2,0,0,0,1,1,0,0,1,1,0,4,0,0,43.9
YSKM,TOP,iG,RA,Xiaoxu,Nirvana,13.07.2024,v14.13,2,Blue,0:35:21,Gwen,Loss,17,0,3,7,36,7.8,383,20.20%,1.18,0.42,0.2,0.28,11.70%,469,21.40%,35.00%,1323,24772.8,0,0,0.286,1,1,5,1,3,0,5,1,1,2,3,2,1,3,0,1,53.2
glfs,JUNGLE,iG,RA,Xiaohao,Nirvana,13.07.2024,v14.13,2,Blue,0:35:21,Vi,Loss,16,6,5,6,172,5.2,354,18.60%,1.39,0.45,0.4,0.28,13.80%,423,19.30%,60.00%,288,34195,0,0,0.571,1,1,5,1,3,0,5,1,1,2,3,2,1,3,0,1,53.2
neny,MID,iG,RA,Vicla,Nirvana,13.07.2024,v14.13,2,Blue,0:35:21,Corki,Loss,18,8,5,4,33,8.7,448,23.60%,1.59,0.23,0.14,0.59,15.80%,652,29.80%,60.00%,-433,23235.2,0,0,0.571,1,1,5,1,3,0,5,1,1,2,3,2,1,3,0,1,53.2
Ahn,ADCARRY,iG,RA,Assum,Nirvana,13.07.2024,v14.13,2,Blue,0:35:21,Miss_Fortune,Loss,18,5,1,4,5,10,448,23.60%,1.61,0.65,0.31,0.23,16.00%,477,21.80%,45.00%,479,13218.9,0,0,0.429,1,1,5,1,3,0,5,1,1,2,3,2,1,3,0,1,53.2
Vampire,SUPPORT,iG,RA,Jwei,Nirvana,13.07.2024,v14.13,2,Blue,0:35:21,Leona,Loss,13,1,2,9,0,1.2,265,14.00%,4.29,1.92,0.54,0.76,42.70%,170,7.70%,50.00%,496,20389.3,0,0,0.857,1,1,5,1,3,0,5,1,1,2,3,2,1,3,0,1,53.2
Xiaoxu,TOP,RA,iG,YSKM,Nirvana,13.07.2024,v14.13,2,Red,0:35:21,Camille,Win,16,2,3,2,15,7.3,343,19.40%,0.72,0.31,0.06,0.08,8.80%,269,10.80%,25.00%,-1323,25315.5,0,0,0.25,0,0,5,0,3,0,1,0,0,0,3,0,1,3,2,1,46.8
Xiaohao,JUNGLE,RA,iG,glfs,Nirvana,13.07.2024,v14.13,2,Red,0:35:21,Lillia,Win,15,3,4,6,177,5.9,349,19.80%,1.3,0.25,0.2,0.31,15.90%,376,15.10%,56.30%,-288,38895.4,0,0,0.5,0,0,5,0,3,0,1,0,0,0,3,0,1,3,2,1,46.8
Vicla,MID,RA,iG,neny,Nirvana,13.07.2024,v14.13,2,Red,0:35:21,Lucian,Win,18,6,4,4,22,9,445,25.30%,1.18,0.51,0.25,0.25,14.50%,802,32.20%,62.50%,433,20875.4,1,1,0.75,0,0,5,0,3,0,1,0,0,0,3,0,1,3,2,1,46.8
Assum,ADCARRY,RA,iG,Ahn,Nirvana,13.07.2024,v14.13,2,Red,0:35:21,Ziggs,Win,17,3,2,9,2,8.3,395,22.40%,0.87,0.45,0.08,0.14,10.70%,857,34.40%,75.00%,-479,9016.64,0,0,0.5,0,0,5,0,3,0,1,0,0,0,3,0,1,3,2,1,46.8
Jwei,SUPPORT,RA,iG,Vampire,Nirvana,13.07.2024,v14.13,2,Red,0:35:21,Poppy,Win,12,2,7,5,0,0.8,230,13.10%,4.09,2.72,0.62,0.34,50.10%,191,7.60%,43.80%,-496,22330.9,0,0,0.25,0,0,5,0,3,0,1,0,0,0,3,0,1,3,2,1,46.8
Wayward,TOP,WE,RNG,Juice,Nirvana,13.07.2024,v14.13,1,Blue,0:30:57,Renekton,Win,18,1,1,6,14,10.5,430,21.10%,1.32,0.45,0.19,0.26,13.60%,378,13.70%,53.80%,751,31158.4,1,0,0.333,1,1,9,0,3,0,3,1,1,2,1,1,0,3,3,0,56.9
Yanxiang,JUNGLE,WE,RNG,Geju,Nirvana,13.07.2024,v14.13,1,Blue,0:30:57,Sejuani,Win,15,2,0,9,162,5.8,349,17.10%,1.82,0.71,0.36,0.36,18.70%,319,11.60%,84.60%,181,34940.7,1,1,1,1,1,9,0,3,0,3,1,1,2,1,1,0,3,3,0,56.9
FoFo,MID,WE,RNG,Tangyuan,Nirvana,13.07.2024,v14.13,1,Blue,0:30:57,Corki,Win,17,8,1,2,8,10.1,502,24.60%,1.2,0.48,0.16,0.32,12.40%,1205,43.70%,76.90%,-43,17901.6,1,0,0.667,1,1,9,0,3,0,3,1,1,2,1,1,0,3,3,0,56.9
Able,ADCARRY,WE,RNG,huanfeng,Nirvana,13.07.2024,v14.13,1,Blue,0:30:57,Xayah,Win,17,2,0,6,48,10.6,474,23.20%,0.86,0.19,0.1,0.16,8.90%,685,24.90%,61.50%,1088,12652.3,0,0,0.667,1,1,9,0,3,0,3,1,1,2,1,1,0,3,3,0,56.9
Mark,SUPPORT,WE,RNG,Iwandy,Nirvana,13.07.2024,v14.13,1,Blue,0:30:57,Rakan,Win,13,0,1,10,0,1,286,14.00%,4.5,2.46,0.55,0.52,46.40%,168,6.10%,76.90%,525,11444,0,0,0.667,1,1,9,0,3,0,3,1,1,2,1,1,0,3,3,0,56.9
Juice,TOP,RNG,WE,Wayward,Nirvana,13.07.2024,v14.13,1,Red,0:30:57,KSante,Loss,16,0,2,1,4,7.9,327,19.30%,0.87,0.26,0.13,0.26,11.30%,409,17.70%,33.30%,-751,23329.8,0,0,1,0,1,3,1,2,0,3,0,0,0,1,0,0,3,0,0,43.1
Geju,JUNGLE,RNG,WE,Yanxiang,Nirvana,13.07.2024,v14.13,1,Red,0:30:57,Zyra,Loss,14,1,4,1,153,6.1,339,20.00%,1.52,0.23,0.13,0.58,19.80%,493,21.30%,66.70%,-181,19837.6,0,0,0,0,1,3,1,2,0,3,0,0,0,1,0,0,3,0,0,43.1
Tangyuan,MID,RNG,WE,FoFo,Nirvana,13.07.2024,v14.13,1,Red,0:30:57,Tristana,Loss,16,1,2,0,12,10.1,421,24.90%,1.25,0.39,0.1,0.55,16.20%,598,25.80%,33.30%,43,17694.3,0,0,1,0,1,3,1,2,0,3,0,0,0,1,0,0,3,0,0,43.1
huanfeng,ADCARRY,RNG,WE,Able,Nirvana,13.07.2024,v14.13,1,Red,0:30:57,Miss_Fortune,Loss,15,1,1,1,6,10.6,390,23.10%,1.15,0.45,0.16,0.45,14.90%,712,30.70%,66.70%,-1088,10976.6,0,0,0,0,1,3,1,2,0,3,0,0,0,1,0,0,3,0,0,43.1
Iwandy,SUPPORT,RNG,WE,Mark,Nirvana,13.07.2024,v14.13,1,Red,0:30:57,Alistar,Loss,13,0,4,2,1,1,214,12.70%,2.91,1.91,0.45,0.32,37.80%,106,4.60%,66.70%,-525,33198.6,0,0,0,0,1,3,1,2,0,3,0,0,0,1,0,0,3,0,0,43.1
Wayward,TOP,WE,RNG,Juice,Nirvana,13.07.2024,v14.13,2,Blue,0:27:50,Renekton,Win,16,2,1,3,5,9.4,436,21.30%,0.91,0.5,0.18,0.04,9.20%,474,13.50%,38.50%,1720,30031.3,0,0,0,1,1,9,0,1,0,6,1,1,1,1,0,1,4,3,0,52.7
Yanxiang,JUNGLE,WE,RNG,Geju,Nirvana,13.07.2024,v14.13,2,Blue,0:27:50,Lillia,Win,15,2,2,7,166,7.3,390,19.10%,1.56,0.36,0.29,0.47,15.70%,695,19.90%,69.20%,606,29240.1,0,0,0.666,1,1,9,0,1,0,6,1,1,1,1,0,1,4,3,0,52.7
FoFo,MID,WE,RNG,Tangyuan,Nirvana,13.07.2024,v14.13,2,Blue,0:27:50,Corki,Win,15,3,1,7,2,8.5,419,20.50%,1.15,0.5,0.14,0.22,11.50%,873,24.90%,76.90%,-286,16788.9,0,0,0.666,1,1,9,0,1,0,6,1,1,1,1,0,1,4,3,0,52.7
Able,ADCARRY,WE,RNG,huanfeng,Nirvana,13.07.2024,v14.13,2,Blue,0:27:50,Aphelios,Win,15,5,2,8,12,10.5,507,24.80%,1.32,0.18,0,0.54,13.30%,1317,37.60%,100.00%,1564,13484.3,1,1,1,1,1,9,0,1,0,6,1,1,1,1,0,1,4,3,0,52.7
Mark,SUPPORT,WE,RNG,Iwandy,Nirvana,13.07.2024,v14.13,2,Blue,0:27:50,Renata_Glasc,Win,12,1,1,9,0,1.8,291,14.20%,5,2.73,0.43,0.97,50.30%,142,4.00%,76.90%,481,10165.8,0,0,0.666,1,1,9,0,1,0,6,1,1,1,1,0,1,4,3,0,52.7
Juice,TOP,RNG,WE,Wayward,Nirvana,13.07.2024,v14.13,2,Red,0:27:50,KSante,Loss,14,2,4,2,0,7.4,318,19.90%,0.83,0.25,0.14,0.22,10.40%,757,30.80%,57.10%,-1720,33574.4,0,0,0.5,0,0,1,1,3,0,0,0,0,0,1,0,1,4,1,0,47.3
Geju,JUNGLE,RNG,WE,Yanxiang,Nirvana,13.07.2024,v14.13,2,Red,0:27:50,Wukong,Loss,13,1,3,5,143,6.1,307,19.20%,1.32,0.18,0.18,0.5,16.60%,309,12.60%,85.70%,-606,28275.8,0,0,1,0,0,1,1,3,0,0,0,0,0,1,0,1,4,1,0,47.3
Tangyuan,MID,RNG,WE,FoFo,Nirvana,13.07.2024,v14.13,2,Red,0:27:50,Tristana,Loss,15,1,1,2,9,10.1,376,23.60%,0.9,0.32,0.07,0.32,11.30%,559,22.80%,42.90%,286,17115.3,0,0,0,0,0,1,1,3,0,0,0,0,0,1,0,1,4,1,0,47.3
huanfeng,ADCARRY,RNG,WE,Able,Nirvana,13.07.2024,v14.13,2,Red,0:27:50,Kaisa,Loss,14,3,4,2,10,9.1,385,24.10%,1.15,0.43,0.14,0.25,14.40%,582,23.70%,71.40%,-1564,18991.1,0,0,1,0,0,1,1,3,0,0,0,0,0,1,0,1,4,1,0,47.3
Iwandy,SUPPORT,RNG,WE,Mark,Nirvana,13.07.2024,v14.13,2,Red,0:27:50,Bard,Loss,11,0,1,5,4,1.8,210,13.10%,3.78,2.55,0.5,0.75,47.40%,249,10.10%,71.40%,-481,20878.3,0,0,0,0,0,1,1,3,0,0,0,0,0,1,0,1,4,1,0,47.3
Breathe,TOP,WBG,NIP,shanji,Ascend,13.07.2024,v14.13,1,Blue,0:25:46,Renekton,Win,16,2,0,6,4,9.3,411,20.30%,0.53,0.16,0.08,0.19,7.30%,256,14.60%,61.50%,263,22525.5,0,0,0,1,0,8,1,1,0,6,1,1,1,1,1,0,2,2,0,58.3
Tarzan,JUNGLE,WBG,NIP,AKi,Ascend,13.07.2024,v14.13,1,Blue,0:25:46,Nidalee,Win,14,3,0,7,184,7.6,402,19.90%,1.63,0.31,0.23,0.43,22.20%,531,30.20%,76.90%,638,25695.9,1,1,1,1,0,8,1,1,0,6,1,1,1,1,1,0,2,2,0,58.3
xiaohu,MID,WBG,NIP,RooKie,Ascend,13.07.2024,v14.13,1,Blue,0:25:46,Lucian,Win,15,6,0,3,6,9.9,523,25.90%,1.32,0.39,0.08,0.43,18.10%,488,27.70%,69.20%,428,8025,1,0,1,1,0,8,1,1,0,6,1,1,1,1,1,0,2,2,0,58.3
Light,ADCARRY,WBG,NIP,Photic,Ascend,13.07.2024,v14.13,1,Blue,0:25:46,Senna,Win,12,2,0,9,2,1.5,321,15.90%,2.62,1.13,0.19,0.31,35.80%,276,15.70%,84.60%,-1944,5266.92,1,0,1,1,0,8,1,1,0,6,1,1,1,1,1,0,2,2,0,58.3
Crisp,SUPPORT,WBG,NIP,Zhuo,Ascend,13.07.2024,v14.13,1,Blue,0:25:46,Ornn,Win,14,0,0,10,0,7.6,366,18.10%,1.22,0.78,0.39,0.12,16.70%,209,11.90%,76.90%,1756,19856.2,1,0,1,1,0,8,1,1,0,6,1,1,1,1,1,0,2,2,0,58.3
shanji,TOP,NIP,WBG,Breathe,Ascend,13.07.2024,v14.13,1,Red,0:25:46,Kennen,Loss,13,0,3,0,0,7.5,302,20.00%,0.6,0.27,0.12,0.08,8.50%,651,35.90%,0.00%,-263,11539.7,0,0,\,0,0,1,0,1,0,0,0,0,0,1,0,0,2,0,0,41.7
AKi,JUNGLE,NIP,WBG,Tarzan,Ascend,13.07.2024,v14.13,1,Red,0:25:46,Lee_Sin,Loss,12,0,2,0,126,5.4,268,17.70%,0.95,0.31,0.12,0.16,13.60%,166,9.10%,0.00%,-638,23142.6,0,0,\,0,0,1,0,1,0,0,0,0,0,1,0,0,2,0,0,41.7
RooKie,MID,NIP,WBG,xiaohu,Ascend,13.07.2024,v14.13,1,Red,0:25:46,Azir,Loss,14,0,2,0,4,9.9,367,24.30%,1.18,0.35,0.23,0.35,16.80%,494,27.20%,0.00%,-428,11374.1,0,0,\,0,0,1,0,1,0,0,0,0,0,1,0,0,2,0,0,41.7
Photic,ADCARRY,NIP,WBG,Light,Ascend,13.07.2024,v14.13,1,Red,0:25:46,Miss_Fortune,Loss,13,0,3,0,10,10,374,24.80%,0.75,0.43,0.04,0.16,10.60%,396,21.80%,0.00%,1944,10254.3,0,0,\,0,0,1,0,1,0,0,0,0,0,1,0,0,2,0,0,41.7
Zhuo,SUPPORT,NIP,WBG,Crisp,Ascend,13.07.2024,v14.13,1,Red,0:25:46,Nautilus,Loss,10,0,3,0,0,1.5,200,13.20%,3.55,1.86,0.58,0.47,50.60%,109,6.00%,0.00%,-1756,8728.94,0,0,\,0,0,1,0,1,0,0,0,0,0,1,0,0,2,0,0,41.7
shanji,TOP,NIP,WBG,Breathe,Ascend,13.07.2024,v14.13,2,Blue,0:32:17,KSante,Loss,16,2,3,5,0,7.3,337,20.90%,0.97,0.37,0.19,0.15,11.70%,450,15.30%,70.00%,-62,29653.2,0,0,0.5,0,0,1,1,1,0,4,0,0,0,0,0,0,5,1,1,41.6
AKi,JUNGLE,NIP,WBG,Tarzan,Ascend,13.07.2024,v14.13,2,Blue,0:32:17,Sejuani,Loss,13,2,4,6,129,4.8,287,17.80%,1.95,0.84,0.22,0.37,23.40%,346,11.80%,80.00%,6,39915.2,1,0,0.833,0,0,1,1,1,0,4,0,0,0,0,0,0,5,1,1,41.6
RooKie,MID,NIP,WBG,xiaohu,Ascend,13.07.2024,v14.13,2,Blue,0:32:17,Corki,Loss,16,2,4,2,16,9.2,368,22.90%,0.97,0.5,0.19,0.19,11.70%,972,33.10%,40.00%,-596,21545.3,0,0,0.167,0,0,1,1,1,0,4,0,0,0,0,0,0,5,1,1,41.6
Photic,ADCARRY,NIP,WBG,Light,Ascend,13.07.2024,v14.13,2,Blue,0:32:17,Zeri,Loss,15,3,3,2,25,9.6,401,24.90%,1.19,0.34,0.03,0.46,14.30%,965,32.90%,50.00%,1004,22838.4,0,0,0.333,0,0,1,1,1,0,4,0,0,0,0,0,0,5,1,1,41.6
Zhuo,SUPPORT,NIP,WBG,Crisp,Ascend,13.07.2024,v14.13,2,Blue,0:32:17,Lulu,Loss,12,1,2,3,0,0.8,219,13.60%,3.23,1.61,0.4,0.31,38.90%,201,6.80%,40.00%,-1129,11482.5,0,0,0.333,0,0,1,1,1,0,4,0,0,0,0,0,0,5,1,1,41.6
Breathe,TOP,WBG,NIP,shanji,Ascend,13.07.2024,v14.13,2,Red,0:32:17,Renekton,Win,17,1,4,5,6,8.8,397,20.60%,1.1,0.37,0.15,0.28,14.90%,649,21.30%,37.50%,62,32778.4,0,0,0.4,1,1,10,0,4,0,2,1,1,1,0,0,0,5,3,1,58.4
Tarzan,JUNGLE,WBG,NIP,AKi,Ascend,13.07.2024,v14.13,2,Red,0:32:17,Lillia,Win,16,4,3,6,225,8,414,21.50%,1.23,0.43,0.28,0.22,16.60%,787,25.80%,62.50%,-6,37849.8,0,0,0.6,1,1,10,0,4,0,2,1,1,1,0,0,0,5,3,1,58.4
xiaohu,MID,WBG,NIP,RooKie,Ascend,13.07.2024,v14.13,2,Red,0:32:17,Yone,Win,17,6,1,5,4,9,456,23.70%,1.26,0.34,0.12,0.37,17.00%,758,24.80%,68.80%,596,27361.8,0,1,0.6,1,1,10,0,4,0,2,1,1,1,0,0,0,5,3,1,58.4
Light,ADCARRY,WBG,NIP,Photic,Ascend,13.07.2024,v14.13,2,Red,0:32:17,Senna,Win,14,3,0,10,4,2,330,17.10%,2.84,1.36,0.12,0.56,38.40%,493,16.20%,81.30%,-1004,9361.38,0,0,0.6,1,1,10,0,4,0,2,1,1,1,0,0,0,5,3,1,58.4
Crisp,SUPPORT,WBG,NIP,Zhuo,Ascend,13.07.2024,v14.13,2,Red,0:32:17,Ornn,Win,15,2,2,10,0,6.2,329,17.10%,0.97,0.59,0.25,0.15,13.10%,363,11.90%,75.00%,1129,28663.2,0,0,0.6,1,1,10,0,4,0,2,1,1,1,0,0,0,5,3,1,58.4
Qingtian,TOP,UP,TT,Hoya,Nirvana,14.07.2024,v14.13,1,Blue,0:49:18,KSante,Loss,18,3,5,13,0,5.8,341,18.80%,0.95,0.22,0.12,0.26,10.50%,397,11.70%,80.00%,57,69126.6,1,0,0.666,1,2,7,0,2,0,5,1,0,1,0,0,0,8,2,1,50.8
H4cker,JUNGLE,UP,TT,Beichuan,Nirvana,14.07.2024,v14.13,1,Blue,0:49:18,Lillia,Loss,18,3,3,11,288,8.3,386,21.30%,1.25,0.26,0.22,0.3,13.80%,749,22.10%,70.00%,-595,58976.1,1,0,0.666,1,2,7,0,2,0,5,1,0,1,0,0,0,8,2,1,50.8
Yuekai,MID,UP,TT,Ucal,Nirvana,14.07.2024,v14.13,1,Blue,0:49:18,Lucian,Loss,18,7,5,7,50,8,420,23.20%,1.02,0.45,0.12,0.24,11.30%,840,24.70%,70.00%,385,31983.1,0,0,0.333,1,2,7,0,2,0,5,1,0,1,0,0,0,8,2,1,50.8
Doggo,ADCARRY,UP,TT,1xn,Nirvana,14.07.2024,v14.13,1,Blue,0:49:18,Miss_Fortune,Loss,18,6,3,8,25,8.2,424,23.40%,1.58,0.59,0.32,0.43,17.40%,1117,32.90%,70.00%,774,18901.1,1,0,0.666,1,2,7,0,2,0,5,1,0,1,0,0,0,8,2,1,50.8
Niket,SUPPORT,UP,TT,Feather,Nirvana,14.07.2024,v14.13,1,Blue,0:49:18,Leona,Loss,16,1,6,13,0,0.9,243,13.40%,4.28,2.41,0.65,0.45,47.10%,290,8.50%,70.00%,617,57347.9,1,0,0.666,1,2,7,0,2,0,5,1,0,1,0,0,0,8,2,1,50.8
Hoya,TOP,TT,UP,Qingtian,Nirvana,14.07.2024,v14.13,1,Red,0:49:18,Poppy,Win,18,4,3,10,10,6.3,360,18.90%,1.48,0.39,0.3,0.32,15.00%,428,11.10%,63.60%,-57,52576.1,0,0,0.5,0,1,10,1,4,1,1,0,1,2,0,0,0,8,5,1,49.2
Beichuan,JUNGLE,TT,UP,H4cker,Nirvana,14.07.2024,v14.13,1,Red,0:49:18,Zyra,Win,18,1,5,15,272,6.6,348,18.30%,1.48,0.39,0.28,0.28,15.00%,1094,28.30%,72.70%,595,32877.6,0,0,1,0,1,10,1,4,1,1,0,1,2,0,0,0,8,5,1,49.2
Ucal,MID,TT,UP,Yuekai,Nirvana,14.07.2024,v14.13,1,Red,0:49:18,Zeri,Win,18,9,1,9,59,9.9,493,25.80%,1.54,0.22,0.02,0.59,15.50%,1101,28.50%,81.80%,-385,35510.3,0,0,0.5,0,1,10,1,4,1,1,0,1,2,0,0,0,8,5,1,49.2
1xn,ADCARRY,TT,UP,Doggo,Nirvana,14.07.2024,v14.13,1,Red,0:49:18,Kaisa,Win,18,7,4,7,10,8.9,461,24.20%,1.93,0.39,0.12,0.57,19.50%,1056,27.40%,63.60%,-774,27033.2,0,1,0,0,1,10,1,4,1,1,0,1,2,0,0,0,8,5,1,49.2
Feather,SUPPORT,TT,UP,Niket,Nirvana,14.07.2024,v14.13,1,Red,0:49:18,Alistar,Win,17,1,7,18,0,0.6,246,12.90%,3.47,2.15,0.71,0.18,35.00%,183,4.70%,86.40%,-617,51209.9,0,0,1,0,1,10,1,4,1,1,0,1,2,0,0,0,8,5,1,49.2
Hoya,TOP,TT,UP,Qingtian,Nirvana,14.07.2024,v14.13,2,Blue,0:35:31,Renekton,Win,17,3,1,7,9,8.1,379,20.40%,1.42,0.37,0.23,0.39,14.70%,485,16.00%,76.90%,854,43293,0,0,0,0,0,7,0,2,0,3,1,1,1,2,1,0,4,2,0,45.4
Beichuan,JUNGLE,TT,UP,H4cker,Nirvana,14.07.2024,v14.13,2,Blue,0:35:31,Zyra,Win,17,0,4,9,202,6.6,332,17.90%,1.46,0.31,0.23,0.34,15.00%,834,27.50%,69.20%,-341,20593.8,0,0,1,0,0,7,0,2,0,3,1,1,1,2,1,0,4,2,0,45.4
Ucal,MID,TT,UP,Yuekai,Nirvana,14.07.2024,v14.13,2,Blue,0:35:31,Corki,Win,18,4,2,8,4,9.9,457,24.70%,0.85,0.28,0.03,0.23,8.80%,695,22.90%,92.30%,-1091,20164.7,0,0,1,0,0,7,0,2,0,3,1,1,1,2,1,0,4,2,0,45.4
1xn,ADCARRY,TT,UP,Doggo,Nirvana,14.07.2024,v14.13,2,Blue,0:35:31,Zeri,Win,17,6,2,5,12,9.7,459,24.70%,1.37,0.42,0.11,0.59,14.10%,896,29.50%,84.60%,-224,22678.1,0,1,1,0,0,7,0,2,0,3,1,1,1,2,1,0,4,2,0,45.4
Feather,SUPPORT,TT,UP,Niket,Nirvana,14.07.2024,v14.13,2,Blue,0:35:31,Rakan,Win,13,0,4,12,0,0.9,228,12.30%,4.6,3.38,0.76,0.42,47.50%,126,4.10%,92.30%,-584,26699.5,0,0,1,0,0,7,0,2,0,3,1,1,1,2,1,0,4,2,0,45.4
Qingtian,TOP,UP,TT,Hoya,Nirvana,14.07.2024,v14.13,2,Red,0:35:31,Gnar,Loss,16,2,4,4,11,6.6,328,17.60%,1.14,0.45,0.14,0.23,12.80%,671,21.80%,46.20%,-854,30381.9,0,0,0,1,1,8,1,3,0,3,0,0,1,2,1,0,4,2,0,54.6
H4cker,JUNGLE,UP,TT,Beichuan,Nirvana,14.07.2024,v14.13,2,Red,0:35:31,Lillia,Loss,17,0,3,10,217,7.2,350,18.80%,1.36,0.37,0.25,0.28,15.40%,516,16.70%,76.90%,341,41850.8,1,0,1,1,1,8,1,3,0,3,0,0,1,2,1,0,4,2,0,54.6
Yuekai,MID,UP,TT,Ucal,Nirvana,14.07.2024,v14.13,2,Red,0:35:31,Lucian,Loss,18,3,1,7,35,10,485,26.00%,1.34,0.42,0.08,0.31,15.10%,619,20.10%,76.90%,1091,19349.3,0,0,0.333,1,1,8,1,3,0,3,0,0,1,2,1,0,4,2,0,54.6
Doggo,ADCARRY,UP,TT,1xn,Nirvana,14.07.2024,v14.13,2,Red,0:35:31,Ezreal,Loss,17,6,1,6,10,9.9,455,24.40%,1.34,0.48,0.2,0.53,15.20%,1090,35.40%,92.30%,224,20861.6,1,0,1,1,1,8,1,3,0,3,0,0,1,2,1,0,4,2,0,54.6
Niket,SUPPORT,UP,TT,Feather,Nirvana,14.07.2024,v14.13,2,Red,0:35:31,Alistar,Loss,12,2,4,9,0,1.1,244,13.10%,3.69,2.17,0.65,0.56,41.60%,183,6.00%,84.60%,584,38292.9,1,0,1,1,1,8,1,3,0,3,0,0,1,2,1,0,4,2,0,54.6
Ale,TOP,AL,JDG,sheer,Ascend,14.07.2024,v14.13,1,Blue,0:35:11,Jax,Loss,18,2,2,1,4,8.8,383,21.20%,1.71,0.6,0.23,0.37,15.90%,302,17.40%,25.00%,50,27113.5,1,0,0.25,0,0,3,1,1,0,4,1,0,0,2,1,1,2,0,0,45.8
Croco,JUNGLE,AL,JDG,Kanavi,Ascend,14.07.2024,v14.13,1,Blue,0:35:11,Brand,Loss,16,2,4,7,218,6.6,338,18.70%,1.89,0.8,0.26,0.34,17.50%,424,24.40%,75.00%,-613,31146.8,1,0,0.75,0,0,3,1,1,0,4,1,0,0,2,1,1,2,0,0,45.8
Shanks,MID,AL,JDG,Yagao,Ascend,14.07.2024,v14.13,1,Blue,0:35:11,Corki,Loss,18,5,3,1,10,10.6,434,24.00%,1.45,0.37,0.06,0.28,13.40%,470,27.10%,50.00%,1513,21962,0,0,0.75,0,0,3,1,1,0,4,1,0,0,2,1,1,2,0,0,45.8
Hope,ADCARRY,AL,JDG,Ruler,Ascend,14.07.2024,v14.13,1,Blue,0:35:11,Ashe,Loss,17,2,2,7,0,10,419,23.20%,1.96,0.34,0.11,0.8,18.20%,397,22.90%,75.00%,-431,13279.3,0,0,0.5,0,0,3,1,1,0,4,1,0,0,2,1,1,2,0,0,45.8
Kael,SUPPORT,AL,JDG,Missing,Ascend,14.07.2024,v14.13,1,Blue,0:35:11,Braum,Loss,13,1,2,6,0,1.1,231,12.80%,3.76,2.27,0.77,0.48,34.90%,142,8.20%,58.30%,210,22693.6,0,0,0.5,0,0,3,1,1,0,4,1,0,0,2,1,1,2,0,0,45.8
sheer,TOP,JDG,AL,Ale,Ascend,14.07.2024,v14.13,1,Red,0:35:11,Kennen,Win,18,3,4,7,6,8,392,19.80%,0.98,0.31,0.2,0.17,8.20%,606,24.90%,76.90%,-50,19607.4,0,0,0.5,1,0,9,0,3,0,2,0,1,1,2,0,1,2,2,0,54.2
Kanavi,JUNGLE,JDG,AL,Croco,Ascend,14.07.2024,v14.13,1,Red,0:35:11,Zyra,Win,18,3,0,7,235,8.2,418,21.10%,3.6,1.19,0.06,0.94,30.40%,575,23.60%,76.90%,613,13745.3,0,0,1,1,0,9,0,3,0,2,0,1,1,2,0,1,2,2,0,54.2
Yagao,MID,JDG,AL,Shanks,Ascend,14.07.2024,v14.13,1,Red,0:35:11,Tristana,Win,18,1,5,3,27,10.1,418,21.10%,1.54,0.43,0.09,0.23,13.00%,294,12.10%,30.80%,-1513,18638.8,0,0,0,1,0,9,0,3,0,2,0,1,1,2,0,1,2,2,0,54.2
Ruler,ADCARRY,JDG,AL,Hope,Ascend,14.07.2024,v14.13,1,Red,0:35:11,Ezreal,Win,18,6,1,4,7,11,503,25.40%,1.44,0.31,0.09,0.57,12.20%,888,36.50%,76.90%,431,12819.5,0,1,0.5,1,0,9,0,3,0,2,0,1,1,2,0,1,2,2,0,54.2
Missing,SUPPORT,JDG,AL,Kael,Ascend,14.07.2024,v14.13,1,Red,0:35:11,Rell,Win,14,0,2,11,0,1.2,248,12.50%,4.29,2.3,0.63,0.6,36.20%,69,2.90%,84.60%,-210,16803.7,0,0,0.5,1,0,9,0,3,0,2,0,1,1,2,0,1,2,2,0,54.2
sheer,TOP,JDG,AL,Ale,Ascend,14.07.2024,v14.13,2,Blue,0:28:03,Renekton,Loss,15,4,5,3,0,7.6,383,19.30%,0.79,0.29,0.14,0.07,8.50%,475,19.30%,58.30%,606,29360.2,0,0,0.429,0,1,3,0,1,0,6,1,1,2,2,1,0,3,0,0,52.2
Kanavi,JUNGLE,JDG,AL,Croco,Ascend,14.07.2024,v14.13,2,Blue,0:28:03,Karthus,Loss,15,6,4,6,198,7.9,467,23.60%,2.33,0.86,0.18,0.64,25.00%,1150,46.70%,100.00%,1962,24647.9,0,0,1,0,1,3,0,1,0,6,1,1,2,2,1,0,3,0,0,52.2
Yagao,MID,JDG,AL,Shanks,Ascend,14.07.2024,v14.13,2,Blue,0:28:03,Corki,Loss,16,1,4,4,1,9.4,390,19.70%,1.15,0.43,0.07,0.64,12.40%,284,11.50%,41.70%,-1813,15474.9,0,0,0,0,1,3,0,1,0,6,1,1,2,2,1,0,3,0,0,52.2
Ruler,ADCARRY,JDG,AL,Hope,Ascend,14.07.2024,v14.13,2,Blue,0:28:03,Zeri,Loss,16,1,3,3,18,10.9,482,24.40%,1.37,0.39,0.14,0.61,14.70%,412,16.70%,33.30%,1463,14967.7,0,0,0.429,0,1,3,0,1,0,6,1,1,2,2,1,0,3,0,0,52.2
Missing,SUPPORT,JDG,AL,Kael,Ascend,14.07.2024,v14.13,2,Blue,0:28:03,Rell,Loss,11,0,3,11,0,1.2,257,13.00%,3.69,2.46,0.57,0.5,39.50%,141,5.70%,91.70%,179,18282.2,0,0,0.857,0,1,3,0,1,0,6,1,1,2,2,1,0,3,0,0,52.2
Ale,TOP,AL,JDG,sheer,Ascend,14.07.2024,v14.13,2,Red,0:28:03,Jax,Win,16,3,2,8,4,9.2,431,20.90%,1.16,0.46,0.11,0.43,11.60%,479,17.60%,57.90%,-606,25300.1,0,0,0.5,1,1,8,1,3,0,0,0,0,0,2,1,0,3,3,0,47.8
Croco,JUNGLE,AL,JDG,Kanavi,Ascend,14.07.2024,v14.13,2,Red,0:28:03,Brand,Win,15,2,3,15,175,6.7,375,18.20%,2.41,0.96,0.21,0.39,24.10%,739,27.20%,89.50%,-1962,24973.8,1,0,1,1,1,8,1,3,0,0,0,0,0,2,1,0,3,3,0,47.8
Shanks,MID,AL,JDG,Yagao,Ascend,14.07.2024,v14.13,2,Red,0:28:03,Tristana,Win,16,7,1,8,8,9.9,538,26.10%,1.09,0.36,0.04,0.32,10.90%,692,25.50%,78.90%,1813,16155.2,1,1,0.75,1,1,8,1,3,0,0,0,0,0,2,1,0,3,3,0,47.8
Hope,ADCARRY,AL,JDG,Ruler,Ascend,14.07.2024,v14.13,2,Red,0:28:03,Kaisa,Win,16,6,3,5,12,10.2,458,22.20%,1.59,0.36,0.07,0.5,15.90%,553,20.30%,57.90%,-1463,17192.5,0,0,0,1,1,8,1,3,0,0,0,0,0,2,1,0,3,3,0,47.8
Kael,SUPPORT,AL,JDG,Missing,Ascend,14.07.2024,v14.13,2,Red,0:28:03,Maokai,Win,12,1,3,15,0,1,260,12.60%,3.77,2.39,0.46,0.46,37.60%,253,9.30%,84.20%,-179,14331.1,0,0,0.75,1,1,8,1,3,0,0,0,0,0,2,1,0,3,3,0,47.8
Ale,TOP,AL,JDG,sheer,Ascend,14.07.2024,v14.13,3,Blue,0:27:22,Kennen,Loss,14,1,7,1,6,7.8,350,20.30%,1.12,0.4,0.11,0.26,12.90%,456,33.90%,50.00%,-1854,18508.3,0,0,0.5,0,0,5,0,0,0,4,0,0,0,1,1,0,4,0,0,43.3
Croco,JUNGLE,AL,JDG,Kanavi,Ascend,14.07.2024,v14.13,3,Blue,0:27:22,Sejuani,Loss,13,1,4,1,144,6.7,324,18.80%,1.44,0.29,0.22,0.48,16.70%,226,16.80%,50.00%,-1012,28483.5,0,0,0.5,0,0,5,0,0,0,4,0,0,0,1,1,0,4,0,0,43.3
Shanks,MID,AL,JDG,Yagao,Ascend,14.07.2024,v14.13,3,Blue,0:27:22,Yone,Loss,16,0,2,1,8,11,472,27.30%,0.76,0.37,0.11,0.22,8.80%,232,17.30%,25.00%,220,14916.8,0,0,0,0,0,5,0,0,0,4,0,0,0,1,1,0,4,0,0,43.3
Hope,ADCARRY,AL,JDG,Ruler,Ascend,14.07.2024,v14.13,3,Blue,0:27:22,Miss_Fortune,Loss,13,0,4,1,0,8.5,339,19.70%,0.8,0.44,0.22,0.15,9.30%,297,22.10%,25.00%,-588,10630.6,0,0,0.5,0,0,5,0,0,0,4,0,0,0,1,1,0,4,0,0,43.3
Kael,SUPPORT,AL,JDG,Missing,Ascend,14.07.2024,v14.13,3,Blue,0:27:22,Leona,Loss,10,2,3,0,0,1.4,241,14.00%,4.53,2.45,0.62,0.58,52.40%,132,9.80%,50.00%,46,12509.2,0,0,0.5,0,0,5,0,0,0,4,0,0,0,1,1,0,4,0,0,43.3
sheer,TOP,JDG,AL,Ale,Ascend,14.07.2024,v14.13,3,Red,0:27:22,Twisted_Fate,Win,16,7,1,10,8,7.6,513,24.70%,1.09,0.51,0.26,0.26,12.00%,541,23.20%,85.00%,1854,12140.3,1,1,0.833,1,1,8,1,3,0,2,1,1,1,1,0,0,4,4,0,56.7
Kanavi,JUNGLE,JDG,AL,Croco,Ascend,14.07.2024,v14.13,3,Red,0:27:22,Brand,Win,15,5,0,11,177,7.2,439,21.20%,1.74,0.69,0.22,0.26,19.20%,740,31.70%,80.00%,1012,16635.6,1,0,1,1,1,8,1,3,0,2,1,1,1,1,0,0,4,4,0,56.7
Yagao,MID,JDG,AL,Shanks,Ascend,14.07.2024,v14.13,3,Red,0:27:22,Lucian,Win,16,2,1,4,6,9.2,398,19.20%,1.21,0.55,0.18,0.26,13.40%,394,16.80%,30.00%,-220,11377.1,0,0,0.167,1,1,8,1,3,0,2,1,1,1,1,0,0,4,4,0,56.7
Ruler,ADCARRY,JDG,AL,Hope,Ascend,14.07.2024,v14.13,3,Red,0:27:22,Ashe,Win,15,5,2,7,16,9.3,450,21.70%,1.6,0.51,0.18,0.37,17.70%,524,22.40%,60.00%,588,10354.1,0,0,0.167,1,1,8,1,3,0,2,1,1,1,1,0,0,4,4,0,56.7
Missing,SUPPORT,JDG,AL,Kael,Ascend,14.07.2024,v14.13,3,Red,0:27:22,Braum,Win,12,1,0,12,0,1.3,274,13.20%,3.4,1.75,0.51,0.51,37.60%,138,5.90%,65.00%,-46,12623.5,0,0,0.333,1,1,8,1,3,0,2,1,1,1,1,0,0,4,4,0,56.7
Zika,TOP,LNG,TES,369,Ascend,14.07.2024,v14.13,1,Blue,0:37:06,Ryze,Win,18,7,2,7,31,9.5,456,22.90%,1.23,0.54,0.22,0.13,12.70%,633,25.70%,66.70%,924,24110.1,0,0,0.333,1,2,9,0,3,0,4,0,1,1,0,0,0,3,2,0,57.4
WeiWei,JUNGLE,LNG,TES,Tian,Ascend,14.07.2024,v14.13,1,Blue,0:37:06,Sejuani,Win,16,2,1,17,182,5.7,345,17.30%,1.91,0.54,0.49,0.59,19.70%,384,15.60%,90.50%,51,38205,1,0,1,1,2,9,0,3,0,4,0,1,1,0,0,0,3,2,0,57.4
Scout,MID,LNG,TES,Creme,Ascend,14.07.2024,v14.13,1,Blue,0:37:06,Yone,Win,18,7,1,10,57,10.2,495,24.80%,1.29,0.19,0.16,0.35,13.30%,700,28.40%,81.00%,1260,29030.2,0,1,0.333,1,2,9,0,3,0,4,0,1,1,0,0,0,3,2,0,57.4
GALA,ADCARRY,LNG,TES,JackeyLove,Ascend,14.07.2024,v14.13,1,Blue,0:37:06,Miss_Fortune,Win,18,5,2,10,21,9.4,455,22.80%,1.22,0.35,0.05,0.3,12.60%,611,24.80%,71.40%,-41,12601.3,1,0,0.333,1,2,9,0,3,0,4,0,1,1,0,0,0,3,2,0,57.4
Hang,SUPPORT,LNG,TES,meiko,Ascend,14.07.2024,v14.13,1,Blue,0:37:06,Leona,Win,13,0,2,9,0,1.2,241,12.10%,4.04,2.1,0.57,0.54,41.70%,137,5.60%,42.90%,-39,21569.6,0,0,0.333,1,2,9,0,3,0,4,0,1,1,0,0,0,3,2,0,57.4
369,TOP,TES,LNG,Zika,Ascend,14.07.2024,v14.13,1,Red,0:37:06,Kennen,Loss,17,0,5,5,5,8.1,335,19.90%,1.27,0.54,0.13,0.22,13.40%,417,18.70%,62.50%,-924,22967.2,0,0,0.5,0,0,3,1,3,0,2,1,0,0,0,0,0,3,1,0,42.6
Tian,JUNGLE,TES,LNG,WeiWei,Ascend,14.07.2024,v14.13,1,Red,0:37:06,Xin_Zhao,Loss,15,5,2,2,192,6,344,20.50%,2.14,0.4,0.35,0.67,22.70%,318,14.30%,87.50%,-51,42261.5,0,0,0.5,0,0,3,1,3,0,2,1,0,0,0,0,0,3,1,0,42.6
Creme,MID,TES,LNG,Scout,Ascend,14.07.2024,v14.13,1,Red,0:37:06,Azir,Loss,18,0,5,5,11,9.6,392,23.30%,1.54,0.46,0.19,0.4,16.30%,575,25.80%,62.50%,-1260,20321.7,0,0,0,0,0,3,1,3,0,2,1,0,0,0,0,0,3,1,0,42.6
JackeyLove,ADCARRY,TES,LNG,GALA,Ascend,14.07.2024,v14.13,1,Red,0:37:06,Ezreal,Loss,16,3,6,2,8,9.4,401,23.90%,1.04,0.22,0.08,0.38,11.00%,802,35.90%,62.50%,41,15905.7,0,0,0.5,0,0,3,1,3,0,2,1,0,0,0,0,0,3,1,0,42.6
meiko,SUPPORT,TES,LNG,Hang,Ascend,14.07.2024,v14.13,1,Red,0:37:06,Braum,Loss,13,0,3,5,0,1.1,210,12.50%,3.45,1.89,0.54,0.3,36.50%,119,5.30%,62.50%,39,23689.9,0,0,0.5,0,0,3,1,3,0,2,1,0,0,0,0,0,3,1,0,42.6
369,TOP,TES,LNG,Zika,Ascend,14.07.2024,v14.13,2,Blue,0:36:07,KSante,Loss,17,1,4,2,0,8,386,21.30%,0.99,0.42,0.28,0.22,10.50%,440,17.70%,37.50%,265,31954.2,0,0,0.5,1,1,5,0,1,0,5,0,1,1,1,0,0,4,0,1,52.6
Tian,JUNGLE,TES,LNG,WeiWei,Ascend,14.07.2024,v14.13,2,Blue,0:36:07,Brand,Loss,16,3,4,3,211,7.1,384,21.10%,2.49,1,0.22,0.64,26.30%,580,23.40%,75.00%,780,33109.9,0,0,0.5,1,1,5,0,1,0,5,0,1,1,1,0,0,4,0,1,52.6
Creme,MID,TES,LNG,Scout,Ascend,14.07.2024,v14.13,2,Blue,0:36:07,Corki,Loss,18,2,1,3,16,9.2,448,24.70%,0.88,0.44,0.08,0.19,9.30%,763,30.80%,62.50%,433,18874.9,0,0,0.5,1,1,5,0,1,0,5,0,1,1,1,0,0,4,0,1,52.6
JackeyLove,ADCARRY,TES,LNG,GALA,Ascend,14.07.2024,v14.13,2,Blue,0:36:07,Miss_Fortune,Loss,16,2,4,3,19,9.5,375,20.60%,1.29,0.42,0.14,0.53,13.70%,509,20.50%,62.50%,-1504,18430.3,0,0,1,1,1,5,0,1,0,5,0,1,1,1,0,0,4,0,1,52.6
meiko,SUPPORT,TES,LNG,Hang,Ascend,14.07.2024,v14.13,2,Blue,0:36:07,Leona,Loss,13,0,6,4,0,1.4,224,12.30%,3.82,1.83,0.47,0.69,40.30%,190,7.70%,50.00%,-28,23617.3,0,0,0.5,1,1,5,0,1,0,5,0,1,1,1,0,0,4,0,1,52.6
Zika,TOP,LNG,TES,369,Ascend,14.07.2024,v14.13,2,Red,0:36:07,Camille,Win,18,6,2,3,29,9.1,449,23.60%,1.3,0.36,0.25,0.42,12.70%,649,23.30%,47.40%,-265,29314.7,1,0,0.333,0,1,8,1,4,0,1,1,0,1,1,1,0,4,3,1,47.4
WeiWei,JUNGLE,LNG,TES,Tian,Ascend,14.07.2024,v14.13,2,Red,0:36:07,Sejuani,Win,16,2,1,14,168,5.3,328,17.20%,1.57,0.55,0.5,0.44,15.30%,312,11.20%,84.20%,-780,39755.8,1,0,1,0,1,8,1,4,0,1,1,0,1,1,1,0,4,3,1,47.4
Scout,MID,LNG,TES,Creme,Ascend,14.07.2024,v14.13,2,Red,0:36:07,Yone,Win,18,6,1,6,21,9,438,23.00%,0.96,0.3,0.08,0.14,9.30%,489,17.50%,63.20%,-433,33275.9,0,0,0.5,0,1,8,1,4,0,1,1,0,1,1,1,0,4,3,1,47.4
GALA,ADCARRY,LNG,TES,JackeyLove,Ascend,14.07.2024,v14.13,2,Red,0:36:07,Ziggs,Win,18,5,1,9,4,9.4,440,23.10%,1,0.36,0.14,0.25,9.70%,1201,43.10%,73.70%,1504,10640.2,0,1,0.5,0,1,8,1,4,0,1,1,0,1,1,1,0,4,3,1,47.4
Hang,SUPPORT,LNG,TES,meiko,Ascend,14.07.2024,v14.13,2,Red,0:36:07,Rakan,Win,13,0,3,13,0,1.3,248,13.00%,5.43,3.35,0.69,0.97,53.00%,137,4.90%,68.40%,28,20721.7,0,0,0.667,0,1,8,1,4,0,1,1,0,1,1,1,0,4,3,1,47.4
YSKM,TOP,iG,OMG,Hery,Nirvana,15.07.2024,v14.13,1,Blue,0:36:46,KSante,Loss,17,2,4,9,0,7.1,335,19.00%,0.99,0.27,0.14,0.27,10.20%,503,18.80%,61.10%,-559,34716.1,0,0,0.333,0,0,2,1,2,0,1,1,0,0,0,0,0,7,1,2,53.6
glfs,JUNGLE,iG,OMG,Tianzhen,Nirvana,15.07.2024,v14.13,1,Blue,0:36:46,Lillia,Loss,17,4,6,5,235,7.4,367,20.90%,1.4,0.27,0.24,0.3,14.40%,549,20.50%,50.00%,245,35685.2,0,0,0.667,0,0,2,1,2,0,1,1,0,0,0,0,0,7,1,2,53.6
neny,MID,iG,OMG,Angel,Nirvana,15.07.2024,v14.13,1,Blue,0:36:46,Yone,Loss,18,4,5,7,18,9.3,398,22.60%,0.91,0.22,0.16,0.33,9.30%,597,22.30%,61.10%,-520,29653.2,0,0,0.333,0,0,2,1,2,0,1,1,0,0,0,0,0,7,1,2,53.6
Ahn,ADCARRY,iG,OMG,Starry,Nirvana,15.07.2024,v14.13,1,Blue,0:36:46,Kaisa,Loss,17,8,5,7,16,8.6,427,24.30%,0.95,0.33,0.05,0.35,9.80%,880,32.90%,83.30%,77,24558.2,1,0,1,0,0,2,1,2,0,1,1,0,0,0,0,0,7,1,2,53.6
Vampire,SUPPORT,iG,OMG,Ppgod,Nirvana,15.07.2024,v14.13,1,Blue,0:36:46,Rakan,Loss,13,0,5,12,0,1.2,232,13.20%,5.47,3.1,0.65,0.84,56.30%,146,5.50%,66.70%,233,21785.2,1,0,0.666,0,0,2,1,2,0,1,1,0,0,0,0,0,7,1,2,53.6
Hery,TOP,OMG,iG,YSKM,Nirvana,15.07.2024,v14.13,1,Red,0:36:46,Gnar,Win,18,1,4,16,5,7.9,372,19.00%,1.06,0.44,0.11,0.19,10.70%,684,21.40%,68.00%,559,27949.5,0,0,0.333,1,0,8,0,3,0,5,0,1,1,0,0,0,7,4,2,46.4
Tianzhen,JUNGLE,OMG,iG,glfs,Nirvana,15.07.2024,v14.13,1,Red,0:36:46,Vi,Win,16,5,5,13,193,5.6,352,17.90%,1.54,0.35,0.38,0.3,15.50%,320,10.00%,72.00%,-245,37142.4,0,0,0.667,1,0,8,0,3,0,5,0,1,1,0,0,0,7,4,2,46.4
Angel,MID,OMG,iG,neny,Nirvana,15.07.2024,v14.13,1,Red,0:36:46,LeBlanc,Win,18,12,0,10,0,8.9,504,25.70%,2.01,0.6,0.14,0.44,20.30%,1171,36.70%,88.00%,520,20943.7,0,1,0.667,1,0,8,0,3,0,5,0,1,1,0,0,0,7,4,2,46.4
Starry,ADCARRY,OMG,iG,Ahn,Nirvana,15.07.2024,v14.13,1,Red,0:36:46,Zeri,Win,18,7,4,12,35,11.2,493,25.10%,1.63,0.38,0.16,0.9,16.40%,821,25.70%,76.00%,-77,21060.2,0,0,1,1,0,8,0,3,0,5,0,1,1,0,0,0,7,4,2,46.4
Ppgod,SUPPORT,OMG,iG,Vampire,Nirvana,15.07.2024,v14.13,1,Red,0:36:46,Rell,Win,14,0,5,18,0,1.1,241,12.30%,3.69,1.96,0.57,0.6,37.10%,198,6.20%,72.00%,-233,24634.9,0,0,1,1,0,8,0,3,0,5,0,1,1,0,0,0,7,4,2,46.4
Hery,TOP,OMG,iG,YSKM,Nirvana,15.07.2024,v14.13,2,Blue,0:37:50,Aatrox,Loss,17,6,4,7,14,7.1,407,21.00%,0.9,0.37,0.29,0.21,10.80%,587,21.10%,68.40%,970,28793.2,0,0,0.429,1,1,8,1,2,0,4,1,1,2,0,0,0,8,2,0,50.2
Tianzhen,JUNGLE,OMG,iG,glfs,Nirvana,15.07.2024,v14.13,2,Blue,0:37:50,Kindred,Loss,17,4,7,8,199,6.2,371,19.10%,1.61,0.45,0.45,0.45,19.30%,473,17.00%,63.20%,856,39794.2,1,0,0.857,1,1,8,1,2,0,4,1,1,2,0,0,0,8,2,0,50.2
Angel,MID,OMG,iG,neny,Nirvana,15.07.2024,v14.13,2,Blue,0:37:50,LeBlanc,Loss,18,8,2,6,0,8.4,495,25.60%,1.43,0.58,0.16,0.32,17.10%,923,33.10%,73.70%,1451,20754.3,0,0,0.714,1,1,8,1,2,0,4,1,1,2,0,0,0,8,2,0,50.2
Starry,ADCARRY,OMG,iG,Ahn,Nirvana,15.07.2024,v14.13,2,Blue,0:37:50,Ezreal,Loss,17,1,5,10,26,8.9,423,21.90%,0.96,0.48,0.26,0.21,11.50%,575,20.60%,57.90%,-713,21706.7,1,0,0.429,1,1,8,1,2,0,4,1,1,2,0,0,0,8,2,0,50.2
Ppgod,SUPPORT,OMG,iG,Vampire,Nirvana,15.07.2024,v14.13,2,Blue,0:37:50,Leona,Loss,14,0,7,11,0,1,241,12.40%,3.44,1.8,0.45,0.56,41.30%,228,8.20%,57.90%,244,34056.3,1,0,0.571,1,1,8,1,2,0,4,1,1,2,0,0,0,8,2,0,50.2
YSKM,TOP,iG,OMG,Hery,Nirvana,15.07.2024,v14.13,2,Red,0:37:50,Kennen,Win,18,0,3,17,8,7.1,341,16.90%,1.08,0.37,0.16,0.29,11.60%,810,28.70%,68.00%,-970,24497.2,0,0,0.5,0,0,10,0,3,0,2,0,0,1,0,0,0,8,6,0,49.8
glfs,JUNGLE,iG,OMG,Tianzhen,Nirvana,15.07.2024,v14.13,2,Red,0:37:50,Sejuani,Win,17,4,5,18,169,5.3,336,16.70%,2.1,1.03,0.4,0.37,22.60%,370,13.10%,88.00%,-856,35935.2,0,0,0.75,0,0,10,0,3,0,2,0,0,1,0,0,0,8,6,0,49.8
neny,MID,iG,OMG,Angel,Nirvana,15.07.2024,v14.13,2,Red,0:37:50,Yone,Win,18,7,4,7,37,10,520,25.90%,1.11,0.29,0.16,0.24,12.00%,506,18.00%,56.00%,-1451,31652.1,0,0,0.5,0,0,10,0,3,0,2,0,0,1,0,0,0,8,6,0,49.8
Ahn,ADCARRY,iG,OMG,Starry,Nirvana,15.07.2024,v14.13,2,Red,0:37:50,Kaisa,Win,18,14,3,10,23,10.4,551,27.40%,1.48,0.48,0.16,0.56,16.00%,969,34.40%,96.00%,713,23220.5,0,1,1,0,0,10,0,3,0,2,0,0,1,0,0,0,8,6,0,49.8
Vampire,SUPPORT,iG,OMG,Ppgod,Nirvana,15.07.2024,v14.13,2,Red,0:37:50,Rell,Win,15,0,4,22,0,0.8,263,13.10%,3.5,1.8,0.61,0.37,37.80%,165,5.80%,88.00%,-244,21333.4,0,0,0.75,0,0,10,0,3,0,2,0,0,1,0,0,0,8,6,0,49.8
YSKM,TOP,iG,OMG,Hery,Nirvana,15.07.2024,v14.13,3,Blue,0:31:35,Kennen,Loss,16,0,4,4,8,9,407,23.40%,1.17,0.38,0.22,0.22,13.60%,650,35.30%,50.00%,1144,16484.5,0,0,0.333,1,0,4,0,2,0,3,0,0,0,1,1,0,3,1,0,49.7
glfs,JUNGLE,iG,OMG,Tianzhen,Nirvana,15.07.2024,v14.13,3,Blue,0:31:35,Kindred,Loss,15,2,2,6,178,7.1,343,19.80%,2.26,0.28,0.22,0.89,26.20%,413,22.50%,100.00%,238,22825.1,1,0,1,1,0,4,0,2,0,3,0,0,0,1,1,0,3,1,0,49.7
neny,MID,iG,OMG,Angel,Nirvana,15.07.2024,v14.13,3,Blue,0:31:35,Galio,Loss,16,2,2,2,0,8.8,369,21.20%,1.01,0.22,0.19,0.41,11.70%,273,14.80%,50.00%,-933,27245.9,0,0,0,1,0,4,0,2,0,3,0,0,0,1,1,0,3,1,0,49.7
Ahn,ADCARRY,iG,OMG,Starry,Nirvana,15.07.2024,v14.13,3,Blue,0:31:35,Kalista,Loss,14,3,1,3,0,8.5,378,21.80%,1.05,0.44,0.13,0.25,12.20%,402,21.90%,75.00%,632,10109.3,1,0,1,1,0,4,0,2,0,3,0,0,0,1,1,0,3,1,0,49.7
Vampire,SUPPORT,iG,OMG,Ppgod,Nirvana,15.07.2024,v14.13,3,Blue,0:31:35,Rell,Loss,12,1,1,7,0,1.2,239,13.80%,3.14,1.8,0.6,0.38,36.30%,101,5.50%,100.00%,595,11836.6,1,0,1,1,0,4,0,2,0,3,0,0,0,1,1,0,3,1,0,49.7
Hery,TOP,OMG,iG,YSKM,Nirvana,15.07.2024,v14.13,3,Red,0:31:35,KSante,Win,16,0,2,9,0,7.7,353,19.10%,0.79,0.28,0.22,0.16,8.30%,333,17.00%,90.00%,-1144,27351.5,0,0,0,0,0,8,1,2,0,0,1,1,1,1,0,0,3,2,0,50.3
Tianzhen,JUNGLE,OMG,iG,glfs,Nirvana,15.07.2024,v14.13,3,Red,0:31:35,Lee_Sin,Win,14,1,2,8,158,5.4,320,17.30%,1.77,0.66,0.47,0.28,18.50%,228,11.60%,90.00%,-238,25741.4,0,0,1,0,0,8,1,2,0,0,1,1,1,1,0,0,3,2,0,50.3
Angel,MID,OMG,iG,neny,Nirvana,15.07.2024,v14.13,3,Red,0:31:35,LeBlanc,Win,18,6,1,3,4,10.1,521,28.20%,2.23,1.04,0.35,0.47,23.30%,573,29.20%,90.00%,933,14145.8,0,1,1,0,0,8,1,2,0,0,1,1,1,1,0,0,3,2,0,50.3
Starry,ADCARRY,OMG,iG,Ahn,Nirvana,15.07.2024,v14.13,3,Red,0:31:35,Ashe,Win,16,3,0,6,26,9.8,421,22.80%,1.68,0.44,0.16,0.35,17.50%,729,37.20%,90.00%,-632,9139.37,0,0,0,0,0,8,1,2,0,0,1,1,1,1,0,0,3,2,0,50.3
Ppgod,SUPPORT,OMG,iG,Vampire,Nirvana,15.07.2024,v14.13,3,Red,0:31:35,Leona,Win,13,0,3,9,0,1.6,233,12.60%,3.11,1.65,0.47,0.47,32.40%,99,5.10%,90.00%,-595,13657.2,0,0,0,0,0,8,1,2,0,0,1,1,1,1,0,0,3,2,0,50.3
Bin,TOP,BLG,LGD,Burdol,Ascend,15.07.2024,v14.13,1,Blue,0:28:37,Kennen,Win,16,5,1,9,4,7.6,407,19.50%,0.98,0.42,0.24,0.1,11.60%,636,23.50%,60.90%,448,11279.2,0,0,0.5,1,0,10,1,2,0,2,1,1,1,0,0,0,6,4,1,42.9
XUN,JUNGLE,BLG,LGD,Meteor,Ascend,15.07.2024,v14.13,1,Blue,0:28:37,Sejuani,Win,14,1,4,16,135,5.4,356,17.10%,1.49,0.28,0.24,0.42,17.60%,288,10.60%,73.90%,-1415,33137.6,0,0,0.6,1,0,10,1,2,0,2,1,1,1,0,0,0,6,4,1,42.9
Knight,MID,BLG,LGD,Haichao,Ascend,15.07.2024,v14.13,1,Blue,0:28:37,Yone,Win,17,7,0,9,16,10.3,526,25.20%,1.06,0.28,0.17,0.24,12.60%,809,29.80%,69.60%,975,22295.6,0,1,0.6,1,0,10,1,2,0,2,1,1,1,0,0,0,6,4,1,42.9
Elk,ADCARRY,BLG,LGD,Shaoye,Ascend,15.07.2024,v14.13,1,Blue,0:28:37,Kaisa,Win,15,8,1,9,6,9.7,518,24.80%,1.14,0.42,0.1,0.35,13.50%,725,26.80%,73.90%,811,15961,1,0,0.6,1,0,10,1,2,0,2,1,1,1,0,0,0,6,4,1,42.9
ON,SUPPORT,BLG,LGD,jinjiao,Ascend,15.07.2024,v14.13,1,Blue,0:28:37,Nautilus,Win,11,2,6,13,0,1,277,13.30%,3.77,1.92,0.66,0.52,44.70%,252,9.30%,65.20%,683,20788.5,1,0,0.6,1,0,10,1,2,0,2,1,1,1,0,0,0,6,4,1,42.9
Burdol,TOP,LGD,BLG,Bin,Ascend,15.07.2024,v14.13,1,Red,0:28:37,Jayce,Loss,14,1,3,4,1,7.5,328,19.10%,0.94,0.31,0.14,0.17,12.40%,561,22.10%,41.70%,-448,15327.1,0,0,0.375,0,0,2,0,2,0,4,0,0,0,0,0,0,6,1,1,57.1
Meteor,JUNGLE,LGD,BLG,XUN,Ascend,15.07.2024,v14.13,1,Red,0:28:37,Lillia,Loss,15,5,4,4,196,7.6,390,22.80%,1.32,0.21,0.1,0.38,17.40%,493,19.50%,75.00%,1415,26882.2,0,0,0.75,0,0,2,0,2,0,4,0,0,0,0,0,0,6,1,1,57.1
Haichao,MID,LGD,BLG,Knight,Ascend,15.07.2024,v14.13,1,Red,0:28:37,Corki,Loss,15,3,2,3,8,9.3,414,24.20%,1.24,0.24,0.14,0.45,16.30%,599,23.60%,50.00%,-975,13235.3,0,0,0.5,0,0,2,0,2,0,4,0,0,0,0,0,0,6,1,1,57.1
Shaoye,ADCARRY,LGD,BLG,Elk,Ascend,15.07.2024,v14.13,1,Red,0:28:37,Ezreal,Loss,13,3,5,6,9,7.4,361,21.10%,0.83,0.45,0.1,0.21,10.90%,733,29.00%,75.00%,-811,18195.3,0,0,0.75,0,0,2,0,2,0,4,0,0,0,0,0,0,6,1,1,57.1
jinjiao,SUPPORT,LGD,BLG,ON,Ascend,15.07.2024,v14.13,1,Red,0:28:37,Alistar,Loss,11,0,9,7,0,0.8,219,12.80%,3.25,1.85,0.56,0.21,42.90%,147,5.80%,58.30%,-683,26269.1,0,0,0.625,0,0,2,0,2,0,4,0,0,0,0,0,0,6,1,1,57.1
Burdol,TOP,LGD,BLG,Bin,Ascend,15.07.2024,v14.13,2,Blue,0:29:27,KSante,Loss,15,2,2,1,0,7.2,365,20.90%,1.01,0.37,0.2,0.17,12.70%,296,17.10%,50.00%,995,29868.4,0,0,0.5,1,1,4,0,1,0,4,1,0,0,0,0,0,5,1,0,47.2
Meteor,JUNGLE,LGD,BLG,XUN,Ascend,15.07.2024,v14.13,2,Blue,0:29:27,Graves,Loss,15,1,2,3,203,8.8,381,21.70%,1.45,0.27,0.14,0.58,18.20%,471,27.20%,66.70%,-6,18470.6,0,0,0.75,1,1,4,0,1,0,4,1,0,0,0,0,0,5,1,0,47.2
Haichao,MID,LGD,BLG,Knight,Ascend,15.07.2024,v14.13,2,Blue,0:29:27,LeBlanc,Loss,16,0,3,0,0,10.4,418,23.90%,1.75,0.68,0.17,0.44,22.10%,297,17.20%,0.00%,-220,16033.5,0,0,0,1,1,4,0,1,0,4,1,0,0,0,0,0,5,1,0,47.2
Shaoye,ADCARRY,LGD,BLG,Elk,Ascend,15.07.2024,v14.13,2,Blue,0:29:27,Varus,Loss,13,3,6,2,0,7.9,369,21.00%,0.87,0.34,0.14,0.2,11.00%,551,31.90%,83.30%,-1302,18040.9,0,0,0.75,1,1,4,0,1,0,4,1,0,0,0,0,0,5,1,0,47.2
jinjiao,SUPPORT,LGD,BLG,ON,Ascend,15.07.2024,v14.13,2,Blue,0:29:27,Braum,Loss,12,0,4,6,0,0.7,219,12.50%,2.86,1.7,0.48,0.48,36.10%,116,6.70%,100.00%,-161,17963,0,0,1,1,1,4,0,1,0,4,1,0,0,0,0,0,5,1,0,47.2
Bin,TOP,BLG,LGD,Burdol,Ascend,15.07.2024,v14.13,2,Red,0:29:27,Gnar,Win,18,3,2,4,17,11,489,23.00%,0.74,0.37,0.03,0.14,7.90%,813,29.30%,41.20%,-995,22032.7,0,0,0.4,0,1,10,1,3,0,2,0,1,1,0,0,0,5,4,0,52.8
XUN,JUNGLE,BLG,LGD,Meteor,Ascend,15.07.2024,v14.13,2,Red,0:29:27,Kindred,Win,16,4,2,9,191,7.8,424,20.00%,2.03,0.24,0.17,0.78,21.80%,723,26.00%,76.50%,6,23492.2,1,0,0.6,0,1,10,1,3,0,2,0,1,1,0,0,0,5,4,0,52.8
Knight,MID,BLG,LGD,Haichao,Ascend,15.07.2024,v14.13,2,Red,0:29:27,Annie,Win,16,4,1,6,0,6.9,403,19.00%,0.97,0.37,0.2,0.24,10.40%,408,14.70%,58.80%,220,10055.9,0,0,0.4,0,1,10,1,3,0,2,0,1,1,0,0,0,5,4,0,52.8
Elk,ADCARRY,BLG,LGD,Shaoye,Ascend,15.07.2024,v14.13,2,Red,0:29:27,Miss_Fortune,Win,16,6,0,5,19,10.5,531,25.00%,1.04,0.34,0.1,0.31,11.20%,687,24.70%,64.70%,1302,7833.22,1,1,0.8,0,1,10,1,3,0,2,0,1,1,0,0,0,5,4,0,52.8
ON,SUPPORT,BLG,LGD,jinjiao,Ascend,15.07.2024,v14.13,2,Red,0:29:27,Rakan,Win,13,0,1,14,0,1.1,277,13.00%,4.53,2.92,0.51,0.58,48.70%,148,5.30%,82.40%,161,18337.2,1,0,0.8,0,1,10,1,3,0,2,0,1,1,0,0,0,5,4,0,52.8
Xiaoxu,TOP,RA,EDG,Solokill,Nirvana,16.07.2024,v14.13,1,Blue,0:36:56,KSante,Win,18,4,0,3,4,9.4,427,21.50%,1.37,0.43,0.03,0.22,13.20%,401,16.70%,33.30%,-648,33741.4,0,0,0,0,0,9,1,4,0,3,1,1,1,0,0,0,5,4,1,48.7
Xiaohao,JUNGLE,RA,EDG,Jiejie,Nirvana,16.07.2024,v14.13,1,Blue,0:36:56,Zyra,Win,17,1,1,14,211,6.7,347,17.50%,2.3,0.32,0.3,0.65,22.10%,420,17.50%,71.40%,98,23379,0,0,0.667,0,0,9,1,4,0,3,1,1,1,0,0,0,5,4,1,48.7
Vicla,MID,RA,EDG,Cryin,Nirvana,16.07.2024,v14.13,1,Blue,0:36:56,Corki,Win,18,3,2,13,12,9.4,452,22.70%,2.01,0.57,0.24,0.65,19.40%,682,28.40%,76.20%,79,21672.7,0,0,0.333,0,0,9,1,4,0,3,1,1,1,0,0,0,5,4,1,48.7
Assum,ADCARRY,RA,EDG,Leave,Nirvana,16.07.2024,v14.13,1,Blue,0:36:56,Ashe,Win,18,12,2,7,26,9.2,505,25.40%,1.27,0.3,0.16,0.32,12.30%,751,31.30%,90.50%,761,17069.1,1,1,1,0,0,9,1,4,0,3,1,1,1,0,0,0,5,4,1,48.7
Jwei,SUPPORT,RA,EDG,Wink,Nirvana,16.07.2024,v14.13,1,Blue,0:36:56,Nautilus,Win,14,1,4,14,0,1,257,12.90%,3.43,1.81,0.49,0.41,33.00%,146,6.10%,71.40%,237,28677.9,1,0,1,0,0,9,1,4,0,3,1,1,1,0,0,0,5,4,1,48.7
Solokill,TOP,EDG,RA,Xiaoxu,Nirvana,16.07.2024,v14.13,1,Red,0:36:56,Gnar,Loss,18,0,3,4,16,9.6,449,23.70%,1.26,0.49,0.16,0.11,13.20%,670,25.70%,44.40%,648,28459.3,0,0,0,1,0,5,0,1,0,3,0,0,1,0,0,0,5,0,1,51.3
Jiejie,JUNGLE,EDG,RA,Xiaohao,Nirvana,16.07.2024,v14.13,1,Red,0:36:56,Lillia,Loss,16,1,3,4,215,6.7,352,18.60%,1.83,0.27,0.19,0.62,19.10%,543,20.90%,55.60%,-98,40225.9,0,0,0,1,0,5,0,1,0,3,0,0,1,0,0,0,5,0,1,51.3
Cryin,MID,EDG,RA,Vicla,Nirvana,16.07.2024,v14.13,1,Red,0:36:56,Lucian,Loss,17,3,5,3,4,8.2,386,20.40%,1.1,0.54,0.22,0.24,11.50%,456,17.50%,66.70%,-79,18455.9,0,0,0,1,0,5,0,1,0,3,0,0,1,0,0,0,5,0,1,51.3
Leave,ADCARRY,EDG,RA,Assum,Nirvana,16.07.2024,v14.13,1,Red,0:36:56,Smolder,Loss,18,4,4,2,31,11,464,24.50%,1.03,0.35,0.14,0.27,10.70%,832,32.00%,66.70%,-761,16469.7,0,0,1,1,0,5,0,1,0,3,0,0,1,0,0,0,5,0,1,51.3
Wink,SUPPORT,EDG,RA,Jwei,Nirvana,16.07.2024,v14.13,1,Red,0:36:56,Rell,Loss,13,1,6,6,0,1.2,242,12.80%,4.37,2.25,0.7,0.51,45.60%,103,4.00%,77.80%,-237,23087.7,0,0,1,1,0,5,0,1,0,3,0,0,1,0,0,0,5,0,1,51.3
Solokill,TOP,EDG,RA,Xiaoxu,Nirvana,16.07.2024,v14.13,2,Blue,0:32:26,Gnar,Win,18,3,1,3,33,8.7,404,19.00%,1.23,0.55,0.22,0.12,13.10%,467,16.50%,35.30%,-1591,18931.6,0,0,0,1,1,11,1,2,0,3,0,1,2,2,2,0,4,3,0,57.8
Jiejie,JUNGLE,EDG,RA,Xiaohao,Nirvana,16.07.2024,v14.13,2,Blue,0:32:26,Zyra,Win,16,5,1,8,210,7.4,409,19.30%,1.77,0.31,0.22,0.43,18.90%,899,31.60%,76.50%,-231,20970.1,0,0,0.6,1,1,11,1,2,0,3,0,1,2,2,2,0,4,3,0,57.8
Cryin,MID,EDG,RA,Vicla,Nirvana,16.07.2024,v14.13,2,Blue,0:32:26,Corki,Win,18,0,0,7,8,9.8,438,20.70%,1.62,0.52,0.22,0.37,17.20%,683,24.00%,41.20%,-725,17781.4,0,0,0,1,1,11,1,2,0,3,0,1,2,2,2,0,4,3,0,57.8
Leave,ADCARRY,EDG,RA,Assum,Nirvana,16.07.2024,v14.13,2,Blue,0:32:26,Aphelios,Win,17,8,2,4,32,9.9,587,27.70%,1.6,0.37,0.15,0.43,17.00%,597,21.00%,70.60%,2281,14103,1,1,1,1,1,11,1,2,0,3,0,1,2,2,2,0,4,3,0,57.8
Wink,SUPPORT,EDG,RA,Jwei,Nirvana,16.07.2024,v14.13,2,Blue,0:32:26,Braum,Win,14,1,3,14,0,0.6,283,13.30%,3.17,1.85,0.49,0.22,33.80%,194,6.80%,88.20%,603,23412.5,1,0,1,1,1,11,1,2,0,3,0,1,2,2,2,0,4,3,0,57.8
Xiaoxu,TOP,RA,EDG,Solokill,Nirvana,16.07.2024,v14.13,2,Red,0:32:26,Renekton,Loss,16,1,3,2,0,8.4,349,20.60%,1.01,0.31,0.15,0.28,12.90%,241,11.30%,50.00%,1591,22687.5,0,0,0.667,0,1,2,0,1,0,3,1,0,0,2,0,0,4,1,0,42.2
Xiaohao,JUNGLE,RA,EDG,Jiejie,Nirvana,16.07.2024,v14.13,2,Red,0:32:26,Brand,Loss,15,2,2,3,190,6.5,329,19.40%,1.54,0.37,0.34,0.28,19.50%,669,31.20%,83.30%,231,29552.8,0,0,1,0,1,2,0,1,0,3,1,0,0,2,0,0,4,1,0,42.2
Vicla,MID,RA,EDG,Cryin,Nirvana,16.07.2024,v14.13,2,Red,0:32:26,Zeri,Loss,16,1,2,2,5,9,377,22.30%,1.39,0.52,0.22,0.4,17.70%,541,25.30%,50.00%,725,22809.7,0,0,0,0,1,2,0,1,0,3,1,0,0,2,0,0,4,1,0,42.2
Assum,ADCARRY,RA,EDG,Leave,Nirvana,16.07.2024,v14.13,2,Red,0:32:26,Jinx,Loss,15,2,4,2,12,9.7,425,25.10%,0.98,0.22,0.03,0.4,12.40%,566,26.40%,66.70%,-2281,18836,0,0,0.333,0,1,2,0,1,0,3,1,0,0,2,0,0,4,1,0,42.2
Jwei,SUPPORT,RA,EDG,Wink,Nirvana,16.07.2024,v14.13,2,Red,0:32:26,Nautilus,Loss,12,0,6,5,0,0.9,213,12.60%,2.96,1.54,0.52,0.25,37.50%,124,5.80%,83.30%,-603,24101.8,0,0,0.667,0,1,2,0,1,0,3,1,0,0,2,0,0,4,1,0,42.2
Xiaoxu,TOP,RA,EDG,Solokill,Nirvana,16.07.2024,v14.13,3,Blue,0:45:22,Jax,Win,18,3,4,6,28,8.2,408,20.60%,1.57,0.55,0.18,0.31,16.00%,338,11.70%,39.10%,1637,38724.2,0,0,0.5,1,1,9,0,4,0,5,0,1,4,1,1,0,6,4,0,56.6
Xiaohao,JUNGLE,RA,EDG,Jiejie,Nirvana,16.07.2024,v14.13,3,Blue,0:45:22,Lillia,Win,18,6,1,12,271,7,395,19.90%,1.81,0.33,0.31,0.42,18.50%,512,17.70%,78.30%,510,50723.4,0,1,0.5,1,1,9,0,4,0,5,0,1,4,1,1,0,6,4,0,56.6
Vicla,MID,RA,EDG,Cryin,Nirvana,16.07.2024,v14.13,3,Blue,0:45:22,Lucian,Win,18,7,4,10,54,9.3,474,23.90%,1.6,0.4,0.13,0.6,16.40%,919,31.70%,73.90%,0,28799.9,0,0,0.75,1,1,9,0,4,0,5,0,1,4,1,1,0,6,4,0,56.6
Assum,ADCARRY,RA,EDG,Leave,Nirvana,16.07.2024,v14.13,3,Blue,0:45:22,Ziggs,Win,18,6,2,16,12,8.1,441,22.20%,0.82,0.29,0.09,0.22,8.40%,986,34.00%,95.70%,-750,15265.5,0,0,0.75,1,1,9,0,4,0,5,0,1,4,1,1,0,6,4,0,56.6
Jwei,SUPPORT,RA,EDG,Wink,Nirvana,16.07.2024,v14.13,3,Blue,0:45:22,Alistar,Win,17,1,2,17,0,0.9,265,13.40%,3.99,2.07,0.64,0.33,40.70%,142,4.90%,78.30%,-6,49257.8,0,0,0.75,1,1,9,0,4,0,5,0,1,4,1,1,0,6,4,0,56.6
Solokill,TOP,EDG,RA,Xiaoxu,Nirvana,16.07.2024,v14.13,3,Red,0:45:22,KSante,Loss,18,1,5,5,8,6.8,333,19.10%,1.39,0.53,0.29,0.24,14.60%,189,7.10%,46.20%,-1637,38179,0,0,0,0,0,5,1,3,0,1,1,0,0,1,0,0,6,2,0,43.4
Jiejie,JUNGLE,EDG,RA,Xiaohao,Nirvana,16.07.2024,v14.13,3,Red,0:45:22,Brand,Loss,18,1,8,7,215,6.1,313,17.90%,1.55,0.24,0.22,0.44,16.30%,644,24.00%,61.50%,-510,45523.1,0,0,0.333,0,0,5,1,3,0,1,1,0,0,1,0,0,6,2,0,43.4
Cryin,MID,EDG,RA,Vicla,Nirvana,16.07.2024,v14.13,3,Red,0:45:22,Corki,Loss,18,3,3,7,17,9.7,419,24.00%,1.16,0.42,0.13,0.31,12.10%,763,28.50%,76.90%,0,30713.1,0,0,0.333,0,0,5,1,3,0,1,1,0,0,1,0,0,6,2,0,43.4
Leave,ADCARRY,EDG,RA,Assum,Nirvana,16.07.2024,v14.13,3,Red,0:45:22,Kaisa,Loss,18,8,3,2,40,9.5,467,26.70%,1.14,0.35,0.07,0.35,11.90%,972,36.30%,76.90%,750,25084.9,1,0,0.667,0,0,5,1,3,0,1,1,0,0,1,0,0,6,2,0,43.4
Wink,SUPPORT,EDG,RA,Jwei,Nirvana,16.07.2024,v14.13,3,Red,0:45:22,Rell,Loss,14,0,4,10,0,1,216,12.40%,4.29,2.53,0.79,0.48,45.10%,109,4.10%,76.90%,6,28227.7,1,0,0.333,0,0,5,1,3,0,1,1,0,0,1,0,0,6,2,0,43.4
Zdz,TOP,FPX,NIP,shanji,Ascend,16.07.2024,v14.13,1,Blue,0:36:39,Gnar,Loss,18,1,2,5,0,8.1,370,20.00%,1.52,0.55,0.27,0.55,14.50%,321,14.80%,42.90%,-402,32939.9,0,0,0.6,0,0,4,0,0,0,3,1,1,2,2,0,0,4,0,2,43.3
milkyway,JUNGLE,FPX,NIP,AKi,Ascend,16.07.2024,v14.13,1,Blue,0:36:39,Nidalee,Loss,17,4,4,7,188,6,377,20.40%,2.71,0.98,0.14,0.82,25.90%,650,30.00%,78.60%,-527,37692.1,0,0,0.6,0,0,4,0,0,0,3,1,1,2,2,0,0,4,0,2,43.3
Care,MID,FPX,NIP,RooKie,Ascend,16.07.2024,v14.13,1,Blue,0:36:39,Lucian,Loss,17,4,5,4,12,7.8,391,21.10%,1.3,0.44,0.16,0.44,12.50%,553,25.50%,57.10%,496,25498.3,0,0,0.6,0,0,4,0,0,0,3,1,1,2,2,0,0,4,0,2,43.3
deokdam,ADCARRY,FPX,NIP,Photic,Ascend,16.07.2024,v14.13,1,Blue,0:36:39,Zeri,Loss,18,4,4,3,16,10.6,464,25.10%,1.14,0.33,0.05,0.6,10.90%,429,19.80%,50.00%,271,30173.6,1,0,0.2,0,0,4,0,0,0,3,1,1,2,2,0,0,4,0,2,43.3
Life,SUPPORT,FPX,NIP,Zhuo,Ascend,16.07.2024,v14.13,1,Blue,0:36:39,Leona,Loss,13,1,7,7,2,1.2,249,13.50%,3.79,2.46,0.46,0.41,36.20%,213,9.80%,57.10%,-87,36098.6,1,0,0.6,0,0,4,0,0,0,3,1,1,2,2,0,0,4,0,2,43.3
shanji,TOP,NIP,FPX,Zdz,Ascend,16.07.2024,v14.13,1,Red,0:36:39,Twisted_Fate,Win,18,10,3,3,26,8.8,518,25.20%,1.3,0.52,0.19,0.46,12.00%,344,9.90%,59.10%,402,22502.9,0,1,0.6,1,0,10,1,4,1,3,0,0,0,2,2,0,4,2,2,56.7
AKi,JUNGLE,NIP,FPX,milkyway,Ascend,16.07.2024,v14.13,1,Red,0:36:39,Brand,Win,17,2,3,12,221,7.1,355,17.20%,1.82,0.65,0.19,0.46,16.80%,716,20.60%,63.60%,527,31193.7,0,0,0.4,1,0,10,1,4,1,3,0,0,0,2,2,0,4,2,2,56.7
RooKie,MID,NIP,FPX,Care,Ascend,16.07.2024,v14.13,1,Red,0:36:39,Corki,Win,18,6,2,4,20,10,490,23.80%,1.26,0.46,0.16,0.46,11.60%,1068,30.70%,45.50%,-496,22659.1,0,0,0.4,1,0,10,1,4,1,3,0,0,0,2,2,0,4,2,2,56.7
Photic,ADCARRY,NIP,FPX,deokdam,Ascend,16.07.2024,v14.13,1,Red,0:36:39,Ezreal,Win,18,3,2,14,19,10.5,454,22.00%,1.26,0.49,0.11,0.57,11.50%,1222,35.20%,77.30%,-271,15894,0,0,0.6,1,0,10,1,4,1,3,0,0,0,2,2,0,4,2,2,56.7
Zhuo,SUPPORT,NIP,FPX,Life,Ascend,16.07.2024,v14.13,1,Red,0:36:39,Rakan,Win,14,1,4,11,0,1.7,243,11.80%,5.25,3.11,0.57,0.85,48.20%,125,3.60%,54.50%,87,27511.9,0,0,0.8,1,0,10,1,4,1,3,0,0,0,2,2,0,4,2,2,56.7
shanji,TOP,NIP,FPX,Zdz,Ascend,16.07.2024,v14.13,2,Blue,0:38:58,Renekton,Loss,18,6,4,9,24,8.2,432,22.20%,1,0.21,0.1,0.23,11.60%,582,21.00%,68.20%,2518,54493.6,0,0,0.5,1,3,9,0,3,0,6,0,1,1,1,1,0,7,3,0,57.9
AKi,JUNGLE,NIP,FPX,milkyway,Ascend,16.07.2024,v14.13,2,Blue,0:38:58,Diana,Loss,18,3,5,11,230,7.1,401,20.60%,1.44,0.26,0.23,0.31,16.80%,657,23.70%,63.60%,807,29016.7,0,0,0.75,1,3,9,0,3,0,6,0,1,1,1,1,0,7,3,0,57.9
RooKie,MID,NIP,FPX,Care,Ascend,16.07.2024,v14.13,2,Blue,0:38:58,Yasuo,Loss,18,3,6,14,40,8.8,416,21.40%,1.32,0.54,0.18,0.18,15.30%,515,18.60%,77.30%,-585,35200.9,0,0,0.25,1,3,9,0,3,0,6,0,1,1,1,1,0,7,3,0,57.9
Photic,ADCARRY,NIP,FPX,deokdam,Ascend,16.07.2024,v14.13,2,Blue,0:38:58,Senna,Loss,15,6,4,12,12,2.3,360,18.50%,3.61,1.51,0.44,0.56,42.10%,721,26.00%,81.80%,-1034,20264.5,0,0,0.5,1,3,9,0,3,0,6,0,1,1,1,1,0,7,3,0,57.9
Zhuo,SUPPORT,NIP,FPX,Life,Ascend,16.07.2024,v14.13,2,Blue,0:38:58,Ornn,Loss,16,4,6,14,4,4.6,335,17.20%,1.22,0.69,0.33,0.15,14.20%,294,10.60%,81.80%,653,39747.8,0,0,0.25,1,3,9,0,3,0,6,0,1,1,1,1,0,7,3,0,57.9
Zdz,TOP,FPX,NIP,shanji,Ascend,16.07.2024,v14.13,2,Red,0:38:58,KSante,Win,18,6,6,9,0,6,374,18.30%,0.76,0.28,0.18,0.13,10.30%,589,16.90%,60.00%,-2518,40037.2,0,0,0,0,1,8,1,3,0,0,1,0,2,1,0,0,7,4,0,42.1
milkyway,JUNGLE,FPX,NIP,AKi,Ascend,16.07.2024,v14.13,2,Red,0:38:58,Brand,Win,18,7,6,13,187,6.4,412,20.20%,1.02,0.26,0.18,0.28,13.80%,878,25.20%,80.00%,-807,33744.5,1,1,0.75,0,1,8,1,3,0,0,1,0,2,1,0,0,7,4,0,42.1
Care,MID,FPX,NIP,RooKie,Ascend,16.07.2024,v14.13,2,Red,0:38:58,Tristana,Win,18,6,2,8,26,11.4,564,27.60%,1.49,0.51,0.18,0.36,20.30%,678,19.40%,56.00%,585,22729.6,1,0,0.25,0,1,8,1,3,0,0,1,0,2,1,0,0,7,4,0,42.1
deokdam,ADCARRY,FPX,NIP,Photic,Ascend,16.07.2024,v14.13,2,Red,0:38:58,Ezreal,Win,18,4,2,13,12,8.2,421,20.60%,0.67,0.33,0.05,0.1,9.10%,1177,33.70%,68.00%,1034,20367.4,0,0,0.25,0,1,8,1,3,0,0,1,0,2,1,0,0,7,4,0,42.1
Life,SUPPORT,FPX,NIP,Zhuo,Ascend,16.07.2024,v14.13,2,Red,0:38:58,Rell,Win,15,2,6,19,0,0.8,270,13.20%,3.41,1.9,0.49,0.36,46.40%,166,4.80%,84.00%,-653,26155,0,0,0.75,0,1,8,1,3,0,0,1,0,2,1,0,0,7,4,0,42.1
Zdz,TOP,FPX,NIP,shanji,Ascend,16.07.2024,v14.13,3,Blue,0:32:34,KSante,Win,17,2,1,11,8,6.9,350,17.80%,0.9,0.37,0.21,0.06,10.30%,499,19.20%,76.50%,-250,27609.5,0,0,0.5,0,1,9,0,4,0,4,1,0,1,2,1,0,5,4,0,50.3
milkyway,JUNGLE,FPX,NIP,AKi,Ascend,16.07.2024,v14.13,3,Blue,0:32:34,Kindred,Win,17,10,2,6,216,7.6,487,24.80%,1.55,0.18,0.12,0.64,17.80%,692,26.60%,94.10%,1229,27006.4,0,1,1,0,1,9,0,4,0,4,1,0,1,2,1,0,5,4,0,50.3
Care,MID,FPX,NIP,RooKie,Ascend,16.07.2024,v14.13,3,Blue,0:32:34,Lucian,Win,17,3,2,7,4,8.8,442,22.50%,1.69,0.58,0.25,0.61,19.40%,454,17.50%,58.80%,-502,13889.5,0,0,0.667,0,1,9,0,4,0,4,1,0,1,2,1,0,5,4,0,50.3
deokdam,ADCARRY,FPX,NIP,Photic,Ascend,16.07.2024,v14.13,3,Blue,0:32:34,Kaisa,Win,17,2,1,11,4,9.6,438,22.30%,0.97,0.4,0.09,0.28,11.10%,759,29.20%,76.50%,118,16540.4,0,0,0.667,0,1,9,0,4,0,4,1,0,1,2,1,0,5,4,0,50.3
Life,SUPPORT,FPX,NIP,Zhuo,Ascend,16.07.2024,v14.13,3,Blue,0:32:34,Leona,Win,13,0,1,10,0,1.1,249,12.70%,3.59,2.27,0.43,0.28,41.20%,195,7.50%,58.80%,140,20458.8,0,0,0.667,0,1,9,0,4,0,4,1,0,1,2,1,0,5,4,0,50.3
shanji,TOP,NIP,FPX,Zdz,Ascend,16.07.2024,v14.13,3,Red,0:32:34,Shyvana,Loss,16,2,4,2,10,7.7,363,21.30%,1.23,0.31,0.21,0.4,13.10%,437,19.30%,57.10%,250,26392.2,0,0,0.333,1,1,3,1,1,0,2,0,1,1,2,1,0,5,1,0,49.7
AKi,JUNGLE,NIP,FPX,milkyway,Ascend,16.07.2024,v14.13,3,Red,0:32:34,Brand,Loss,15,2,5,4,183,6.3,337,19.80%,1.9,0.83,0.18,0.31,20.20%,488,21.50%,85.70%,-1229,26439.2,1,0,0.667,1,1,3,1,1,0,2,0,1,1,2,1,0,5,1,0,49.7
RooKie,MID,NIP,FPX,Care,Ascend,16.07.2024,v14.13,3,Red,0:32:34,Yone,Loss,17,3,2,4,28,8.8,414,24.30%,1.21,0.28,0.15,0.37,12.80%,556,24.50%,100.00%,502,24305.6,1,0,1,1,1,3,1,1,0,2,0,1,1,2,1,0,5,1,0,49.7
Photic,ADCARRY,NIP,FPX,deokdam,Ascend,16.07.2024,v14.13,3,Red,0:32:34,Ezreal,Loss,15,0,3,4,8,9.3,372,21.80%,0.86,0.4,0.15,0.21,9.10%,665,29.30%,57.10%,-118,19873.8,0,0,0,1,1,3,1,1,0,2,0,1,1,2,1,0,5,1,0,49.7
Zhuo,SUPPORT,NIP,FPX,Life,Ascend,16.07.2024,v14.13,3,Red,0:32:34,Braum,Loss,11,0,3,3,0,1.4,218,12.80%,4.21,2.03,0.52,0.55,44.70%,121,5.30%,42.90%,-140,19733.2,0,0,0,1,1,3,1,1,0,2,0,1,1,2,1,0,5,1,0,49.7
Wayward,TOP,WE,TT,Hoya,Nirvana,17.07.2024,v14.13,1,Blue,0:36:59,Twisted_Fate,Loss,18,4,3,5,8,8.9,458,25.30%,0.97,0.57,0.24,0.14,9.90%,437,18.00%,90.00%,1595,26027,1,0,1,0,0,5,1,1,0,1,1,1,1,2,0,1,3,0,2,50.8
Yanxiang,JUNGLE,WE,TT,Beichuan,Nirvana,17.07.2024,v14.13,1,Blue,0:36:59,Zyra,Loss,16,1,4,6,213,6.6,322,17.80%,1.33,0.35,0.32,0.41,13.60%,594,24.50%,70.00%,569,18095.3,1,0,0.8,0,0,5,1,1,0,1,1,1,1,2,0,1,3,0,2,50.8
FoFo,MID,WE,TT,Ucal,Nirvana,17.07.2024,v14.13,1,Blue,0:36:59,Corki,Loss,17,2,3,2,34,9.3,390,21.60%,1.54,0.51,0.16,0.35,15.70%,546,22.50%,40.00%,-590,23345.3,0,0,0.4,0,0,5,1,1,0,1,1,1,1,2,0,1,3,0,2,50.8
Able,ADCARRY,WE,TT,1xn,Nirvana,17.07.2024,v14.13,1,Blue,0:36:59,Ezreal,Loss,18,2,1,1,0,9.8,402,22.30%,0.83,0.19,0.05,0.49,8.40%,747,30.80%,30.00%,-189,13178,0,0,0,0,0,5,1,1,0,1,1,1,1,2,0,1,3,0,2,50.8
Mark,SUPPORT,WE,TT,Feather,Nirvana,17.07.2024,v14.13,1,Blue,0:36:59,Rakan,Loss,12,1,2,5,0,1.4,234,13.00%,5.14,2.92,0.65,0.73,52.40%,100,4.10%,60.00%,262,13436.7,0,0,0.4,0,0,5,1,1,0,1,1,1,1,2,0,1,3,0,2,50.8
Hoya,TOP,TT,WE,Wayward,Nirvana,17.07.2024,v14.13,1,Red,0:36:59,Kennen,Win,17,3,5,8,1,7.4,367,20.30%,1.15,0.32,0.24,0.41,12.10%,666,31.50%,84.60%,-1595,20134.3,0,1,0,1,1,7,0,4,0,3,0,0,0,2,1,1,3,1,2,49.2
Beichuan,JUNGLE,TT,WE,Yanxiang,Nirvana,17.07.2024,v14.13,1,Red,0:36:59,Sejuani,Win,16,2,3,6,202,6.5,326,18.10%,2.1,1.08,0.38,0.35,22.10%,266,12.60%,61.50%,-569,51119.5,0,0,1,1,1,7,0,4,0,3,0,0,0,2,1,1,3,1,2,49.2
Ucal,MID,TT,WE,FoFo,Nirvana,17.07.2024,v14.13,1,Red,0:36:59,Lucian,Win,18,6,1,4,28,9.5,457,25.40%,1.14,0.27,0.11,0.62,11.90%,603,28.50%,76.90%,590,15071.6,0,0,1,1,1,7,0,4,0,3,0,0,0,2,1,1,3,1,2,49.2
1xn,ADCARRY,TT,WE,Able,Nirvana,17.07.2024,v14.13,1,Red,0:36:59,Ashe,Win,18,2,0,6,16,10.8,431,23.90%,1.49,0.35,0.14,0.54,15.60%,487,23.00%,61.50%,189,13263.8,0,0,0,1,1,7,0,4,0,3,0,0,0,2,1,1,3,1,2,49.2
Feather,SUPPORT,TT,WE,Mark,Nirvana,17.07.2024,v14.13,1,Red,0:36:59,Braum,Win,14,0,1,12,0,1.2,221,12.30%,3.66,1.84,0.59,0.54,38.30%,93,4.40%,92.30%,-262,26218,0,0,1,1,1,7,0,4,0,3,0,0,0,2,1,1,3,1,2,49.2
Hoya,TOP,TT,WE,Wayward,Nirvana,17.07.2024,v14.13,2,Blue,0:26:15,Gnar,Win,15,4,1,13,4,5.7,379,17.50%,1.12,0.42,0.19,0.27,15.40%,640,21.00%,65.40%,-1318,17519.5,0,0,0.5,1,0,11,1,4,0,1,1,1,0,1,0,1,6,6,0,54.1
Beichuan,JUNGLE,TT,WE,Yanxiang,Nirvana,17.07.2024,v14.13,2,Blue,0:26:15,Zyra,Win,15,3,1,19,165,7,453,21.00%,0.71,0.15,0.08,0.08,9.70%,1017,33.30%,84.60%,-95,18728.5,0,1,1,1,0,11,1,4,0,1,1,1,0,1,0,1,6,6,0,54.1
Ucal,MID,TT,WE,FoFo,Nirvana,17.07.2024,v14.13,2,Blue,0:26:15,Zeri,Win,14,10,1,7,4,7.8,500,23.20%,1.38,0.3,0.08,0.42,18.90%,567,18.60%,65.40%,497,16797.8,0,0,0.875,1,0,11,1,4,0,1,1,1,0,1,0,1,6,6,0,54.1
1xn,ADCARRY,TT,WE,Able,Nirvana,17.07.2024,v14.13,2,Blue,0:26:15,Miss_Fortune,Win,15,8,0,11,11,9.8,536,24.80%,1.12,0.46,0.15,0.19,15.30%,698,22.90%,73.10%,496,9785.95,0,0,0.5,1,0,11,1,4,0,1,1,1,0,1,0,1,6,6,0,54.1
Feather,SUPPORT,TT,WE,Mark,Nirvana,17.07.2024,v14.13,2,Blue,0:26:15,Alistar,Win,11,1,4,21,0,0.8,293,13.60%,2.98,1.64,0.61,0.15,40.80%,130,4.30%,84.60%,277,22725.4,0,0,0.75,1,0,11,1,4,0,1,1,1,0,1,0,1,6,6,0,54.1
Wayward,TOP,WE,TT,Hoya,Nirvana,17.07.2024,v14.13,2,Red,0:26:15,Varus,Loss,14,2,7,5,14,7.9,369,22.50%,1.13,0.53,0.23,0.08,16.50%,639,27.00%,100.00%,1318,18684.1,1,0,1,0,0,2,0,0,0,3,0,0,0,1,0,1,6,0,0,45.9
Yanxiang,JUNGLE,WE,TT,Beichuan,Nirvana,17.07.2024,v14.13,2,Red,0:26:15,Nidalee,Loss,12,2,4,4,139,5.7,333,20.30%,1.4,0.38,0.27,0.3,20.30%,539,22.80%,85.70%,95,28932.2,0,0,0.75,0,0,2,0,0,0,3,0,0,0,1,0,1,6,0,0,45.9
FoFo,MID,WE,TT,Ucal,Nirvana,17.07.2024,v14.13,2,Red,0:26:15,Lucian,Loss,14,2,2,1,0,8.8,369,22.50%,1.06,0.38,0.11,0.19,15.40%,386,16.30%,42.90%,-497,15770.3,0,0,0.5,0,0,2,0,0,0,3,0,0,0,1,0,1,6,0,0,45.9
Able,ADCARRY,WE,TT,1xn,Nirvana,17.07.2024,v14.13,2,Red,0:26:15,Ezreal,Loss,14,0,4,3,3,9,347,21.20%,0.38,0.19,0.04,0.08,5.60%,570,24.10%,42.90%,-496,13759.4,0,0,0.25,0,0,2,0,0,0,3,0,0,0,1,0,1,6,0,0,45.9
Mark,SUPPORT,WE,TT,Feather,Nirvana,17.07.2024,v14.13,2,Red,0:26:15,Leona,Loss,9,1,9,5,0,1,223,13.60%,2.89,1.37,0.38,0.27,42.10%,229,9.70%,85.70%,-277,25289.6,0,0,0.75,0,0,2,0,0,0,3,0,0,0,1,0,1,6,0,0,45.9
369,TOP,TES,WBG,Breathe,Ascend,17.07.2024,v14.13,1,Blue,0:35:51,KSante,Win,18,3,3,8,5,7.6,388,18.10%,0.83,0.31,0.2,0.08,8.70%,462,13.50%,47.80%,-29,39252.1,0,0,0.25,1,2,11,0,4,0,3,1,1,1,2,1,1,6,3,2,53
Tian,JUNGLE,TES,WBG,Tarzan,Ascend,17.07.2024,v14.13,1,Blue,0:35:51,Zyra,Win,18,6,2,12,223,7.1,420,19.60%,2.6,1.09,0.42,0.56,27.50%,812,23.70%,78.30%,1815,20371.5,0,1,0.875,1,2,11,0,4,0,3,1,1,1,2,1,1,6,3,2,53
Creme,MID,TES,WBG,xiaohu,Ascend,17.07.2024,v14.13,1,Blue,0:35:51,Corki,Win,18,4,3,12,16,9.6,501,23.30%,1.17,0.45,0.14,0.2,12.40%,1021,29.80%,69.60%,411,23165.6,0,0,0.625,1,2,11,0,4,0,3,1,1,1,2,1,1,6,3,2,53
JackeyLove,ADCARRY,TES,WBG,Light,Ascend,17.07.2024,v14.13,1,Blue,0:35:51,Miss_Fortune,Win,18,7,3,10,21,10.5,547,25.50%,1.29,0.28,0.06,0.53,13.60%,878,25.70%,73.90%,705,21748.3,0,0,0.625,1,2,11,0,4,0,3,1,1,1,2,1,1,6,3,2,53
meiko,SUPPORT,TES,WBG,Crisp,Ascend,17.07.2024,v14.13,1,Blue,0:35:51,Leona,Win,15,3,5,14,0,1.1,290,13.50%,3.57,1.67,0.45,0.56,37.80%,248,7.20%,73.90%,219,31797.4,0,0,0.625,1,2,11,0,4,0,3,1,1,1,2,1,1,6,3,2,53
Breathe,TOP,WBG,TES,369,Ascend,17.07.2024,v14.13,1,Red,0:35:51,Camille,Loss,18,5,7,3,20,9.1,411,22.40%,1.01,0.33,0.17,0.22,11.70%,469,15.50%,53.30%,29,38755.3,1,0,0.5,0,1,3,1,1,0,3,0,0,0,2,0,1,6,1,2,47
Tarzan,JUNGLE,WBG,TES,Tian,Ascend,17.07.2024,v14.13,1,Red,0:35:51,Brand,Loss,16,2,3,9,203,6.6,348,19.00%,1.62,0.75,0.33,0.2,18.80%,1165,38.40%,73.30%,-1815,29092,1,0,0.667,0,1,3,1,1,0,3,0,0,0,2,0,1,6,1,2,47
xiaohu,MID,WBG,TES,Creme,Ascend,17.07.2024,v14.13,1,Red,0:35:51,Yone,Loss,17,3,3,3,8,9,402,21.90%,1.42,0.47,0.2,0.39,16.50%,395,13.00%,40.00%,-411,30220.7,0,0,0.333,0,1,3,1,1,0,3,0,0,0,2,0,1,6,1,2,47
Light,ADCARRY,WBG,TES,JackeyLove,Ascend,17.07.2024,v14.13,1,Red,0:35:51,Ashe,Loss,17,5,3,6,4,9.4,457,24.90%,1.19,0.28,0.06,0.25,13.80%,786,25.90%,73.30%,-705,21935.6,0,0,0.667,0,1,3,1,1,0,3,0,0,0,2,0,1,6,1,2,47
Crisp,SUPPORT,WBG,TES,meiko,Ascend,17.07.2024,v14.13,1,Red,0:35:51,Braum,Loss,14,0,7,10,0,0.9,215,11.70%,3.38,1.87,0.64,0.47,39.20%,220,7.20%,66.70%,-219,31164,0,0,0.667,0,1,3,1,1,0,3,0,0,0,2,0,1,6,1,2,47
Breathe,TOP,WBG,TES,369,Ascend,17.07.2024,v14.13,2,Blue,0:23:17,Rumble,Loss,13,4,3,3,0,7.4,414,25.20%,0.94,0.47,0.26,0.09,15.30%,758,35.70%,100.00%,1516,18298.2,1,0,1,0,0,2,0,0,0,1,0,0,0,2,1,0,4,0,0,39.1
Tarzan,JUNGLE,WBG,TES,Tian,Ascend,17.07.2024,v14.13,2,Blue,0:23:17,Poppy,Loss,11,0,4,5,100,4.7,286,17.40%,0.86,0.34,0.3,0.17,13.90%,227,10.70%,71.40%,-770,24173.3,1,0,1,0,0,2,0,0,0,1,0,0,0,2,1,0,4,0,0,39.1
xiaohu,MID,WBG,TES,Creme,Ascend,17.07.2024,v14.13,2,Blue,0:23:17,Corki,Loss,13,2,1,3,0,9.1,409,24.90%,0.7,0.34,0.09,0.13,11.40%,612,28.80%,71.40%,-2130,15127.8,0,0,0.75,0,0,2,0,0,0,1,0,0,0,2,1,0,4,0,0,39.1
Light,ADCARRY,WBG,TES,JackeyLove,Ascend,17.07.2024,v14.13,2,Blue,0:23:17,Kalista,Loss,11,1,4,2,0,7.2,317,19.30%,0.41,0.21,0,0.09,6.60%,279,13.20%,42.90%,-3679,14650,0,0,0,0,0,2,0,0,0,1,0,0,0,2,1,0,4,0,0,39.1
Crisp,SUPPORT,WBG,TES,meiko,Ascend,17.07.2024,v14.13,2,Blue,0:23:17,Renata_Glasc,Loss,10,0,4,4,0,1.5,218,13.30%,3.25,1.8,0.47,0.47,52.80%,247,11.60%,57.10%,-1686,18384.7,0,0,0.25,0,0,2,0,0,0,1,0,0,0,2,1,0,4,0,0,39.1
369,TOP,TES,WBG,Breathe,Ascend,17.07.2024,v14.13,2,Red,0:23:17,Kennen,Win,13,1,2,3,4,6.5,342,15.80%,0.71,0.26,0.04,0.09,10.20%,396,12.90%,25.00%,-1516,11001.2,0,0,0,1,3,11,1,3,0,5,1,1,1,2,1,0,4,4,0,60.9
Tian,JUNGLE,TES,WBG,Tarzan,Ascend,17.07.2024,v14.13,2,Red,0:23:17,Sejuani,Win,13,2,2,13,121,5.5,373,17.30%,1.34,0.39,0.3,0.21,19.10%,399,13.00%,93.80%,770,29277.8,0,0,1,1,3,11,1,3,0,5,1,1,1,2,1,0,4,4,0,60.9
Creme,MID,TES,WBG,xiaohu,Ascend,17.07.2024,v14.13,2,Red,0:23:17,Tristana,Win,15,5,1,5,24,10.6,537,24.90%,0.89,0.39,0.04,0.21,12.70%,818,26.70%,62.50%,2130,14834.3,0,0,0.667,1,3,11,1,3,0,5,1,1,1,2,1,0,4,4,0,60.9
JackeyLove,ADCARRY,TES,WBG,Light,Ascend,17.07.2024,v14.13,2,Red,0:23:17,Ezreal,Win,13,6,0,6,7,9.5,547,25.30%,1.24,0.43,0.17,0.39,17.70%,1173,38.20%,75.00%,3679,7977.11,0,1,0.778,1,3,11,1,3,0,5,1,1,1,2,1,0,4,4,0,60.9
meiko,SUPPORT,TES,WBG,Crisp,Ascend,17.07.2024,v14.13,2,Red,0:23:17,Karma,Win,11,2,2,14,0,1.2,361,16.70%,2.83,1.29,0.3,0.43,40.40%,282,9.20%,100.00%,1686,8498.8,0,0,1,1,3,11,1,3,0,5,1,1,1,2,1,0,4,4,0,60.9
Juice,TOP,RNG,UP,Qingtian,Nirvana,18.07.2024,v14.13,1,Blue,0:36:04,Renekton,Loss,17,2,3,1,4,7.7,373,21.50%,1.33,0.3,0.19,0.33,14.80%,362,15.30%,60.00%,-235,38827.9,0,0,0,1,1,6,0,3,0,3,0,0,0,0,0,0,3,0,1,48.8
Iwandy,JUNGLE,RNG,UP,H4cker,Nirvana,18.07.2024,v14.13,1,Blue,0:36:04,Brand,Loss,16,1,2,2,215,6.4,315,18.20%,1.75,0.91,0.28,0.33,19.40%,490,20.70%,60.00%,-776,34197.9,0,0,0,1,1,6,0,3,0,3,0,0,0,0,0,0,3,0,1,48.8
XZZ,MID,RNG,UP,Yuekai,Nirvana,18.07.2024,v14.13,1,Blue,0:36:04,Corki,Loss,17,0,3,2,28,9.7,399,23.00%,1.29,0.33,0.17,0.39,14.30%,434,18.40%,40.00%,-33,22908,1,0,1,1,1,6,0,3,0,3,0,0,0,0,0,0,3,0,1,48.8
huanfeng,ADCARRY,RNG,UP,Doggo,Nirvana,18.07.2024,v14.13,1,Blue,0:36:04,Ezreal,Loss,17,2,1,1,0,10.6,420,24.20%,0.97,0.44,0.17,0.25,10.70%,744,31.50%,60.00%,590,12641.3,1,0,1,1,1,6,0,3,0,3,0,0,0,0,0,0,3,0,1,48.8
Tangyuan,SUPPORT,RNG,UP,Niket,Nirvana,18.07.2024,v14.13,1,Blue,0:36:04,Lillia,Loss,11,0,4,2,4,1.2,229,13.20%,3.69,1.66,0.42,0.58,40.80%,331,14.00%,40.00%,322,17734.8,0,0,0,1,1,6,0,3,0,3,0,0,0,0,0,0,3,0,1,48.8
Qingtian,TOP,UP,RNG,Juice,Nirvana,18.07.2024,v14.13,1,Red,0:36:04,KSante,Win,18,1,1,8,4,8.5,377,19.60%,0.95,0.39,0.28,0.17,9.80%,407,16.20%,69.20%,235,33694.8,0,1,1,0,1,8,1,2,0,3,1,1,1,0,0,0,3,2,1,51.4
H4cker,JUNGLE,UP,RNG,Iwandy,Nirvana,18.07.2024,v14.13,1,Red,0:36:04,Zyra,Win,17,2,1,5,212,7.5,354,18.40%,2.41,0.36,0.3,1.03,24.70%,727,28.90%,53.80%,776,21889.7,0,0,1,0,1,8,1,2,0,3,1,1,1,0,0,0,3,2,1,51.4
Yuekai,MID,UP,RNG,XZZ,Nirvana,18.07.2024,v14.13,1,Red,0:36:04,Lucian,Win,18,6,1,1,34,10.6,509,26.50%,1.22,0.39,0.08,0.25,12.50%,568,22.50%,53.80%,33,19700.2,0,0,0,0,1,8,1,2,0,3,1,1,1,0,0,0,3,2,1,51.4
Doggo,ADCARRY,UP,RNG,huanfeng,Nirvana,18.07.2024,v14.13,1,Red,0:36:04,Ashe,Win,17,4,1,6,13,10,443,23.10%,1.77,0.44,0.22,0.55,18.20%,648,25.70%,76.90%,-590,14845.8,0,0,0,0,1,8,1,2,0,3,1,1,1,0,0,0,3,2,1,51.4
Niket,SUPPORT,UP,RNG,Tangyuan,Nirvana,18.07.2024,v14.13,1,Red,0:36:04,Braum,Win,14,0,1,10,0,1.1,236,12.30%,3.38,1.94,0.47,0.44,34.70%,170,6.70%,76.90%,-322,23024.4,0,0,1,0,1,8,1,2,0,3,1,1,1,0,0,0,3,2,1,51.4
Qingtian,TOP,UP,RNG,Juice,Nirvana,18.07.2024,v14.13,2,Blue,0:50:31,KSante,Loss,18,4,2,7,4,8,385,20.80%,1.09,0.28,0.2,0.32,11.40%,419,12.90%,52.40%,-691,53911.9,1,0,0.25,1,2,8,0,3,0,4,1,0,1,2,1,1,5,1,0,50.6
H4cker,JUNGLE,UP,RNG,XZZ,Nirvana,18.07.2024,v14.13,2,Blue,0:50:31,Zyra,Loss,18,3,3,14,259,6.8,354,19.10%,1.56,0.24,0.22,0.44,16.50%,951,29.10%,81.00%,1151,31581.1,1,0,1,1,2,8,0,3,0,4,1,0,1,2,1,1,5,1,0,50.6
Yuekai,MID,UP,RNG,Tangyuan,Nirvana,18.07.2024,v14.13,2,Blue,0:50:31,Corki,Loss,18,9,5,8,55,9,483,26.00%,1.56,0.44,0.1,0.3,16.40%,948,29.00%,81.00%,-334,33485,0,0,0.75,1,2,8,0,3,0,4,1,0,1,2,1,1,5,1,0,50.6
Doggo,ADCARRY,UP,RNG,huanfeng,Nirvana,18.07.2024,v14.13,2,Blue,0:50:31,Ashe,Loss,18,4,5,12,36,8.5,407,21.90%,1.21,0.32,0.14,0.26,12.80%,721,22.10%,76.20%,459,26990.9,1,0,1,1,2,8,0,3,0,4,1,0,1,2,1,1,5,1,0,50.6
Niket,SUPPORT,UP,RNG,Iwandy,Nirvana,18.07.2024,v14.13,2,Blue,0:50:31,Leona,Loss,16,1,6,14,0,0.9,226,12.20%,4.07,2.3,0.59,0.51,42.90%,224,6.90%,71.40%,89,47663.6,1,0,1,1,2,8,0,3,0,4,1,0,1,2,1,1,5,1,0,50.6
Juice,TOP,RNG,UP,Qingtian,Nirvana,18.07.2024,v14.13,2,Red,0:50:31,Twisted_Fate,Win,18,7,8,7,28,8.3,489,24.20%,1.26,0.49,0.18,0.3,13.60%,412,12.70%,70.00%,691,40454.9,0,0,0.75,0,1,9,1,4,0,2,0,1,4,2,0,1,5,4,0,49.4
XZZ,JUNGLE,RNG,UP,H4cker,Nirvana,18.07.2024,v14.13,2,Red,0:50:31,Zac,Win,18,2,5,14,181,4.1,309,15.30%,1.35,0.49,0.4,0.22,14.60%,334,10.30%,80.00%,-1151,74090.7,0,0,0.5,0,1,9,1,4,0,2,0,1,4,2,0,1,5,4,0,49.4
Tangyuan,MID,RNG,UP,Yuekai,Nirvana,18.07.2024,v14.13,2,Red,0:50:31,Lucian,Win,18,9,2,8,93,10.9,509,25.20%,1.98,0.42,0.08,0.44,21.40%,937,28.90%,85.00%,334,28904.6,0,1,0.5,0,1,9,1,4,0,2,0,1,4,2,0,1,5,4,0,49.4
huanfeng,ADCARRY,RNG,UP,Doggo,Nirvana,18.07.2024,v14.13,2,Red,0:50:31,Ezreal,Win,18,2,1,12,43,10.5,467,23.20%,0.9,0.38,0.08,0.28,9.70%,1456,44.90%,70.00%,-459,24869.1,0,0,0.25,0,1,9,1,4,0,2,0,1,4,2,0,1,5,4,0,49.4
Iwandy,SUPPORT,RNG,UP,Niket,Nirvana,18.07.2024,v14.13,2,Red,0:50:31,Braum,Win,17,0,5,14,0,0.8,244,12.10%,3.76,2.1,0.46,0.38,40.60%,104,3.20%,70.00%,-89,42723.9,0,0,0.75,0,1,9,1,4,0,2,0,1,4,2,0,1,5,4,0,49.4
Qingtian,TOP,UP,RNG,Juice,Nirvana,18.07.2024,v14.13,3,Blue,0:35:47,KSante,Loss,18,2,1,7,4,7.5,362,19.00%,1.24,0.28,0.14,0.31,12.90%,245,13.60%,60.00%,113,21143.6,1,0,0.625,1,1,4,0,3,0,5,1,1,1,1,1,0,4,2,1,56
H4cker,JUNGLE,UP,RNG,XZZ,Nirvana,18.07.2024,v14.13,3,Blue,0:35:47,Lillia,Loss,17,3,1,9,209,7.4,376,19.80%,1.6,0.36,0.34,0.42,16.60%,371,20.60%,80.00%,1240,27657.3,1,0,0.875,1,1,4,0,3,0,5,1,1,1,1,1,0,4,2,1,56
Yuekai,MID,UP,RNG,Tangyuan,Nirvana,18.07.2024,v14.13,3,Blue,0:35:47,Corki,Loss,18,3,2,4,31,10.5,462,24.30%,1.61,0.5,0.17,0.34,16.70%,562,31.20%,46.70%,1161,15416.5,0,0,0.625,1,1,4,0,3,0,5,1,1,1,1,1,0,4,2,1,56
Doggo,ADCARRY,UP,RNG,huanfeng,Nirvana,18.07.2024,v14.13,3,Blue,0:35:47,Kaisa,Loss,17,5,1,5,23,10.4,467,24.60%,1.39,0.48,0.28,0.48,14.40%,511,28.40%,66.70%,1279,12445.2,1,0,0.875,1,1,4,0,3,0,5,1,1,1,1,1,0,4,2,1,56
Niket,SUPPORT,UP,RNG,Iwandy,Nirvana,18.07.2024,v14.13,3,Blue,0:35:47,Rell,Loss,13,2,5,9,0,0.8,236,12.40%,3.8,2.12,0.48,0.34,39.40%,109,6.10%,73.30%,593,21813.3,1,0,0.75,1,1,4,0,3,0,5,1,1,1,1,1,0,4,2,1,56
Juice,TOP,RNG,UP,Qingtian,Nirvana,18.07.2024,v14.13,3,Red,0:35:47,Kennen,Win,17,2,5,3,9,8.4,396,21.70%,0.97,0.31,0.2,0.17,11.10%,441,24.40%,50.00%,-113,20948.2,0,0,1,0,0,7,1,2,0,1,0,0,0,1,0,0,4,1,1,44
XZZ,JUNGLE,RNG,UP,H4cker,Nirvana,18.07.2024,v14.13,3,Red,0:35:47,Zac,Win,15,4,4,0,156,4.9,305,16.70%,1.32,0.34,0.28,0.31,15.20%,148,8.20%,40.00%,-1240,30530.7,0,0,1,0,0,7,1,2,0,1,0,0,0,1,0,0,4,1,1,44
Tangyuan,MID,RNG,UP,Yuekai,Nirvana,18.07.2024,v14.13,3,Red,0:35:47,Yone,Win,18,1,2,5,21,11,446,24.40%,1.79,0.36,0.22,0.59,20.70%,566,31.30%,60.00%,-1161,20982.4,0,1,0,0,0,7,1,2,0,1,0,0,0,1,0,0,4,1,1,44
huanfeng,ADCARRY,RNG,UP,Doggo,Nirvana,18.07.2024,v14.13,3,Red,0:35:47,Ezreal,Win,18,2,1,4,24,11.4,437,23.90%,0.72,0.39,0.14,0.06,8.30%,512,28.40%,60.00%,-1279,13628.6,0,0,0,0,0,7,1,2,0,1,0,0,0,1,0,0,4,1,1,44
Iwandy,SUPPORT,RNG,UP,Niket,Nirvana,18.07.2024,v14.13,3,Red,0:35:47,Alistar,Win,13,1,3,8,0,1,244,13.30%,3.87,2.21,0.48,0.45,44.60%,138,7.60%,90.00%,-593,21058.6,0,0,1,0,0,7,1,2,0,1,0,0,0,1,0,0,4,1,1,44
Breathe,TOP,WBG,AL,Ale,Ascend,18.07.2024,v14.13,1,Blue,0:30:00,KSante,Win,17,3,2,9,0,8.4,430,20.00%,1.15,0.4,0.17,0.1,13.10%,309,11.00%,57.10%,184,30303.4,0,0,0,1,1,11,1,4,0,6,1,1,2,1,1,0,3,3,0,58.5
Tarzan,JUNGLE,WBG,AL,Croco,Ascend,18.07.2024,v14.13,1,Blue,0:30:00,Lillia,Win,17,3,1,14,184,7.9,460,21.40%,1.47,0.27,0.17,0.4,16.70%,693,24.60%,81.00%,484,38027.7,0,1,0.667,1,1,11,1,4,0,6,1,1,2,1,1,0,3,3,0,58.5
xiaohu,MID,WBG,AL,Shanks,Ascend,18.07.2024,v14.13,1,Blue,0:30:00,Lucian,Win,17,5,2,5,20,8.9,470,21.90%,1.56,0.5,0.23,0.37,17.70%,599,21.30%,47.60%,2036,20136.8,0,0,0.667,1,1,11,1,4,0,6,1,1,2,1,1,0,3,3,0,58.5
Light,ADCARRY,WBG,AL,Hope,Ascend,18.07.2024,v14.13,1,Blue,0:30:00,Kaisa,Win,17,10,1,4,16,9.8,528,24.60%,1.38,0.37,0.1,0.43,15.70%,1109,39.40%,66.70%,78,14972.2,0,0,0.333,1,1,11,1,4,0,6,1,1,2,1,1,0,3,3,0,58.5
Crisp,SUPPORT,WBG,AL,Kael,Ascend,18.07.2024,v14.13,1,Blue,0:30:00,Rell,Win,13,0,4,12,0,1.1,258,12.00%,3.24,1.53,0.67,0.47,36.80%,109,3.90%,57.10%,-449,21993.4,0,0,0.333,1,1,11,1,4,0,6,1,1,2,1,1,0,3,3,0,58.5
Ale,TOP,AL,WBG,Breathe,Ascend,18.07.2024,v14.13,1,Red,0:30:00,Poppy,Loss,16,1,3,3,0,8.2,365,20.50%,1.08,0.47,0.2,0.1,13.60%,443,15.70%,40.00%,-184,26114.2,0,0,0,0,0,2,0,0,0,0,0,0,0,1,0,0,3,0,0,41.5
Croco,JUNGLE,AL,WBG,Tarzan,Ascend,18.07.2024,v14.13,1,Red,0:30:00,Zyra,Loss,15,3,4,3,156,6.2,346,19.50%,1.55,0.7,0.17,0.3,19.60%,680,24.10%,60.00%,-484,16140.3,1,0,0.667,0,0,2,0,0,0,0,0,0,0,1,0,0,3,0,0,41.5
Shanks,MID,AL,WBG,xiaohu,Ascend,18.07.2024,v14.13,1,Red,0:30:00,Draven,Loss,15,1,6,4,0,8.8,417,23.50%,0.74,0.3,0,0.23,9.30%,628,22.20%,50.00%,-2036,18114.7,0,0,0,0,0,2,0,0,0,0,0,0,0,1,0,0,3,0,0,41.5
Hope,ADCARRY,AL,WBG,Light,Ascend,18.07.2024,v14.13,1,Red,0:30:00,Ezreal,Loss,16,5,4,3,0,9.6,427,24.00%,1.29,0.5,0.23,0.33,16.30%,918,32.50%,80.00%,-78,19378.3,0,0,0.667,0,0,2,0,0,0,0,0,0,0,1,0,0,3,0,0,41.5
Kael,SUPPORT,AL,WBG,Crisp,Ascend,18.07.2024,v14.13,1,Red,0:30:00,Braum,Loss,12,0,4,7,0,0.8,222,12.50%,3.28,1.67,0.5,0.37,41.30%,153,5.40%,70.00%,449,21752.2,1,0,0.667,0,0,2,0,0,0,0,0,0,0,1,0,0,3,0,0,41.5
Ale,TOP,AL,WBG,Breathe,Ascend,18.07.2024,v14.13,2,Blue,0:37:31,Jax,Loss,18,4,2,3,16,9.3,392,22.20%,1.06,0.48,0.08,0.16,11.50%,746,22.00%,46.70%,445,38371.5,0,0,0,0,0,2,1,1,0,3,1,0,0,0,0,0,7,1,1,50.9
Croco,JUNGLE,AL,WBG,Tarzan,Ascend,18.07.2024,v14.13,2,Blue,0:37:31,Zyra,Loss,16,4,5,5,219,6.6,338,19.10%,1.53,0.29,0.29,0.4,16.70%,752,22.20%,60.00%,262,28572.5,0,0,0.5,0,0,2,1,1,0,3,1,0,0,0,0,0,7,1,1,50.9
Shanks,MID,AL,WBG,xiaohu,Ascend,18.07.2024,v14.13,2,Blue,0:37:31,Corki,Loss,18,4,2,6,12,9.3,435,24.60%,1.2,0.29,0.08,0.43,13.00%,998,29.50%,66.70%,429,26848.9,0,0,0.5,0,0,2,1,1,0,3,1,0,0,0,0,0,7,1,1,50.9
Hope,ADCARRY,AL,WBG,Light,Ascend,18.07.2024,v14.13,2,Blue,0:37:31,Kaisa,Loss,16,2,6,5,11,8.1,375,21.30%,1,0.4,0.13,0.35,10.90%,678,20.00%,46.70%,-703,25232.4,0,0,0,0,0,2,1,1,0,3,1,0,0,0,0,0,7,1,1,50.9
Kael,SUPPORT,AL,WBG,Crisp,Ascend,18.07.2024,v14.13,2,Blue,0:37:31,Leona,Loss,13,1,5,11,0,1,226,12.80%,4.41,2.75,0.67,0.45,47.90%,210,6.20%,80.00%,312,28937,1,0,1,0,0,2,1,1,0,3,1,0,0,0,0,0,7,1,1,50.9
Breathe,TOP,WBG,AL,Ale,Ascend,18.07.2024,v14.13,2,Red,0:37:31,KSante,Win,18,2,2,9,0,7.9,400,19.90%,1.32,0.53,0.27,0.16,14.20%,608,18.80%,57.90%,-445,41779.9,0,0,0,1,0,10,0,4,0,3,0,1,2,0,0,0,7,5,1,49.1
Tarzan,JUNGLE,WBG,AL,Croco,Ascend,18.07.2024,v14.13,2,Red,0:37:31,Nidalee,Win,17,1,4,13,193,6.6,357,17.80%,2.44,0.45,0.32,0.91,26.20%,764,23.60%,73.70%,-262,43730.4,0,0,1,1,0,10,0,4,0,3,0,1,2,0,0,0,7,5,1,49.1
xiaohu,MID,WBG,AL,Shanks,Ascend,18.07.2024,v14.13,2,Red,0:37:31,Yone,Win,18,3,4,9,20,9.1,428,21.30%,1.13,0.45,0.16,0.27,12.10%,626,19.30%,63.20%,-429,31986.4,0,0,1,1,0,10,0,4,0,3,0,1,2,0,0,0,7,5,1,49.1
Light,ADCARRY,WBG,AL,Hope,Ascend,18.07.2024,v14.13,2,Red,0:37:31,Miss_Fortune,Win,18,13,1,3,36,11.3,577,28.70%,1.33,0.43,0.11,0.61,14.30%,1050,32.40%,84.20%,703,13467.7,0,1,1,1,0,10,0,4,0,3,0,1,2,0,0,0,7,5,1,49.1
Crisp,SUPPORT,WBG,AL,Kael,Ascend,18.07.2024,v14.13,2,Red,0:37:31,Alistar,Win,14,0,4,11,0,0.9,247,12.30%,3.09,1.79,0.56,0.29,33.20%,191,5.90%,57.90%,-312,34434,0,0,1,1,0,10,0,4,0,3,0,1,2,0,0,0,7,5,1,49.1
Bin,TOP,BLG,LNG,Zika,Ascend,18.07.2024,v14.13,1,Blue,0:32:19,Kennen,Loss,17,3,2,4,8,9,401,23.50%,0.96,0.28,0.15,0.15,11.40%,660,38.10%,87.50%,75,14908.5,1,0,0.5,0,0,2,0,0,0,6,1,0,0,1,0,0,2,0,0,45.3
XUN,JUNGLE,BLG,LNG,WeiWei,Ascend,18.07.2024,v14.13,1,Blue,0:32:19,Sejuani,Loss,13,1,4,6,141,4.8,290,17.00%,1.28,0.43,0.37,0.25,15.20%,199,11.50%,87.50%,-1013,36729.2,1,0,1,0,0,2,0,0,0,6,1,0,0,1,0,0,2,0,0,45.3
Knight,MID,BLG,LNG,Scout,Ascend,18.07.2024,v14.13,1,Blue,0:32:19,Zeri,Loss,17,3,4,3,38,10.3,437,25.70%,1.41,0.5,0.19,0.31,16.70%,484,28.00%,75.00%,379,20773.2,0,0,0.5,0,0,2,0,0,0,6,1,0,0,1,0,0,2,0,0,45.3
Elk,ADCARRY,BLG,LNG,GALA,Ascend,18.07.2024,v14.13,1,Blue,0:32:19,Kaisa,Loss,15,0,3,5,11,8.3,348,20.40%,0.71,0.37,0.09,0.15,8.40%,307,17.70%,62.50%,-2012,17967.2,0,0,0.5,0,0,2,0,0,0,6,1,0,0,1,0,0,2,0,0,45.3
ON,SUPPORT,BLG,LNG,Hang,Ascend,18.07.2024,v14.13,1,Blue,0:32:19,Rakan,Loss,11,1,6,4,0,1,227,13.30%,4.06,2.54,0.37,0.4,48.30%,81,4.70%,62.50%,-203,23681.2,0,0,0.5,0,0,2,0,0,0,6,1,0,0,1,0,0,2,0,0,45.3
Zika,TOP,LNG,BLG,Bin,Ascend,18.07.2024,v14.13,1,Red,0:32:19,KSante,Win,16,2,1,10,8,7,397,20.10%,1.45,0.31,0.19,0.25,17.00%,359,15.30%,63.20%,-75,20609.1,0,0,0.429,1,1,10,1,4,0,0,0,1,1,1,1,0,2,2,0,54.7
WeiWei,JUNGLE,LNG,BLG,XUN,Ascend,18.07.2024,v14.13,1,Red,0:32:19,Zyra,Win,16,6,1,10,211,7.7,413,20.80%,1.94,0.46,0.4,0.59,22.70%,506,21.50%,84.20%,1013,14743.4,0,1,0.714,1,1,10,1,4,0,0,0,1,1,1,1,0,2,2,0,54.7
Scout,MID,LNG,BLG,Knight,Ascend,18.07.2024,v14.13,1,Red,0:32:19,Yone,Win,17,5,3,7,17,8.7,432,21.80%,1.01,0.31,0.19,0.22,11.80%,616,26.20%,63.20%,-379,22252.5,0,0,0.571,1,1,10,1,4,0,0,0,1,1,1,1,0,2,2,0,54.7
GALA,ADCARRY,LNG,BLG,Elk,Ascend,18.07.2024,v14.13,1,Red,0:32:19,Jhin,Win,17,6,1,5,3,10.1,481,24.30%,0.89,0.28,0.09,0.4,10.50%,711,30.30%,57.90%,2012,7989.06,0,0,0.714,1,1,10,1,4,0,0,0,1,1,1,1,0,2,2,0,54.7
Hang,SUPPORT,LNG,BLG,ON,Ascend,18.07.2024,v14.13,1,Red,0:32:19,Nautilus,Win,12,0,2,12,0,1.3,258,13.00%,3.24,1.79,0.53,0.46,38.00%,158,6.70%,63.20%,203,12568.8,0,0,0.714,1,1,10,1,4,0,0,0,1,1,1,1,0,2,2,0,54.7
Zika,TOP,LNG,BLG,Bin,Ascend,18.07.2024,v14.13,2,Blue,0:29:24,Renekton,Loss,15,0,3,0,12,8.6,348,20.50%,0.75,0.31,0.14,0.14,9.00%,323,19.40%,0.00%,-101,26516.8,0,0,0,1,0,3,0,1,0,6,1,0,0,2,0,0,2,0,0,48.9
WeiWei,JUNGLE,LNG,BLG,XUN,Ascend,18.07.2024,v14.13,2,Blue,0:29:24,Zyra,Loss,14,0,3,2,173,6.5,309,18.20%,1.17,0.27,0.24,0.44,14.00%,421,25.30%,100.00%,287,14610.6,1,0,1,1,0,3,0,1,0,6,1,0,0,2,0,0,2,0,0,48.9
Scout,MID,LNG,BLG,Knight,Ascend,18.07.2024,v14.13,2,Blue,0:29:24,Lucian,Loss,15,1,2,1,12,9.2,405,23.80%,1.25,0.31,0.14,0.31,14.90%,451,27.10%,100.00%,-139,13511.8,1,0,1,1,0,3,0,1,0,6,1,0,0,2,0,0,2,0,0,48.9
GALA,ADCARRY,LNG,BLG,Elk,Ascend,18.07.2024,v14.13,2,Blue,0:29:24,Miss_Fortune,Loss,15,1,1,0,4,10.3,414,24.30%,0.82,0.31,0.1,0.34,9.80%,362,21.80%,50.00%,-111,12330.6,0,0,0,1,0,3,0,1,0,6,1,0,0,2,0,0,2,0,0,48.9
Hang,SUPPORT,LNG,BLG,ON,Ascend,18.07.2024,v14.13,2,Blue,0:29:24,Rakan,Loss,10,0,4,1,0,1.4,223,13.10%,4.39,2.72,0.58,0.75,52.30%,106,6.40%,50.00%,-14,16293.5,0,0,1,1,0,3,0,1,0,6,1,0,0,2,0,0,2,0,0,48.9
Bin,TOP,BLG,LNG,Zika,Ascend,18.07.2024,v14.13,2,Red,0:29:24,Gnar,Win,18,1,0,3,20,11.1,479,24.00%,1.12,0.51,0.17,0.24,10.70%,270,11.90%,30.80%,101,9901.08,0,0,0,0,0,9,1,4,0,0,0,1,1,2,2,0,2,2,0,51.1
XUN,JUNGLE,BLG,LNG,WeiWei,Ascend,18.07.2024,v14.13,2,Red,0:29:24,Maokai,Win,15,2,0,9,155,5.9,332,16.70%,1.26,0.27,0.2,0.2,12.00%,399,17.50%,84.60%,-287,30625.9,0,1,1,0,0,9,1,4,0,0,0,1,1,2,2,0,2,2,0,51.1
Knight,MID,BLG,LNG,Scout,Ascend,18.07.2024,v14.13,2,Red,0:29:24,Yone,Win,17,4,1,6,18,10.1,447,22.40%,1.31,0.44,0.24,0.37,12.50%,660,29.00%,76.90%,139,22055.4,0,0,0.666,0,0,9,1,4,0,0,0,1,1,2,2,0,2,2,0,51.1
Elk,ADCARRY,BLG,LNG,GALA,Ascend,18.07.2024,v14.13,2,Red,0:29:24,Ezreal,Win,16,5,1,5,17,10.2,472,23.70%,1.3,0.44,0.2,0.17,12.40%,801,35.10%,76.90%,111,13826.5,0,0,0.666,0,0,9,1,4,0,0,0,1,1,2,2,0,2,2,0,51.1
ON,SUPPORT,BLG,LNG,Hang,Ascend,18.07.2024,v14.13,2,Red,0:29:24,Bard,Win,11,1,0,7,0,1.7,264,13.20%,5.5,3.1,0.51,1.26,52.40%,149,6.60%,61.50%,14,8155.13,0,0,0.333,0,0,9,1,4,0,0,0,1,1,2,2,0,2,2,0,51.1
Zika,TOP,LNG,BLG,Bin,Ascend,18.07.2024,v14.13,3,Blue,0:31:23,Renekton,Win,17,3,1,9,5,8,399,20.50%,1.21,0.32,0.16,0.29,11.90%,608,21.60%,85.70%,246,40189.5,1,1,1,0,0,10,1,4,0,3,1,1,1,0,0,0,4,2,2,57.8
WeiWei,JUNGLE,LNG,BLG,XUN,Ascend,18.07.2024,v14.13,3,Blue,0:31:23,Nidalee,Win,16,4,1,6,218,7.6,402,20.60%,1.46,0.35,0.32,0.32,14.30%,491,17.40%,71.40%,411,32525.8,1,0,0.5,0,0,10,1,4,0,3,1,1,1,0,0,0,4,2,2,57.8
Scout,MID,LNG,BLG,Knight,Ascend,18.07.2024,v14.13,3,Blue,0:31:23,Azir,Win,17,2,1,4,12,8.8,440,22.60%,1.17,0.38,0.19,0.16,11.50%,883,31.40%,42.90%,-573,26151.9,0,0,0,0,0,10,1,4,0,3,1,1,1,0,0,0,4,2,2,57.8
GALA,ADCARRY,LNG,BLG,Elk,Ascend,18.07.2024,v14.13,3,Blue,0:31:23,Kaisa,Win,16,4,1,5,16,9.7,435,22.30%,0.89,0.29,0.16,0.29,8.70%,678,24.10%,64.30%,-509,15695.2,0,0,0,0,0,10,1,4,0,3,1,1,1,0,0,0,4,2,2,57.8
Hang,SUPPORT,LNG,BLG,ON,Ascend,18.07.2024,v14.13,3,Blue,0:31:23,Rakan,Win,12,1,3,12,1,1.3,275,14.10%,5.46,2.93,0.54,0.67,53.60%,156,5.60%,92.90%,264,23695.1,0,0,0.5,0,0,10,1,4,0,3,1,1,1,0,0,0,4,2,2,57.8
Bin,TOP,BLG,LNG,Zika,Ascend,18.07.2024,v14.13,3,Red,0:31:23,Gnar,Loss,16,0,2,3,10,9.4,364,21.70%,1.11,0.48,0.13,0.29,12.70%,651,21.70%,42.90%,-246,21996.3,0,0,\,1,1,3,0,1,0,3,0,0,0,0,0,0,4,0,2,42.2
XUN,JUNGLE,BLG,LNG,WeiWei,Ascend,18.07.2024,v14.13,3,Red,0:31:23,Vi,Loss,14,2,3,4,163,5.9,314,18.70%,1.18,0.29,0.22,0.16,13.60%,273,9.10%,85.70%,-411,29744.8,0,0,\,1,1,3,0,1,0,3,0,0,0,0,0,0,4,0,2,42.2
Knight,MID,BLG,LNG,Scout,Ascend,18.07.2024,v14.13,3,Red,0:31:23,Ahri,Loss,16,2,2,4,3,8.8,386,23.00%,1.6,0.64,0.1,0.38,18.30%,835,27.90%,85.70%,573,16552.8,0,0,\,1,1,3,0,1,0,3,0,0,0,0,0,0,4,0,2,42.2
Elk,ADCARRY,BLG,LNG,GALA,Ascend,18.07.2024,v14.13,3,Red,0:31:23,Ezreal,Loss,15,1,4,6,8,8.8,373,22.20%,0.81,0.25,0.1,0.29,9.30%,1024,34.10%,100.00%,509,19480.7,0,0,\,1,1,3,0,1,0,3,0,0,0,0,0,0,4,0,2,42.2
ON,SUPPORT,BLG,LNG,Hang,Ascend,18.07.2024,v14.13,3,Red,0:31:23,Leona,Loss,12,2,3,3,0,1.8,242,14.40%,4.02,1.98,0.48,0.8,46.10%,216,7.20%,71.40%,-264,23885,0,0,\,1,1,3,0,1,0,3,0,0,0,0,0,0,4,0,2,42.2
YSKM,TOP,iG,EDG,Solokill,Nirvana,19.07.2024,v14.13,1,Blue,0:32:26,KSante,Win,16,3,6,2,0,6.6,351,17.70%,0.65,0.25,0.09,0.12,7.30%,390,13.20%,31.30%,-1229,30149.3,0,0,0.25,1,1,9,1,4,1,0,0,1,1,0,0,0,4,3,1,50
glfs,JUNGLE,iG,EDG,Jiejie,Nirvana,19.07.2024,v14.13,1,Blue,0:32:26,Lillia,Win,16,4,0,9,200,6.8,405,20.30%,1.23,0.31,0.28,0.31,13.60%,503,17.00%,81.30%,-605,30618.4,1,0,1,1,1,9,1,4,1,0,0,1,1,0,0,0,4,3,1,50
neny,MID,iG,EDG,Cryin,Nirvana,19.07.2024,v14.13,1,Blue,0:32:26,Corki,Win,18,5,0,5,20,10.8,509,25.50%,1.8,0.4,0.15,0.65,19.90%,835,28.20%,62.50%,-82,18645.2,0,0,0.25,1,1,9,1,4,1,0,0,1,1,0,0,0,4,3,1,50
Ahn,ADCARRY,iG,EDG,Leave,Nirvana,19.07.2024,v14.13,1,Blue,0:32:26,Ziggs,Win,17,2,1,9,4,9.6,448,22.50%,1.58,0.55,0.22,0.37,17.60%,1051,35.60%,68.80%,292,14477.8,1,0,0.5,1,1,9,1,4,1,0,0,1,1,0,0,0,4,3,1,50
Vampire,SUPPORT,iG,EDG,Wink,Nirvana,19.07.2024,v14.13,1,Blue,0:32:26,Nautilus,Win,13,2,1,9,0,1.4,278,14.00%,3.74,2.1,0.71,0.71,41.60%,177,6.00%,68.80%,383,16618.3,1,1,1,1,1,9,1,4,1,0,0,1,1,0,0,0,4,3,1,50
Solokill,TOP,EDG,iG,YSKM,Nirvana,19.07.2024,v14.13,1,Red,0:32:26,Renekton,Loss,15,3,3,0,0,7.5,348,19.50%,1.24,0.43,0.31,0.18,12.00%,272,11.10%,37.50%,1229,35725.4,0,0,0.333,0,1,4,0,0,0,6,1,0,0,0,0,0,4,0,1,50
Jiejie,JUNGLE,EDG,iG,glfs,Nirvana,19.07.2024,v14.13,1,Red,0:32:26,Brand,Loss,16,3,1,5,209,7.2,366,20.60%,2.31,0.96,0.25,0.31,22.40%,1025,42.00%,100.00%,605,26078.8,0,0,1,0,1,4,0,0,0,6,1,0,0,0,0,0,4,0,1,50
Cryin,MID,EDG,iG,neny,Nirvana,19.07.2024,v14.13,1,Red,0:32:26,Lucian,Loss,16,2,3,3,1,9,395,22.20%,1.2,0.49,0.18,0.18,11.70%,535,21.90%,62.50%,82,20667.1,0,0,0.667,0,1,4,0,0,0,6,1,0,0,0,0,0,4,0,1,50
Leave,ADCARRY,EDG,iG,Ahn,Nirvana,19.07.2024,v14.13,1,Red,0:32:26,Zeri,Loss,16,0,3,5,14,10.4,445,25.00%,2.06,0.4,0.09,0.8,20.00%,496,20.30%,62.50%,-292,22714,0,0,0.333,0,1,4,0,0,0,6,1,0,0,0,0,0,4,0,1,50
Wink,SUPPORT,EDG,iG,Vampire,Nirvana,19.07.2024,v14.13,1,Red,0:32:26,Rell,Loss,11,0,6,5,0,1,226,12.70%,3.51,1.82,0.62,0.34,34.00%,113,4.60%,62.50%,-383,16862.1,0,0,1,0,1,4,0,0,0,6,1,0,0,0,0,0,4,0,1,50
Solokill,TOP,EDG,iG,YSKM,Nirvana,19.07.2024,v14.13,2,Blue,0:29:17,Renekton,Loss,15,1,3,2,6,8.2,338,20.00%,0.84,0.41,0.24,0.03,9.40%,259,17.90%,75.00%,234,24050.5,0,0,0.5,1,1,3,1,3,0,3,1,0,0,0,0,0,2,0,0,45.6
Jiejie,JUNGLE,EDG,iG,glfs,Nirvana,19.07.2024,v14.13,2,Blue,0:29:17,Vi,Loss,14,2,2,1,183,6.9,346,20.40%,1.66,0.31,0.24,0.51,18.60%,130,9.00%,75.00%,171,16488.1,1,0,1,1,1,3,1,3,0,3,1,0,0,0,0,0,2,0,0,45.6
Cryin,MID,EDG,iG,neny,Nirvana,19.07.2024,v14.13,2,Blue,0:29:17,Azir,Loss,16,1,2,1,10,9.9,391,23.10%,1.1,0.41,0.17,0.17,12.30%,525,36.30%,50.00%,755,12243.4,0,0,0,1,1,3,1,3,0,3,1,0,0,0,0,0,2,0,0,45.6
Leave,ADCARRY,EDG,iG,Ahn,Nirvana,19.07.2024,v14.13,2,Blue,0:29:17,Ezreal,Loss,15,0,3,2,0,10.1,399,23.60%,1.16,0.34,0.1,0.38,13.00%,393,27.20%,50.00%,173,11083.3,1,0,0.5,1,1,3,1,3,0,3,1,0,0,0,0,0,2,0,0,45.6
Wink,SUPPORT,EDG,iG,Vampire,Nirvana,19.07.2024,v14.13,2,Blue,0:29:17,Maokai,Loss,11,0,2,1,0,1.4,218,12.90%,4.15,2.29,0.48,0.48,46.60%,140,9.70%,25.00%,416,10691.9,1,0,0.5,1,1,3,1,3,0,3,1,0,0,0,0,0,2,0,0,45.6
YSKM,TOP,iG,EDG,Solokill,Nirvana,19.07.2024,v14.13,2,Red,0:29:17,Gwen,Win,17,3,1,5,14,10,434,22.00%,0.97,0.24,0.07,0.27,12.10%,579,31.80%,66.70%,-234,16652.2,0,0,0,0,0,7,0,2,0,3,0,1,1,0,0,0,2,2,0,54.4
glfs,JUNGLE,iG,EDG,Jiejie,Nirvana,19.07.2024,v14.13,2,Red,0:29:17,Lillia,Win,16,2,0,9,203,8,391,19.80%,1.35,0.31,0.24,0.38,16.70%,285,15.60%,91.70%,-171,24525.7,0,0,1,0,0,7,0,2,0,3,0,1,1,0,0,0,2,2,0,54.4
neny,MID,iG,EDG,Cryin,Nirvana,19.07.2024,v14.13,2,Red,0:29:17,Lucian,Win,17,3,2,6,4,9.6,430,21.80%,1.48,0.51,0.17,0.27,18.40%,436,23.90%,75.00%,-755,12261.8,0,0,0,0,0,7,0,2,0,3,0,1,1,0,0,0,2,2,0,54.4
Ahn,ADCARRY,iG,EDG,Leave,Nirvana,19.07.2024,v14.13,2,Red,0:29:17,Kaisa,Win,16,4,1,4,16,10.5,478,24.30%,1.47,0.51,0.2,0.34,18.20%,396,21.70%,66.70%,-173,12086.6,0,0,1,0,0,7,0,2,0,3,0,1,1,0,0,0,2,2,0,54.4
Vampire,SUPPORT,iG,EDG,Wink,Nirvana,19.07.2024,v14.13,2,Red,0:29:17,Rell,Win,13,0,0,12,0,1.2,239,12.10%,2.8,1.61,0.48,0.31,34.70%,128,7.00%,100.00%,-416,13045.9,0,1,1,0,0,7,0,2,0,3,0,1,1,0,0,0,2,2,0,54.4
Burdol,TOP,LGD,FPX,Zdz,Ascend,19.07.2024,v14.13,1,Blue,0:37:39,Jayce,Win,18,1,5,8,0,8.2,391,20.00%,1.48,0.32,0.24,0.35,16.00%,804,20.70%,40.90%,1094,23921.9,0,0,0.429,1,1,9,0,3,0,4,0,1,1,2,1,0,8,3,2,60.5
Meteor,JUNGLE,LGD,FPX,milkyway,Ascend,19.07.2024,v14.13,1,Blue,0:37:39,Lillia,Win,18,6,1,13,264,7.8,432,22.10%,1.4,0.29,0.24,0.08,15.20%,899,23.10%,86.40%,702,39812.4,0,1,0.714,1,1,9,0,3,0,4,0,1,1,2,1,0,8,3,2,60.5
Haichao,MID,LGD,FPX,Care,Ascend,19.07.2024,v14.13,1,Blue,0:37:39,Tristana,Win,18,6,3,6,18,8.4,447,22.90%,1.73,0.56,0.21,0.53,18.70%,784,20.20%,54.50%,1361,26314.7,0,0,0.286,1,1,9,0,3,0,4,0,1,1,2,1,0,8,3,2,60.5
Kepler,ADCARRY,LGD,FPX,deokdam,Ascend,19.07.2024,v14.13,1,Blue,0:37:39,Ezreal,Win,17,7,2,11,26,8.5,435,22.20%,1.44,0.42,0.13,0.37,15.50%,1228,31.60%,81.80%,-258,24375.7,0,0,0.714,1,1,9,0,3,0,4,0,1,1,2,1,0,8,3,2,60.5
jinjiao,SUPPORT,LGD,FPX,Life,Ascend,19.07.2024,v14.13,1,Blue,0:37:39,Nautilus,Win,14,2,10,14,0,0.7,249,12.80%,3.19,1.78,0.5,0.21,34.50%,174,4.50%,72.70%,695,39332.5,0,0,0.714,1,1,9,0,3,0,4,0,1,1,2,1,0,8,3,2,60.5
Zdz,TOP,FPX,LGD,Burdol,Ascend,19.07.2024,v14.13,1,Red,0:37:39,Ornn,Loss,17,2,3,9,0,6.6,318,18.30%,0.99,0.37,0.21,0.08,11.20%,400,13.00%,52.40%,-1094,45091.1,0,0,0,0,0,3,1,2,0,2,1,0,0,2,1,0,8,3,2,39.5
milkyway,JUNGLE,FPX,LGD,Meteor,Ascend,19.07.2024,v14.13,1,Red,0:37:39,Brand,Loss,16,6,5,10,185,5.7,351,20.30%,1.47,0.29,0.21,0.37,16.70%,931,30.20%,76.20%,-702,37158.4,1,0,0.75,0,0,3,1,2,0,2,1,0,0,2,1,0,8,3,2,39.5
Care,MID,FPX,LGD,Haichao,Ascend,19.07.2024,v14.13,1,Red,0:37:39,Corki,Loss,17,6,3,7,0,8.7,428,24.70%,1.75,0.45,0.16,0.61,19.90%,848,27.50%,61.90%,-1361,33640.4,0,0,0,0,0,3,1,2,0,2,1,0,0,2,1,0,8,3,2,39.5
deokdam,ADCARRY,FPX,LGD,Kepler,Ascend,19.07.2024,v14.13,1,Red,0:37:39,Ashe,Loss,17,5,3,11,16,9.1,406,23.40%,1.45,0.4,0.13,0.4,16.50%,705,22.80%,76.20%,258,22397.2,1,0,1,0,0,3,1,2,0,2,1,0,0,2,1,0,8,3,2,39.5
Life,SUPPORT,FPX,LGD,jinjiao,Ascend,19.07.2024,v14.13,1,Red,0:37:39,Leona,Loss,14,2,8,12,0,1,232,13.40%,3.15,1.57,0.42,0.42,35.70%,201,6.50%,66.70%,-695,39546.2,1,0,0.75,0,0,3,1,2,0,2,1,0,0,2,1,0,8,3,2,39.5
Zdz,TOP,FPX,LGD,Burdol,Ascend,19.07.2024,v14.13,2,Blue,0:41:58,Renekton,Win,18,0,8,15,3,6.4,330,16.50%,1.1,0.41,0.29,0.24,12.50%,439,14.00%,62.50%,-991,58492,0,0,0.2,0,0,9,0,0,1,0,0,0,2,0,0,0,8,3,1,45.4
milkyway,JUNGLE,FPX,LGD,Meteor,Ascend,19.07.2024,v14.13,2,Blue,0:41:58,Kindred,Win,18,8,3,9,234,7.2,461,23.00%,1.55,0.21,0.14,0.57,17.60%,735,23.40%,70.80%,-820,40132.7,0,0,0.6,0,0,9,0,0,1,0,0,0,2,0,0,0,8,3,1,45.4
Care,MID,FPX,LGD,Haichao,Ascend,19.07.2024,v14.13,2,Blue,0:41:58,Lucian,Win,18,7,4,8,15,8.9,471,23.50%,1.69,0.48,0.1,0.45,19.20%,774,24.70%,62.50%,-925,29328.4,0,0,0.6,0,0,9,0,0,1,0,0,0,2,0,0,0,8,3,1,45.4
deokdam,ADCARRY,FPX,LGD,Kepler,Ascend,19.07.2024,v14.13,2,Blue,0:41:58,Kaisa,Win,18,9,4,7,16,10.1,487,24.30%,1.37,0.38,0.1,0.45,15.50%,1011,32.20%,66.70%,285,23167.7,0,1,0.8,0,0,9,0,0,1,0,0,0,2,0,0,0,8,3,1,45.4
Life,SUPPORT,FPX,LGD,jinjiao,Ascend,19.07.2024,v14.13,2,Blue,0:41:58,Alistar,Win,17,0,4,19,0,0.9,253,12.60%,3.09,1.95,0.48,0.26,35.10%,179,5.70%,79.20%,-91,44802.9,0,0,0.6,0,0,9,0,0,1,0,0,0,2,0,0,0,8,3,1,45.4
Burdol,TOP,LGD,FPX,Zdz,Ascend,19.07.2024,v14.13,2,Red,0:41:58,Jayce,Loss,18,6,5,12,17,7.9,429,22.30%,1.14,0.41,0.31,0.24,10.80%,1002,26.10%,78.30%,991,32125.3,1,0,1,1,2,9,1,4,0,6,1,1,1,0,0,0,8,4,1,54.6
Meteor,JUNGLE,LGD,FPX,milkyway,Ascend,19.07.2024,v14.13,2,Red,0:41:58,Nidalee,Loss,18,7,3,13,272,7.2,422,21.90%,2.97,0.95,0.14,0.57,28.00%,983,25.60%,87.00%,820,52998.6,1,0,1,1,2,9,1,4,0,6,1,1,1,0,0,0,8,4,1,54.6
Haichao,MID,LGD,FPX,Care,Ascend,19.07.2024,v14.13,2,Red,0:41:58,Corki,Loss,18,8,3,8,16,8.6,449,23.30%,1.48,0.45,0.1,0.36,14.00%,904,23.60%,69.60%,925,30089.3,1,0,1,1,2,9,1,4,0,6,1,1,1,0,0,0,8,4,1,54.6
Kepler,ADCARRY,LGD,FPX,deokdam,Ascend,19.07.2024,v14.13,2,Red,0:41:58,Ezreal,Loss,18,2,8,11,17,8.4,398,20.60%,1.43,0.38,0.07,0.45,13.50%,770,20.10%,56.50%,-285,35229.5,0,0,0.667,1,2,9,1,4,0,6,1,1,1,0,0,0,8,4,1,54.6
jinjiao,SUPPORT,LGD,FPX,Life,Ascend,19.07.2024,v14.13,2,Red,0:41:58,Nautilus,Loss,15,0,5,11,0,0.8,229,11.90%,3.58,2.1,0.74,0.26,33.80%,178,4.60%,47.80%,91,29812.7,1,0,1,1,2,9,1,4,0,6,1,1,1,0,0,0,8,4,1,54.6
Burdol,TOP,LGD,FPX,Zdz,Ascend,19.07.2024,v14.13,3,Blue,0:26:44,Poppy,Loss,14,0,5,5,0,6.9,337,18.20%,0.87,0.34,0.26,0.11,10.20%,518,16.10%,33.30%,-181,26317.2,0,0,0,0,0,3,0,1,0,4,0,0,0,3,1,0,6,2,0,50
Meteor,JUNGLE,LGD,FPX,milkyway,Ascend,19.07.2024,v14.13,3,Blue,0:26:44,Lillia,Loss,15,3,3,8,178,7.7,423,22.90%,1.15,0.26,0.19,0.3,13.50%,674,21.00%,73.30%,303,32227.7,0,0,0.333,0,0,3,0,1,0,4,0,0,0,3,1,0,6,2,0,50
Haichao,MID,LGD,FPX,Care,Ascend,19.07.2024,v14.13,3,Blue,0:26:44,Lucian,Loss,14,9,3,4,0,8.7,483,26.10%,1.43,0.52,0.22,0.37,16.80%,866,27.00%,86.70%,-41,17713.9,0,0,0.667,0,0,3,0,1,0,4,0,0,0,3,1,0,6,2,0,50
Kepler,ADCARRY,LGD,FPX,deokdam,Ascend,19.07.2024,v14.13,3,Blue,0:26:44,Ezreal,Loss,14,3,5,10,0,7.4,381,20.60%,1.26,0.34,0.04,0.45,14.80%,1000,31.10%,86.70%,-1027,21872.8,0,0,1,0,0,3,0,1,0,4,0,0,0,3,1,0,6,2,0,50
jinjiao,SUPPORT,LGD,FPX,Life,Ascend,19.07.2024,v14.13,3,Blue,0:26:44,Leona,Loss,11,0,6,7,0,0.9,224,12.10%,3.8,2.24,0.6,0.37,44.60%,154,4.80%,46.70%,-568,19941.6,0,0,0,0,0,3,0,1,0,4,0,0,0,3,1,0,6,2,0,50
Zdz,TOP,FPX,LGD,Burdol,Ascend,19.07.2024,v14.13,3,Red,0:26:44,KSante,Win,15,7,3,9,4,7.9,432,20.60%,1.17,0.37,0.34,0.22,12.50%,716,20.50%,72.70%,181,33276.3,0,0,0.6,1,0,9,1,3,0,2,1,1,1,3,2,0,6,4,0,50
milkyway,JUNGLE,FPX,LGD,Meteor,Ascend,19.07.2024,v14.13,3,Red,0:26:44,Brand,Win,14,2,4,13,162,6.7,379,18.10%,1.99,0.41,0.34,0.52,21.20%,766,21.90%,68.20%,-303,24068.2,1,0,0.6,1,0,9,1,3,0,2,1,1,1,3,2,0,6,4,0,50
Care,MID,FPX,LGD,Haichao,Ascend,19.07.2024,v14.13,3,Red,0:26:44,Zeri,Win,16,6,1,10,8,10.6,544,25.90%,1.62,0.45,0.15,0.49,17.30%,916,26.20%,72.70%,41,19855.7,0,0,0.2,1,0,9,1,3,0,2,1,1,1,3,2,0,6,4,0,50
deokdam,ADCARRY,FPX,LGD,Kepler,Ascend,19.07.2024,v14.13,3,Red,0:26:44,Ashe,Win,14,6,3,14,4,7.7,451,21.50%,1.44,0.41,0.11,0.49,15.40%,821,23.50%,90.90%,1027,12671.4,1,1,1,1,0,9,1,3,0,2,1,1,1,3,2,0,6,4,0,50
Life,SUPPORT,FPX,LGD,jinjiao,Ascend,19.07.2024,v14.13,3,Red,0:26:44,Braum,Win,13,1,4,19,0,0.9,294,14.00%,3.14,1.57,0.26,0.3,33.50%,273,7.80%,90.90%,568,25594.6,1,0,1,1,0,9,1,3,0,2,1,1,1,3,2,0,6,4,0,50
shanji,TOP,NIP,JDG,sheer,Ascend,19.07.2024,v14.13,1,Blue,0:38:57,KSante,Loss,18,4,2,5,0,8.3,371,20.80%,0.81,0.21,0.15,0.18,9.30%,491,23.10%,75.00%,254,32135,0,0,0.25,1,0,5,0,2,0,3,1,0,0,0,0,0,3,1,0,44.8
AKi,JUNGLE,NIP,JDG,Kanavi,Ascend,19.07.2024,v14.13,1,Blue,0:38:57,Brand,Loss,17,3,3,5,207,6.4,340,19.10%,1.45,0.21,0.15,0.41,16.50%,414,19.50%,66.70%,66,25553.8,0,0,0.25,1,0,5,0,2,0,3,1,0,0,0,0,0,3,1,0,44.8
RooKie,MID,NIP,JDG,Yagao,Ascend,19.07.2024,v14.13,1,Blue,0:38:57,Corki,Loss,18,1,2,9,23,9.7,417,23.40%,1.13,0.51,0.18,0.31,12.90%,680,31.90%,83.30%,633,19226.6,0,0,0.75,1,0,5,0,2,0,3,1,0,0,0,0,0,3,1,0,44.8
Photic,ADCARRY,NIP,JDG,Ruler,Ascend,19.07.2024,v14.13,1,Blue,0:38:57,Kaisa,Loss,17,3,3,3,24,9.8,433,24.30%,1.25,0.36,0.03,0.41,14.30%,428,20.10%,50.00%,258,17050.1,0,0,0.5,1,0,5,0,2,0,3,1,0,0,0,0,0,3,1,0,44.8
Zhuo,SUPPORT,NIP,JDG,Missing,Ascend,19.07.2024,v14.13,1,Blue,0:38:57,Leona,Loss,12,1,4,3,1,1.2,219,12.30%,4.12,1.98,0.54,0.62,47.00%,116,5.50%,33.30%,-302,24112.9,0,0,0.25,1,0,5,0,2,0,3,1,0,0,0,0,0,3,1,0,44.8
sheer,TOP,JDG,NIP,shanji,Ascend,19.07.2024,v14.13,1,Red,0:38:57,Gnar,Win,18,5,0,3,5,9,426,22.80%,1.03,0.31,0.18,0.26,10.10%,582,25.30%,57.10%,-254,20144.9,0,0,0,0,0,7,1,4,0,3,0,1,1,0,0,0,3,2,0,55.2
Kanavi,JUNGLE,JDG,NIP,AKi,Ascend,19.07.2024,v14.13,1,Red,0:38:57,Lillia,Win,18,5,1,6,273,8,399,21.40%,1.53,0.21,0.18,0.44,15.00%,497,21.60%,78.60%,-66,39137.2,0,1,0.5,0,0,7,1,4,0,3,0,1,1,0,0,0,3,2,0,55.2
Yagao,MID,JDG,NIP,RooKie,Ascend,19.07.2024,v14.13,1,Red,0:38:57,Lucian,Win,18,0,4,5,25,8.4,366,19.60%,2.34,0.44,0.13,0.46,22.90%,316,13.80%,35.70%,-633,17700.9,0,0,0,0,0,7,1,4,0,3,0,1,1,0,0,0,3,2,0,55.2
Ruler,ADCARRY,JDG,NIP,Photic,Ascend,19.07.2024,v14.13,1,Red,0:38:57,Ezreal,Win,18,3,4,2,11,9.8,425,22.80%,1.23,0.36,0.15,0.41,12.10%,766,33.30%,35.70%,-258,20116.5,1,0,0.5,0,0,7,1,4,0,3,0,1,1,0,0,0,3,2,0,55.2
Missing,SUPPORT,JDG,NIP,Zhuo,Ascend,19.07.2024,v14.13,1,Red,0:38:57,Rell,Win,14,1,3,10,0,1.2,250,13.40%,4.07,2.31,0.67,0.39,39.90%,139,6.10%,78.60%,302,28791.2,1,0,1,0,0,7,1,4,0,3,0,1,1,0,0,0,3,2,0,55.2
sheer,TOP,JDG,NIP,shanji,Ascend,19.07.2024,v14.13,2,Blue,0:31:43,KSante,Win,16,5,3,8,4,7.5,423,19.90%,0.7,0.22,0.09,0.09,7.00%,601,18.90%,52.00%,-483,26748.1,0,0,0.375,1,0,11,1,4,0,4,1,1,1,2,2,0,5,3,1,60.5
Kanavi,JUNGLE,JDG,NIP,AKi,Ascend,19.07.2024,v14.13,2,Blue,0:31:43,Zyra,Win,17,2,1,18,224,7.9,421,19.80%,2.74,1.07,0.22,0.5,27.40%,842,26.60%,80.00%,1644,17611.6,1,0,1,1,0,11,1,4,0,4,1,1,1,2,2,0,5,3,1,60.5
Yagao,MID,JDG,NIP,RooKie,Ascend,19.07.2024,v14.13,2,Blue,0:31:43,Lucian,Win,17,8,3,6,27,8.5,467,21.90%,1.33,0.41,0.09,0.28,13.30%,621,19.60%,56.00%,364,14769.3,0,0,0.25,1,0,11,1,4,0,4,1,1,1,2,2,0,5,3,1,60.5
Ruler,ADCARRY,JDG,NIP,Photic,Ascend,19.07.2024,v14.13,2,Blue,0:31:43,Ashe,Win,18,9,1,9,8,10.6,526,24.70%,1.7,0.38,0.13,0.6,17.00%,949,29.90%,72.00%,1910,13136.9,1,1,0.625,1,0,11,1,4,0,4,1,1,1,2,2,0,5,3,1,60.5
Missing,SUPPORT,JDG,NIP,Zhuo,Ascend,19.07.2024,v14.13,2,Blue,0:31:43,Rell,Win,13,1,4,21,0,0.8,293,13.70%,3.53,2.08,0.5,0.28,35.30%,157,4.90%,88.00%,180,21164.4,1,0,0.75,1,0,11,1,4,0,4,1,1,1,2,2,0,5,3,1,60.5
shanji,TOP,NIP,JDG,sheer,Ascend,19.07.2024,v14.13,2,Red,0:31:43,Shyvana,Loss,16,4,6,3,4,7.4,359,20.80%,1,0.09,0.16,0.41,12.10%,499,23.20%,58.30%,483,31651.2,0,0,0.6,0,0,4,0,0,0,2,0,0,0,2,0,0,5,1,1,39.5
AKi,JUNGLE,NIP,JDG,Kanavi,Ascend,19.07.2024,v14.13,2,Red,0:31:43,Lillia,Loss,14,0,5,6,156,6.3,321,18.50%,1.43,0.19,0.19,0.57,17.30%,402,18.70%,50.00%,-1644,33558.1,0,0,0.6,0,0,4,0,0,0,2,0,0,0,2,0,0,5,1,1,39.5
RooKie,MID,NIP,JDG,Yagao,Ascend,19.07.2024,v14.13,2,Red,0:31:43,Yone,Loss,16,4,4,3,8,8.6,430,24.90%,1.18,0.5,0.19,0.35,14.20%,524,24.30%,58.30%,-364,26136.3,0,0,0.4,0,0,4,0,0,0,2,0,0,0,2,0,0,5,1,1,39.5
Photic,ADCARRY,NIP,JDG,Ruler,Ascend,19.07.2024,v14.13,2,Red,0:31:43,Ziggs,Loss,15,3,3,3,4,8.6,392,22.70%,1.05,0.5,0.13,0.32,12.70%,626,29.00%,50.00%,-1910,16741.4,0,0,0,0,0,4,0,0,0,2,0,0,0,2,0,0,5,1,1,39.5
Zhuo,SUPPORT,NIP,JDG,Missing,Ascend,19.07.2024,v14.13,2,Red,0:31:43,Leona,Loss,11,1,7,6,0,1.1,228,13.20%,3.61,1.83,0.5,0.5,43.70%,104,4.80%,58.30%,-180,22152.2,0,0,0.6,0,0,4,0,0,0,2,0,0,0,2,0,0,5,1,1,39.5
Wayward,TOP,WE,OMG,Hery,Nirvana,20.07.2024,v14.13,1,Blue,0:26:01,Renekton,Loss,14,3,5,5,0,7.6,385,21.90%,0.83,0.35,0.23,0.19,11.30%,504,21.40%,66.70%,728,31152.6,0,0,0.714,1,0,3,0,0,0,3,1,0,0,1,1,0,5,0,1,53.8
Yanxiang,JUNGLE,WE,OMG,Tianzhen,Nirvana,20.07.2024,v14.13,1,Blue,0:26:01,Sejuani,Loss,12,1,6,7,121,5,302,17.10%,1.18,0.35,0.31,0.19,16.10%,308,13.10%,66.70%,-1057,28274.2,0,0,0.857,1,0,3,0,0,0,3,1,0,0,1,1,0,5,0,1,53.8
FoFo,MID,WE,OMG,Angel,Nirvana,20.07.2024,v14.13,1,Blue,0:26:01,Lucian,Loss,14,5,6,3,16,9.1,444,25.20%,1.51,0.5,0.15,0.54,20.80%,716,30.40%,66.70%,729,17799.5,0,0,0.571,1,0,3,0,0,0,3,1,0,0,1,1,0,5,0,1,53.8
Able,ADCARRY,WE,OMG,Starry,Nirvana,20.07.2024,v14.13,1,Blue,0:26:01,Xayah,Loss,13,3,4,5,2,9.1,402,22.90%,0.97,0.35,0.12,0.38,13.30%,653,27.70%,66.70%,-1688,14562.9,0,0,0.429,1,0,3,0,0,0,3,1,0,0,1,1,0,5,0,1,53.8
Mark,SUPPORT,WE,OMG,Ppgod,Nirvana,20.07.2024,v14.13,1,Blue,0:26:01,Braum,Loss,11,0,5,8,0,1.3,227,12.90%,2.8,1.61,0.5,0.61,38.40%,174,7.40%,66.70%,-69,16011.2,0,0,0.429,1,0,3,0,0,0,3,1,0,0,1,1,0,5,0,1,53.8
Hery,TOP,OMG,WE,Wayward,Nirvana,20.07.2024,v14.13,1,Red,0:26:01,Kennen,Win,15,4,3,17,2,8.3,460,20.90%,1.33,0.31,0.15,0.27,13.80%,848,25.50%,80.80%,-728,14738.3,1,0,0.889,0,0,10,1,4,0,2,0,1,1,1,0,0,5,4,1,46.2
Tianzhen,JUNGLE,OMG,WE,Yanxiang,Nirvana,20.07.2024,v14.13,1,Red,0:26:01,Rengar,Win,14,6,3,14,157,6.6,449,20.40%,1.41,0.31,0.23,0.27,14.50%,482,14.50%,76.90%,1057,40283.1,1,1,0.889,0,0,10,1,4,0,2,0,1,1,1,0,0,5,4,1,46.2
Angel,MID,OMG,WE,FoFo,Nirvana,20.07.2024,v14.13,1,Red,0:26:01,Taliyah,Win,16,3,2,17,15,8.5,425,19.30%,1.21,0.65,0.31,0.08,12.50%,711,21.40%,76.90%,-729,10909.3,1,0,1,0,0,10,1,4,0,2,0,1,1,1,0,0,5,4,1,46.2
Starry,ADCARRY,OMG,WE,Able,Nirvana,20.07.2024,v14.13,1,Red,0:26:01,Zeri,Win,15,13,1,10,4,10.5,587,26.60%,1.48,0.42,0.15,0.5,15.30%,1125,33.80%,88.50%,1688,14580.8,1,0,1,0,0,10,1,4,0,2,0,1,1,1,0,0,5,4,1,46.2
Ppgod,SUPPORT,OMG,WE,Mark,Nirvana,20.07.2024,v14.13,1,Red,0:26:01,Rakan,Win,11,0,3,17,0,1.1,282,12.80%,4.27,2.23,0.27,0.5,44.00%,160,4.80%,65.40%,69,15525.8,1,0,0.667,0,0,10,1,4,0,2,0,1,1,1,0,0,5,4,1,46.2
Hery,TOP,OMG,WE,Wayward,Nirvana,20.07.2024,v14.13,2,Blue,0:34:07,KSante,Win,17,4,0,6,1,7.8,399,20.60%,1.3,0.38,0.26,0.32,13.00%,359,14.60%,62.50%,-58,25432,0,0,0.5,1,0,8,0,3,0,4,1,1,1,2,1,0,4,3,0,56
Tianzhen,JUNGLE,OMG,WE,Yanxiang,Nirvana,20.07.2024,v14.13,2,Blue,0:34:07,Lillia,Win,18,1,1,13,238,8.3,395,20.40%,1.9,0.53,0.44,0.41,19.10%,777,31.60%,87.50%,-172,39994.9,0,1,1,1,0,8,0,3,0,4,1,1,1,2,1,0,4,3,0,56
Angel,MID,OMG,WE,FoFo,Nirvana,20.07.2024,v14.13,2,Blue,0:34:07,Lucian,Win,17,5,2,5,6,8.5,448,23.10%,1.97,0.53,0.18,0.53,19.80%,710,28.90%,62.50%,-285,15318.8,0,0,0.5,1,0,8,0,3,0,4,1,1,1,2,1,0,4,3,0,56
Starry,ADCARRY,OMG,WE,Able,Nirvana,20.07.2024,v14.13,2,Blue,0:34:07,Varus,Win,17,6,4,7,18,9.4,453,23.40%,1.11,0.44,0.29,0.18,11.10%,476,19.40%,81.30%,-188,14836,0,0,1,1,0,8,0,3,0,4,1,1,1,2,1,0,4,3,0,56
Ppgod,SUPPORT,OMG,WE,Mark,Nirvana,20.07.2024,v14.13,2,Blue,0:34:07,Braum,Win,13,0,4,16,0,1.1,239,12.40%,3.68,1.76,0.41,0.5,37.00%,137,5.60%,100.00%,-455,19309.4,0,0,1,1,0,8,0,3,0,4,1,1,1,2,1,0,4,3,0,56
Wayward,TOP,WE,OMG,Hery,Nirvana,20.07.2024,v14.13,2,Red,0:34:07,Kennen,Loss,16,2,4,4,4,7.9,339,20.00%,1.05,0.44,0.32,0.12,10.90%,585,26.20%,54.50%,58,20769.7,0,0,0.4,0,0,3,1,3,0,2,0,0,0,2,1,0,4,1,0,44
Yanxiang,JUNGLE,WE,OMG,Tianzhen,Nirvana,20.07.2024,v14.13,2,Red,0:34:07,Sejuani,Loss,14,4,2,4,176,5.5,314,18.50%,1.58,0.41,0.38,0.29,16.30%,263,11.80%,72.70%,172,31081.7,1,0,1,0,0,3,1,3,0,2,0,0,0,2,1,0,4,1,0,44
FoFo,MID,WE,OMG,Angel,Nirvana,20.07.2024,v14.13,2,Red,0:34:07,Zeri,Loss,16,1,3,5,21,9.1,380,22.40%,2.19,0.44,0.09,0.76,22.60%,616,27.60%,54.50%,285,23217.9,0,0,0.4,0,0,3,1,3,0,2,0,0,0,2,1,0,4,1,0,44
Able,ADCARRY,WE,OMG,Starry,Nirvana,20.07.2024,v14.13,2,Red,0:34:07,Jhin,Loss,17,3,2,7,6,10.1,437,25.80%,1.31,0.26,0.09,0.35,13.50%,569,25.50%,90.90%,188,13090.6,1,0,1,0,0,3,1,3,0,2,0,0,0,2,1,0,4,1,0,44
Mark,SUPPORT,WE,OMG,Ppgod,Nirvana,20.07.2024,v14.13,2,Red,0:34:07,Leona,Loss,12,1,5,7,0,1,222,13.10%,3.57,1.93,0.5,0.23,36.80%,199,8.90%,72.70%,455,21392.5,1,0,1,0,0,3,1,3,0,2,0,0,0,2,1,0,4,1,0,44
369,TOP,TES,LGD,Burdol,Ascend,20.07.2024,v14.13,1,Blue,0:36:06,KSante,Win,18,3,2,7,2,7.4,387,18.60%,0.88,0.33,0.17,0.11,9.20%,361,13.20%,62.50%,-505,33329.5,0,0,0,1,0,11,0,2,0,2,1,1,2,1,1,0,3,2,1,56.7
Tian,JUNGLE,TES,LGD,Meteor,Ascend,20.07.2024,v14.13,1,Blue,0:36:06,Brand,Win,18,4,0,10,252,8,433,20.80%,2.2,1.16,0.28,0.44,23.00%,642,23.40%,87.50%,568,28922,1,0,0.8,1,0,11,0,2,0,2,1,1,2,1,1,0,3,2,1,56.7
Creme,MID,TES,LGD,Haichao,Ascend,20.07.2024,v14.13,1,Blue,0:36:06,Zeri,Win,18,3,2,6,35,11.4,519,24.90%,1.7,0.36,0.03,0.55,17.80%,563,20.50%,56.30%,932,24371.4,0,0,0.6,1,0,11,0,2,0,2,1,1,2,1,1,0,3,2,1,56.7
JackeyLove,ADCARRY,TES,LGD,Kepler,Ascend,20.07.2024,v14.13,1,Blue,0:36:06,Ezreal,Win,17,5,0,8,16,10.1,467,22.40%,1.14,0.39,0.08,0.5,11.90%,1003,36.60%,81.30%,519,17846.9,1,0,0.8,1,0,11,0,2,0,2,1,1,2,1,1,0,3,2,1,56.7
meiko,SUPPORT,TES,LGD,jinjiao,Ascend,20.07.2024,v14.13,1,Blue,0:36:06,Leona,Win,14,1,4,14,0,1.2,275,13.20%,3.63,1.94,0.64,0.55,38.00%,176,6.40%,93.80%,593,26489,1,1,1,1,0,11,0,2,0,2,1,1,2,1,1,0,3,2,1,56.7
Burdol,TOP,LGD,TES,369,Ascend,20.07.2024,v14.13,1,Red,0:36:06,Gnar,Loss,18,2,4,0,7,9,394,22.10%,1.28,0.36,0.28,0.33,14.30%,598,23.20%,25.00%,505,36421.4,0,0,0,0,0,4,1,3,0,4,0,0,0,1,0,0,3,0,1,43.3
Meteor,JUNGLE,LGD,TES,Tian,Ascend,20.07.2024,v14.13,1,Red,0:36:06,Zyra,Loss,17,1,1,5,222,7.4,344,19.30%,2.03,0.91,0.22,0.58,22.50%,591,22.90%,75.00%,-568,21440.4,0,0,0.667,0,0,4,1,3,0,4,0,0,0,1,0,0,3,0,1,43.3
Haichao,MID,LGD,TES,Creme,Ascend,20.07.2024,v14.13,1,Red,0:36:06,Corki,Loss,18,2,2,3,0,12.2,489,27.40%,1.21,0.22,0.11,0.47,13.50%,761,29.60%,62.50%,-932,19339.9,0,0,0.333,0,0,4,1,3,0,4,0,0,0,1,0,0,3,0,1,43.3
Kepler,ADCARRY,LGD,TES,JackeyLove,Ascend,20.07.2024,v14.13,1,Red,0:36:06,Ashe,Loss,16,3,3,2,4,8.4,356,19.90%,1.25,0.36,0.11,0.33,13.90%,566,22.00%,62.50%,-519,20189.8,0,0,1,0,0,4,1,3,0,4,0,0,0,1,0,0,3,0,1,43.3
jinjiao,SUPPORT,LGD,TES,meiko,Ascend,20.07.2024,v14.13,1,Red,0:36:06,Nautilus,Loss,13,0,6,5,0,1.1,202,11.30%,3.22,1.69,0.55,0.5,35.80%,59,2.30%,62.50%,-593,22087.9,0,0,1,0,0,4,1,3,0,4,0,0,0,1,0,0,3,0,1,43.3
Burdol,TOP,LGD,TES,369,Ascend,20.07.2024,v14.13,2,Blue,0:42:39,KSante,Loss,18,2,5,7,0,7.2,327,19.80%,1.62,0.35,0.28,0.23,15.50%,420,15.70%,69.20%,797,52335.5,1,0,1,0,1,3,0,1,0,6,0,0,0,1,0,0,4,1,0,41.6
Meteor,JUNGLE,LGD,TES,Tian,Ascend,20.07.2024,v14.13,2,Blue,0:42:39,Brand,Loss,17,2,1,8,226,6.1,317,19.30%,1.98,0.82,0.28,0.47,19.00%,671,25.00%,76.90%,881,35293.4,1,0,0.833,0,1,3,0,1,0,6,0,0,0,1,0,0,4,1,0,41.6
Haichao,MID,LGD,TES,Creme,Ascend,20.07.2024,v14.13,2,Blue,0:42:39,Corki,Loss,18,6,2,2,15,9.3,417,25.30%,1.12,0.52,0.19,0.33,10.70%,855,31.90%,61.50%,-124,25622.7,0,0,0.333,0,1,3,0,1,0,6,0,0,0,1,0,0,4,1,0,41.6
Kepler,ADCARRY,LGD,TES,JackeyLove,Ascend,20.07.2024,v14.13,2,Blue,0:42:39,Ashe,Loss,17,3,6,6,0,7.8,370,22.50%,1.77,0.42,0.14,0.54,17.00%,559,20.80%,69.20%,-1573,23124.9,0,0,0.667,0,1,3,0,1,0,6,0,0,0,1,0,0,4,1,0,41.6
jinjiao,SUPPORT,LGD,TES,meiko,Ascend,20.07.2024,v14.13,2,Blue,0:42:39,Braum,Loss,13,0,5,10,0,0.5,216,13.10%,3.96,2.58,0.54,0.3,37.90%,177,6.60%,76.90%,145,33669.8,0,0,0.667,0,1,3,0,1,0,6,0,0,0,1,0,0,4,1,0,41.6
369,TOP,TES,LGD,Burdol,Ascend,20.07.2024,v14.13,2,Red,0:42:39,Mordekaiser,Win,18,3,6,5,20,7.6,381,19.60%,1.61,0.38,0.14,0.28,16.50%,547,17.80%,42.10%,-797,37380.1,0,0,0,1,1,10,1,4,0,0,1,1,2,1,1,0,4,3,0,58.4
Tian,JUNGLE,TES,LGD,Meteor,Ascend,20.07.2024,v14.13,2,Red,0:42:39,Lillia,Win,18,4,1,8,270,8.2,398,20.50%,1.5,0.28,0.28,0.66,15.40%,444,14.50%,63.20%,-881,44927.6,0,0,0.333,1,1,10,1,4,0,0,1,1,2,1,1,0,4,3,0,58.4
Creme,MID,TES,LGD,Haichao,Ascend,20.07.2024,v14.13,2,Red,0:42:39,Lucian,Win,18,5,2,4,26,9.8,450,23.20%,1.35,0.35,0.07,0.56,13.90%,865,28.20%,47.40%,124,26162.6,0,0,0.333,1,1,10,1,4,0,0,1,1,2,1,1,0,4,3,0,58.4
JackeyLove,ADCARRY,TES,LGD,Kepler,Ascend,20.07.2024,v14.13,2,Red,0:42:39,Ezreal,Win,18,7,1,9,22,9.3,473,24.40%,1.16,0.33,0.07,0.8,11.90%,1070,34.90%,84.20%,1573,22092.4,0,1,0.667,1,1,10,1,4,0,0,1,1,2,1,1,0,4,3,0,58.4
meiko,SUPPORT,TES,LGD,jinjiao,Ascend,20.07.2024,v14.13,2,Red,0:42:39,Leona,Win,14,0,3,10,0,1.2,238,12.30%,4.13,2.16,0.61,0.7,42.40%,143,4.70%,52.60%,-145,34563.9,0,0,0.667,1,1,10,1,4,0,0,1,1,2,1,1,0,4,3,0,58.4
sheer,TOP,JDG,BLG,Bin,Ascend,20.07.2024,v14.13,1,Blue,0:37:27,Rumble,Win,18,5,2,5,0,6.8,405,20.90%,0.73,0.27,0.19,0.13,7.50%,942,26.00%,50.00%,815,19842.3,0,0,0.2,0,0,7,0,3,0,5,1,0,0,0,0,0,5,3,0,55.3
Kanavi,JUNGLE,JDG,BLG,XUN,Ascend,20.07.2024,v14.13,1,Blue,0:37:27,KhaZix,Win,18,7,3,7,247,7.2,407,21.00%,2.35,0.85,0.27,0.45,24.30%,741,20.50%,70.00%,1191,39030.5,1,0,0.8,0,0,7,0,3,0,5,1,0,0,0,0,0,5,3,0,55.3
Yagao,MID,JDG,BLG,Knight,Ascend,20.07.2024,v14.13,1,Blue,0:37:27,Corki,Win,18,4,2,8,28,10.8,486,25.10%,1.48,0.37,0.03,0.21,15.30%,921,25.40%,60.00%,626,14703,0,0,0.6,0,0,7,0,3,0,5,1,0,0,0,0,0,5,3,0,55.3
Ruler,ADCARRY,JDG,BLG,Elk,Ascend,20.07.2024,v14.13,1,Blue,0:37:27,Ashe,Win,17,4,3,8,8,9.1,424,21.90%,1.35,0.4,0.21,0.37,13.90%,762,21.00%,60.00%,743,14011.1,0,1,0.4,0,0,7,0,3,0,5,1,0,0,0,0,0,5,3,0,55.3
Missing,SUPPORT,JDG,BLG,ON,Ascend,20.07.2024,v14.13,1,Blue,0:37:27,Leona,Win,15,0,4,10,0,0.7,215,11.10%,3.77,2.43,0.69,0.27,38.90%,255,7.00%,50.00%,-1157,30494.7,0,0,0.4,0,0,7,0,3,0,5,1,0,0,0,0,0,5,3,0,55.3
Bin,TOP,BLG,JDG,sheer,Ascend,20.07.2024,v14.13,1,Red,0:37:27,KSante,Loss,18,1,4,8,0,8,383,20.10%,1.02,0.35,0.19,0.16,12.30%,396,18.20%,64.30%,-815,39736,0,0,0,1,0,10,1,3,0,1,0,1,2,0,0,0,5,2,0,44.7
XUN,JUNGLE,BLG,JDG,Kanavi,Ascend,20.07.2024,v14.13,1,Red,0:37:27,Brand,Loss,17,3,7,6,189,5.7,342,18.00%,1.13,0.16,0.16,0.32,13.60%,509,23.30%,64.30%,-1191,34823.9,0,0,0.667,1,0,10,1,3,0,1,0,1,2,0,0,0,5,2,0,44.7
Knight,MID,BLG,JDG,Yagao,Ascend,20.07.2024,v14.13,1,Red,0:37:27,Tristana,Loss,18,4,3,5,40,10.5,501,26.30%,1.7,0.53,0.16,0.48,20.50%,579,26.50%,64.30%,-626,26878.6,0,0,0,1,0,10,1,3,0,1,0,1,2,0,0,0,5,2,0,44.7
Elk,ADCARRY,BLG,JDG,Ruler,Ascend,20.07.2024,v14.13,1,Red,0:37:27,Senna,Loss,14,4,3,8,0,1.8,321,16.90%,3.6,1.39,0.16,0.83,43.50%,457,20.90%,85.70%,-743,18607.5,0,0,1,1,0,10,1,3,0,1,0,1,2,0,0,0,5,2,0,44.7
ON,SUPPORT,BLG,JDG,Missing,Ascend,20.07.2024,v14.13,1,Red,0:37:27,Ornn,Loss,16,2,3,6,0,6.1,355,18.60%,0.83,0.24,0.13,0.24,10.10%,241,11.10%,57.10%,1157,46229.9,0,0,0.333,1,0,10,1,3,0,1,0,1,2,0,0,0,5,2,0,44.7
Bin,TOP,BLG,JDG,sheer,Ascend,20.07.2024,v14.13,2,Blue,0:27:05,Kennen,Win,16,3,2,2,4,8.6,456,23.10%,1.3,0.37,0.15,0.22,13.90%,331,17.60%,50.00%,1481,12068.1,1,0,1,1,1,10,1,2,0,6,1,1,0,1,1,0,1,1,0,49.4
Wei,JUNGLE,BLG,JDG,Kanavi,Ascend,20.07.2024,v14.13,2,Blue,0:27:05,Maokai,Win,13,2,0,6,135,5.7,349,17.60%,1.81,0.44,0.33,0.55,19.40%,358,19.10%,80.00%,2,30780.2,1,1,1,1,1,10,1,2,0,6,1,1,0,1,1,0,1,1,0,49.4
Knight,MID,BLG,JDG,Yagao,Ascend,20.07.2024,v14.13,2,Blue,0:27:05,Tristana,Win,16,3,1,4,20,10,469,23.70%,1.3,0.52,0.22,0.37,13.90%,509,27.10%,70.00%,66,13114.6,0,0,0.5,1,1,10,1,2,0,6,1,1,0,1,1,0,1,1,0,49.4
Elk,ADCARRY,BLG,JDG,Ruler,Ascend,20.07.2024,v14.13,2,Blue,0:27:05,Miss_Fortune,Win,15,2,4,2,9,10.1,445,22.50%,1.31,0.3,0.18,0.41,14.00%,615,32.70%,40.00%,-564,12958.2,0,0,0,1,1,10,1,2,0,6,1,1,0,1,1,0,1,1,0,49.4
ON,SUPPORT,BLG,JDG,Missing,Ascend,20.07.2024,v14.13,2,Blue,0:27:05,Rell,Win,10,0,2,4,4,1.5,260,13.10%,3.63,1.62,0.48,0.7,38.80%,65,3.50%,40.00%,-448,14385.1,0,0,0.5,1,1,10,1,2,0,6,1,1,0,1,1,0,1,1,0,49.4
sheer,TOP,JDG,BLG,Bin,Ascend,20.07.2024,v14.13,2,Red,0:27:05,Twisted_Fate,Loss,13,1,4,4,0,6,322,18.80%,1.45,0.44,0.15,0.3,15.00%,194,9.90%,55.60%,-1481,13298.6,0,0,0.75,0,1,2,0,2,0,0,0,0,0,1,0,0,1,0,0,50.6
Kanavi,JUNGLE,JDG,BLG,Wei,Ascend,20.07.2024,v14.13,2,Red,0:27:05,Brand,Loss,13,1,3,4,164,6.7,338,19.70%,1.89,0.85,0.26,0.44,19.60%,401,20.40%,55.60%,-2,21928.5,0,0,0.75,0,1,2,0,2,0,0,0,0,0,1,0,0,1,0,0,50.6
Yagao,MID,JDG,BLG,Knight,Ascend,20.07.2024,v14.13,2,Red,0:27:05,Corki,Loss,15,1,0,2,8,10.7,395,23.10%,1.18,0.41,0.11,0.26,12.20%,489,24.90%,33.30%,-66,9282.59,0,0,0.25,0,1,2,0,2,0,0,0,0,0,1,0,0,1,0,0,50.6
Ruler,ADCARRY,JDG,BLG,Elk,Ascend,20.07.2024,v14.13,2,Red,0:27:05,Ezreal,Loss,15,5,1,2,4,10.1,432,25.20%,1.66,0.48,0.22,0.44,17.20%,776,39.50%,77.80%,564,11630.1,0,0,0.75,0,1,2,0,2,0,0,0,0,0,1,0,0,1,0,0,50.6
Missing,SUPPORT,JDG,BLG,ON,Ascend,20.07.2024,v14.13,2,Red,0:27:05,Braum,Loss,10,1,2,5,0,0.7,224,13.10%,3.46,2.44,0.59,0.15,36.00%,105,5.30%,66.70%,448,14435.9,0,0,1,0,1,2,0,2,0,0,0,0,0,1,0,0,1,0,0,50.6
sheer,TOP,JDG,BLG,Bin,Ascend,20.07.2024,v14.13,3,Blue,0:30:08,Renekton,Loss,14,2,4,5,4,6.9,323,19.30%,0.98,0.37,0.2,0.13,11.90%,326,12.20%,63.60%,-502,33613,0,0,0.833,0,0,2,0,1,0,6,0,0,0,0,0,0,4,1,0,53.2
Kanavi,JUNGLE,JDG,BLG,Wei,Ascend,20.07.2024,v14.13,3,Blue,0:30:08,Lillia,Loss,15,2,4,5,214,7.6,348,20.80%,0.97,0.3,0.27,0.2,11.70%,378,14.10%,63.60%,471,37700.2,0,0,0.833,0,0,2,0,1,0,6,0,0,0,0,0,0,4,1,0,53.2
Yagao,MID,JDG,BLG,Knight,Ascend,20.07.2024,v14.13,3,Blue,0:30:08,Corki,Loss,15,4,4,2,8,8.8,390,23.30%,1.37,0.46,0.13,0.5,16.50%,893,33.40%,54.50%,239,21668.2,0,0,0.667,0,0,2,0,1,0,6,0,0,0,0,0,0,4,1,0,53.2
Ruler,ADCARRY,JDG,BLG,Elk,Ascend,20.07.2024,v14.13,3,Blue,0:30:08,Jhin,Loss,16,2,1,4,4,9.4,378,22.60%,0.86,0.33,0.07,0.27,10.30%,909,34.00%,54.50%,66,19739.4,0,0,0,0,0,2,0,1,0,6,0,0,0,0,0,0,4,1,0,53.2
Missing,SUPPORT,JDG,BLG,ON,Ascend,20.07.2024,v14.13,3,Blue,0:30:08,Leona,Loss,9,1,5,6,0,1.5,232,13.90%,4.12,2.46,0.66,0.66,49.60%,170,6.30%,63.60%,560,23225.2,0,0,0.833,0,0,2,0,1,0,6,0,0,0,0,0,0,4,1,0,53.2
Bin,TOP,BLG,JDG,sheer,Ascend,20.07.2024,v14.13,3,Red,0:30:08,Gnar,Win,16,5,3,7,0,8.2,410,21.00%,1.22,0.6,0.23,0.13,12.30%,828,23.70%,66.70%,502,26746.2,1,1,1,1,0,8,1,4,0,0,1,1,1,0,0,0,4,3,0,46.8
Wei,JUNGLE,BLG,JDG,Kanavi,Ascend,20.07.2024,v14.13,3,Red,0:30:08,Brand,Win,14,1,3,6,160,6.3,349,17.90%,2.79,1.19,0.33,0.56,28.10%,478,13.70%,38.90%,-471,28138.6,0,0,0.333,1,0,8,1,4,0,0,1,1,1,0,0,0,4,3,0,46.8
Knight,MID,BLG,JDG,Yagao,Ascend,20.07.2024,v14.13,3,Red,0:30:08,Tristana,Win,17,6,1,7,32,9.6,467,24.00%,1.33,0.43,0.07,0.37,13.40%,904,25.90%,72.20%,-239,23860.7,0,0,0.333,1,0,8,1,4,0,0,1,1,1,0,0,0,4,3,0,46.8
Elk,ADCARRY,BLG,JDG,Ruler,Ascend,20.07.2024,v14.13,3,Red,0:30:08,Ezreal,Win,16,6,1,5,10,9.7,457,23.40%,1.14,0.37,0.07,0.37,11.50%,1112,31.90%,61.10%,-66,17460.4,0,0,0,1,0,8,1,4,0,0,1,1,1,0,0,0,4,3,0,46.8
ON,SUPPORT,BLG,JDG,Missing,Ascend,20.07.2024,v14.13,3,Red,0:30:08,Alistar,Win,12,0,3,16,0,1.1,266,13.70%,3.45,1.83,0.53,0.3,34.70%,167,4.80%,88.90%,-560,29861.2,0,0,0.667,1,0,8,1,4,0,0,1,1,1,0,0,0,4,3,0,46.8
Wayward,TOP,WE,UP,Qingtian,Nirvana,21.07.2024,v14.13,1,Blue,0:36:55,Kennen,Loss,17,0,4,3,8,7,338,18.90%,1.25,0.41,0.24,0.24,12.10%,358,19.90%,50.00%,687,21083.9,0,0,0.25,0,1,7,0,2,0,6,0,1,2,0,0,0,3,0,1,44.5
Yanxiang,JUNGLE,WE,UP,H4cker,Nirvana,21.07.2024,v14.13,1,Blue,0:36:55,Sejuani,Loss,16,2,2,3,196,5.8,331,18.50%,2.06,1.06,0.49,0.33,20.00%,204,11.30%,83.30%,-181,38601.4,0,0,0.75,0,1,7,0,2,0,6,0,1,2,0,0,0,3,0,1,44.5
FoFo,MID,WE,UP,Yuekai,Nirvana,21.07.2024,v14.13,1,Blue,0:36:55,Lucian,Loss,18,2,2,2,20,10.1,426,23.90%,1.9,0.51,0.16,0.7,18.50%,458,25.40%,66.70%,323,14772.8,0,0,0.75,0,1,7,0,2,0,6,0,1,2,0,0,0,3,0,1,44.5
Able,ADCARRY,WE,UP,Doggo,Nirvana,21.07.2024,v14.13,1,Blue,0:36:55,Ezreal,Loss,17,2,2,1,4,10,442,24.80%,1.33,0.3,0.14,0.51,12.90%,631,35.00%,50.00%,-991,12771.8,0,0,0.25,0,1,7,0,2,0,6,0,1,2,0,0,0,3,0,1,44.5
Mark,SUPPORT,WE,UP,Niket,Nirvana,21.07.2024,v14.13,1,Blue,0:36:55,Leona,Loss,12,0,4,6,0,1.4,248,13.90%,3.76,1.95,0.51,0.62,36.50%,151,8.40%,100.00%,-234,18923.4,0,0,1,0,1,7,0,2,0,6,0,1,2,0,0,0,3,0,1,44.5
Qingtian,TOP,UP,WE,Wayward,Nirvana,21.07.2024,v14.13,1,Red,0:36:55,Renekton,Win,17,1,2,4,0,7,355,18.30%,1.25,0.3,0.19,0.27,11.80%,224,10.80%,35.70%,-687,27516.8,0,0,0.25,1,1,9,1,4,0,0,1,0,0,0,0,0,3,2,1,55.5
H4cker,JUNGLE,UP,WE,Yanxiang,Nirvana,21.07.2024,v14.13,1,Red,0:36:55,Zyra,Win,17,2,0,9,224,7.2,362,18.70%,2.62,1.3,0.38,0.62,25.00%,521,25.20%,78.60%,181,20775.4,1,0,1,1,1,9,1,4,0,0,1,0,0,0,0,0,3,2,1,55.5
Yuekai,MID,UP,WE,FoFo,Nirvana,21.07.2024,v14.13,1,Red,0:36:55,Corki,Win,18,7,1,3,31,10,494,25.50%,1.26,0.43,0.11,0.24,12.00%,517,24.90%,71.40%,-323,12263.8,0,0,0.25,1,1,9,1,4,0,0,1,0,0,0,0,0,3,2,1,55.5
Doggo,ADCARRY,UP,WE,Able,Nirvana,21.07.2024,v14.13,1,Red,0:36:55,Zeri,Win,18,3,0,10,29,11.8,495,25.50%,2.04,0.41,0.22,0.95,19.40%,684,33.00%,92.90%,991,15654,1,1,1,1,1,9,1,4,0,0,1,0,0,0,0,0,3,2,1,55.5
Niket,SUPPORT,UP,WE,Mark,Nirvana,21.07.2024,v14.13,1,Red,0:36:55,Nautilus,Win,14,1,3,9,0,1.1,233,12.00%,3.35,1.92,0.49,0.43,31.80%,126,6.10%,71.40%,234,20313.7,1,0,1,1,1,9,1,4,0,0,1,0,0,0,0,0,3,2,1,55.5
Qingtian,TOP,UP,WE,Wayward,Nirvana,21.07.2024,v14.13,2,Blue,0:34:41,KSante,Win,18,8,4,7,1,6.4,389,19.40%,1.03,0.37,0.29,0.14,9.50%,444,16.20%,71.40%,-1126,32720.1,0,1,0.429,1,3,11,1,4,0,3,1,0,1,1,1,0,5,3,2,48.1
H4cker,JUNGLE,UP,WE,Yanxiang,Nirvana,21.07.2024,v14.13,2,Blue,0:34:41,Zyra,Win,16,0,1,14,168,5.8,351,17.50%,2.8,1.1,0.35,0.61,26.00%,642,23.50%,66.70%,-451,23954.9,0,0,0.571,1,3,11,1,4,0,3,1,0,1,1,1,0,5,3,2,48.1
Yuekai,MID,UP,WE,FoFo,Nirvana,21.07.2024,v14.13,2,Blue,0:34:41,Corki,Win,18,7,0,5,30,9.5,478,23.80%,1.1,0.43,0.14,0.2,10.20%,712,26.10%,57.10%,834,17720,0,0,0.571,1,3,11,1,4,0,3,1,0,1,1,1,0,5,3,2,48.1
Doggo,ADCARRY,UP,WE,Able,Nirvana,21.07.2024,v14.13,2,Blue,0:34:41,Kalista,Win,15,5,2,9,20,9,497,24.80%,2.08,0.92,0.26,0.61,19.30%,751,27.50%,66.70%,1937,19216.6,0,0,0.429,1,3,11,1,4,0,3,1,0,1,1,1,0,5,3,2,48.1
Niket,SUPPORT,UP,WE,Mark,Nirvana,21.07.2024,v14.13,2,Blue,0:34:41,Renata_Glasc,Win,14,1,1,16,0,0.9,291,14.50%,3.76,2.34,0.37,0.32,34.90%,181,6.60%,81.00%,909,18845.6,0,0,0.714,1,3,11,1,4,0,3,1,0,1,1,1,0,5,3,2,48.1
Wayward,TOP,WE,UP,Qingtian,Nirvana,21.07.2024,v14.13,2,Red,0:34:41,Renekton,Loss,16,3,5,2,8,7.7,366,20.50%,1.07,0.4,0.32,0.26,11.80%,331,14.00%,62.50%,1126,44250.5,1,0,1,0,2,3,0,1,0,3,0,1,1,1,0,0,5,0,2,51.9
Yanxiang,JUNGLE,WE,UP,H4cker,Nirvana,21.07.2024,v14.13,2,Red,0:34:41,Brand,Loss,17,3,4,5,216,6.9,355,19.90%,1.12,0.29,0.26,0.29,12.40%,840,35.50%,100.00%,451,30756.4,0,0,0.75,0,2,3,0,1,0,3,0,1,1,1,0,0,5,0,2,51.9
FoFo,MID,WE,UP,Yuekai,Nirvana,21.07.2024,v14.13,2,Red,0:34:41,Lucian,Loss,17,1,2,4,10,8.6,402,22.50%,1.04,0.43,0.09,0.2,11.50%,597,25.20%,62.50%,-834,15278.2,0,0,0.5,0,2,3,0,1,0,3,0,1,1,1,0,0,5,0,2,51.9
Able,ADCARRY,WE,UP,Doggo,Nirvana,21.07.2024,v14.13,2,Red,0:34:41,Zeri,Loss,17,1,3,5,2,10.7,444,24.90%,2.17,0.29,0.12,1.44,24.00%,466,19.70%,75.00%,-1937,15284.8,1,0,0.75,0,2,3,0,1,0,3,0,1,1,1,0,0,5,0,2,51.9
Mark,SUPPORT,WE,UP,Niket,Nirvana,21.07.2024,v14.13,2,Red,0:34:41,Leona,Loss,12,0,7,4,0,1.4,219,12.30%,3.64,2.02,0.49,0.72,40.20%,134,5.70%,50.00%,-909,24549.8,1,0,1,0,2,3,0,1,0,3,0,1,1,1,0,0,5,0,2,51.9
Zika,TOP,LNG,FPX,Zdz,Ascend,21.07.2024,v14.13,1,Blue,0:42:34,KSante,Loss,18,1,6,5,0,6.5,317,18.50%,1.1,0.33,0.26,0.19,10.60%,384,14.10%,60.00%,-184,54259.9,0,0,0,0,1,3,0,2,0,0,0,0,1,2,0,0,5,1,1,47.7
WeiWei,JUNGLE,LNG,FPX,milkyway,Ascend,21.07.2024,v14.13,1,Blue,0:42:34,Nidalee,Loss,16,0,5,8,188,4.9,279,16.30%,1.48,0.38,0.33,0.38,14.30%,600,22.00%,80.00%,-954,43782.2,0,0,1,0,1,3,0,2,0,0,0,0,1,2,0,0,5,1,1,47.7
Scout,MID,LNG,FPX,Care,Ascend,21.07.2024,v14.13,1,Blue,0:42:34,Tristana,Loss,18,2,3,4,58,8.9,403,23.60%,0.94,0.35,0.09,0.28,9.10%,750,27.50%,60.00%,-567,30575.7,0,0,1,0,1,3,0,2,0,0,0,0,1,2,0,0,5,1,1,47.7
GALA,ADCARRY,LNG,FPX,deokdam,Ascend,21.07.2024,v14.13,1,Blue,0:42:34,Kaisa,Loss,18,6,2,3,28,10.8,473,27.60%,0.98,0.35,0.05,0.4,9.50%,872,32.00%,90.00%,-277,21474.1,0,0,1,0,1,3,0,2,0,0,0,0,1,2,0,0,5,1,1,47.7
Hang,SUPPORT,LNG,FPX,Life,Ascend,21.07.2024,v14.13,1,Blue,0:42:34,Rakan,Loss,15,1,4,9,0,1.3,240,14.00%,5.83,3.41,0.63,0.68,56.40%,123,4.50%,100.00%,-477,41267,0,0,1,0,1,3,0,2,0,0,0,0,1,2,0,0,5,1,1,47.7
Zdz,TOP,FPX,LNG,Zika,Ascend,21.07.2024,v14.13,1,Red,0:42:34,Twisted_Fate,Win,18,4,2,8,32,7.8,427,21.80%,1.49,0.45,0.12,0.35,16.20%,703,19.50%,60.00%,184,27361,0,0,0.667,1,1,11,1,4,1,6,1,1,2,2,2,0,5,3,1,52.3
milkyway,JUNGLE,FPX,LNG,WeiWei,Ascend,21.07.2024,v14.13,1,Red,0:42:34,Lillia,Win,18,3,1,12,240,6.9,380,19.40%,1.3,0.4,0.35,0.28,14.20%,739,20.40%,75.00%,954,51870.1,0,0,0.833,1,1,11,1,4,1,6,1,1,2,2,2,0,5,3,1,52.3
Care,MID,FPX,LNG,Scout,Ascend,21.07.2024,v14.13,1,Red,0:42:34,Corki,Win,18,6,3,5,16,9.2,470,24.00%,1.39,0.56,0.21,0.73,15.20%,1243,34.40%,55.00%,567,30881.2,1,0,0.5,1,1,11,1,4,1,6,1,1,2,2,2,0,5,3,1,52.3
deokdam,ADCARRY,FPX,LNG,GALA,Ascend,21.07.2024,v14.13,1,Red,0:42:34,Miss_Fortune,Win,18,6,2,7,12,7.8,420,21.50%,1.18,0.42,0.09,0.52,12.80%,748,20.70%,65.00%,277,17368.3,0,0,0.5,1,1,11,1,4,1,6,1,1,2,2,2,0,5,3,1,52.3
Life,SUPPORT,FPX,LNG,Hang,Ascend,21.07.2024,v14.13,1,Red,0:42:34,Leona,Win,15,1,2,10,0,1,259,13.30%,3.81,2,0.52,0.59,41.50%,181,5.00%,55.00%,477,36554.1,1,1,0.833,1,1,11,1,4,1,6,1,1,2,2,2,0,5,3,1,52.3
Zdz,TOP,FPX,LNG,Zika,Ascend,21.07.2024,v14.13,2,Blue,0:36:34,Twisted_Fate,Win,18,4,3,5,21,8.1,451,24.10%,1.19,0.44,0.14,0.14,12.90%,473,17.40%,75.00%,-276,22598.3,0,0,0.5,0,0,8,1,2,0,3,1,1,1,2,1,0,2,1,0,52.6
milkyway,JUNGLE,FPX,LNG,WeiWei,Ascend,21.07.2024,v14.13,2,Blue,0:36:34,Brand,Win,16,4,3,4,212,6.7,385,20.60%,1.42,0.3,0.22,0.3,15.50%,888,32.70%,66.70%,68,28582.3,0,1,0.5,0,0,8,1,2,0,3,1,1,1,2,1,0,2,1,0,52.6
Care,MID,FPX,LNG,Scout,Ascend,21.07.2024,v14.13,2,Blue,0:36:34,Corki,Win,18,2,2,5,24,9.5,430,23.00%,1.96,0.6,0.25,0.55,21.30%,742,27.30%,58.30%,-275,25526.2,0,0,1,0,0,8,1,2,0,3,1,1,1,2,1,0,2,1,0,52.6
deokdam,ADCARRY,FPX,LNG,GALA,Ascend,21.07.2024,v14.13,2,Blue,0:36:34,Ashe,Win,16,2,2,4,12,8.5,387,20.70%,1.6,0.33,0.08,0.36,17.30%,480,17.70%,50.00%,156,14833.8,0,0,0.5,0,0,8,1,2,0,3,1,1,1,2,1,0,2,1,0,52.6
Life,SUPPORT,FPX,LNG,Hang,Ascend,21.07.2024,v14.13,2,Blue,0:36:34,Braum,Win,12,0,3,5,0,1,216,11.50%,3.04,1.7,0.36,0.33,33.00%,134,4.90%,41.70%,128,28472.4,0,0,0.5,0,0,8,1,2,0,3,1,1,1,2,1,0,2,1,0,52.6
Zika,TOP,LNG,FPX,Zdz,Ascend,21.07.2024,v14.13,2,Red,0:36:34,Gnar,Loss,17,2,4,5,23,7.9,377,19.90%,1.42,0.36,0.22,0.36,14.00%,299,12.50%,53.80%,276,33336.9,1,0,1,1,0,7,0,2,0,3,0,0,1,2,1,0,2,1,0,47.4
WeiWei,JUNGLE,LNG,FPX,milkyway,Ascend,21.07.2024,v14.13,2,Red,0:36:34,Zyra,Loss,16,4,1,6,194,6.2,367,19.40%,2.17,0.46,0.44,0.55,21.40%,678,28.40%,76.90%,-68,18405.3,1,0,1,1,0,7,0,2,0,3,0,0,1,2,1,0,2,1,0,47.4
Scout,MID,LNG,FPX,Care,Ascend,21.07.2024,v14.13,2,Red,0:36:34,Lucian,Loss,18,4,2,4,14,10.3,476,25.20%,1.75,0.41,0.11,0.41,17.20%,642,26.90%,61.50%,275,22786.1,0,0,0,1,0,7,0,2,0,3,0,0,1,2,1,0,2,1,0,47.4
GALA,ADCARRY,LNG,FPX,deokdam,Ascend,21.07.2024,v14.13,2,Red,0:36:34,Ezreal,Loss,18,2,2,7,11,10.1,432,22.80%,1.28,0.33,0.08,0.49,12.50%,623,26.10%,69.20%,-156,19677.9,0,0,0,1,0,7,0,2,0,3,0,0,1,2,1,0,2,1,0,47.4
Hang,SUPPORT,LNG,FPX,Life,Ascend,21.07.2024,v14.13,2,Red,0:36:34,Alistar,Loss,13,1,3,7,0,0.8,239,12.70%,3.55,1.91,0.66,0.38,34.90%,146,6.10%,61.50%,-128,34576.9,1,0,1,1,0,7,0,2,0,3,0,0,1,2,1,0,2,1,0,47.4
Xiaoxu,TOP,RA,RNG,Juice,Nirvana,22.07.2024,v14.13,1,Blue,0:28:59,Rumble,Win,16,2,0,7,4,9.3,470,23.90%,1.03,0.38,0.14,0.21,12.60%,725,25.80%,64.30%,570,12109,0,0,1,1,1,9,0,1,0,6,1,1,1,0,0,0,3,2,1,49.2
Xiaohao,JUNGLE,RA,RNG,XBY,Nirvana,22.07.2024,v14.13,1,Blue,0:28:59,Sejuani,Win,14,4,1,9,143,5.5,358,18.20%,1.85,0.45,0.38,0.41,22.60%,320,11.40%,92.90%,583,33572.6,0,0,1,1,1,9,0,1,0,6,1,1,1,0,0,0,3,2,1,49.2
Vicla,MID,RA,RNG,Tangyuan,Nirvana,22.07.2024,v14.13,1,Blue,0:28:59,Corki,Win,16,3,1,7,12,9.6,430,21.90%,1.06,0.52,0.21,0.28,12.90%,767,27.30%,71.40%,-514,17516.8,0,0,0,1,1,9,0,1,0,6,1,1,1,0,0,0,3,2,1,49.2
Assum,ADCARRY,RA,RNG,huanfeng,Nirvana,22.07.2024,v14.13,1,Blue,0:28:59,Miss_Fortune,Win,15,5,1,7,1,9.8,461,23.50%,0.91,0.41,0.14,0.35,11.10%,898,31.90%,85.70%,771,11781.4,0,0,0,1,1,9,0,1,0,6,1,1,1,0,0,0,3,2,1,49.2
Jwei,SUPPORT,RA,RNG,Iwandy,Nirvana,22.07.2024,v14.13,1,Blue,0:28:59,Nautilus,Win,12,0,1,11,0,1.5,246,12.50%,3.34,1.59,0.48,0.35,40.80%,102,3.60%,78.60%,-97,12630,0,1,0,1,1,9,0,1,0,6,1,1,1,0,0,0,3,2,1,49.2
Juice,TOP,RNG,RA,Xiaoxu,Nirvana,22.07.2024,v14.13,1,Red,0:28:59,KSante,Loss,14,3,3,1,0,6.7,340,21.40%,0.79,0.38,0.24,0.03,10.40%,241,11.50%,100.00%,-570,26339.5,1,0,1,0,0,2,1,3,0,0,0,0,0,0,0,0,3,0,1,50.8
XBY,JUNGLE,RNG,RA,Xiaohao,Nirvana,22.07.2024,v14.13,1,Red,0:28:59,Ivern,Loss,13,0,4,2,121,4.7,264,16.70%,1.11,0.28,0.35,0.31,14.60%,123,5.80%,50.00%,-583,14623.2,0,0,0.5,0,0,2,1,3,0,0,0,0,0,0,0,0,3,0,1,50.8
Tangyuan,MID,RNG,RA,Vicla,Nirvana,22.07.2024,v14.13,1,Red,0:28:59,Tristana,Loss,16,0,1,2,32,10.4,409,25.70%,0.95,0.41,0.17,0.24,12.50%,690,32.80%,50.00%,514,19799.1,0,0,0.5,0,0,2,1,3,0,0,0,0,0,0,0,0,3,0,1,50.8
huanfeng,ADCARRY,RNG,RA,Assum,Nirvana,22.07.2024,v14.13,1,Red,0:28:59,Ezreal,Loss,14,1,1,0,12,9.7,369,23.20%,1.43,0.38,0.1,0.21,18.90%,931,44.20%,25.00%,-771,11286.3,0,0,0,0,0,2,1,3,0,0,0,0,0,0,0,0,3,0,1,50.8
Iwandy,SUPPORT,RNG,RA,Jwei,Nirvana,22.07.2024,v14.13,1,Red,0:28:59,Leona,Loss,10,0,5,1,0,1.7,205,12.90%,3.31,1.48,0.38,0.62,43.60%,120,5.70%,25.00%,97,22144.2,0,0,0,0,0,2,1,3,0,0,0,0,0,0,0,0,3,0,1,50.8
Xiaoxu,TOP,RA,RNG,Juice,Nirvana,22.07.2024,v14.13,2,Blue,0:25:24,Rumble,Win,16,5,0,3,8,8.5,442,21.10%,0.89,0.51,0.16,0.04,10.50%,694,24.90%,61.50%,1766,6156.7,0,1,0.333,1,0,10,0,1,0,4,1,1,1,2,2,0,2,2,0,51.6
Xiaohao,JUNGLE,RA,RNG,XBY,Nirvana,22.07.2024,v14.13,2,Blue,0:25:24,Ivern,Win,14,0,0,10,128,5.7,370,17.70%,1.44,0.2,0.12,0.67,17.00%,187,6.70%,76.90%,78,6453.28,1,0,0.667,1,0,10,0,1,0,4,1,1,1,2,2,0,2,2,0,51.6
Vicla,MID,RA,RNG,Tangyuan,Nirvana,22.07.2024,v14.13,2,Blue,0:25:24,Corki,Win,16,2,0,4,8,10.9,440,21.00%,1,0.51,0.16,0.16,11.90%,738,26.50%,46.20%,-142,9887.78,0,0,0.333,1,0,10,0,1,0,4,1,1,1,2,2,0,2,2,0,51.6
Assum,ADCARRY,RA,RNG,huanfeng,Nirvana,22.07.2024,v14.13,2,Blue,0:25:24,Zeri,Win,15,4,0,6,13,11.6,561,26.80%,1.79,0.39,0.12,0.59,21.20%,898,32.20%,76.90%,1532,13397.3,1,0,0.667,1,0,10,0,1,0,4,1,1,1,2,2,0,2,2,0,51.6
Jwei,SUPPORT,RA,RNG,Iwandy,Nirvana,22.07.2024,v14.13,2,Blue,0:25:24,Leona,Win,10,2,2,9,0,1.3,280,13.40%,3.32,1.61,0.59,0.47,39.30%,268,9.60%,84.60%,602,16199,1,0,0.667,1,0,10,0,1,0,4,1,1,1,2,2,0,2,2,0,51.6
Juice,TOP,RNG,RA,Xiaoxu,Nirvana,22.07.2024,v14.13,2,Red,0:25:24,KSante,Loss,14,0,4,1,0,6.4,278,18.00%,0.54,0.24,0.08,0.08,7.00%,74,5.00%,50.00%,-1766,21824.4,0,0,\,0,0,2,1,3,0,2,0,0,0,2,0,0,2,0,0,48.4
XBY,JUNGLE,RNG,RA,Xiaohao,Nirvana,22.07.2024,v14.13,2,Red,0:25:24,Zyra,Loss,12,0,4,2,129,6,294,19.00%,1.6,0.71,0.16,0.28,20.70%,382,25.90%,100.00%,-78,15423.1,0,0,\,0,0,2,1,3,0,2,0,0,0,2,0,0,2,0,0,48.4
Tangyuan,MID,RNG,RA,Vicla,Nirvana,22.07.2024,v14.13,2,Red,0:25:24,Tristana,Loss,15,0,0,2,10,10.2,407,26.30%,1.5,0.43,0.2,0.47,19.50%,347,23.50%,100.00%,142,18009,0,0,\,0,0,2,1,3,0,2,0,0,0,2,0,0,2,0,0,48.4
huanfeng,ADCARRY,RNG,RA,Assum,Nirvana,22.07.2024,v14.13,2,Red,0:25:24,Ezreal,Loss,13,2,0,0,4,9.5,373,24.10%,1.25,0.39,0.16,0.39,16.20%,620,42.00%,100.00%,-1532,13619.6,0,0,\,0,0,2,1,3,0,2,0,0,0,2,0,0,2,0,0,48.4
Iwandy,SUPPORT,RNG,RA,Jwei,Nirvana,22.07.2024,v14.13,2,Red,0:25:24,Alistar,Loss,10,0,5,1,4,1.3,195,12.60%,2.83,1.57,0.24,0.12,36.60%,55,3.70%,50.00%,-602,16360.9,0,0,\,0,0,2,1,3,0,2,0,0,0,2,0,0,2,0,0,48.4
Hoya,TOP,TT,EDG,Solokill,Nirvana,22.07.2024,v14.13,1,Blue,0:27:35,Gnar,Loss,14,0,3,0,5,7.9,337,20.80%,1.06,0.44,0.15,0.15,14.80%,354,19.00%,0.00%,548,20693.4,0,0,\,1,1,3,0,2,0,2,1,0,0,0,0,0,2,0,0,49.6
Beichuan,JUNGLE,TT,EDG,Jiejie,Nirvana,22.07.2024,v14.13,1,Blue,0:27:35,Brand,Loss,14,0,1,1,203,7.7,338,20.90%,1.01,0.25,0.11,0.18,14.10%,405,21.80%,100.00%,331,22177.1,0,0,\,1,1,3,0,2,0,2,1,0,0,0,0,0,2,0,0,49.6
Ucal,MID,TT,EDG,Cryin,Nirvana,22.07.2024,v14.13,1,Blue,0:27:35,Lucian,Loss,14,1,1,0,0,8.8,374,23.10%,1.5,0.4,0.07,0.47,20.90%,429,23.10%,100.00%,685,10721.7,0,0,\,1,1,3,0,2,0,2,1,0,0,0,0,0,2,0,0,49.6
1xn,ADCARRY,TT,EDG,Leave,Nirvana,22.07.2024,v14.13,1,Blue,0:27:35,Ezreal,Loss,14,0,0,0,0,10,368,22.80%,0.7,0.22,0.07,0.25,9.80%,573,30.80%,0.00%,-64,11439.5,0,0,\,1,1,3,0,2,0,2,1,0,0,0,0,0,2,0,0,49.6
Feather,SUPPORT,TT,EDG,Wink,Nirvana,22.07.2024,v14.13,1,Blue,0:27:35,Leona,Loss,10,0,2,1,0,1.3,201,12.40%,2.9,1.41,0.58,0.44,40.40%,98,5.30%,100.00%,-33,14393.1,0,0,\,1,1,3,0,2,0,2,1,0,0,0,0,0,2,0,0,49.6
Solokill,TOP,EDG,TT,Hoya,Nirvana,22.07.2024,v14.13,1,Red,0:27:35,KSante,Win,15,2,1,4,0,7.7,359,19.70%,0.92,0.4,0.25,0.07,11.80%,329,16.20%,85.70%,-548,19596.5,0,0,\,0,0,7,1,2,0,4,0,1,1,0,0,0,2,2,0,50.4
Jiejie,JUNGLE,EDG,TT,Beichuan,Nirvana,22.07.2024,v14.13,1,Red,0:27:35,Lillia,Win,15,1,0,4,200,7.9,373,20.40%,1.45,0.29,0.25,0.29,18.50%,492,24.20%,71.40%,-331,29674.9,1,1,\,0,0,7,1,2,0,4,0,1,1,0,0,0,2,2,0,50.4
Cryin,MID,EDG,TT,Ucal,Nirvana,22.07.2024,v14.13,1,Red,0:27:35,Corki,Win,16,1,0,3,4,9.9,418,22.90%,1.47,0.47,0.15,0.36,18.90%,535,26.20%,57.10%,-685,15624.3,1,0,\,0,0,7,1,2,0,4,0,1,1,0,0,0,2,2,0,50.4
Leave,ADCARRY,EDG,TT,1xn,Nirvana,22.07.2024,v14.13,1,Red,0:27:35,Smolder,Win,15,3,0,1,7,9.9,431,23.60%,0.66,0.29,0.07,0.18,8.50%,514,25.20%,57.10%,64,9251.32,0,0,\,0,0,7,1,2,0,4,0,1,1,0,0,0,2,2,0,50.4
Wink,SUPPORT,EDG,TT,Feather,Nirvana,22.07.2024,v14.13,1,Red,0:27:35,Braum,Win,12,0,0,6,0,1,244,13.40%,3.3,1.89,0.58,0.33,42.30%,167,8.20%,85.70%,33,10983.8,1,0,\,0,0,7,1,2,0,4,0,1,1,0,0,0,2,2,0,50.4
Solokill,TOP,EDG,TT,Hoya,Nirvana,22.07.2024,v14.13,2,Blue,0:29:15,KSante,Loss,15,2,3,1,0,7.5,341,20.30%,1.32,0.48,0.27,0.24,17.20%,122,5.20%,37.50%,-1342,21473,0,0,0,0,1,3,0,0,0,3,0,0,0,0,0,0,7,1,0,42.3
Jiejie,JUNGLE,EDG,TT,Beichuan,Nirvana,22.07.2024,v14.13,2,Blue,0:29:15,Lillia,Loss,14,2,5,5,168,6.5,346,20.60%,1.6,0.27,0.24,0.41,20.80%,601,25.80%,87.50%,-717,30629.7,0,0,1,0,1,3,0,0,0,3,0,0,0,0,0,0,7,1,0,42.3
Cryin,MID,EDG,TT,Ucal,Nirvana,22.07.2024,v14.13,2,Blue,0:29:15,Corki,Loss,15,1,4,3,4,9.5,385,22.90%,0.96,0.41,0.14,0.21,12.40%,680,29.20%,50.00%,-2544,20595.6,0,0,0.333,0,1,3,0,0,0,3,0,0,0,0,0,0,7,1,0,42.3
Leave,ADCARRY,EDG,TT,1xn,Nirvana,22.07.2024,v14.13,2,Blue,0:29:15,Senna,Loss,12,2,4,6,4,2.1,298,17.70%,3.01,1.5,0.21,0.41,39.10%,679,29.20%,100.00%,-987,16921,0,0,1,0,1,3,0,0,0,3,0,0,0,0,0,0,7,1,0,42.3
Wink,SUPPORT,EDG,TT,Feather,Nirvana,22.07.2024,v14.13,2,Blue,0:29:15,Ornn,Loss,13,1,5,3,0,7,313,18.60%,0.8,0.58,0.27,0.07,10.50%,244,10.50%,50.00%,1330,39865.3,0,0,0.667,0,1,3,0,0,0,3,0,0,0,0,0,0,7,1,0,42.3
Hoya,TOP,TT,EDG,Solokill,Nirvana,22.07.2024,v14.13,2,Red,0:29:15,Poppy,Win,17,1,0,11,0,8.1,405,19.10%,1.05,0.58,0.41,0.14,12.80%,428,12.40%,57.10%,1342,17350.9,0,1,0.5,1,2,9,1,4,0,3,1,1,2,0,0,0,7,6,0,57.7
Beichuan,JUNGLE,TT,EDG,Jiejie,Nirvana,22.07.2024,v14.13,2,Red,0:29:15,Brand,Win,17,5,3,11,230,8.5,443,20.90%,1.37,0.24,0.17,0.38,16.80%,1129,32.80%,76.20%,717,27367,0,0,0.75,1,2,9,1,4,0,3,1,1,2,0,0,0,7,6,0,57.7
Ucal,MID,TT,EDG,Cryin,Nirvana,22.07.2024,v14.13,2,Red,0:29:15,Lucian,Win,17,9,1,5,4,9,526,24.80%,1.18,0.38,0.1,0.31,14.50%,879,25.50%,66.70%,2544,14884.8,0,0,0.75,1,2,9,1,4,0,3,1,1,2,0,0,0,7,6,0,57.7
1xn,ADCARRY,TT,EDG,Leave,Nirvana,22.07.2024,v14.13,2,Red,0:29:15,Ashe,Win,15,6,2,11,6,8.3,456,21.50%,1.53,0.41,0.21,0.44,18.70%,763,22.20%,81.00%,987,13319.8,1,0,0.625,1,2,9,1,4,0,3,1,1,2,0,0,0,7,6,0,57.7
Feather,SUPPORT,TT,EDG,Wink,Nirvana,22.07.2024,v14.13,2,Red,0:29:15,Braum,Win,13,0,2,18,0,0.8,289,13.60%,3.04,1.71,0.55,0.27,37.20%,246,7.20%,85.70%,-1330,29534.2,1,0,0.75,1,2,9,1,4,0,3,1,1,2,0,0,0,7,6,0,57.7
Hoya,TOP,TT,EDG,Solokill,Nirvana,22.07.2024,v14.13,3,Blue,0:28:58,Renekton,Loss,16,0,1,1,4,9,348,21.40%,1.16,0.45,0.31,0.24,13.40%,384,23.10%,33.30%,132,27901.7,0,0,0,1,0,3,1,1,0,6,1,0,0,0,0,0,4,0,0,48.6
Beichuan,JUNGLE,TT,EDG,Jiejie,Nirvana,22.07.2024,v14.13,3,Blue,0:28:58,Zyra,Loss,13,1,3,2,179,6.8,323,19.90%,1.69,0.31,0.21,0.52,19.50%,559,33.60%,100.00%,37,15657.2,0,0,1,1,0,3,1,1,0,6,1,0,0,0,0,0,4,0,0,48.6
Ucal,MID,TT,EDG,Cryin,Nirvana,22.07.2024,v14.13,3,Blue,0:28:58,Zeri,Loss,14,2,2,0,8,8.9,392,24.10%,1.16,0.35,0.1,0.31,13.40%,279,16.80%,66.70%,48,11966.2,0,0,1,1,0,3,1,1,0,6,1,0,0,0,0,0,4,0,0,48.6
1xn,ADCARRY,TT,EDG,Leave,Nirvana,22.07.2024,v14.13,3,Blue,0:28:58,Kalista,Loss,14,0,5,1,6,9.4,352,21.70%,0.89,0.24,0.07,0.28,10.20%,325,19.50%,33.30%,-71,14076.3,0,0,0,1,0,3,1,1,0,6,1,0,0,0,0,0,4,0,0,48.6
Feather,SUPPORT,TT,EDG,Wink,Nirvana,22.07.2024,v14.13,3,Blue,0:28:58,Renata_Glasc,Loss,10,0,3,2,0,1.3,209,12.90%,3.77,2.55,0.55,0.38,43.50%,118,7.10%,66.70%,-506,15888.8,0,0,0,1,0,3,1,1,0,6,1,0,0,0,0,0,4,0,0,48.6
Solokill,TOP,EDG,TT,Hoya,Nirvana,22.07.2024,v14.13,3,Red,0:28:58,Gnar,Win,16,0,1,6,8,8.3,354,18.60%,0.96,0.52,0.17,0.17,11.40%,352,14.80%,42.90%,-132,17217,0,0,0.333,0,0,7,0,4,0,0,0,1,1,0,0,0,4,4,0,51.4
Jiejie,JUNGLE,EDG,TT,Beichuan,Nirvana,22.07.2024,v14.13,3,Red,0:28:58,Lillia,Win,15,3,2,6,182,7,389,20.40%,1.51,0.38,0.28,0.45,17.90%,384,16.10%,64.30%,-37,31095.4,0,0,0.833,0,0,7,0,4,0,0,0,1,1,0,0,0,4,4,0,51.4
Cryin,MID,EDG,TT,Ucal,Nirvana,22.07.2024,v14.13,3,Red,0:28:58,Lucian,Win,16,3,0,4,8,9.6,421,22.10%,1.44,0.55,0.28,0.41,17.10%,674,28.40%,50.00%,-48,14374.4,0,0,0.667,0,0,7,0,4,0,0,0,1,1,0,0,0,4,4,0,51.4
Leave,ADCARRY,EDG,TT,1xn,Nirvana,22.07.2024,v14.13,3,Red,0:28:58,Ezreal,Win,16,6,1,6,10,10.4,479,25.20%,1.24,0.52,0.17,0.62,14.70%,821,34.60%,85.70%,71,9867.1,1,1,0.833,0,0,7,0,4,0,0,0,1,1,0,0,0,4,4,0,51.4
Wink,SUPPORT,EDG,TT,Feather,Nirvana,22.07.2024,v14.13,3,Red,0:28:58,Leona,Win,12,2,0,7,0,1.4,263,13.80%,3.28,1.73,0.55,0.35,38.90%,145,6.10%,64.30%,506,15010.8,1,0,0.833,0,0,7,0,4,0,0,0,1,1,0,0,0,4,4,0,51.4
Breathe,TOP,WBG,BLG,Bin,Ascend,23.07.2024,v14.13,1,Blue,0:29:58,Renekton,Win,17,2,1,3,1,8.7,447,21.20%,1.1,0.4,0.17,0.3,13.20%,332,13.40%,23.80%,-902,26391.7,0,0,0,0,0,9,0,1,0,3,0,1,2,0,0,0,3,3,0,58.7
Tarzan,JUNGLE,WBG,BLG,Wei,Ascend,23.07.2024,v14.13,1,Blue,0:29:58,Nidalee,Win,16,4,1,10,188,7.2,406,19.20%,1.86,0.37,0.23,0.6,22.30%,625,25.10%,66.70%,287,36907.7,1,1,0.6,0,0,9,0,1,0,3,0,1,2,0,0,0,3,3,0,58.7
xiaohu,MID,WBG,BLG,Knight,Ascend,23.07.2024,v14.13,1,Blue,0:29:58,Twisted_Fate,Win,17,3,4,8,17,8.4,449,21.30%,1.12,0.57,0.27,0.1,13.40%,553,22.30%,52.40%,-719,21679.1,0,0,0,0,0,9,0,1,0,3,0,1,2,0,0,0,3,3,0,58.7
Light,ADCARRY,WBG,BLG,Elk,Ascend,23.07.2024,v14.13,1,Blue,0:29:58,Kaisa,Win,16,10,0,5,26,9.4,528,25.00%,0.69,0.37,0.07,0.07,8.30%,797,32.10%,71.40%,976,13813.4,1,0,0.6,0,0,9,0,1,0,3,0,1,2,0,0,0,3,3,0,58.7
Crisp,SUPPORT,WBG,BLG,ON,Ascend,23.07.2024,v14.13,1,Blue,0:29:58,Rell,Win,13,2,1,11,1,1.1,279,13.20%,3.56,1.87,0.67,0.43,42.80%,179,7.20%,61.90%,211,14206.8,1,0,0.8,0,0,9,0,1,0,3,0,1,2,0,0,0,3,3,0,58.7
Bin,TOP,BLG,WBG,Breathe,Ascend,23.07.2024,v14.13,1,Red,0:29:58,Gnar,Loss,15,2,2,1,8,8.6,403,24.10%,1.01,0.43,0.1,0.17,12.00%,621,25.90%,42.90%,902,18601.5,0,0,0.5,1,1,5,1,3,0,1,1,0,0,0,0,0,3,0,0,41.3
Wei,JUNGLE,BLG,WBG,Tarzan,Ascend,23.07.2024,v14.13,1,Red,0:29:58,Zyra,Loss,13,3,6,3,134,5.2,324,19.40%,1.94,0.93,0.27,0.3,23.20%,787,32.80%,85.70%,-287,19322.6,0,0,0.5,1,1,5,1,3,0,1,1,0,0,0,0,0,3,0,0,41.3
Knight,MID,BLG,WBG,xiaohu,Ascend,23.07.2024,v14.13,1,Red,0:29:58,Yone,Loss,15,1,3,2,14,8.6,377,22.50%,1,0.2,0.17,0.3,12.00%,418,17.40%,42.90%,719,21227.9,0,0,0.5,1,1,5,1,3,0,1,1,0,0,0,0,0,3,0,0,41.3
Elk,ADCARRY,BLG,WBG,Light,Ascend,23.07.2024,v14.13,1,Red,0:29:58,Jhin,Loss,14,0,3,3,8,8.9,334,20.00%,1.07,0.3,0.1,0.37,12.70%,356,14.80%,42.90%,-976,12603.7,0,0,0,1,1,5,1,3,0,1,1,0,0,0,0,0,3,0,0,41.3
ON,SUPPORT,BLG,WBG,Crisp,Ascend,23.07.2024,v14.13,1,Red,0:29:58,Nautilus,Loss,11,1,7,4,0,1.7,236,14.10%,3.36,1.77,0.63,0.47,40.10%,217,9.10%,71.40%,-211,20562,0,0,0.5,1,1,5,1,3,0,1,1,0,0,0,0,0,3,0,0,41.3
Bin,TOP,BLG,WBG,Breathe,Ascend,23.07.2024,v14.13,2,Blue,0:24:03,Kennen,Win,15,4,1,8,0,8.6,478,21.30%,1.13,0.33,0.17,0.21,13.80%,596,21.50%,57.10%,2440,8916.82,0,0,0.143,1,2,10,1,2,0,5,1,1,1,2,0,0,5,5,0,54.1
Wei,JUNGLE,BLG,WBG,Tarzan,Ascend,23.07.2024,v14.13,2,Blue,0:24:03,Sejuani,Win,13,0,1,16,125,5.7,363,16.20%,1.19,0.42,0.33,0.08,14.50%,415,15.00%,76.20%,-805,26595.6,1,0,0.714,1,2,10,1,2,0,5,1,1,1,2,0,0,5,5,0,54.1
Knight,MID,BLG,WBG,xiaohu,Ascend,23.07.2024,v14.13,2,Blue,0:24:03,Yone,Win,15,5,1,6,29,10,501,22.30%,0.93,0.29,0.12,0.25,11.30%,540,19.40%,52.40%,756,12170.3,0,0,0.571,1,2,10,1,2,0,5,1,1,1,2,0,0,5,5,0,54.1
Elk,ADCARRY,BLG,WBG,Light,Ascend,23.07.2024,v14.13,2,Blue,0:24:03,Zeri,Win,14,12,1,5,4,9.7,601,26.80%,1.2,0.46,0.12,0.33,14.70%,1017,36.60%,81.00%,3330,8689.51,1,0,0.857,1,2,10,1,2,0,5,1,1,1,2,0,0,5,5,0,54.1
ON,SUPPORT,BLG,WBG,Crisp,Ascend,23.07.2024,v14.13,2,Blue,0:24:03,Alistar,Win,11,0,2,15,0,1,297,13.30%,3.76,1.87,0.54,0.46,45.70%,208,7.50%,71.40%,-643,20493.3,1,1,0.714,1,2,10,1,2,0,5,1,1,1,2,0,0,5,5,0,54.1
Breathe,TOP,WBG,BLG,Bin,Ascend,23.07.2024,v14.13,2,Red,0:24:03,KSante,Loss,13,0,5,1,0,7.9,339,20.90%,0.97,0.37,0.17,0.08,13.20%,204,10.30%,16.70%,-2440,17655.3,0,0,0,0,0,2,0,1,0,1,0,0,0,2,2,0,5,5,0,45.9
Tarzan,JUNGLE,WBG,BLG,Wei,Ascend,23.07.2024,v14.13,2,Red,0:24:03,Lillia,Loss,12,1,4,4,130,6.5,343,21.10%,1.33,0.29,0.21,0.29,18.10%,559,28.10%,83.30%,805,24815.8,0,0,1,0,0,2,0,1,0,1,0,0,0,2,2,0,5,5,0,45.9
xiaohu,MID,WBG,BLG,Knight,Ascend,23.07.2024,v14.13,2,Red,0:24:03,Twisted_Fate,Loss,11,5,5,0,0,6.2,372,22.90%,1.14,0.46,0.17,0.25,15.60%,459,23.10%,83.30%,-756,15385.6,0,0,0.8,0,0,2,0,1,0,1,0,0,0,2,2,0,5,5,0,45.9
Light,ADCARRY,WBG,BLG,Elk,Ascend,23.07.2024,v14.13,2,Red,0:24:03,Senna,Loss,10,0,2,4,4,1.9,253,15.60%,3.02,1.16,0.21,0.46,41.10%,509,25.60%,66.70%,-3330,7927.43,0,0,0.8,0,0,2,0,1,0,1,0,0,0,2,2,0,5,5,0,45.9
Crisp,SUPPORT,WBG,BLG,ON,Ascend,23.07.2024,v14.13,2,Red,0:24:03,Ornn,Loss,12,0,5,3,0,7.4,318,19.60%,0.88,0.46,0.17,0.08,11.90%,256,12.90%,50.00%,643,21241,0,0,0.6,0,0,2,0,1,0,1,0,0,0,2,2,0,5,5,0,45.9
Breathe,TOP,WBG,BLG,Bin,Ascend,23.07.2024,v14.13,3,Blue,0:27:09,Renekton,Loss,15,1,3,3,0,8.6,368,22.70%,1.03,0.41,0.15,0.22,14.70%,302,15.70%,50.00%,-443,28148.3,0,0,0.667,0,0,0,0,0,0,3,0,0,0,3,0,0,2,0,0,42
Tarzan,JUNGLE,WBG,BLG,Wei,Ascend,23.07.2024,v14.13,3,Blue,0:27:09,Brand,Loss,13,3,4,3,153,7,363,22.30%,2.14,0.92,0.22,0.59,30.50%,535,27.90%,75.00%,-474,24942.8,0,0,0.667,0,0,0,0,0,0,3,0,0,0,3,0,0,2,0,0,42
xiaohu,MID,WBG,BLG,Knight,Ascend,23.07.2024,v14.13,3,Blue,0:27:09,Yone,Loss,14,2,3,2,8,8.2,334,20.60%,0.43,0.22,0.11,0.07,6.10%,574,29.90%,50.00%,-601,27541.8,0,0,0,0,0,0,0,0,0,3,0,0,0,3,0,0,2,0,0,42
Light,ADCARRY,WBG,BLG,Elk,Ascend,23.07.2024,v14.13,3,Blue,0:27:09,Ziggs,Loss,14,1,4,1,0,8.6,347,21.40%,0.64,0.29,0.04,0.07,9.10%,431,22.50%,25.00%,-2792,9600.44,0,0,0.333,0,0,0,0,0,0,3,0,0,0,3,0,0,2,0,0,42
Crisp,SUPPORT,WBG,BLG,ON,Ascend,23.07.2024,v14.13,3,Blue,0:27:09,Rell,Loss,10,1,4,3,0,1.2,213,13.10%,2.79,1.29,0.55,0.44,39.70%,75,3.90%,50.00%,-801,19656.4,0,0,0.333,0,0,0,0,0,0,3,0,0,0,3,0,0,2,0,0,42
Bin,TOP,BLG,WBG,Breathe,Ascend,23.07.2024,v14.13,3,Red,0:27:09,Gnar,Win,16,3,2,0,16,9.3,425,19.60%,0.77,0.48,0.11,0.07,8.60%,660,21.10%,16.70%,443,16180.6,0,0,0.286,1,1,11,1,4,0,3,1,1,1,3,3,0,2,2,0,58
Wei,JUNGLE,BLG,WBG,Tarzan,Ascend,23.07.2024,v14.13,3,Red,0:27:09,Zyra,Win,15,5,1,10,169,7.1,455,21.00%,1.61,0.77,0.41,0.26,18.10%,855,27.30%,83.30%,474,18611.7,1,1,0.857,1,1,11,1,4,0,3,1,1,1,3,3,0,2,2,0,58
Knight,MID,BLG,WBG,xiaohu,Ascend,23.07.2024,v14.13,3,Red,0:27:09,Corki,Win,16,4,2,3,21,10,440,20.30%,1.3,0.44,0.11,0.37,14.60%,832,26.60%,38.90%,601,18174.8,0,0,0.143,1,1,11,1,4,0,3,1,1,1,3,3,0,2,2,0,58
Elk,ADCARRY,BLG,WBG,Light,Ascend,23.07.2024,v14.13,3,Red,0:27:09,Kalista,Win,15,6,0,5,16,10.5,548,25.30%,1.09,0.48,0.15,0.04,12.20%,554,17.70%,61.10%,2792,9219.65,1,0,0.714,1,1,11,1,4,0,3,1,1,1,3,3,0,2,2,0,58
ON,SUPPORT,BLG,WBG,Crisp,Ascend,23.07.2024,v14.13,3,Red,0:27:09,Renata_Glasc,Win,12,0,3,12,0,1,301,13.90%,4.14,2.32,0.63,0.44,46.50%,228,7.30%,66.70%,801,15038.2,1,0,0.857,1,1,11,1,4,0,3,1,1,1,3,3,0,2,2,0,58
369,TOP,TES,NIP,shanji,Ascend,23.07.2024,v14.13,1,Blue,0:37:09,Ornn,Win,18,1,2,10,0,7.1,369,18.90%,0.95,0.3,0.11,0.24,11.10%,478,15.20%,84.60%,61,37589.1,0,0,1,1,1,11,0,3,0,4,0,0,1,0,0,0,5,1,1,51.7
Tian,JUNGLE,TES,NIP,AKi,Ascend,23.07.2024,v14.13,1,Blue,0:37:09,Nidalee,Win,18,3,2,6,235,7.6,383,19.60%,1.59,0.24,0.16,0.81,18.60%,590,18.80%,69.20%,822,43620.9,0,0,1,1,1,11,0,3,0,4,0,0,1,0,0,0,5,1,1,51.7
Creme,MID,TES,NIP,RooKie,Ascend,23.07.2024,v14.13,1,Blue,0:37:09,Corki,Win,18,5,1,6,30,10.3,472,24.20%,1.15,0.48,0.13,0.27,13.40%,960,30.50%,84.60%,-619,30124.1,0,0,0.333,1,1,11,0,3,0,4,0,0,1,0,0,0,5,1,1,51.7
JackeyLove,ADCARRY,TES,NIP,Photic,Ascend,23.07.2024,v14.13,1,Blue,0:37:09,Ezreal,Win,18,3,2,5,10,10.7,471,24.20%,0.81,0.27,0.08,0.32,9.50%,852,27.10%,61.50%,-104,19950.8,0,0,0.667,1,1,11,0,3,0,4,0,0,1,0,0,0,5,1,1,51.7
meiko,SUPPORT,TES,NIP,Zhuo,Ascend,23.07.2024,v14.13,1,Blue,0:37:09,Leona,Win,14,1,4,8,0,1.2,255,13.10%,4.05,1.75,0.43,0.86,47.40%,266,8.50%,69.20%,-102,28199.6,0,1,0.667,1,1,11,0,3,0,4,0,0,1,0,0,0,5,1,1,51.7
shanji,TOP,NIP,TES,369,Ascend,23.07.2024,v14.13,1,Red,0:37:09,Renekton,Loss,18,1,4,6,13,9,389,21.70%,1.36,0.19,0.19,0.4,14.50%,469,14.60%,63.60%,-61,46870.8,0,0,0.75,0,0,3,1,2,0,2,1,1,1,0,0,0,5,3,1,48.3
AKi,JUNGLE,NIP,TES,Tian,Ascend,23.07.2024,v14.13,1,Red,0:37:09,Zyra,Loss,17,2,4,6,216,6.8,340,18.90%,1.59,0.65,0.13,0.38,17.10%,531,16.60%,72.70%,-822,25886.9,0,0,0.5,0,0,3,1,2,0,2,1,1,1,0,0,0,5,3,1,48.3
RooKie,MID,NIP,TES,Creme,Ascend,23.07.2024,v14.13,1,Red,0:37:09,Lucian,Loss,18,5,4,4,27,9.7,429,23.90%,1.1,0.46,0.22,0.19,11.80%,879,27.50%,81.80%,619,29632.7,0,0,0.75,0,0,3,1,2,0,2,1,1,1,0,0,0,5,3,1,48.3
Photic,ADCARRY,NIP,TES,JackeyLove,Ascend,23.07.2024,v14.13,1,Red,0:37:09,Ziggs,Loss,18,3,0,6,1,9.2,415,23.10%,0.88,0.43,0.11,0.16,9.40%,1210,37.80%,81.80%,104,19723.4,1,0,1,0,0,3,1,2,0,2,1,1,1,0,0,0,5,3,1,48.3
Zhuo,SUPPORT,NIP,TES,meiko,Ascend,23.07.2024,v14.13,1,Red,0:37:09,Rakan,Loss,12,0,1,11,0,1.1,223,12.40%,4.42,2.72,0.48,0.51,47.20%,111,3.50%,100.00%,102,23586.3,1,0,1,0,0,3,1,2,0,2,1,1,1,0,0,0,5,3,1,48.3
shanji,TOP,NIP,TES,369,Ascend,23.07.2024,v14.13,2,Blue,0:26:45,Kennen,Loss,14,2,6,2,0,8.2,358,22.80%,0.79,0.34,0.15,0.07,10.70%,827,35.60%,57.10%,1040,19811.1,0,0,0.6,1,1,1,0,0,0,6,0,0,0,3,1,0,4,0,0,41.4
AKi,JUNGLE,NIP,TES,Tian,Ascend,23.07.2024,v14.13,2,Blue,0:26:45,Sejuani,Loss,12,1,2,3,117,5.3,292,18.60%,1.95,0.97,0.3,0.37,26.50%,199,8.60%,57.10%,-730,30752.3,0,0,0.4,1,1,1,0,0,0,6,0,0,0,3,1,0,4,0,0,41.4
RooKie,MID,NIP,TES,Creme,Ascend,23.07.2024,v14.13,2,Blue,0:26:45,Lucian,Loss,13,4,6,2,0,8.4,385,24.50%,0.95,0.34,0.07,0.34,13.00%,763,32.80%,85.70%,105,20751.7,0,0,0.8,1,1,1,0,0,0,6,0,0,0,3,1,0,4,0,0,41.4
Photic,ADCARRY,NIP,TES,JackeyLove,Ascend,23.07.2024,v14.13,2,Blue,0:26:45,Senna,Loss,10,0,2,7,1,1.3,276,17.60%,2.59,1.23,0.26,0.3,35.20%,386,16.60%,100.00%,-2477,13410.4,0,0,1,1,1,1,0,0,0,6,0,0,0,3,1,0,4,0,0,41.4
Zhuo,SUPPORT,NIP,TES,meiko,Ascend,23.07.2024,v14.13,2,Blue,0:26:45,Ornn,Loss,13,0,4,2,0,5.8,261,16.60%,1.07,0.71,0.37,0.11,14.60%,149,6.40%,28.60%,562,24818.5,0,0,0,1,1,1,0,0,0,6,0,0,0,3,1,0,4,0,0,41.4
369,TOP,TES,NIP,shanji,Ascend,23.07.2024,v14.13,2,Red,0:26:45,KSante,Win,16,5,2,9,0,7.5,416,19.50%,1.18,0.34,0.26,0.26,13.90%,520,15.70%,70.00%,-1040,24283.1,0,0,0.429,0,1,11,1,3,0,0,1,1,1,3,2,0,4,4,0,58.6
Tian,JUNGLE,TES,NIP,AKi,Ascend,23.07.2024,v14.13,2,Red,0:26:45,Ivern,Win,15,2,0,14,138,5.8,408,19.10%,1.46,0.37,0.34,0.37,17.30%,350,10.60%,80.00%,730,10899.1,0,1,0.857,0,1,11,1,3,0,0,1,1,1,3,2,0,4,4,0,58.6
Creme,MID,TES,NIP,RooKie,Ascend,23.07.2024,v14.13,2,Red,0:26:45,Zeri,Win,16,3,1,7,25,10.8,508,23.70%,1.29,0.34,0.04,0.45,15.30%,973,29.40%,50.00%,-105,13204.8,0,0,0.143,0,1,11,1,3,0,0,1,1,1,3,2,0,4,4,0,58.6
JackeyLove,ADCARRY,TES,NIP,Photic,Ascend,23.07.2024,v14.13,2,Red,0:26:45,Ezreal,Win,15,9,0,3,4,9.2,527,24.70%,0.77,0.26,0.07,0.41,9.10%,1120,33.90%,60.00%,2477,8954.14,1,0,0.571,0,1,11,1,3,0,0,1,1,1,3,2,0,4,4,0,58.6
meiko,SUPPORT,TES,NIP,Zhuo,Ascend,23.07.2024,v14.13,2,Red,0:26:45,Leona,Win,11,1,4,11,0,1.4,279,13.10%,3.75,1.76,0.64,0.71,44.50%,346,10.50%,60.00%,-562,20278.2,1,0,0.571,0,1,11,1,3,0,0,1,1,1,3,2,0,4,4,0,58.6
Qingtian,TOP,UP,OMG,Hery,Nirvana,24.07.2024,v14.14,1,Blue,0:38:08,Gnar,Win,18,2,4,10,23,8.3,391,18.90%,1.5,0.5,0.24,0.39,15.10%,463,15.40%,50.00%,-380,32614.2,0,0,0.286,1,1,11,0,3,0,6,1,0,1,1,0,0,6,4,0,61.1
H4cker,JUNGLE,UP,OMG,Tianzhen,Nirvana,24.07.2024,v14.14,1,Blue,0:38:08,Lillia,Win,18,5,4,13,197,7.3,413,19.90%,1.63,0.18,0.1,0.6,16.40%,589,19.60%,75.00%,898,43323.9,1,0,0.714,1,1,11,0,3,0,6,1,0,1,1,0,0,6,4,0,61.1
Yuekai,MID,UP,OMG,Angel,Nirvana,24.07.2024,v14.14,1,Blue,0:38:08,Corki,Win,18,7,2,5,38,9.7,476,23.00%,1.55,0.39,0.08,0.52,15.50%,590,19.60%,50.00%,26,19975.6,0,0,0.286,1,1,11,0,3,0,6,1,0,1,1,0,0,6,4,0,61.1
Doggo,ADCARRY,UP,OMG,Starry,Nirvana,24.07.2024,v14.14,1,Blue,0:38:08,Ashe,Win,18,9,2,11,30,9.6,507,24.50%,1.92,0.55,0.31,0.63,19.20%,1071,35.50%,83.30%,783,17316.9,1,1,0.857,1,1,11,0,3,0,6,1,0,1,1,0,0,6,4,0,61.1
Niket,SUPPORT,UP,OMG,Ppgod,Nirvana,24.07.2024,v14.14,1,Blue,0:38:08,Braum,Win,15,1,4,19,0,1.2,283,13.70%,3.38,1.81,0.5,0.6,33.80%,302,10.00%,83.30%,78,40296.9,1,0,0.857,1,1,11,0,3,0,6,1,0,1,1,0,0,6,4,0,61.1
Hery,TOP,OMG,UP,Qingtian,Nirvana,24.07.2024,v14.14,1,Red,0:38:08,Twisted_Fate,Loss,18,5,4,4,12,7.8,423,23.40%,1.37,0.42,0.05,0.39,13.10%,521,17.40%,56.30%,380,21153.5,0,0,0.375,0,0,4,1,2,0,0,0,1,1,1,1,0,6,2,0,38.9
Tianzhen,JUNGLE,OMG,UP,H4cker,Nirvana,24.07.2024,v14.14,1,Red,0:38:08,Sejuani,Loss,15,2,4,10,153,4.6,295,16.30%,2.24,1.13,0.47,0.37,21.40%,373,12.50%,75.00%,-898,45733.4,0,0,0.75,0,0,4,1,2,0,0,0,1,1,1,1,0,6,2,0,38.9
Angel,MID,OMG,UP,Yuekai,Nirvana,24.07.2024,v14.14,1,Red,0:38:08,Lucian,Loss,18,3,3,5,13,10.2,454,25.10%,1.84,0.58,0.21,0.39,17.60%,521,17.40%,50.00%,-26,22791.4,0,0,0.25,0,0,4,1,2,0,0,0,1,1,1,1,0,6,2,0,38.9
Starry,ADCARRY,OMG,UP,Doggo,Nirvana,24.07.2024,v14.14,1,Red,0:38:08,Ziggs,Loss,17,4,6,7,5,8.3,393,21.80%,1.22,0.47,0.18,0.31,11.60%,1314,43.90%,68.80%,-783,20542.5,0,0,0.625,0,0,4,1,2,0,0,0,1,1,1,1,0,6,2,0,38.9
Ppgod,SUPPORT,OMG,UP,Niket,Nirvana,24.07.2024,v14.14,1,Red,0:38:08,Leona,Loss,13,2,7,7,0,1.1,241,13.30%,3.81,2.1,0.68,0.52,36.40%,263,8.80%,56.30%,-78,32631.4,0,0,0.5,0,0,4,1,2,0,0,0,1,1,1,1,0,6,2,0,38.9
Qingtian,TOP,UP,OMG,Hery,Nirvana,24.07.2024,v14.14,2,Blue,0:30:04,KSante,Loss,15,1,4,0,0,7.2,329,20.00%,1.17,0.27,0.13,0.53,14.70%,204,13.10%,33.30%,372,27041.9,0,0,0,1,1,2,0,0,0,4,1,0,0,2,1,0,2,0,0,48.2
H4cker,JUNGLE,UP,OMG,Tianzhen,Nirvana,24.07.2024,v14.14,2,Blue,0:30:04,Lillia,Loss,15,1,2,1,180,7.3,333,20.20%,0.93,0.2,0.17,0.37,11.60%,324,20.80%,66.70%,573,32293.1,1,0,1,1,1,2,0,0,0,4,1,0,0,2,1,0,2,0,0,48.2
Yuekai,MID,UP,OMG,Angel,Nirvana,24.07.2024,v14.14,2,Blue,0:30:04,Corki,Loss,15,0,2,1,4,9.4,370,22.40%,0.71,0.4,0.07,0.27,8.90%,430,27.60%,33.30%,-1374,13963.7,0,0,0,1,1,2,0,0,0,4,1,0,0,2,1,0,2,0,0,48.2
Doggo,ADCARRY,UP,OMG,Starry,Nirvana,24.07.2024,v14.14,2,Blue,0:30:04,Zeri,Loss,15,1,3,2,4,10.5,403,24.50%,1.94,0.37,0.27,0.73,24.30%,462,29.70%,100.00%,263,16883.9,1,0,1,1,1,2,0,0,0,4,1,0,0,2,1,0,2,0,0,48.2
Niket,SUPPORT,UP,OMG,Ppgod,Nirvana,24.07.2024,v14.14,2,Blue,0:30:04,Alistar,Loss,11,0,4,3,0,1.3,213,12.90%,3.24,1.76,0.43,0.67,40.60%,137,8.80%,100.00%,-56,22437.7,1,0,1,1,1,2,0,0,0,4,1,0,0,2,1,0,2,0,0,48.2
Hery,TOP,OMG,UP,Qingtian,Nirvana,24.07.2024,v14.14,2,Red,0:30:04,Gnar,Win,17,1,1,5,16,9.8,443,21.50%,1.17,0.53,0.17,0.23,10.00%,532,19.30%,40.00%,-372,15468,0,0,0.333,0,0,11,1,4,0,2,0,1,1,2,1,0,2,2,0,51.8
Tianzhen,JUNGLE,OMG,UP,H4cker,Nirvana,24.07.2024,v14.14,2,Red,0:30:04,Sejuani,Win,14,2,1,9,141,5.4,327,15.90%,2.64,1.1,0.4,0.47,22.50%,371,13.40%,73.30%,-573,28326.1,0,0,1,0,0,11,1,4,0,2,0,1,1,2,1,0,2,2,0,51.8
Angel,MID,OMG,UP,Yuekai,Nirvana,24.07.2024,v14.14,2,Red,0:30:04,Lucian,Win,17,4,0,8,24,10.5,492,23.90%,1.69,0.57,0.23,0.3,14.40%,713,25.80%,80.00%,1374,12532.4,0,0,0.667,0,0,11,1,4,0,2,0,1,1,2,1,0,2,2,0,51.8
Starry,ADCARRY,OMG,UP,Doggo,Nirvana,24.07.2024,v14.14,2,Red,0:30:04,Kaisa,Win,17,8,0,2,21,10.5,514,25.00%,0.87,0.43,0.17,0.17,7.50%,969,35.10%,66.70%,-263,11477.1,0,1,0.333,0,0,11,1,4,0,2,0,1,1,2,1,0,2,2,0,51.8
Ppgod,SUPPORT,OMG,UP,Niket,Nirvana,24.07.2024,v14.14,2,Red,0:30:04,Rakan,Win,12,0,1,12,0,1.2,283,13.70%,5.35,2.96,0.6,0.8,45.70%,177,6.40%,80.00%,56,10311.4,0,0,1,0,0,11,1,4,0,2,0,1,1,2,1,0,2,2,0,51.8
Hery,TOP,OMG,UP,Qingtian,Nirvana,24.07.2024,v14.14,3,Blue,0:30:38,Rumble,Win,16,1,2,10,17,7.7,389,18.90%,1.05,0.52,0.16,0.23,10.90%,486,20.90%,64.70%,930,11820.2,0,0,0,0,1,11,1,3,0,6,1,1,1,0,0,0,3,2,1,48.9
Tianzhen,JUNGLE,OMG,UP,H4cker,Nirvana,24.07.2024,v14.14,3,Blue,0:30:38,Sejuani,Win,14,2,2,11,146,5.5,337,16.40%,2.55,1.18,0.49,0.55,26.40%,263,11.30%,76.50%,45,32201.7,1,0,1,0,1,11,1,3,0,6,1,1,1,0,0,0,3,2,1,48.9
Angel,MID,OMG,UP,Yuekai,Nirvana,24.07.2024,v14.14,3,Blue,0:30:38,Lucian,Win,18,7,1,7,9,10.7,564,27.40%,1.71,0.46,0.13,0.39,17.80%,909,39.10%,82.40%,839,12019.9,1,1,0.5,0,1,11,1,3,0,6,1,1,1,0,0,0,3,2,1,48.9
Starry,ADCARRY,OMG,UP,Doggo,Nirvana,24.07.2024,v14.14,3,Blue,0:30:38,Kaisa,Win,16,6,2,5,36,10.6,494,24.00%,0.92,0.36,0.03,0.46,9.60%,546,23.50%,64.70%,-516,14393.9,0,0,0.5,0,1,11,1,3,0,6,1,1,1,0,0,0,3,2,1,48.9
Ppgod,SUPPORT,OMG,UP,Niket,Nirvana,24.07.2024,v14.14,3,Blue,0:30:38,Rell,Win,13,1,0,13,1,1.4,273,13.30%,3.41,1.83,0.52,0.52,35.40%,121,5.20%,82.40%,78,18676.9,1,0,1,0,1,11,1,3,0,6,1,1,1,0,0,0,3,2,1,48.9
Qingtian,TOP,UP,OMG,Hery,Nirvana,24.07.2024,v14.14,3,Red,0:30:38,Aatrox,Loss,16,0,3,1,8,7.9,323,18.70%,0.64,0.2,0.03,0.13,7.40%,160,7.90%,14.30%,-930,21838,0,0,0,1,1,2,0,2,0,0,0,0,0,0,0,0,3,0,1,51.1
H4cker,JUNGLE,UP,OMG,Tianzhen,Nirvana,24.07.2024,v14.14,3,Red,0:30:38,Zyra,Loss,14,0,3,6,185,6.9,329,19.10%,2.43,0.95,0.2,0.59,28.00%,467,23.20%,85.70%,-45,18133.1,0,0,1,1,1,2,0,2,0,0,0,0,0,0,0,0,3,0,1,51.1
Yuekai,MID,UP,OMG,Angel,Nirvana,24.07.2024,v14.14,3,Red,0:30:38,Corki,Loss,17,3,2,1,24,11.2,447,25.90%,1.1,0.49,0.23,0.33,12.60%,385,19.10%,57.10%,-839,16636.5,0,0,0,1,1,2,0,2,0,0,0,0,0,0,0,0,3,0,1,51.1
Doggo,ADCARRY,UP,OMG,Starry,Nirvana,24.07.2024,v14.14,3,Red,0:30:38,Ezreal,Loss,15,4,2,2,1,9.3,407,23.70%,0.93,0.39,0.23,0.36,10.70%,890,44.20%,85.70%,516,12194.2,0,0,1,1,1,2,0,2,0,0,0,0,0,0,0,0,3,0,1,51.1
Niket,SUPPORT,UP,OMG,Ppgod,Nirvana,24.07.2024,v14.14,3,Red,0:30:38,Leona,Loss,11,0,7,4,0,1.4,216,12.60%,3.58,1.99,0.55,0.72,41.30%,112,5.60%,57.10%,-78,21934,0,0,1,1,1,2,0,2,0,0,0,0,0,0,0,0,3,0,1,51.1
Zika,TOP,LNG,JDG,sheer,Ascend,24.07.2024,v14.14,1,Blue,0:33:52,Gnar,Win,18,3,2,5,16,9.7,459,21.70%,1.04,0.21,0.09,0.3,10.40%,594,20.40%,57.10%,333,24352.2,0,0,\,0,0,11,1,1,0,3,0,1,2,0,0,0,3,2,0,55.7
WeiWei,JUNGLE,LNG,JDG,Kanavi,Ascend,24.07.2024,v14.14,1,Blue,0:33:52,Karthus,Win,18,1,2,11,240,7.8,419,19.80%,2.49,0.83,0.18,0.5,24.80%,935,32.10%,85.70%,224,29763.6,0,0,\,0,0,11,1,1,0,3,0,1,2,0,0,0,3,2,0,55.7
Scout,MID,LNG,JDG,Yagao,Ascend,24.07.2024,v14.14,1,Blue,0:33:52,Lucian,Win,18,7,1,2,18,10.2,523,24.70%,1.67,0.3,0.15,0.5,16.60%,658,22.60%,64.30%,-1,14314.7,0,0,\,0,0,11,1,1,0,3,0,1,2,0,0,0,3,2,0,55.7
GALA,ADCARRY,LNG,JDG,Ruler,Ascend,24.07.2024,v14.14,1,Blue,0:33:52,Jhin,Win,18,3,0,9,4,10.5,474,22.40%,1.17,0.41,0.18,0.3,11.70%,584,20.10%,85.70%,-74,6338.35,0,1,\,0,0,11,1,1,0,3,0,1,2,0,0,0,3,2,0,55.7
Hang,SUPPORT,LNG,JDG,Missing,Ascend,24.07.2024,v14.14,1,Blue,0:33:52,Leona,Win,13,0,2,8,0,1.3,242,11.40%,3.67,2.1,0.68,0.71,36.50%,137,4.70%,57.10%,-127,26541.4,0,0,\,0,0,11,1,1,0,3,0,1,2,0,0,0,3,2,0,55.7
sheer,TOP,JDG,LNG,Zika,Ascend,24.07.2024,v14.14,1,Red,0:33:52,KSante,Loss,16,2,2,2,0,7.3,351,20.30%,0.62,0.38,0.12,0,6.40%,162,9.10%,57.10%,-333,29189.1,1,0,1,1,0,4,0,3,0,3,1,0,0,0,0,0,3,1,0,44.3
Kanavi,JUNGLE,JDG,LNG,WeiWei,Ascend,24.07.2024,v14.14,1,Red,0:33:52,Zyra,Loss,16,2,3,4,195,6.8,350,20.20%,2.4,0.97,0.18,0.59,24.70%,505,28.20%,85.70%,-224,24361.2,1,0,1,1,0,4,0,3,0,3,1,0,0,0,0,0,3,1,0,44.3
Yagao,MID,JDG,LNG,Scout,Ascend,24.07.2024,v14.14,1,Red,0:33:52,Corki,Loss,17,2,3,3,16,9.5,396,22.90%,1.58,0.38,0.09,0.3,16.30%,634,35.40%,71.40%,1,24631.5,0,0,0,1,0,4,0,3,0,3,1,0,0,0,0,0,3,1,0,44.3
Ruler,ADCARRY,JDG,LNG,GALA,Ascend,24.07.2024,v14.14,1,Red,0:33:52,Miss_Fortune,Loss,17,0,2,3,10,11.1,418,24.10%,1.29,0.41,0.24,0.38,13.20%,381,21.30%,42.90%,74,12964.2,0,0,0,1,0,4,0,3,0,3,1,0,0,0,0,0,3,1,0,44.3
Missing,SUPPORT,JDG,LNG,Hang,Ascend,24.07.2024,v14.14,1,Red,0:33:52,Nautilus,Loss,11,1,4,1,0,1,216,12.50%,3.82,2.36,0.65,0.44,39.40%,108,6.00%,28.60%,127,22746.3,0,0,0,1,0,4,0,3,0,3,1,0,0,0,0,0,3,1,0,44.3
sheer,TOP,JDG,LNG,Zika,Ascend,24.07.2024,v14.14,2,Blue,0:35:29,Gnar,Win,18,2,2,10,6,8,409,20.10%,1.1,0.37,0.23,0.25,11.50%,431,15.20%,63.20%,906,30986.8,0,0,0.5,1,1,10,1,3,0,5,1,1,2,3,3,0,5,3,1,56.5
Kanavi,JUNGLE,JDG,LNG,WeiWei,Ascend,24.07.2024,v14.14,2,Blue,0:35:29,Nidalee,Win,18,7,1,6,241,7.9,423,20.80%,1.7,0.17,0.11,0.7,17.80%,679,23.90%,68.40%,1306,36303.3,1,0,0.625,1,1,10,1,3,0,5,1,1,2,3,3,0,5,3,1,56.5
Yagao,MID,JDG,LNG,Scout,Ascend,24.07.2024,v14.14,2,Blue,0:35:29,Lucian,Win,18,3,2,2,20,8.9,425,20.90%,1.39,0.51,0.17,0.28,14.60%,546,19.20%,26.30%,-250,13605.9,0,0,0,1,1,10,1,3,0,5,1,1,2,3,3,0,5,3,1,56.5
Ruler,ADCARRY,JDG,LNG,GALA,Ascend,24.07.2024,v14.14,2,Blue,0:35:29,Xayah,Win,18,6,4,8,17,10.5,503,24.70%,1.2,0.37,0.2,0.51,12.60%,991,34.90%,73.70%,656,23434.9,1,1,0.625,1,1,10,1,3,0,5,1,1,2,3,3,0,5,3,1,56.5
Missing,SUPPORT,JDG,LNG,Hang,Ascend,24.07.2024,v14.14,2,Blue,0:35:29,Leona,Win,14,1,4,12,0,1,277,13.60%,4.16,2.31,0.7,0.62,43.50%,194,6.80%,68.40%,-100,26697.9,1,0,0.625,1,1,10,1,3,0,5,1,1,2,3,3,0,5,3,1,56.5
Zika,TOP,LNG,JDG,sheer,Ascend,24.07.2024,v14.14,2,Red,0:35:29,Kennen,Loss,15,3,7,3,8,6.1,317,17.80%,0.63,0.14,0.03,0.17,6.40%,596,23.70%,46.20%,-906,23887.2,0,0,0,0,0,3,0,1,0,1,0,0,0,3,0,0,5,1,1,43.5
WeiWei,JUNGLE,LNG,JDG,Kanavi,Ascend,24.07.2024,v14.14,2,Red,0:35:29,Lillia,Loss,16,2,4,3,187,6.8,324,18.20%,1.47,0.39,0.31,0.37,14.90%,433,17.20%,38.50%,-1306,35798.3,0,0,0.5,0,0,3,0,1,0,1,0,0,0,3,0,0,5,1,1,43.5
Scout,MID,LNG,JDG,Yagao,Ascend,24.07.2024,v14.14,2,Red,0:35:29,Yone,Loss,18,4,4,3,16,9.9,464,26.10%,0.93,0.14,0.11,0.17,9.40%,569,22.60%,53.80%,250,28936.4,0,0,0.25,0,0,3,0,1,0,1,0,0,0,3,0,0,5,1,1,43.5
GALA,ADCARRY,LNG,JDG,Ruler,Ascend,24.07.2024,v14.14,2,Red,0:35:29,Zeri,Loss,17,3,3,4,8,10.1,433,24.40%,1,0.28,0.03,0.39,10.10%,798,31.70%,53.80%,-656,23288.5,0,0,0.5,0,0,3,0,1,0,1,0,0,0,3,0,0,5,1,1,43.5
Hang,SUPPORT,LNG,JDG,Missing,Ascend,24.07.2024,v14.14,2,Red,0:35:29,Rakan,Loss,13,1,1,7,0,1.4,240,13.50%,5.84,3.47,0.7,0.79,59.20%,120,4.80%,61.50%,100,25197.6,0,0,0.75,0,0,3,0,1,0,1,0,0,0,3,0,0,5,1,1,43.5
Zika,TOP,LNG,JDG,sheer,Ascend,24.07.2024,v14.14,3,Blue,0:27:54,Camille,Win,16,3,1,6,1,8.2,437,21.70%,0.86,0.25,0.14,0.25,10.20%,395,16.00%,64.30%,1599,18798,0,0,1,1,3,10,0,2,0,3,0,1,1,1,0,0,2,2,0,48.4
WeiWei,JUNGLE,LNG,JDG,Kanavi,Ascend,24.07.2024,v14.14,3,Blue,0:27:54,Karthus,Win,16,1,0,10,178,7.7,401,19.90%,1.85,0.75,0.29,0.36,22.00%,542,21.90%,78.60%,-844,20297.6,0,0,1,1,3,10,0,2,0,3,0,1,1,1,0,0,2,2,0,48.4
Scout,MID,LNG,JDG,Yagao,Ascend,24.07.2024,v14.14,3,Blue,0:27:54,Yone,Win,16,5,1,7,18,9.1,467,23.20%,0.92,0.29,0.22,0.39,11.00%,629,25.40%,85.70%,988,20706.7,0,1,1,1,3,10,0,2,0,3,0,1,1,1,0,0,2,2,0,48.4
GALA,ADCARRY,LNG,JDG,Ruler,Ascend,24.07.2024,v14.14,3,Blue,0:27:54,Ziggs,Win,16,3,0,5,1,8.8,423,21.00%,0.95,0.36,0.11,0.39,11.30%,666,26.90%,57.10%,-603,9365.36,0,0,0.333,1,3,10,0,2,0,3,0,1,1,1,0,0,2,2,0,48.4
Hang,SUPPORT,LNG,JDG,Missing,Ascend,24.07.2024,v14.14,3,Blue,0:27:54,Maokai,Win,12,2,2,5,0,1.1,285,14.20%,3.82,2.01,0.36,0.43,45.40%,243,9.80%,50.00%,264,13981,0,0,0,1,3,10,0,2,0,3,0,1,1,1,0,0,2,2,0,48.4
sheer,TOP,JDG,LNG,Zika,Ascend,24.07.2024,v14.14,3,Red,0:27:54,Gnar,Loss,15,1,6,0,0,8.1,324,19.50%,0.68,0.43,0.14,0.04,7.20%,351,18.80%,25.00%,-1599,22925.1,0,0,0,0,1,2,1,3,0,3,1,0,0,1,1,0,2,0,0,51.6
Kanavi,JUNGLE,JDG,LNG,WeiWei,Ascend,24.07.2024,v14.14,3,Red,0:27:54,Zyra,Loss,14,1,3,2,194,8.5,366,22.10%,2.28,0.79,0.18,0.68,24.10%,521,27.90%,75.00%,844,19439.1,1,0,1,0,1,2,1,3,0,3,1,0,0,1,1,0,2,0,0,51.6
Yagao,MID,JDG,LNG,Scout,Ascend,24.07.2024,v14.14,3,Red,0:27:54,Lucian,Loss,15,2,2,0,10,8.7,391,23.60%,1.14,0.43,0.14,0.07,12.00%,348,18.60%,50.00%,-988,14190.9,0,0,0,0,1,2,1,3,0,3,1,0,0,1,1,0,2,0,0,51.6
Ruler,ADCARRY,JDG,LNG,GALA,Ascend,24.07.2024,v14.14,3,Red,0:27:54,Kalista,Loss,14,0,2,3,7,9.4,361,21.80%,1.28,0.39,0.14,0.43,13.50%,503,26.90%,75.00%,603,18235.1,1,0,1,0,1,2,1,3,0,3,1,0,0,1,1,0,2,0,0,51.6
Missing,SUPPORT,JDG,LNG,Hang,Ascend,24.07.2024,v14.14,3,Red,0:27:54,Renata_Glasc,Loss,11,0,1,3,0,1.2,217,13.10%,4.08,2.37,0.5,0.47,43.20%,145,7.80%,75.00%,-264,10770,1,0,1,0,1,2,1,3,0,3,1,0,0,1,1,0,2,0,0,51.6
Xiaoxu,TOP,RA,WE,Wayward,Nirvana,25.07.2024,v14.14,1,Blue,0:28:17,Mordekaiser,Win,16,0,1,2,4,8.5,353,16.60%,0.79,0.25,0.07,0.18,10.80%,312,11.60%,9.50%,86,15030,0,0,0,1,0,10,0,2,0,2,1,1,1,0,0,0,5,5,0,57.3
Xiaohao,JUNGLE,RA,WE,Yanxiang,Nirvana,25.07.2024,v14.14,1,Blue,0:28:17,Lillia,Win,17,6,0,11,205,8.2,487,23.00%,1.31,0.39,0.21,0.07,17.80%,458,17.10%,81.00%,701,35519.9,1,0,0.667,1,0,10,0,2,0,2,1,1,1,0,0,0,5,5,0,57.3
Vicla,MID,RA,WE,FoFo,Nirvana,25.07.2024,v14.14,1,Blue,0:28:17,Corki,Win,17,6,1,9,17,9.7,472,22.30%,1.07,0.46,0.25,0.32,14.50%,587,21.90%,71.40%,547,17185,1,0,0.333,1,0,10,0,2,0,2,1,1,1,0,0,0,5,5,0,57.3
Assum,ADCARRY,RA,WE,Able,Nirvana,25.07.2024,v14.14,1,Blue,0:28:17,Jhin,Win,16,9,0,9,5,9.8,543,25.60%,0.93,0.39,0.18,0.18,12.60%,1112,41.50%,85.70%,864,11567.3,1,1,0.667,1,0,10,0,2,0,2,1,1,1,0,0,0,5,5,0,57.3
Jwei,SUPPORT,RA,WE,Mark,Nirvana,25.07.2024,v14.14,1,Blue,0:28:17,Leona,Win,12,0,2,13,0,1.3,265,12.50%,3.25,1.63,0.49,0.46,44.30%,213,8.00%,61.90%,190,18706.8,1,0,0.667,1,0,10,0,2,0,2,1,1,1,0,0,0,5,5,0,57.3
Wayward,TOP,WE,RA,Xiaoxu,Nirvana,25.07.2024,v14.14,1,Red,0:28:17,KSante,Loss,14,0,5,1,2,7.6,309,19.60%,0.85,0.39,0.04,0.11,12.00%,400,20.40%,25.00%,-86,29282.9,0,0,0,0,0,0,1,2,0,4,0,0,0,0,0,0,5,0,0,42.7
Yanxiang,JUNGLE,WE,RA,Xiaohao,Nirvana,25.07.2024,v14.14,1,Red,0:28:17,Brand,Loss,14,1,4,2,162,6.8,327,20.70%,1.31,0.21,0.11,0.42,18.50%,588,30.00%,75.00%,-701,28422.5,0,0,1,0,0,0,1,2,0,4,0,0,0,0,0,0,5,0,0,42.7
FoFo,MID,WE,RA,Vicla,Nirvana,25.07.2024,v14.14,1,Red,0:28:17,Lucian,Loss,15,1,4,2,4,9.1,374,23.70%,1.19,0.46,0.18,0.32,16.90%,448,22.80%,75.00%,-547,17393.2,0,0,1,0,0,0,1,2,0,4,0,0,0,0,0,0,5,0,0,42.7
Able,ADCARRY,WE,RA,Assum,Nirvana,25.07.2024,v14.14,1,Red,0:28:17,Kaisa,Loss,14,2,3,1,4,9.5,371,23.50%,0.87,0.14,0.07,0.35,12.30%,407,20.80%,75.00%,-864,12121.5,0,0,1,0,0,0,1,2,0,4,0,0,0,0,0,0,5,0,0,42.7
Mark,SUPPORT,WE,RA,Jwei,Nirvana,25.07.2024,v14.14,1,Red,0:28:17,Nautilus,Loss,10,0,5,2,0,1,197,12.50%,2.84,1.34,0.35,0.21,40.30%,118,6.00%,50.00%,-190,15887.5,0,0,1,0,0,0,1,2,0,4,0,0,0,0,0,0,5,0,0,42.7
Wayward,TOP,WE,RA,Xiaoxu,Nirvana,25.07.2024,v14.14,2,Blue,0:37:40,KSante,Win,18,4,3,13,4,7.5,383,19.00%,1.21,0.72,0.32,0.13,11.20%,429,15.70%,65.40%,-125,41550.6,0,0,0.333,0,0,8,0,3,0,6,1,0,1,4,2,1,6,4,0,50.6
Yanxiang,JUNGLE,WE,RA,Xiaohao,Nirvana,25.07.2024,v14.14,2,Blue,0:37:40,Lillia,Win,18,4,2,14,228,6.7,391,19.50%,1.57,0.42,0.37,0.35,14.50%,543,19.90%,69.20%,683,38325.4,0,1,0.667,0,0,8,0,3,0,6,1,0,1,4,2,1,6,4,0,50.6
FoFo,MID,WE,RA,Vicla,Nirvana,25.07.2024,v14.14,2,Blue,0:37:40,Corki,Win,18,8,1,9,20,9.7,497,24.70%,1.88,0.45,0.11,0.56,17.30%,810,29.70%,65.40%,537,22498.3,0,0,0.333,0,0,8,0,3,0,6,1,0,1,4,2,1,6,4,0,50.6
Able,ADCARRY,WE,RA,Assum,Nirvana,25.07.2024,v14.14,2,Blue,0:37:40,Xayah,Win,18,7,7,12,20,9.7,461,23.00%,1.14,0.27,0.08,0.37,10.50%,791,29.00%,73.10%,263,26151.2,0,0,0.667,0,0,8,0,3,0,6,1,0,1,4,2,1,6,4,0,50.6
Mark,SUPPORT,WE,RA,Jwei,Nirvana,25.07.2024,v14.14,2,Blue,0:37:40,Rakan,Win,15,3,5,18,0,1.3,278,13.80%,5.02,2.81,0.32,0.64,46.40%,157,5.70%,80.80%,115,28776.3,0,0,0.667,0,0,8,0,3,0,6,1,0,1,4,2,1,6,4,0,50.6
Xiaoxu,TOP,RA,WE,Wayward,Nirvana,25.07.2024,v14.14,2,Red,0:37:40,Mordekaiser,Loss,18,4,4,6,8,8.2,399,21.40%,1.01,0.37,0.19,0.27,11.20%,808,24.30%,55.60%,125,25406.2,0,0,0.2,1,0,6,1,3,0,0,0,1,1,4,1,1,6,2,0,49.4
Xiaohao,JUNGLE,RA,WE,Yanxiang,Nirvana,25.07.2024,v14.14,2,Red,0:37:40,Lee_Sin,Loss,16,2,6,7,202,6.1,326,17.60%,1.7,0.56,0.37,0.48,18.80%,221,6.70%,50.00%,-683,36372.5,1,0,0.6,1,0,6,1,3,0,0,0,1,1,4,1,1,6,2,0,49.4
Vicla,MID,RA,WE,FoFo,Nirvana,25.07.2024,v14.14,2,Red,0:37:40,Lucian,Loss,18,5,4,5,44,9.8,471,25.30%,1.62,0.5,0.21,0.61,17.90%,1031,31.10%,55.60%,-537,21562.8,1,0,0.4,1,0,6,1,3,0,0,0,1,1,4,1,1,6,2,0,49.4
Assum,ADCARRY,RA,WE,Able,Nirvana,25.07.2024,v14.14,2,Red,0:37:40,Ezreal,Loss,17,4,7,7,12,9.1,412,22.20%,0.97,0.37,0.11,0.35,10.70%,1017,30.60%,61.10%,-263,25668.4,0,0,0.6,1,0,6,1,3,0,0,0,1,1,4,1,1,6,2,0,49.4
Jwei,SUPPORT,RA,WE,Mark,Nirvana,25.07.2024,v14.14,2,Red,0:37:40,Leona,Loss,14,3,5,9,0,1.2,251,13.50%,3.75,2.18,0.72,0.58,41.40%,243,7.30%,66.70%,-115,30015,0,0,0.8,1,0,6,1,3,0,0,0,1,1,4,1,1,6,2,0,49.4
Xiaoxu,TOP,RA,WE,Wayward,Nirvana,25.07.2024,v14.14,3,Blue,0:28:41,Camille,Win,16,3,1,6,9,9.1,444,21.10%,0.78,0.24,0.1,0.14,9.10%,396,12.70%,45.00%,-503,18920.9,0,0,0,1,2,9,1,4,0,3,1,1,1,2,2,0,3,3,0,58
Xiaohao,JUNGLE,RA,WE,Yanxiang,Nirvana,25.07.2024,v14.14,3,Blue,0:28:41,Zyra,Win,16,3,1,15,187,7.5,407,19.30%,2.1,0.77,0.14,0.49,24.50%,576,18.50%,90.00%,938,17184,1,0,1,1,2,9,1,4,0,3,1,1,1,2,2,0,3,3,0,58
Vicla,MID,RA,WE,FoFo,Nirvana,25.07.2024,v14.14,3,Blue,0:28:41,Corki,Win,17,3,0,6,20,10.5,438,20.80%,1.22,0.45,0.17,0.45,14.30%,882,28.30%,45.00%,154,16449.4,0,0,0,1,2,9,1,4,0,3,1,1,1,2,2,0,3,3,0,58
Assum,ADCARRY,RA,WE,Able,Nirvana,25.07.2024,v14.14,3,Blue,0:28:41,Ziggs,Win,16,9,1,9,6,9.5,530,25.20%,0.82,0.24,0.14,0.14,9.50%,1023,32.80%,90.00%,3116,10675.8,1,1,1,1,2,9,1,4,0,3,1,1,1,2,2,0,3,3,0,58
Jwei,SUPPORT,RA,WE,Mark,Nirvana,25.07.2024,v14.14,3,Blue,0:28:41,Leona,Win,12,2,0,12,0,1.3,286,13.60%,3.65,1.81,0.59,0.45,42.50%,244,7.80%,70.00%,571,17449.1,1,0,1,1,2,9,1,4,0,3,1,1,1,2,2,0,3,3,0,58
Wayward,TOP,WE,RA,Xiaoxu,Nirvana,25.07.2024,v14.14,3,Red,0:28:41,KSante,Loss,15,3,3,0,0,8.3,385,24.80%,0.98,0.52,0.21,0.1,13.10%,423,25.70%,100.00%,503,23196.5,0,0,\,0,0,0,0,0,0,3,0,0,0,2,0,0,3,0,0,42
Yanxiang,JUNGLE,WE,RA,Xiaohao,Nirvana,25.07.2024,v14.14,3,Red,0:28:41,Sejuani,Loss,13,0,4,2,137,5.4,272,17.50%,1.55,0.66,0.14,0.38,20.60%,188,11.50%,66.70%,-938,31320.8,0,0,\,0,0,0,0,0,0,3,0,0,0,2,0,0,3,0,0,42
FoFo,MID,WE,RA,Vicla,Nirvana,25.07.2024,v14.14,3,Red,0:28:41,Azir,Loss,15,0,3,2,18,9.7,351,22.60%,0.88,0.49,0.17,0.21,11.80%,479,29.10%,66.70%,-154,18508.8,0,0,\,0,0,0,0,0,0,3,0,0,0,2,0,0,3,0,0,42
Able,ADCARRY,WE,RA,Assum,Nirvana,25.07.2024,v14.14,3,Red,0:28:41,Smolder,Loss,14,0,5,2,6,9.1,341,21.90%,0.79,0.24,0.1,0.21,10.60%,489,29.80%,66.70%,-3116,19205.3,0,0,\,0,0,0,0,0,0,3,0,0,0,2,0,0,3,0,0,42
Mark,SUPPORT,WE,RA,Jwei,Nirvana,25.07.2024,v14.14,3,Red,0:28:41,Rell,Loss,9,0,5,2,0,1.5,205,13.20%,3.31,1.71,0.42,0.59,44.00%,64,3.90%,66.70%,-571,18241.3,0,0,\,0,0,0,0,0,0,3,0,0,0,2,0,0,3,0,0,42
YSKM,TOP,iG,RNG,Juice,Nirvana,25.07.2024,v14.14,1,Blue,0:31:09,KSante,Loss,15,1,6,2,0,6.9,309,17.30%,0.62,0.22,0.1,0.13,7.70%,344,17.00%,30.00%,-1223,30017.2,0,0,0.4,0,1,3,0,1,0,3,1,1,1,2,1,0,4,0,0,46.4
glfs,JUNGLE,iG,RNG,Geju,Nirvana,25.07.2024,v14.14,1,Blue,0:31:09,Taliyah,Loss,15,1,2,7,177,7.4,353,19.70%,1.5,0.26,0.22,0.55,18.60%,523,25.80%,80.00%,-450,15424.7,0,0,0.8,0,1,3,0,1,0,3,1,1,1,2,1,0,4,0,0,46.4
neny,MID,iG,RNG,XZZ,Nirvana,25.07.2024,v14.14,1,Blue,0:31:09,Lucian,Loss,16,1,4,3,4,9.4,401,22.40%,1.4,0.55,0.19,0.32,17.40%,474,23.40%,40.00%,229,14614,0,0,0.4,0,1,3,0,1,0,3,1,1,1,2,1,0,4,0,0,46.4
Ahn,ADCARRY,iG,RNG,huanfeng,Nirvana,25.07.2024,v14.14,1,Blue,0:31:09,Draven,Loss,15,6,4,2,5,8.4,477,26.60%,0.85,0.45,0.13,0.22,10.60%,567,28.00%,80.00%,1418,14275.4,1,0,0.6,0,1,3,0,1,0,3,1,1,1,2,1,0,4,0,0,46.4
Vampire,SUPPORT,iG,RNG,Tangyuan,Nirvana,25.07.2024,v14.14,1,Blue,0:31:09,Rell,Loss,11,1,3,9,0,1.3,251,14.00%,3.66,1.77,0.51,0.74,45.60%,118,5.80%,100.00%,562,14024.5,1,0,1,0,1,3,0,1,0,3,1,1,1,2,1,0,4,0,0,46.4
Juice,TOP,RNG,iG,YSKM,Nirvana,25.07.2024,v14.14,1,Red,0:31:09,Renekton,Win,17,3,3,7,8,7.9,394,19.70%,0.84,0.32,0.19,0.22,8.60%,462,20.00%,52.60%,1223,33553.8,0,0,0,1,2,9,1,3,0,3,0,0,0,2,1,0,4,4,0,53.6
Geju,JUNGLE,RNG,iG,glfs,Nirvana,25.07.2024,v14.14,1,Red,0:31:09,Brand,Win,15,8,0,6,168,6.2,431,21.60%,2.91,0.96,0.19,0.55,29.90%,515,22.30%,73.70%,450,25956.5,0,0,1,1,2,9,1,3,0,3,0,0,0,2,1,0,4,4,0,53.6
XZZ,MID,RNG,iG,neny,Nirvana,25.07.2024,v14.14,1,Red,0:31:09,Corki,Win,17,6,0,8,19,9.8,490,24.50%,1.47,0.51,0.16,0.39,15.00%,678,29.30%,73.70%,-229,13611.8,0,0,0.5,1,2,9,1,3,0,3,0,0,0,2,1,0,4,4,0,53.6
huanfeng,ADCARRY,RNG,iG,Ahn,Nirvana,25.07.2024,v14.14,1,Red,0:31:09,Miss_Fortune,Win,16,2,0,12,20,10.3,433,21.70%,1.42,0.51,0.22,0.29,14.60%,468,20.20%,73.70%,-1418,5776.99,0,0,0.5,1,2,9,1,3,0,3,0,0,0,2,1,0,4,4,0,53.6
Tangyuan,SUPPORT,RNG,iG,Vampire,Nirvana,25.07.2024,v14.14,1,Red,0:31:09,Alistar,Win,13,0,7,15,0,0.9,250,12.50%,3.1,1.51,0.39,0.29,31.80%,190,8.20%,78.90%,-562,25057.5,0,1,1,1,2,9,1,3,0,3,0,0,0,2,1,0,4,4,0,53.6
Juice,TOP,RNG,iG,YSKM,Nirvana,25.07.2024,v14.14,2,Blue,0:32:37,Gnar,Loss,17,3,2,5,10,8.8,413,24.30%,1.21,0.25,0.12,0.37,14.40%,568,27.70%,80.00%,721,30930.6,0,0,0.667,1,1,3,0,0,0,5,0,0,0,0,0,0,6,1,1,53.7
Geju,JUNGLE,RNG,iG,glfs,Nirvana,25.07.2024,v14.14,2,Blue,0:32:37,Wukong,Loss,15,1,4,6,192,6.4,312,18.40%,1.11,0.37,0.25,0.18,13.30%,220,10.70%,70.00%,406,30548.4,0,0,1,1,1,3,0,0,0,5,0,0,0,0,0,0,6,1,1,53.7
XZZ,MID,RNG,iG,neny,Nirvana,25.07.2024,v14.14,2,Blue,0:32:37,Akali,Loss,15,4,5,3,5,7.8,378,22.30%,1.03,0.34,0.15,0.25,12.30%,547,26.70%,70.00%,625,27048.5,0,0,0.667,1,1,3,0,0,0,5,0,0,0,0,0,0,6,1,1,53.7
huanfeng,ADCARRY,RNG,iG,Ahn,Nirvana,25.07.2024,v14.14,2,Blue,0:32:37,Ashe,Loss,15,2,2,6,9,8.9,376,22.20%,1.69,0.4,0.15,0.4,20.10%,570,27.80%,80.00%,-1149,14220.3,0,0,1,1,1,3,0,0,0,5,0,0,0,0,0,0,6,1,1,53.7
Tangyuan,SUPPORT,RNG,iG,Vampire,Nirvana,25.07.2024,v14.14,2,Blue,0:32:37,Rakan,Loss,11,0,7,9,0,1.3,218,12.80%,3.35,1.59,0.43,0.46,40.00%,144,7.00%,90.00%,322,20484.7,0,0,1,1,1,3,0,0,0,5,0,0,0,0,0,0,6,1,1,53.7
YSKM,TOP,iG,RNG,Juice,Nirvana,25.07.2024,v14.14,2,Red,0:32:37,KSante,Win,17,3,1,5,0,7.1,370,18.70%,0.81,0.34,0.15,0.03,9.30%,424,14.70%,40.00%,-721,22794.3,0,0,0.5,0,0,9,1,4,1,1,1,1,1,0,0,0,6,4,1,46.3
glfs,JUNGLE,iG,RNG,Geju,Nirvana,25.07.2024,v14.14,2,Red,0:32:37,Maokai,Win,16,2,0,13,156,5.6,354,17.90%,1.37,0.31,0.25,0.28,15.80%,622,21.60%,75.00%,-406,34340.9,0,1,0.5,0,0,9,1,4,1,1,1,1,1,0,0,0,6,4,1,46.3
neny,MID,iG,RNG,XZZ,Nirvana,25.07.2024,v14.14,2,Red,0:32:37,Corki,Win,17,4,4,6,8,8.6,439,22.20%,1.36,0.46,0.12,0.25,15.70%,698,24.30%,50.00%,-625,19123.7,0,0,0,0,0,9,1,4,1,1,1,1,1,0,0,0,6,4,1,46.3
Ahn,ADCARRY,iG,RNG,huanfeng,Nirvana,25.07.2024,v14.14,2,Red,0:32:37,Miss_Fortune,Win,17,10,3,7,22,10,539,27.20%,1.31,0.37,0.09,0.55,15.10%,926,32.20%,85.00%,1149,12354,1,0,0.5,0,0,9,1,4,1,1,1,1,1,0,0,0,6,4,1,46.3
Vampire,SUPPORT,iG,RNG,Tangyuan,Nirvana,25.07.2024,v14.14,2,Red,0:32:37,Alistar,Win,13,1,2,17,0,1,278,14.00%,3.83,1.99,0.58,0.4,44.20%,205,7.10%,90.00%,-322,17334.8,1,0,0.5,0,0,9,1,4,1,1,1,1,1,0,0,0,6,4,1,46.3
YSKM,TOP,iG,RNG,Juice,Nirvana,25.07.2024,v14.14,3,Blue,0:30:54,KSante,Win,15,3,2,6,8,6.1,331,16.40%,1.01,0.39,0.13,0.29,12.10%,357,14.30%,39.10%,-1147,22942.1,0,0,0,1,1,6,0,4,0,0,1,0,1,0,0,0,6,3,2,45.9
glfs,JUNGLE,iG,RNG,Geju,Nirvana,25.07.2024,v14.14,3,Blue,0:30:54,Brand,Win,16,6,4,12,177,6.5,408,20.30%,1.76,0.39,0.36,0.45,21.00%,733,29.30%,78.30%,-168,27830.4,0,0,0.667,1,1,6,0,4,0,0,1,0,1,0,0,0,6,3,2,45.9
neny,MID,iG,RNG,XZZ,Nirvana,25.07.2024,v14.14,3,Blue,0:30:54,Yone,Win,17,7,1,7,2,9,471,23.40%,0.94,0.32,0.23,0.16,11.30%,542,21.70%,60.90%,226,21146.4,0,0,0.5,1,1,6,0,4,0,0,1,0,1,0,0,0,6,3,2,45.9
Ahn,ADCARRY,iG,RNG,huanfeng,Nirvana,25.07.2024,v14.14,3,Blue,0:30:54,Draven,Win,17,6,1,15,9,9.8,551,27.30%,1.03,0.52,0.19,0.26,12.30%,692,27.70%,91.30%,1838,12327.6,1,1,1,1,1,6,0,4,0,0,1,0,1,0,0,0,6,3,2,45.9
Vampire,SUPPORT,iG,RNG,Tangyuan,Nirvana,25.07.2024,v14.14,3,Blue,0:30:54,Nautilus,Win,13,1,4,12,0,1.2,254,12.60%,3.61,1.78,0.65,0.65,43.30%,179,7.10%,56.50%,296,14509.3,1,0,0.667,1,1,6,0,4,0,0,1,0,1,0,0,0,6,3,2,45.9
Juice,TOP,RNG,iG,YSKM,Nirvana,25.07.2024,v14.14,3,Red,0:30:54,Gnar,Loss,16,2,4,3,12,8.3,391,21.90%,1.12,0.26,0.16,0.29,13.50%,470,20.30%,41.70%,1147,25085,0,0,0.2,0,0,5,1,1,0,6,0,1,1,0,0,0,6,1,2,54.1
Geju,JUNGLE,RNG,iG,glfs,Nirvana,25.07.2024,v14.14,3,Red,0:30:54,Zyra,Loss,15,1,4,7,193,7.1,353,19.80%,2,0.87,0.23,0.32,24.10%,469,20.30%,66.70%,168,20186,0,0,0.6,0,0,5,1,1,0,6,0,1,1,0,0,0,6,1,2,54.1
XZZ,MID,RNG,iG,neny,Nirvana,25.07.2024,v14.14,3,Red,0:30:54,Corki,Loss,16,5,4,5,19,8.3,417,23.40%,1.38,0.39,0.1,0.42,16.60%,560,24.20%,83.30%,-226,18373,0,0,0.6,0,0,5,1,1,0,6,0,1,1,0,0,0,6,1,2,54.1
huanfeng,ADCARRY,RNG,iG,Ahn,Nirvana,25.07.2024,v14.14,3,Red,0:30:54,Ezreal,Loss,15,4,3,5,7,7.8,393,22.00%,1,0.42,0.19,0.19,12.10%,690,29.80%,75.00%,-1838,16281,0,0,0.6,0,0,5,1,1,0,6,0,1,1,0,0,0,6,1,2,54.1
Tangyuan,SUPPORT,RNG,iG,Vampire,Nirvana,25.07.2024,v14.14,3,Red,0:30:54,Rell,Loss,10,0,8,9,0,0.8,229,12.90%,2.81,1.55,0.45,0.16,33.80%,124,5.30%,75.00%,-296,20592,0,0,0.8,0,0,5,1,1,0,6,0,1,1,0,0,0,6,1,2,54.1
Breathe,TOP,WBG,LGD,Burdol,Ascend,25.07.2024,v14.14,1,Blue,0:28:08,Rumble,Win,16,1,1,9,8,8.4,383,18.80%,1.44,0.57,0.21,0.21,14.30%,627,23.60%,52.60%,504,10345.2,0,0,0,1,1,7,1,2,0,3,1,1,1,1,1,0,4,4,0,47.9
Tarzan,JUNGLE,WBG,LGD,Meteor,Ascend,25.07.2024,v14.14,1,Blue,0:28:08,Sejuani,Win,14,6,2,9,140,5.4,371,18.30%,1.9,0.64,0.46,0.32,19.00%,393,14.80%,78.90%,139,34548.6,0,0,0.8,1,1,7,1,2,0,3,1,1,1,1,1,0,4,4,0,47.9
xiaohu,MID,WBG,LGD,Haichao,Ascend,25.07.2024,v14.14,1,Blue,0:28:08,Tristana,Win,16,1,1,6,26,10.4,424,20.90%,1.92,0.6,0.25,0.43,19.10%,543,20.40%,36.80%,299,18995.8,0,0,0,1,1,7,1,2,0,3,1,1,1,1,1,0,4,4,0,47.9
Light,ADCARRY,WBG,LGD,Shaoye,Ascend,25.07.2024,v14.14,1,Blue,0:28:08,Ezreal,Win,16,9,0,8,8,11.2,575,28.30%,1.3,0.46,0.14,0.39,13.00%,952,35.80%,89.50%,2552,12127.7,1,0,1,1,1,7,1,2,0,3,1,1,1,1,1,0,4,4,0,47.9
Crisp,SUPPORT,WBG,LGD,jinjiao,Ascend,25.07.2024,v14.14,1,Blue,0:28:08,Leona,Win,11,2,1,13,0,0.8,279,13.70%,3.47,1.74,0.57,0.43,34.60%,147,5.50%,78.90%,906,13208.4,1,1,1,1,1,7,1,2,0,3,1,1,1,1,1,0,4,4,0,47.9
Burdol,TOP,LGD,WBG,Breathe,Ascend,25.07.2024,v14.14,1,Red,0:28:08,KSante,Loss,15,0,2,2,0,7.3,299,19.40%,1.21,0.36,0.21,0.21,14.60%,270,13.20%,40.00%,-504,26825.3,0,0,\,0,0,0,0,2,0,3,0,0,0,1,0,0,4,0,0,52.1
Meteor,JUNGLE,LGD,WBG,Tarzan,Ascend,25.07.2024,v14.14,1,Red,0:28:08,Brand,Loss,14,2,3,1,190,8.1,350,22.60%,1.63,0.25,0.18,0.53,19.70%,851,41.60%,60.00%,-139,19601.5,0,0,\,0,0,0,0,2,0,3,0,0,0,1,0,0,4,0,0,52.1
Haichao,MID,LGD,WBG,xiaohu,Ascend,25.07.2024,v14.14,1,Red,0:28:08,Corki,Loss,15,1,3,4,8,9.4,367,23.70%,0.87,0.43,0.11,0.18,10.50%,550,26.90%,100.00%,-299,15417.7,0,0,\,0,0,0,0,2,0,3,0,0,0,1,0,0,4,0,0,52.1
Shaoye,ADCARRY,LGD,WBG,Light,Ascend,25.07.2024,v14.14,1,Red,0:28:08,Ashe,Loss,13,0,6,3,0,7.2,299,19.30%,1.48,0.53,0.25,0.21,18.00%,250,12.20%,60.00%,-2552,15744.1,0,0,\,0,0,0,0,2,0,3,0,0,0,1,0,0,4,0,0,52.1
jinjiao,SUPPORT,LGD,WBG,Crisp,Ascend,25.07.2024,v14.14,1,Red,0:28:08,Nautilus,Loss,10,2,5,2,0,1.2,232,15.00%,3.08,1.49,0.5,0.46,37.30%,125,6.10%,80.00%,-906,13802.9,0,0,\,0,0,0,0,2,0,3,0,0,0,1,0,0,4,0,0,52.1
Burdol,TOP,LGD,WBG,Breathe,Ascend,25.07.2024,v14.14,2,Blue,0:27:40,Gnar,Loss,15,2,3,3,0,8.5,372,21.70%,1,0.43,0.11,0.18,13.90%,594,22.10%,50.00%,-720,22336.9,0,0,0.333,0,0,1,0,1,0,5,0,0,0,2,1,0,5,0,1,50.6
Meteor,JUNGLE,LGD,WBG,Tarzan,Ascend,25.07.2024,v14.14,2,Blue,0:27:40,Brand,Loss,14,3,6,6,156,6.7,355,20.70%,1.28,0.22,0.14,0.54,17.80%,569,21.20%,90.00%,-212,26139.9,0,0,0.667,0,0,1,0,1,0,5,0,0,0,2,1,0,5,0,1,50.6
Haichao,MID,LGD,WBG,xiaohu,Ascend,25.07.2024,v14.14,2,Blue,0:27:40,Corki,Loss,15,0,3,5,0,9.1,361,21.00%,0.87,0.4,0.07,0.22,12.10%,687,25.50%,50.00%,-1033,21740.3,0,0,0.333,0,0,1,0,1,0,5,0,0,0,2,1,0,5,0,1,50.6
Shaoye,ADCARRY,LGD,WBG,Light,Ascend,25.07.2024,v14.14,2,Blue,0:27:40,Zeri,Loss,15,4,2,2,14,10.1,415,24.20%,0.85,0.43,0.11,0.33,11.80%,681,25.30%,60.00%,-339,21072.1,0,0,1,0,0,1,0,1,0,5,0,0,0,2,1,0,5,0,1,50.6
jinjiao,SUPPORT,LGD,WBG,Crisp,Ascend,25.07.2024,v14.14,2,Blue,0:27:40,Leona,Loss,11,1,8,4,0,0.9,214,12.50%,3.18,1.7,0.51,0.33,44.30%,160,6.00%,50.00%,148,20917.5,0,0,0.333,0,0,1,0,1,0,5,0,0,0,2,1,0,5,0,1,50.6
Breathe,TOP,WBG,LGD,Burdol,Ascend,25.07.2024,v14.14,2,Red,0:27:40,Jax,Win,16,4,1,5,11,9.2,480,22.40%,0.89,0.47,0.14,0.14,10.70%,609,18.20%,40.90%,720,25715.2,1,0,0.429,1,0,10,1,2,0,1,1,1,1,2,1,0,5,4,1,49.4
Tarzan,JUNGLE,WBG,LGD,Meteor,Ascend,25.07.2024,v14.14,2,Red,0:27:40,Sejuani,Win,14,2,4,19,119,4.8,353,16.50%,1.14,0.36,0.29,0.25,13.70%,511,15.20%,95.50%,212,39694.4,1,1,1,1,0,10,1,2,0,1,1,1,1,2,1,0,5,4,1,49.4
xiaohu,MID,WBG,LGD,Haichao,Ascend,25.07.2024,v14.14,2,Red,0:27:40,Tristana,Win,17,6,2,5,24,11.2,529,24.70%,1.32,0.43,0.11,0.51,15.80%,976,29.10%,50.00%,1033,20641.3,0,0,0.143,1,0,10,1,2,0,1,1,1,1,2,1,0,5,4,1,49.4
Light,ADCARRY,WBG,LGD,Shaoye,Ascend,25.07.2024,v14.14,2,Red,0:27:40,Ezreal,Win,16,10,1,5,12,10.1,524,24.40%,0.74,0.36,0.11,0.11,8.90%,1066,31.80%,68.20%,339,16318.6,0,0,0.571,1,0,10,1,2,0,1,1,1,1,2,1,0,5,4,1,49.4
Crisp,SUPPORT,WBG,LGD,jinjiao,Ascend,25.07.2024,v14.14,2,Red,0:27:40,Rakan,Win,12,0,2,16,0,1.2,259,12.10%,4.23,2.39,0.58,0.43,50.90%,191,5.70%,72.70%,-148,13468.4,0,0,0.571,1,0,10,1,2,0,1,1,1,1,2,1,0,5,4,1,49.4
Hery,TOP,OMG,TT,Hoya,Nirvana,26.07.2024,v14.14,1,Blue,0:31:14,KSante,Loss,16,1,3,2,0,7.8,337,20.90%,0.61,0.22,0.1,0.06,7.50%,198,8.90%,60.00%,-329,26420.9,0,0,0,1,0,3,0,1,0,2,0,0,0,0,0,0,5,0,1,38.2
Tianzhen,JUNGLE,OMG,TT,Beichuan,Nirvana,26.07.2024,v14.14,1,Blue,0:31:14,Maokai,Loss,13,0,5,4,147,5.3,280,17.40%,1.16,0.32,0.35,0.22,14.30%,597,27.00%,80.00%,-1126,42232.3,1,0,1,1,0,3,0,1,0,2,0,0,0,0,0,0,5,0,1,38.2
Angel,MID,OMG,TT,Ucal,Nirvana,26.07.2024,v14.14,1,Blue,0:31:14,Lucian,Loss,16,1,2,2,8,9.7,408,25.30%,1.04,0.48,0.19,0.35,12.80%,589,26.60%,60.00%,649,14858.3,1,0,1,1,0,3,0,1,0,2,0,0,0,0,0,0,5,0,1,38.2
Starry,ADCARRY,OMG,TT,1xn,Nirvana,26.07.2024,v14.14,1,Blue,0:31:14,Ezreal,Loss,14,3,3,0,6,8.7,380,23.60%,0.98,0.45,0.16,0.19,12.10%,728,33.00%,60.00%,22,16974.9,0,0,0,1,0,3,0,1,0,2,0,0,0,0,0,0,5,0,1,38.2
Ppgod,SUPPORT,OMG,TT,Feather,Nirvana,26.07.2024,v14.14,1,Blue,0:31:14,Rakan,Loss,11,0,3,2,0,1.2,207,12.80%,4.3,2.85,0.54,0.54,53.20%,99,4.50%,40.00%,-115,16673.2,0,0,0,1,0,3,0,1,0,2,0,0,0,0,0,0,5,0,1,38.2
Hoya,TOP,TT,OMG,Hery,Nirvana,26.07.2024,v14.14,1,Red,0:31:14,Kennen,Win,17,5,2,6,3,7.5,411,20.60%,1.38,0.48,0.29,0.19,13.30%,840,28.40%,68.80%,329,16176.1,0,0,1,0,0,9,1,3,0,4,1,1,1,0,0,0,5,4,1,61.8
Beichuan,JUNGLE,TT,OMG,Tianzhen,Nirvana,26.07.2024,v14.14,1,Red,0:31:14,Viego,Win,17,5,1,8,236,8.5,428,21.40%,1.83,0.29,0.19,0.58,17.60%,524,17.70%,81.30%,1126,38728.1,0,0,1,0,0,9,1,3,0,4,1,1,1,0,0,0,5,4,1,61.8
Ucal,MID,TT,OMG,Angel,Nirvana,26.07.2024,v14.14,1,Red,0:31:14,Zeri,Win,17,2,1,9,10,10.1,459,23.00%,1.77,0.32,0.03,0.83,17.10%,521,17.60%,68.80%,-649,17224.8,0,0,0.5,0,0,9,1,3,0,4,1,1,1,0,0,0,5,4,1,61.8
1xn,ADCARRY,TT,OMG,Starry,Nirvana,26.07.2024,v14.14,1,Red,0:31:14,Ashe,Win,16,4,0,8,12,9.6,450,22.50%,1.73,0.42,0.19,0.7,16.70%,867,29.30%,75.00%,-22,10302.2,0,1,1,0,0,9,1,3,0,4,1,1,1,0,0,0,5,4,1,61.8
Feather,SUPPORT,TT,OMG,Ppgod,Nirvana,26.07.2024,v14.14,1,Red,0:31:14,Braum,Win,12,0,1,14,0,1.2,248,12.40%,3.66,1.92,0.7,0.51,35.40%,203,6.90%,87.50%,115,20806.2,0,0,1,0,0,9,1,3,0,4,1,1,1,0,0,0,5,4,1,61.8
Hoya,TOP,TT,OMG,Hery,Nirvana,26.07.2024,v14.14,2,Blue,0:30:29,Twisted_Fate,Win,15,7,4,4,12,6.6,431,19.60%,1.36,0.56,0.2,0.3,15.50%,423,13.30%,40.70%,1895,16638.9,1,0,0.5,1,2,11,0,3,0,4,1,1,1,1,1,0,8,6,0,62.4
Beichuan,JUNGLE,TT,OMG,Tianzhen,Nirvana,26.07.2024,v14.14,2,Blue,0:30:29,Brand,Win,18,5,0,15,240,8.8,472,21.50%,1.46,0.3,0.23,0.23,16.70%,904,28.40%,74.10%,769,22401.4,1,0,0.7,1,2,11,0,3,0,4,1,1,1,1,1,0,8,6,0,62.4
Ucal,MID,TT,OMG,Angel,Nirvana,26.07.2024,v14.14,2,Blue,0:30:29,Zeri,Win,17,6,2,10,17,9.4,502,22.90%,1.56,0.33,0.13,0.56,17.70%,668,21.00%,59.30%,1636,18584.3,0,0,0.8,1,2,11,0,3,0,4,1,1,1,1,1,0,8,6,0,62.4
1xn,ADCARRY,TT,OMG,Starry,Nirvana,26.07.2024,v14.14,2,Blue,0:30:29,Ezreal,Win,16,8,3,9,6,9.4,501,22.80%,0.96,0.3,0.1,0.39,10.90%,950,29.80%,63.00%,1089,15411.6,0,0,0.6,1,2,11,0,3,0,4,1,1,1,1,1,0,8,6,0,62.4
Feather,SUPPORT,TT,OMG,Ppgod,Nirvana,26.07.2024,v14.14,2,Blue,0:30:29,Alistar,Win,13,1,2,22,0,0.9,289,13.20%,3.45,1.71,0.62,0.33,39.20%,238,7.50%,85.20%,241,17525.8,0,1,0.7,1,2,11,0,3,0,4,1,1,1,1,1,0,8,6,0,62.4
Hery,TOP,OMG,TT,Hoya,Nirvana,26.07.2024,v14.14,2,Red,0:30:29,Gnar,Loss,16,1,4,4,0,7.5,341,20.00%,0.86,0.43,0.1,0.07,11.90%,236,11.40%,45.50%,-1895,22039,0,0,0.333,0,0,1,1,1,0,2,0,0,0,1,0,0,8,2,0,37.6
Tianzhen,JUNGLE,OMG,TT,Beichuan,Nirvana,26.07.2024,v14.14,2,Red,0:30:29,Rengar,Loss,13,2,8,4,162,5.7,305,17.90%,1.28,0.36,0.33,0.33,17.80%,238,11.50%,54.50%,-769,45625.9,0,0,0.667,0,0,1,1,1,0,2,0,0,0,1,0,0,8,2,0,37.6
Angel,MID,OMG,TT,Ucal,Nirvana,26.07.2024,v14.14,2,Red,0:30:29,Hwei,Loss,16,5,4,3,0,8.5,403,23.70%,1.03,0.52,0.26,0.13,14.30%,848,41.10%,72.70%,-1636,14362.6,0,0,0.333,0,0,1,1,1,0,2,0,0,0,1,0,0,8,2,0,37.6
Starry,ADCARRY,OMG,TT,1xn,Nirvana,26.07.2024,v14.14,2,Red,0:30:29,Kaisa,Loss,16,3,5,6,4,10.7,440,25.90%,0.83,0.43,0.23,0.13,11.50%,555,26.90%,81.80%,-1089,20237.1,0,0,1,0,0,1,1,1,0,2,0,0,0,1,0,0,8,2,0,37.6
Ppgod,SUPPORT,OMG,TT,Feather,Nirvana,26.07.2024,v14.14,2,Red,0:30:29,Leona,Loss,13,0,6,7,0,1.1,213,12.50%,3.22,1.87,0.56,0.36,44.60%,189,9.20%,63.60%,-241,24725.1,0,0,1,0,0,1,1,1,0,2,0,0,0,1,0,0,8,2,0,37.6
Ale,TOP,AL,TES,369,Ascend,26.07.2024,v14.14,1,Blue,0:24:39,KSante,Loss,15,2,2,0,0,9.1,364,22.90%,0.69,0.41,0.08,0.04,9.30%,412,22.00%,50.00%,413,23117.3,0,0,0.5,0,0,2,0,0,0,2,0,0,0,2,0,0,1,0,0,39.4
Croco,JUNGLE,AL,TES,Tian,Ascend,26.07.2024,v14.14,1,Blue,0:24:39,Brand,Loss,12,0,4,2,134,5.8,294,18.50%,1.28,0.28,0.24,0.28,17.30%,363,19.40%,50.00%,-1398,20449.6,0,0,0,0,0,2,0,0,0,2,0,0,0,2,0,0,1,0,0,39.4
Shanks,MID,AL,TES,Creme,Ascend,26.07.2024,v14.14,1,Blue,0:24:39,Yone,Loss,14,1,3,0,0,8,339,21.30%,0.63,0.16,0.04,0.16,8.50%,415,22.20%,25.00%,-1057,19279.2,0,0,0,0,0,2,0,0,0,2,0,0,0,2,0,0,1,0,0,39.4
Hope,ADCARRY,AL,TES,JackeyLove,Ascend,26.07.2024,v14.14,1,Blue,0:24:39,Ziggs,Loss,14,1,2,1,0,9.7,379,23.80%,1.23,0.49,0.2,0.24,16.70%,468,25.00%,50.00%,355,7940.04,0,0,0.5,0,0,2,0,0,0,2,0,0,0,2,0,0,1,0,0,39.4
Kael,SUPPORT,AL,TES,meiko,Ascend,26.07.2024,v14.14,1,Blue,0:24:39,Maokai,Loss,10,0,1,3,0,1,216,13.60%,3.56,1.95,0.49,0.32,48.20%,215,11.50%,75.00%,57,9660.19,0,0,0.5,0,0,2,0,0,0,2,0,0,0,2,0,0,1,0,0,39.4
369,TOP,TES,AL,Ale,Ascend,26.07.2024,v14.14,1,Red,0:24:39,Mordekaiser,Win,15,2,1,2,12,8.8,396,19.30%,0.9,0.41,0.12,0.04,10.30%,525,20.70%,33.30%,-413,14581.5,0,0,0,1,0,9,1,3,0,4,1,1,1,2,2,0,1,1,0,60.6
Tian,JUNGLE,TES,AL,Croco,Ascend,26.07.2024,v14.14,1,Red,0:24:39,Lillia,Win,15,8,0,2,182,8.3,481,23.40%,2.1,0.28,0.2,0.61,24.20%,525,20.70%,83.30%,1398,29015.6,1,1,1,1,0,9,1,3,0,4,1,1,1,2,2,0,1,1,0,60.6
Creme,MID,TES,AL,Shanks,Ascend,26.07.2024,v14.14,1,Red,0:24:39,Lucian,Win,15,2,0,7,4,10.1,486,23.70%,1.36,0.53,0.2,0.16,15.70%,999,39.50%,75.00%,1057,16010.1,0,0,0.667,1,0,9,1,3,0,4,1,1,1,2,2,0,1,1,0,60.6
JackeyLove,ADCARRY,TES,AL,Hope,Ascend,26.07.2024,v14.14,1,Red,0:24:39,Miss_Fortune,Win,14,0,2,2,8,9.9,413,20.10%,0.85,0.41,0.16,0.24,9.80%,311,12.30%,16.70%,-355,10210.7,0,0,0,1,0,9,1,3,0,4,1,1,1,2,2,0,1,1,0,60.6
meiko,SUPPORT,TES,AL,Kael,Ascend,26.07.2024,v14.14,1,Red,0:24:39,Alistar,Win,11,0,1,8,0,1.5,277,13.50%,3.46,1.62,0.41,0.45,39.90%,171,6.80%,66.70%,-57,14100.3,0,0,0.667,1,0,9,1,3,0,4,1,1,1,2,2,0,1,1,0,60.6
369,TOP,TES,AL,Ale,Ascend,26.07.2024,v14.14,2,Blue,0:31:12,KSante,Win,18,2,1,7,0,8.6,443,22.50%,0.9,0.45,0.13,0.06,9.40%,675,24.80%,60.00%,1392,28070.7,1,0,0.4,1,1,9,0,3,0,6,1,1,1,0,0,0,4,2,1,49.3
Tian,JUNGLE,TES,AL,Croco,Ascend,26.07.2024,v14.14,2,Blue,0:31:12,Lillia,Win,16,7,1,5,191,6.7,409,20.70%,1.2,0.22,0.22,0.22,12.60%,591,21.70%,80.00%,752,39723.6,1,1,1,1,1,9,0,3,0,6,1,1,1,0,0,0,4,2,1,49.3
Creme,MID,TES,AL,Shanks,Ascend,26.07.2024,v14.14,2,Blue,0:31:12,Tristana,Win,16,4,2,4,20,8.8,438,22.20%,1.44,0.35,0.1,0.38,15.00%,725,26.60%,53.30%,-432,21733.3,0,0,0.6,1,1,9,0,3,0,6,1,1,1,0,0,0,4,2,1,49.3
JackeyLove,ADCARRY,TES,AL,Hope,Ascend,26.07.2024,v14.14,2,Blue,0:31:12,Ashe,Win,16,2,2,9,0,9.9,428,21.70%,1.56,0.35,0.13,0.51,16.30%,605,22.20%,73.30%,82,16251,0,0,0.6,1,1,9,0,3,0,6,1,1,1,0,0,0,4,2,1,49.3
meiko,SUPPORT,TES,AL,Kael,Ascend,26.07.2024,v14.14,2,Blue,0:31:12,Rakan,Win,12,0,3,13,0,1,256,12.90%,4.48,2.6,0.54,0.38,46.80%,124,4.60%,86.70%,231,17261,0,0,0.8,1,1,9,0,3,0,6,1,1,1,0,0,0,4,2,1,49.3
Ale,TOP,AL,TES,369,Ascend,26.07.2024,v14.14,2,Red,0:31:12,Camille,Loss,17,2,5,0,17,9.1,402,22.80%,0.94,0.26,0.13,0.35,11.90%,655,23.60%,22.20%,-1392,37802.4,0,0,0,0,0,5,1,2,0,0,0,0,0,0,0,0,4,1,1,50.7
Croco,JUNGLE,AL,TES,Tian,Ascend,26.07.2024,v14.14,2,Red,0:31:12,Nidalee,Loss,14,3,3,4,187,6.9,357,20.30%,2.12,0.35,0.29,0.67,26.90%,417,15.00%,77.80%,-752,26639.6,0,0,1,0,0,5,1,2,0,0,0,0,0,0,0,0,4,1,1,50.7
Shanks,MID,AL,TES,Creme,Ascend,26.07.2024,v14.14,2,Red,0:31:12,Corki,Loss,16,2,1,4,12,9.7,408,23.20%,0.62,0.19,0.03,0.19,7.90%,702,25.30%,66.70%,432,20284,0,0,0.75,0,0,5,1,2,0,0,0,0,0,0,0,0,4,1,1,50.7
Hope,ADCARRY,AL,TES,JackeyLove,Ascend,26.07.2024,v14.14,2,Red,0:31:12,Ezreal,Loss,15,2,2,2,1,9.5,388,22.00%,0.79,0.38,0.1,0.32,10.10%,906,32.60%,44.40%,-82,17080,0,0,0.5,0,0,5,1,2,0,0,0,0,0,0,0,0,4,1,1,50.7
Kael,SUPPORT,AL,TES,meiko,Ascend,26.07.2024,v14.14,2,Red,0:31:12,Braum,Loss,10,0,4,5,0,0.9,205,11.70%,3.4,1.89,0.64,0.35,43.20%,99,3.50%,55.60%,-231,19096.6,0,0,0.5,0,0,5,1,2,0,0,0,0,0,0,0,0,4,1,1,50.7
Bin,TOP,BLG,NIP,shanji,Ascend,26.07.2024,v14.14,1,Blue,0:28:12,KSante,Loss,17,0,2,1,0,10.1,390,21.80%,0.83,0.35,0.11,0.14,10.70%,496,21.50%,20.00%,-77,23775.8,0,0,\,0,0,3,0,1,0,4,0,0,1,0,0,0,3,1,0,38.5
Wei,JUNGLE,BLG,NIP,Aki,Ascend,26.07.2024,v14.14,1,Blue,0:28:12,Karthus,Loss,14,0,3,2,142,6.1,345,19.30%,2.33,1.03,0.28,0.5,30.00%,595,25.80%,40.00%,-171,23687,0,0,\,0,0,3,0,1,0,4,0,0,1,0,0,0,3,1,0,38.5
Knight,MID,BLG,NIP,RooKie,Ascend,26.07.2024,v14.14,1,Blue,0:28:12,Tristana,Loss,16,4,3,0,0,8.4,440,24.60%,0.94,0.39,0.07,0.18,12.10%,503,21.80%,80.00%,-1163,19355.7,0,0,\,0,0,3,0,1,0,4,0,0,1,0,0,0,3,1,0,38.5
Elk,ADCARRY,BLG,NIP,Photic,Ascend,26.07.2024,v14.14,1,Blue,0:28:12,Ezreal,Loss,14,1,3,1,1,8.3,386,21.60%,0.57,0.21,0.07,0.14,7.30%,606,26.30%,40.00%,-751,20181.1,0,0,\,0,0,3,0,1,0,4,0,0,1,0,0,0,3,1,0,38.5
ON,SUPPORT,BLG,NIP,Zhuo,Ascend,26.07.2024,v14.14,1,Blue,0:28:12,Leona,Loss,12,0,2,0,0,1.3,226,12.60%,3.11,1.49,0.43,0.39,39.90%,104,4.50%,0.00%,-236,19859.8,0,0,\,0,0,3,0,1,0,4,0,0,1,0,0,0,3,1,0,38.5
shanji,TOP,NIP,BLG,Bin,Ascend,26.07.2024,v14.14,1,Red,0:28:12,Renekton,Win,17,2,1,0,30,10.4,412,20.30%,0.9,0.25,0.11,0.18,10.70%,613,21.30%,15.40%,77,30942.3,0,0,0,1,1,11,1,3,0,2,1,1,1,0,0,0,3,2,0,61.5
Aki,JUNGLE,NIP,BLG,Wei,Ascend,26.07.2024,v14.14,1,Red,0:28:12,Brand,Win,15,2,1,6,177,6.9,399,19.60%,1.82,0.6,0.21,0.46,21.80%,491,17.00%,61.50%,171,24562.9,0,0,0.333,1,1,11,1,3,0,2,1,1,1,0,0,0,3,2,0,61.5
RooKie,MID,NIP,BLG,Knight,Ascend,26.07.2024,v14.14,1,Red,0:28:12,Lucian,Win,16,1,1,5,18,10.5,485,23.90%,1.52,0.57,0.28,0.32,18.20%,717,24.90%,46.20%,1163,21237.9,0,0,0.667,1,1,11,1,3,0,2,1,1,1,0,0,0,3,2,0,61.5
Photic,ADCARRY,NIP,BLG,Elk,Ascend,26.07.2024,v14.14,1,Red,0:28:12,Ziggs,Win,16,8,1,1,3,9.5,473,23.30%,0.66,0.43,0.04,0.14,7.90%,839,29.10%,69.20%,751,12289,1,1,0.667,1,1,11,1,3,0,2,1,1,1,0,0,0,3,2,0,61.5
Zhuo,SUPPORT,NIP,BLG,ON,Ascend,26.07.2024,v14.14,1,Red,0:28:12,Maokai,Win,11,0,1,7,0,1.1,264,13.00%,3.46,1.56,0.43,0.53,41.30%,221,7.70%,53.80%,236,14219.2,1,0,0.667,1,1,11,1,3,0,2,1,1,1,0,0,0,3,2,0,61.5
shanji,TOP,NIP,BLG,Bin,Ascend,26.07.2024,v14.14,2,Blue,0:35:30,KSante,Loss,16,2,5,2,0,7,310,18.90%,0.76,0.23,0.17,0.2,10.00%,369,13.80%,50.00%,-1430,34415.3,0,0,0.4,0,0,3,1,3,0,3,1,0,0,0,0,0,5,1,1,49.6
Aki,JUNGLE,NIP,BLG,Wei,Ascend,26.07.2024,v14.14,2,Blue,0:35:30,Maokai,Loss,15,1,2,6,181,5.5,295,18.00%,0.84,0.17,0.11,0.23,11.10%,665,25.00%,87.50%,-788,44208.3,0,0,0.8,0,0,3,1,3,0,3,1,0,0,0,0,0,5,1,1,49.6
RooKie,MID,NIP,BLG,Knight,Ascend,26.07.2024,v14.14,2,Blue,0:35:30,Yone,Loss,18,2,4,4,26,9.7,414,25.20%,1.06,0.45,0.11,0.2,14.00%,532,20.00%,75.00%,-287,29042.7,0,0,0.6,0,0,3,1,3,0,3,1,0,0,0,0,0,5,1,1,49.6
Photic,ADCARRY,NIP,BLG,Elk,Ascend,26.07.2024,v14.14,2,Blue,0:35:30,Ashe,Loss,16,2,2,5,19,9.6,403,24.50%,1.43,0.28,0.08,0.48,18.80%,788,29.60%,87.50%,1235,22038.5,0,0,0.8,0,0,3,1,3,0,3,1,0,0,0,0,0,5,1,1,49.6
Zhuo,SUPPORT,NIP,BLG,ON,Ascend,26.07.2024,v14.14,2,Blue,0:35:30,Braum,Loss,13,1,3,4,0,0.8,221,13.40%,3.51,1.77,0.59,0.48,46.20%,311,11.70%,62.50%,-1082,32891.1,0,0,0.4,0,0,3,1,3,0,3,1,0,0,0,0,0,5,1,1,49.6
Bin,TOP,BLG,NIP,shanji,Ascend,26.07.2024,v14.14,2,Red,0:35:30,Renekton,Win,17,5,2,6,22,8.5,422,22.00%,0.88,0.31,0.14,0.08,9.80%,505,14.30%,68.80%,1430,33148,1,0,0.5,1,1,10,0,2,0,3,0,1,1,0,0,0,5,3,1,50.4
Wei,JUNGLE,BLG,NIP,Aki,Ascend,26.07.2024,v14.14,2,Red,0:35:30,Zyra,Win,16,4,3,10,200,6.3,399,20.80%,2.23,0.87,0.28,0.25,24.80%,954,27.10%,87.50%,788,22531.7,1,0,0.75,1,1,10,0,2,0,3,0,1,1,0,0,0,5,3,1,50.4
Knight,MID,BLG,NIP,RooKie,Ascend,26.07.2024,v14.14,2,Red,0:35:30,Corki,Win,18,4,1,7,4,9.5,432,22.50%,1.33,0.37,0.08,0.45,14.80%,952,27.00%,68.80%,287,16994.6,0,0,0.25,1,1,10,0,2,0,3,0,1,1,0,0,0,5,3,1,50.4
Elk,ADCARRY,BLG,NIP,Photic,Ascend,26.07.2024,v14.14,2,Red,0:35:30,Senna,Win,14,2,1,11,0,1.5,321,16.70%,3.62,1.46,0.28,0.65,40.40%,729,20.70%,81.30%,-1235,14317.6,0,0,0.25,1,1,10,0,2,0,3,0,1,1,0,0,0,5,3,1,50.4
ON,SUPPORT,BLG,NIP,Zhuo,Ascend,26.07.2024,v14.14,2,Red,0:35:30,Ornn,Win,16,1,1,11,4,6.3,344,17.90%,0.92,0.25,0.08,0.25,10.20%,387,11.00%,75.00%,1082,38650.7,0,1,0.25,1,1,10,0,2,0,3,0,1,1,0,0,0,5,3,1,50.4
Bin,TOP,BLG,NIP,shanji,Ascend,26.07.2024,v14.14,3,Blue,0:36:09,Renekton,Win,18,6,3,3,27,9.3,472,23.80%,1.27,0.36,0.22,0.25,13.30%,583,22.00%,45.00%,1066,37974.1,0,0,0,1,0,9,0,3,0,6,1,1,2,2,1,0,6,4,0,52.5
Wei,JUNGLE,BLG,NIP,Aki,Ascend,26.07.2024,v14.14,3,Blue,0:36:09,Sejuani,Win,16,1,2,11,177,5.7,335,16.90%,1.81,0.44,0.39,0.44,19.00%,422,15.90%,60.00%,-311,48802.9,0,1,1,1,0,9,0,3,0,6,1,1,2,2,1,0,6,4,0,52.5
Knight,MID,BLG,NIP,RooKie,Ascend,26.07.2024,v14.14,3,Blue,0:36:09,Yone,Win,18,5,2,7,17,9.2,459,23.20%,1.61,0.22,0.14,0.58,16.90%,618,23.30%,60.00%,669,30133.6,0,0,1,1,0,9,0,3,0,6,1,1,2,2,1,0,6,4,0,52.5
Elk,ADCARRY,BLG,NIP,Photic,Ascend,26.07.2024,v14.14,3,Blue,0:36:09,Kaisa,Win,18,8,2,7,37,8.6,453,22.80%,1.22,0.47,0.17,0.58,12.80%,883,33.30%,75.00%,-1074,24781.4,0,0,0,1,0,9,0,3,0,6,1,1,2,2,1,0,6,4,0,52.5
ON,SUPPORT,BLG,NIP,Zhuo,Ascend,26.07.2024,v14.14,3,Blue,0:36:09,Alistar,Win,14,0,3,16,0,0.9,263,13.30%,3.62,2.19,0.66,0.41,38.00%,144,5.40%,80.00%,-904,25827.2,0,0,1,1,0,9,0,3,0,6,1,1,2,2,1,0,6,4,0,52.5
shanji,TOP,NIP,BLG,Bin,Ascend,26.07.2024,v14.14,3,Red,0:36:09,KSante,Loss,17,2,2,4,1,7.4,339,19.20%,0.88,0.39,0.19,0.06,9.10%,501,14.50%,50.00%,-1066,26978,0,0,0,0,0,5,1,3,0,0,0,0,0,2,1,0,6,2,0,47.5
Aki,JUNGLE,NIP,BLG,Wei,Ascend,26.07.2024,v14.14,3,Red,0:36:09,Zyra,Loss,16,2,4,9,199,6.4,340,19.30%,1.91,0.91,0.22,0.33,19.60%,656,19.00%,91.70%,311,21342.3,1,0,0.75,0,0,5,1,3,0,0,0,0,0,2,1,0,6,2,0,47.5
RooKie,MID,NIP,BLG,Knight,Ascend,26.07.2024,v14.14,3,Red,0:36:09,Corki,Loss,17,5,5,4,15,8.8,438,24.90%,1.23,0.5,0.28,0.36,12.60%,918,26.60%,75.00%,-669,19488.6,0,0,0.5,0,0,5,1,3,0,0,0,0,0,2,1,0,6,2,0,47.5
Photic,ADCARRY,NIP,BLG,Elk,Ascend,26.07.2024,v14.14,3,Red,0:36:09,Ezreal,Loss,17,2,4,9,18,8.9,408,23.10%,1.22,0.41,0.06,0.41,12.60%,1134,32.90%,91.70%,1074,21395.7,1,0,1,0,0,5,1,3,0,0,0,0,0,2,1,0,6,2,0,47.5
Zhuo,SUPPORT,NIP,BLG,ON,Ascend,26.07.2024,v14.14,3,Red,0:36:09,Leona,Loss,11,1,5,7,0,1.1,238,13.50%,4.49,2.3,0.72,0.72,46.10%,237,6.90%,66.70%,904,29564.4,1,0,1,0,0,5,1,3,0,0,0,0,0,2,1,0,6,2,0,47.5
Burdol,TOP,LGD,LNG,Zika,Ascend,27.07.2024,v14.14,1,Blue,0:32:40,Gnar,Win,18,6,4,7,4,7.6,444,22.00%,1.5,0.49,0.34,0.49,17.40%,546,24.10%,61.90%,-586,28442.5,0,0,0.8,0,0,7,0,1,0,3,0,1,2,1,0,1,4,3,0,52.6
Meteor,JUNGLE,LGD,LNG,WeiWei,Ascend,27.07.2024,v14.14,1,Blue,0:32:40,Lillia,Win,18,4,2,9,230,8,426,21.20%,1.27,0.24,0.18,0.28,14.70%,607,26.90%,61.90%,340,31462.2,0,0,0.4,0,0,7,0,1,0,3,0,1,2,1,0,1,4,3,0,52.6
Haichao,MID,LGD,LNG,Scout,Ascend,27.07.2024,v14.14,1,Blue,0:32:40,Tristana,Win,18,9,2,3,12,9.6,500,24.80%,1.27,0.52,0.15,0.31,14.60%,570,25.20%,57.10%,-925,20142.3,0,1,0.4,0,0,7,0,1,0,3,0,1,2,1,0,1,4,3,0,52.6
Shaoye,ADCARRY,LGD,LNG,GALA,Ascend,27.07.2024,v14.14,1,Blue,0:32:40,Kaisa,Win,17,1,3,9,0,8.6,388,19.30%,1.19,0.52,0.18,0.24,13.80%,443,19.60%,47.60%,-1740,17322,0,0,0.2,0,0,7,0,1,0,3,0,1,2,1,0,1,4,3,0,52.6
jinjiao,SUPPORT,LGD,LNG,Hang,Ascend,27.07.2024,v14.14,1,Blue,0:32:40,Leona,Win,13,1,4,9,0,1.1,256,12.70%,3.42,1.44,0.43,0.52,39.50%,95,4.20%,47.60%,-33,16847.7,0,0,0.6,0,0,7,0,1,0,3,0,1,2,1,0,1,4,3,0,52.6
Zika,TOP,LNG,LGD,Burdol,Ascend,27.07.2024,v14.14,1,Red,0:32:40,Rumble,Loss,16,5,4,4,8,8,391,22.10%,1.28,0.24,0.12,0.37,14.00%,616,24.80%,60.00%,586,16957,1,0,0.5,1,1,4,1,4,0,1,1,0,0,1,0,1,4,1,0,47.4
WeiWei,JUNGLE,LNG,LGD,Meteor,Ascend,27.07.2024,v14.14,1,Red,0:32:40,Sejuani,Loss,16,0,3,7,198,6.6,316,17.90%,1.59,0.46,0.43,0.34,17.40%,189,7.60%,46.70%,-340,34713,0,0,0.375,1,1,4,1,4,0,1,1,0,0,1,0,1,4,1,0,47.4
Scout,MID,LNG,LGD,Haichao,Ascend,27.07.2024,v14.14,1,Red,0:32:40,Azir,Loss,17,2,6,4,12,8.9,384,21.80%,1.45,0.49,0.24,0.28,15.90%,536,21.60%,40.00%,925,20935.3,0,0,0.625,1,1,4,1,4,0,1,1,0,0,1,0,1,4,1,0,47.4
GALA,ADCARRY,LNG,LGD,Shaoye,Ascend,27.07.2024,v14.14,1,Red,0:32:40,Ezreal,Loss,16,8,4,3,4,9.6,458,26.00%,0.93,0.34,0.12,0.24,10.20%,1062,42.80%,73.30%,1740,18244.4,0,0,0.75,1,1,4,1,4,0,1,1,0,0,1,0,1,4,1,0,47.4
Hang,SUPPORT,LNG,LGD,jinjiao,Ascend,27.07.2024,v14.14,1,Red,0:32:40,Alistar,Loss,11,0,4,7,0,1.2,215,12.20%,3.89,1.87,0.61,0.52,42.50%,77,3.10%,46.70%,33,18026.1,0,0,0.5,1,1,4,1,4,0,1,1,0,0,1,0,1,4,1,0,47.4
Zika,TOP,LNG,LGD,Burdol,Ascend,27.07.2024,v14.14,2,Blue,0:30:05,Aatrox,Win,16,8,1,8,12,7.4,442,22.10%,1.06,0.27,0.17,0.33,12.80%,475,20.00%,76.20%,-182,24473.5,1,0,0.667,1,1,8,1,2,0,2,0,1,1,1,1,0,4,3,0,48
WeiWei,JUNGLE,LNG,LGD,Meteor,Ascend,27.07.2024,v14.14,2,Blue,0:30:05,Maokai,Win,14,1,1,17,153,5.3,315,15.80%,1.35,0.4,0.3,0.13,16.30%,221,9.30%,85.70%,123,27793,1,0,1,1,1,8,1,2,0,2,0,1,1,1,1,0,4,3,0,48
Scout,MID,LNG,LGD,Haichao,Ascend,27.07.2024,v14.14,2,Blue,0:30:05,Lucian,Win,16,7,3,6,24,9,481,24.00%,0.99,0.33,0.03,0.13,11.90%,562,23.60%,61.90%,408,16952.9,0,0,0.667,1,1,8,1,2,0,2,0,1,1,1,1,0,4,3,0,48
GALA,ADCARRY,LNG,LGD,Shaoye,Ascend,27.07.2024,v14.14,2,Blue,0:30:05,Ezreal,Win,17,4,2,13,16,10.4,490,24.50%,1.05,0.3,0.07,0.4,12.70%,942,39.70%,81.00%,969,15921.4,0,0,0.667,1,1,8,1,2,0,2,0,1,1,1,1,0,4,3,0,48
Hang,SUPPORT,LNG,LGD,jinjiao,Ascend,27.07.2024,v14.14,2,Blue,0:30:05,Rell,Win,12,1,0,20,0,1.4,273,13.70%,3.83,2.09,0.53,0.5,46.30%,176,7.40%,100.00%,188,9172.47,1,1,1,1,1,8,1,2,0,2,0,1,1,1,1,0,4,3,0,48
Burdol,TOP,LGD,LNG,Zika,Ascend,27.07.2024,v14.14,2,Red,0:30:05,Rumble,Loss,14,3,5,2,6,6.2,333,19.30%,0.98,0.47,0.33,0.1,12.30%,513,27.20%,71.40%,182,16354,0,0,0.667,0,1,5,0,1,0,4,1,0,0,1,0,0,4,1,0,52
Meteor,JUNGLE,LGD,LNG,WeiWei,Ascend,27.07.2024,v14.14,2,Red,0:30:05,Lillia,Loss,15,1,3,4,206,7.7,350,20.20%,1.38,0.3,0.23,0.33,17.20%,458,24.30%,71.40%,-123,31355.3,0,0,0.333,0,1,5,0,1,0,4,1,0,0,1,0,0,4,1,0,52
Haichao,MID,LGD,LNG,Scout,Ascend,27.07.2024,v14.14,2,Red,0:30:05,Corki,Loss,15,2,3,1,10,9.3,400,23.10%,1.54,0.47,0.1,0.37,19.20%,522,27.70%,42.90%,-408,17039.3,0,0,0.333,0,1,5,0,1,0,4,1,0,0,1,0,0,4,1,0,52
Shaoye,ADCARRY,LGD,LNG,GALA,Ascend,27.07.2024,v14.14,2,Red,0:30:05,Draven,Loss,14,1,3,1,0,9.1,428,24.70%,1.09,0.4,0.13,0.27,13.60%,279,14.80%,28.60%,-969,12718.7,0,0,0.333,0,1,5,0,1,0,4,1,0,0,1,0,0,4,1,0,52
jinjiao,SUPPORT,LGD,LNG,Hang,Ascend,27.07.2024,v14.14,2,Red,0:30:05,Nautilus,Loss,10,0,7,4,0,0.8,219,12.70%,3.03,1.43,0.5,0.33,37.70%,115,6.10%,57.10%,-188,16512.1,0,0,0.667,0,1,5,0,1,0,4,1,0,0,1,0,0,4,1,0,52
Burdol,TOP,LGD,LNG,Zika,Ascend,27.07.2024,v14.14,3,Blue,0:30:02,Rumble,Loss,15,1,3,0,1,7.9,345,20.60%,0.86,0.33,0.27,0.1,11.10%,379,19.70%,20.00%,401,13181.7,0,0,0,0,1,3,0,0,0,6,1,0,0,0,0,0,4,1,0,55.8
Meteor,JUNGLE,LGD,LNG,WeiWei,Ascend,27.07.2024,v14.14,3,Blue,0:30:02,Lillia,Loss,16,0,2,5,233,8.6,360,21.50%,1.31,0.17,0.13,0.33,17.10%,590,30.70%,100.00%,1241,35437.4,1,0,1,0,1,3,0,0,0,6,1,0,0,0,0,0,4,1,0,55.8
Haichao,MID,LGD,LNG,Scout,Ascend,27.07.2024,v14.14,3,Blue,0:30:02,Zeri,Loss,16,0,2,4,3,9.9,385,22.90%,1.1,0.5,0.13,0.2,14.40%,371,19.30%,80.00%,353,12289.1,1,0,1,0,1,3,0,0,0,6,1,0,0,0,0,0,4,1,0,55.8
Shaoye,ADCARRY,LGD,LNG,GALA,Ascend,27.07.2024,v14.14,3,Blue,0:30:02,Jhin,Loss,13,3,2,1,0,7.4,362,21.50%,0.87,0.47,0.2,0.07,11.40%,498,25.90%,80.00%,7,14925.8,1,0,1,0,1,3,0,0,0,6,1,0,0,0,0,0,4,1,0,55.8
jinjiao,SUPPORT,LGD,LNG,Hang,Ascend,27.07.2024,v14.14,3,Blue,0:30:02,Leona,Loss,11,1,4,2,4,1.4,227,13.50%,3.54,1.43,0.53,0.63,46.10%,85,4.40%,60.00%,191,17183,1,0,0.667,0,1,3,0,0,0,6,1,0,0,0,0,0,4,1,0,55.8
Zika,TOP,LNG,LGD,Burdol,Ascend,27.07.2024,v14.14,3,Red,0:30:02,KSante,Win,16,3,0,7,5,7,389,20.20%,0.74,0.33,0.1,0.1,9.40%,280,13.30%,76.90%,-401,23912.8,0,0,0,1,1,9,1,4,0,0,0,1,1,0,0,0,4,3,0,44.2
WeiWei,JUNGLE,LNG,LGD,Meteor,Ascend,27.07.2024,v14.14,3,Red,0:30:02,Maokai,Win,14,1,1,9,150,5.5,319,16.50%,1.69,0.43,0.33,0.47,21.40%,200,9.50%,76.90%,-1241,26529.3,0,1,1,1,1,9,1,4,0,0,0,1,1,0,0,0,4,3,0,44.2
Scout,MID,LNG,LGD,Haichao,Ascend,27.07.2024,v14.14,3,Red,0:30:02,Azir,Win,18,3,1,5,24,10.1,473,24.50%,1.04,0.43,0.13,0.23,13.20%,626,29.80%,61.50%,-353,17785.2,0,0,0,1,1,9,1,4,0,0,0,1,1,0,0,0,4,3,0,44.2
GALA,ADCARRY,LNG,LGD,Shaoye,Ascend,27.07.2024,v14.14,3,Red,0:30:02,Ashe,Win,16,6,2,4,10,11,497,25.70%,1.02,0.2,0.07,0.27,13.00%,804,38.30%,76.90%,-7,12410.3,0,0,1,1,1,9,1,4,0,0,0,1,1,0,0,0,4,3,0,44.2
Hang,SUPPORT,LNG,LGD,jinjiao,Ascend,27.07.2024,v14.14,3,Red,0:30:02,Braum,Win,13,0,1,11,2,1,254,13.10%,3.37,1.6,0.33,0.4,42.90%,191,9.10%,84.60%,-191,13509.3,0,0,1,1,1,9,1,4,0,0,0,1,1,0,0,0,4,3,0,44.2
Solokill,TOP,EDG,UP,Qingtian,Nirvana,27.07.2024,v14.14,1,Blue,0:29:19,Renekton,Win,16,1,1,4,4,6.9,348,17.10%,0.96,0.41,0.24,0.14,9.40%,355,16.80%,50.00%,-622,21748.1,0,0,0,1,1,11,0,3,0,3,1,1,2,2,1,0,2,1,1,55
Jiejie,JUNGLE,EDG,UP,H4cker,Nirvana,27.07.2024,v14.14,1,Blue,0:29:19,Brand,Win,16,2,0,5,194,7.4,406,19.90%,2.92,1.02,0.2,0.51,28.40%,401,18.90%,70.00%,400,18621.5,0,0,0.5,1,1,11,0,3,0,3,1,1,2,2,1,0,2,1,1,55
Cryin,MID,EDG,UP,Yuekai,Nirvana,27.07.2024,v14.14,1,Blue,0:29:19,Corki,Win,17,3,0,3,42,11.5,557,27.40%,2.02,0.44,0.17,0.58,19.70%,752,35.50%,60.00%,1069,12082.2,0,1,0,1,1,11,0,3,0,3,1,1,2,2,1,0,2,1,1,55
Leave,ADCARRY,EDG,UP,Doggo,Nirvana,27.07.2024,v14.14,1,Blue,0:29:19,Ezreal,Win,16,3,1,2,8,9.3,451,22.20%,0.95,0.31,0.1,0.27,9.20%,492,23.20%,50.00%,-891,8826.12,0,0,0,1,1,11,0,3,0,3,1,1,2,2,1,0,2,1,1,55
Wink,SUPPORT,EDG,UP,Niket,Nirvana,27.07.2024,v14.14,1,Blue,0:29:19,Nautilus,Win,12,1,2,5,1,1.3,274,13.50%,3.41,1.71,0.55,0.41,33.30%,117,5.50%,60.00%,252,8276.25,0,0,1,1,1,11,0,3,0,3,1,1,2,2,1,0,2,1,1,55
Qingtian,TOP,UP,EDG,Solokill,Nirvana,27.07.2024,v14.14,1,Red,0:29:19,KSante,Loss,14,1,4,0,0,6.8,292,16.80%,0.79,0.24,0.1,0.24,11.10%,201,15.80%,25.00%,622,21860.1,1,0,0.333,0,1,2,1,2,0,3,0,0,0,2,1,0,2,0,1,45
H4cker,JUNGLE,UP,EDG,Jiejie,Nirvana,27.07.2024,v14.14,1,Red,0:29:19,Karthus,Loss,14,0,3,2,185,8,331,19.10%,1.12,0.27,0.2,0.41,15.80%,336,26.50%,50.00%,-400,28507.7,0,0,0.667,0,1,2,1,2,0,3,0,0,0,2,1,0,2,0,1,45
Yuekai,MID,UP,EDG,Cryin,Nirvana,27.07.2024,v14.14,1,Red,0:29:19,Tristana,Loss,15,1,1,1,12,8.8,389,22.40%,0.91,0.48,0.17,0.2,12.90%,414,32.60%,50.00%,-1069,18956.5,0,0,0.333,0,1,2,1,2,0,3,0,0,0,2,1,0,2,0,1,45
Doggo,ADCARRY,UP,EDG,Leave,Nirvana,27.07.2024,v14.14,1,Red,0:29:19,Draven,Loss,15,2,1,0,7,10.7,509,29.30%,1.29,0.41,0.14,0.51,18.20%,270,21.30%,50.00%,891,11924.5,0,0,0.333,0,1,2,1,2,0,3,0,0,0,2,1,0,2,0,1,45
Niket,SUPPORT,UP,EDG,Wink,Nirvana,27.07.2024,v14.14,1,Red,0:29:19,Rell,Loss,11,0,1,3,0,1.4,214,12.30%,2.97,1.84,0.38,0.48,41.90%,49,3.90%,75.00%,-252,15875.9,0,0,0.667,0,1,2,1,2,0,3,0,0,0,2,1,0,2,0,1,45
Qingtian,TOP,UP,EDG,Solokill,Nirvana,27.07.2024,v14.14,2,Blue,0:34:56,Gnar,Loss,18,0,3,1,12,9.4,434,22.70%,0.95,0.37,0.09,0.06,10.30%,531,20.00%,10.00%,2233,28318.5,0,0,0,1,4,5,0,1,0,6,0,0,0,1,0,1,5,1,0,48.4
H4cker,JUNGLE,UP,EDG,Jiejie,Nirvana,27.07.2024,v14.14,2,Blue,0:34:56,Zyra,Loss,15,3,5,5,185,6.8,350,18.30%,2.72,1.15,0.29,0.63,29.40%,695,26.20%,80.00%,430,28246.2,1,0,1,1,4,5,0,1,0,6,0,0,0,1,0,1,5,1,0,48.4
Yuekai,MID,UP,EDG,Cryin,Nirvana,27.07.2024,v14.14,2,Blue,0:34:56,Zeri,Loss,18,2,0,5,28,10,444,23.20%,1.39,0.46,0.11,0.43,15.00%,775,29.20%,70.00%,1368,23067.4,0,0,0,1,4,5,0,1,0,6,0,0,0,1,0,1,5,1,0,48.4
Doggo,ADCARRY,UP,EDG,Leave,Nirvana,27.07.2024,v14.14,2,Blue,0:34:56,Draven,Loss,16,5,3,4,9,8.6,476,24.90%,1.05,0.46,0.31,0.37,11.30%,551,20.80%,90.00%,1557,20220.3,1,0,1,1,4,5,0,1,0,6,0,0,0,1,0,1,5,1,0,48.4
Niket,SUPPORT,UP,EDG,Wink,Nirvana,27.07.2024,v14.14,2,Blue,0:34:56,Nautilus,Loss,12,0,5,5,0,1.1,208,10.90%,3.15,1.72,0.49,0.26,34.00%,100,3.80%,50.00%,50,28754.4,1,0,1,1,4,5,0,1,0,6,0,0,0,1,0,1,5,1,0,48.4
Solokill,TOP,EDG,UP,Qingtian,Nirvana,27.07.2024,v14.14,2,Red,0:34:56,KSante,Win,18,1,2,3,0,8,376,18.40%,0.93,0.29,0.17,0.11,10.40%,217,7.10%,25.00%,-2233,32254.9,0,0,0,0,0,11,1,4,0,0,1,1,2,1,0,1,5,4,0,51.6
Jiejie,JUNGLE,EDG,UP,H4cker,Nirvana,27.07.2024,v14.14,2,Red,0:34:56,Nidalee,Win,17,4,0,6,214,7.5,397,19.40%,1.98,0.23,0.17,0.92,22.30%,666,21.80%,62.50%,-430,33085,0,1,0.5,0,0,11,1,4,0,0,1,1,2,1,0,1,5,4,0,51.6
Cryin,MID,EDG,UP,Yuekai,Nirvana,27.07.2024,v14.14,2,Red,0:34:56,Corki,Win,18,5,2,4,12,9.6,478,23.40%,0.85,0.31,0.06,0.29,9.50%,864,28.30%,56.30%,-1368,25153.5,0,0,0,0,0,11,1,4,0,0,1,1,2,1,0,1,5,4,0,51.6
Leave,ADCARRY,EDG,UP,Doggo,Nirvana,27.07.2024,v14.14,2,Red,0:34:56,Smolder,Win,18,4,3,11,23,9.9,509,24.90%,1.49,0.43,0.11,0.37,16.80%,1112,36.40%,93.80%,-1557,19210.9,0,0,1,0,0,11,1,4,0,0,1,1,2,1,0,1,5,4,0,51.6
Wink,SUPPORT,EDG,UP,Niket,Nirvana,27.07.2024,v14.14,2,Red,0:34:56,Leona,Win,14,2,3,13,0,1.5,283,13.80%,3.66,1.77,0.6,0.83,41.10%,199,6.50%,93.80%,-50,26464.7,0,0,1,0,0,11,1,4,0,0,1,1,2,1,0,1,5,4,0,51.6
Zdz,TOP,FPX,TES,369,Ascend,27.07.2024,v14.14,1,Blue,0:33:43,Rumble,Loss,17,4,3,7,21,8.9,402,23.20%,0.97,0.24,0.15,0.33,11.60%,782,36.80%,84.60%,1495,19843.7,0,0,0.667,0,0,3,0,1,0,6,1,0,0,0,0,0,5,2,0,46.8
milkyway,JUNGLE,FPX,TES,Tian,Ascend,27.07.2024,v14.14,1,Blue,0:33:43,Sejuani,Loss,15,3,3,7,181,5.7,324,18.80%,1.32,0.36,0.36,0.33,15.70%,201,9.40%,76.90%,-509,34970.7,0,0,0.333,0,0,3,0,1,0,6,1,0,0,0,0,0,5,2,0,46.8
Care,MID,FPX,TES,Creme,Ascend,27.07.2024,v14.14,1,Blue,0:33:43,Zeri,Loss,17,1,3,8,5,9.3,409,23.60%,1.94,0.5,0.18,0.68,23.10%,418,19.70%,69.20%,-541,20575.5,0,0,1,0,0,3,0,1,0,6,1,0,0,0,0,0,5,2,0,46.8
deokdam,ADCARRY,FPX,TES,JackeyLove,Ascend,27.07.2024,v14.14,1,Blue,0:33:43,Jhin,Loss,15,4,3,5,9,8.2,372,21.50%,0.93,0.3,0.06,0.21,11.10%,584,27.50%,69.20%,-1895,18954.7,0,0,0.333,0,0,3,0,1,0,6,1,0,0,0,0,0,5,2,0,46.8
Life,SUPPORT,FPX,TES,meiko,Ascend,27.07.2024,v14.14,1,Blue,0:33:43,Leona,Loss,12,1,6,10,0,0.9,222,12.80%,3.22,1.69,0.33,0.36,38.50%,142,6.70%,84.60%,-829,20660.5,0,0,1,0,0,3,0,1,0,6,1,0,0,0,0,0,5,2,0,46.8
369,TOP,TES,FPX,Zdz,Ascend,27.07.2024,v14.14,1,Red,0:33:43,KSante,Win,17,3,2,6,4,6.9,345,17.60%,0.87,0.3,0.15,0.15,9.30%,323,12.20%,50.00%,-1495,28621.9,0,0,0.2,1,1,8,1,4,0,0,0,1,1,0,0,0,5,3,0,53.2
Tian,JUNGLE,TES,FPX,milkyway,Ascend,27.07.2024,v14.14,1,Red,0:33:43,Brand,Win,16,6,2,8,222,7.2,402,20.50%,2.12,0.89,0.21,0.39,22.60%,684,25.80%,77.80%,509,27036.2,0,0,0.6,1,1,8,1,4,0,0,0,1,1,0,0,0,5,3,0,53.2
Creme,MID,TES,FPX,Care,Ascend,27.07.2024,v14.14,1,Red,0:33:43,Lucian,Win,18,1,1,7,13,9.9,440,22.50%,1.74,0.5,0.21,0.24,18.50%,556,21.00%,44.40%,541,18111.5,1,0,0.2,1,1,8,1,4,0,0,0,1,1,0,0,0,5,3,0,53.2
JackeyLove,ADCARRY,TES,FPX,deokdam,Ascend,27.07.2024,v14.14,1,Red,0:33:43,Miss_Fortune,Win,17,5,3,10,7,10.8,485,24.80%,1.64,0.39,0.09,0.42,17.50%,936,35.30%,83.30%,1895,13807,0,1,0.6,1,1,8,1,4,0,0,0,1,1,0,0,0,5,3,0,53.2
meiko,SUPPORT,TES,FPX,Life,Ascend,27.07.2024,v14.14,1,Red,0:33:43,Braum,Win,13,3,5,13,0,1,284,14.50%,3.01,1.54,0.44,0.36,32.10%,153,5.80%,88.90%,829,25043.2,0,0,0.8,1,1,8,1,4,0,0,0,1,1,0,0,0,5,3,0,53.2
369,TOP,TES,FPX,Zdz,Ascend,27.07.2024,v14.14,2,Blue,0:24:02,Ornn,Win,15,3,2,6,1,9.2,412,19.00%,1.17,0.46,0.12,0.08,15.10%,385,19.70%,50.00%,-1033,16528,0,0,0.111,1,3,9,1,2,0,2,1,1,1,2,2,0,2,2,0,51.8
Tian,JUNGLE,TES,FPX,milkyway,Ascend,27.07.2024,v14.14,2,Blue,0:24:02,Lillia,Win,14,6,1,7,153,7.4,454,21.00%,1.68,0.29,0.29,0.42,21.70%,385,19.70%,72.20%,606,24278.2,0,0,0.556,1,3,9,1,2,0,2,1,1,1,2,2,0,2,2,0,51.8
Creme,MID,TES,FPX,Care,Ascend,27.07.2024,v14.14,2,Blue,0:24:02,Corki,Win,16,2,2,5,12,10.6,479,22.10%,0.86,0.42,0.08,0.21,11.10%,491,25.10%,38.90%,563,12766.5,0,0,0.111,1,3,9,1,2,0,2,1,1,1,2,2,0,2,2,0,51.8
JackeyLove,ADCARRY,TES,FPX,deokdam,Ascend,27.07.2024,v14.14,2,Blue,0:24:02,Miss_Fortune,Win,14,5,1,7,8,9.9,490,22.60%,1.08,0.33,0.08,0.29,14.00%,521,26.60%,66.70%,3025,7795.22,0,1,0.875,1,3,9,1,2,0,2,1,1,1,2,2,0,2,2,0,51.8
meiko,SUPPORT,TES,FPX,Life,Ascend,27.07.2024,v14.14,2,Blue,0:24:02,Rell,Win,11,2,1,14,0,1,329,15.20%,2.96,1.46,0.42,0.21,38.20%,176,9.00%,88.90%,1411,9094.59,0,0,0.889,1,3,9,1,2,0,2,1,1,1,2,2,0,2,2,0,51.8
Zdz,TOP,FPX,TES,369,Ascend,27.07.2024,v14.14,2,Red,0:24:02,Renekton,Loss,14,2,1,2,4,8.6,421,23.30%,0.68,0.25,0.12,0.12,11.70%,514,30.40%,57.10%,1033,19511.7,0,0,0.667,0,2,3,0,0,0,4,0,0,0,2,0,0,2,0,0,48.2
milkyway,JUNGLE,FPX,TES,Tian,Ascend,27.07.2024,v14.14,2,Red,0:24:02,Diana,Loss,13,3,4,3,157,6.9,412,22.80%,1,0.12,0.08,0.17,17.10%,331,19.60%,85.70%,-606,17224.4,1,0,1,0,2,3,0,0,0,4,0,0,0,2,0,0,2,0,0,48.2
Care,MID,FPX,TES,Creme,Ascend,27.07.2024,v14.14,2,Red,0:24:02,Lucian,Loss,14,1,2,1,1,10,419,23.20%,1.22,0.54,0.25,0.33,20.80%,503,29.80%,28.60%,-563,10801.9,0,0,0.333,0,2,3,0,0,0,4,0,0,0,2,0,0,2,0,0,48.2
deokdam,ADCARRY,FPX,TES,JackeyLove,Ascend,27.07.2024,v14.14,2,Red,0:24:02,Kaisa,Loss,12,0,5,2,0,8.2,332,18.40%,0.82,0.33,0,0.21,14.00%,207,12.20%,28.60%,-3025,8873.41,1,0,0.333,0,2,3,0,0,0,4,0,0,0,2,0,0,2,0,0,48.2
Life,SUPPORT,FPX,TES,meiko,Ascend,27.07.2024,v14.14,2,Red,0:24:02,Nautilus,Loss,11,1,6,1,0,0.7,220,12.20%,2.13,1.29,0.29,0.08,36.40%,135,8.00%,28.60%,-1411,11327.2,1,0,0.333,0,2,3,0,0,0,4,0,0,0,2,0,0,2,0,0,48.2
YSKM,TOP,iG,WE,Wayward,Nirvana,28.07.2024,v14.14,1,Blue,0:47:15,KSante,Win,18,1,5,11,0,6.9,335,17.40%,0.7,0.15,0.06,0.15,7.30%,331,10.80%,63.20%,-1067,36095.3,0,0,0,0,0,10,0,4,1,0,0,1,2,0,0,0,9,5,1,47.9
glfs,JUNGLE,iG,WE,Yanxiang,Nirvana,28.07.2024,v14.14,1,Blue,0:47:15,Maokai,Win,18,3,1,15,207,5.4,335,17.40%,1.79,0.3,0.25,0.55,18.70%,864,28.00%,94.70%,-69,42847.3,1,0,1,0,0,10,0,4,1,0,0,1,2,0,0,0,9,5,1,47.9
neny,MID,iG,WE,FoFo,Nirvana,28.07.2024,v14.14,1,Blue,0:47:15,Yone,Win,18,4,2,8,41,10.9,509,26.40%,1.66,0.42,0.15,0.51,17.40%,516,16.80%,63.20%,533,39270.6,0,0,0.5,0,0,10,0,4,1,0,0,1,2,0,0,0,9,5,1,47.9
Ahn,ADCARRY,iG,WE,Able,Nirvana,28.07.2024,v14.14,1,Blue,0:47:15,Kaisa,Win,18,11,3,5,46,10.1,508,26.30%,1.13,0.36,0.06,0.51,11.90%,1245,40.40%,84.20%,479,26933.4,1,1,0.5,0,0,10,0,4,1,0,0,1,2,0,0,0,9,5,1,47.9
Vampire,SUPPORT,iG,WE,Mark,Nirvana,28.07.2024,v14.14,1,Blue,0:47:15,Rell,Win,16,0,4,18,0,1,242,12.50%,4.25,2.39,0.72,0.63,44.70%,124,4.00%,94.70%,28,27811.6,1,0,1,0,0,10,0,4,1,0,0,1,2,0,0,0,9,5,1,47.9
Wayward,TOP,WE,iG,YSKM,Nirvana,28.07.2024,v14.14,1,Red,0:47:15,Darius,Loss,18,7,3,5,15,7.7,385,21.10%,1.54,0.32,0.13,0.4,13.10%,487,19.40%,80.00%,1067,42490.9,0,0,0,1,0,8,1,3,0,6,1,0,1,0,0,0,9,3,1,52.1
Yanxiang,JUNGLE,WE,iG,glfs,Nirvana,28.07.2024,v14.14,1,Red,0:47:15,Sejuani,Loss,17,1,5,11,184,4.5,303,16.60%,3.05,1.21,0.34,0.59,25.90%,195,7.80%,80.00%,69,58677.8,0,0,0,1,0,8,1,3,0,6,1,0,1,0,0,0,9,3,1,52.1
FoFo,MID,WE,iG,neny,Nirvana,28.07.2024,v14.14,1,Red,0:47:15,Corki,Loss,18,3,3,6,47,9.8,438,24.00%,1.82,0.51,0.11,0.21,15.50%,855,34.10%,60.00%,-533,22404.9,0,0,1,1,0,8,1,3,0,6,1,0,1,0,0,0,9,3,1,52.1
Able,ADCARRY,WE,iG,Ahn,Nirvana,28.07.2024,v14.14,1,Red,0:47:15,Xayah,Loss,18,3,4,10,74,10.9,456,25.00%,0.96,0.19,0,0.36,8.20%,772,30.80%,86.70%,-479,27338.3,0,0,0,1,0,8,1,3,0,6,1,0,1,0,0,0,9,3,1,52.1
Mark,SUPPORT,WE,iG,Vampire,Nirvana,28.07.2024,v14.14,1,Red,0:47:15,Leona,Loss,14,1,4,8,0,1.1,240,13.20%,4.39,1.93,0.59,0.59,37.30%,197,7.90%,60.00%,-28,31705.4,0,0,1,1,0,8,1,3,0,6,1,0,1,0,0,0,9,3,1,52.1
YSKM,TOP,iG,WE,Wayward,Nirvana,28.07.2024,v14.14,2,Blue,0:27:44,Camille,Win,16,7,3,9,5,6.2,470,21.90%,0.94,0.36,0.14,0.18,9.70%,689,23.20%,59.30%,-1286,22657.1,1,0,0.429,1,0,10,1,4,0,5,0,1,1,2,2,0,5,5,0,48.5
glfs,JUNGLE,iG,WE,Yanxiang,Nirvana,28.07.2024,v14.14,2,Blue,0:27:44,Sejuani,Win,14,6,0,16,132,6,409,19.10%,1.51,0.5,0.43,0.32,15.50%,421,14.20%,81.50%,1298,20342.1,1,1,1,1,0,10,1,4,0,5,0,1,1,2,2,0,5,5,0,48.5
neny,MID,iG,WE,FoFo,Nirvana,28.07.2024,v14.14,2,Blue,0:27:44,Irelia,Win,16,5,2,12,16,9.4,460,21.50%,1.02,0.36,0.07,0.25,10.50%,625,21.00%,63.00%,244,25463.1,0,0,0.429,1,0,10,1,4,0,5,0,1,1,2,2,0,5,5,0,48.5
Ahn,ADCARRY,iG,WE,Able,Nirvana,28.07.2024,v14.14,2,Blue,0:27:44,Kaisa,Win,16,9,1,11,12,9.4,536,25.10%,1,0.47,0.22,0.29,10.30%,1048,35.30%,74.10%,1450,13410.4,1,0,0.714,1,0,10,1,4,0,5,0,1,1,2,2,0,5,5,0,48.5
Vampire,SUPPORT,iG,WE,Mark,Nirvana,28.07.2024,v14.14,2,Blue,0:27:44,Rakan,Win,11,0,1,16,0,1.6,265,12.40%,5.26,2.88,0.58,0.72,54.00%,188,6.30%,59.30%,57,16298.1,1,0,0.714,1,0,10,1,4,0,5,0,1,1,2,2,0,5,5,0,48.5
Wayward,TOP,WE,iG,YSKM,Nirvana,28.07.2024,v14.14,2,Red,0:27:44,Vayne,Loss,14,4,6,0,0,7.8,356,21.80%,1.32,0.54,0.29,0.47,16.90%,593,22.10%,57.10%,1286,22562.7,0,0,1,0,0,2,0,0,0,1,1,0,0,2,0,0,5,0,0,51.5
Yanxiang,JUNGLE,WE,iG,glfs,Nirvana,28.07.2024,v14.14,2,Red,0:27:44,Nidalee,Loss,14,1,4,5,169,6.4,332,20.40%,1.13,0.32,0.25,0.18,14.50%,522,19.50%,85.70%,-1298,34436.5,0,0,0.5,0,0,2,0,0,0,1,1,0,0,2,0,0,5,0,0,51.5
FoFo,MID,WE,iG,neny,Nirvana,28.07.2024,v14.14,2,Red,0:27:44,Zeri,Loss,15,2,4,2,4,9.8,394,24.20%,1.51,0.5,0.18,0.58,19.40%,744,27.80%,57.10%,-244,20240.7,0,0,0,0,0,2,0,0,0,1,1,0,0,2,0,0,5,0,0,51.5
Able,ADCARRY,WE,iG,Ahn,Nirvana,28.07.2024,v14.14,2,Red,0:27:44,Ezreal,Loss,13,0,5,2,2,8.1,329,20.10%,0.94,0.32,0.11,0.22,12.00%,596,22.20%,28.60%,-1450,15769.2,0,0,0,0,0,2,0,0,0,1,1,0,0,2,0,0,5,0,0,51.5
Mark,SUPPORT,WE,iG,Vampire,Nirvana,28.07.2024,v14.14,2,Red,0:27:44,Leona,Loss,10,0,8,5,0,1.3,221,13.50%,2.89,1.51,0.4,0.5,37.10%,224,8.40%,71.40%,-57,19846.5,0,0,1,0,0,2,0,0,0,1,1,0,0,2,0,0,5,0,0,51.5
Ale,TOP,AL,LNG,Zika,Ascend,28.07.2024,v14.14,1,Blue,0:46:17,Jax,Win,18,7,2,4,20,8,435,22.70%,1.36,0.56,0.15,0.11,13.10%,709,21.00%,57.90%,-505,41779.2,0,0,0,0,0,9,1,4,0,0,0,1,3,1,1,0,7,3,1,56
Croco,JUNGLE,AL,LNG,WeiWei,Ascend,28.07.2024,v14.14,1,Blue,0:46:17,Shyvana,Win,18,6,3,9,308,8.2,425,22.20%,2.17,0.3,0.26,0.69,20.90%,1216,36.00%,78.90%,-42,63376.8,0,1,1,0,0,9,1,4,0,0,0,1,3,1,1,0,7,3,1,56
Shanks,MID,AL,LNG,Scout,Ascend,28.07.2024,v14.14,1,Blue,0:46:17,Lucian,Win,18,3,3,7,41,8.8,411,21.50%,1.33,0.41,0.06,0.26,12.80%,660,19.50%,52.60%,-351,28250,0,0,1,0,0,9,1,4,0,0,0,1,3,1,1,0,7,3,1,56
Hope,ADCARRY,AL,LNG,GALA,Ascend,28.07.2024,v14.14,1,Blue,0:46:17,Ashe,Win,18,3,2,12,14,8.4,398,20.80%,1.52,0.35,0.06,0.35,14.70%,553,16.40%,78.90%,-1976,20244.4,0,0,1,0,0,9,1,4,0,0,0,1,3,1,1,0,7,3,1,56
Kael,SUPPORT,AL,LNG,Hang,Ascend,28.07.2024,v14.14,1,Blue,0:46:17,Rell,Win,15,0,6,17,0,0.7,246,12.80%,4.01,2.2,0.58,0.26,38.60%,243,7.20%,89.50%,-431,29228.9,0,0,1,0,0,9,1,4,0,0,0,1,3,1,1,0,7,3,1,56
Zika,TOP,LNG,AL,Ale,Ascend,28.07.2024,v14.14,1,Red,0:46:17,KSante,Loss,18,7,3,5,8,7.2,363,20.90%,1.07,0.26,0.17,0.32,12.00%,534,19.50%,75.00%,505,49249.7,0,0,0.5,1,2,5,0,3,0,6,1,0,0,1,0,0,7,3,1,44
WeiWei,JUNGLE,LNG,AL,Croco,Ascend,28.07.2024,v14.14,1,Red,0:46:17,Lillia,Loss,17,3,6,9,243,6,337,19.50%,1.47,0.32,0.28,0.41,16.50%,502,18.30%,75.00%,42,57750.3,0,0,0.5,1,2,5,0,3,0,6,1,0,0,1,0,0,7,3,1,44
Scout,MID,LNG,AL,Shanks,Ascend,28.07.2024,v14.14,1,Red,0:46:17,Yone,Loss,18,2,4,8,44,9.9,412,23.80%,1.18,0.11,0.11,0.32,13.20%,621,22.60%,62.50%,351,52252.6,0,0,0,1,2,5,0,3,0,6,1,0,0,1,0,0,7,3,1,44
GALA,ADCARRY,LNG,AL,Hope,Ascend,28.07.2024,v14.14,1,Red,0:46:17,Ziggs,Loss,18,4,4,9,6,8,394,22.70%,0.87,0.24,0.04,0.19,9.80%,950,34.60%,81.30%,1976,24009.4,1,0,0.5,1,2,5,0,3,0,6,1,0,0,1,0,0,7,3,1,44
Hang,SUPPORT,LNG,AL,Kael,Ascend,28.07.2024,v14.14,1,Red,0:46:17,Nautilus,Loss,15,0,2,15,0,1.2,228,13.10%,4.33,2.42,0.65,0.54,48.50%,135,4.90%,93.80%,431,23318.3,1,0,1,1,2,5,0,3,0,6,1,0,0,1,0,0,7,3,1,44
Zika,TOP,LNG,AL,Ale,Ascend,28.07.2024,v14.14,2,Blue,0:33:05,Rumble,Win,17,1,4,7,10,7.3,346,17.50%,1.1,0.3,0.12,0.21,11.90%,623,25.90%,66.70%,-548,20640.7,0,0,0.5,1,0,9,0,2,0,5,0,1,2,0,0,0,6,4,0,51.3
WeiWei,JUNGLE,LNG,AL,Croco,Ascend,28.07.2024,v14.14,2,Blue,0:33:05,Ivern,Win,15,0,1,11,153,5.2,361,18.20%,1.87,0.48,0.51,0.51,20.20%,207,8.60%,91.70%,310,8996.89,0,0,1,1,0,9,0,2,0,5,0,1,2,0,0,0,6,4,0,51.3
Scout,MID,LNG,AL,Shanks,Ascend,28.07.2024,v14.14,2,Blue,0:33:05,Tristana,Win,18,1,1,8,32,10,477,24.10%,1.01,0.33,0.03,0.42,10.90%,724,30.10%,75.00%,305,17274.5,0,0,0.5,1,0,9,0,2,0,5,0,1,2,0,0,0,6,4,0,51.3
GALA,ADCARRY,LNG,AL,Hope,Ascend,28.07.2024,v14.14,2,Blue,0:33:05,Xayah,Win,17,8,1,3,26,11.2,514,26.00%,1.42,0.33,0.09,0.7,15.40%,623,25.90%,91.70%,1081,9857.7,0,1,1,1,0,9,0,2,0,5,0,1,2,0,0,0,6,4,0,51.3
Hang,SUPPORT,LNG,AL,Kael,Ascend,28.07.2024,v14.14,2,Blue,0:33:05,Leona,Win,13,2,1,7,0,1.5,282,14.20%,3.83,1.84,0.48,0.66,41.60%,231,9.60%,75.00%,110,19589.7,0,0,0.5,1,0,9,0,2,0,5,0,1,2,0,0,0,6,4,0,51.3
Ale,TOP,AL,LNG,Zika,Ascend,28.07.2024,v14.14,2,Red,0:33:05,KSante,Loss,17,3,2,3,2,8.5,376,22.10%,1.15,0.73,0.33,0.09,11.90%,220,13.40%,75.00%,548,28302.5,1,0,1,0,0,4,1,3,0,1,1,0,0,0,0,0,6,2,0,48.7
Croco,JUNGLE,AL,LNG,WeiWei,Ascend,28.07.2024,v14.14,2,Red,0:33:05,Sejuani,Loss,14,1,2,5,177,5.7,302,17.70%,1.55,0.48,0.39,0.33,16.00%,204,12.40%,75.00%,-310,32242.7,1,0,1,0,0,4,1,3,0,1,1,0,0,0,0,0,6,2,0,48.7
Shanks,MID,AL,LNG,Scout,Ascend,28.07.2024,v14.14,2,Red,0:33:05,Yone,Loss,17,0,4,4,16,9,388,22.80%,0.61,0.18,0.09,0.12,6.30%,486,29.60%,50.00%,-305,24044.3,0,0,0,0,0,4,1,3,0,1,1,0,0,0,0,0,6,2,0,48.7
Hope,ADCARRY,AL,LNG,GALA,Ascend,28.07.2024,v14.14,2,Red,0:33:05,Jhin,Loss,16,4,1,2,15,9.7,418,24.50%,1.06,0.48,0.12,0.33,11.00%,608,37.00%,75.00%,-1081,13637.1,0,0,0,0,0,4,1,3,0,1,1,0,0,0,0,0,6,2,0,48.7
Kael,SUPPORT,AL,LNG,Hang,Ascend,28.07.2024,v14.14,2,Red,0:33:05,Rakan,Loss,11,0,3,7,0,1.1,220,12.90%,5.32,3.17,0.6,0.6,54.90%,124,7.50%,87.50%,-110,18740.1,0,0,0.5,0,0,4,1,3,0,1,1,0,0,0,0,0,6,2,0,48.7
Ale,TOP,AL,LNG,Zika,Ascend,28.07.2024,v14.14,3,Blue,0:36:25,Gnar,Loss,18,3,2,2,20,9.1,393,23.70%,1.4,0.47,0.11,0.27,15.70%,271,19.90%,62.50%,1152,24346.2,0,0,0.6,1,0,2,0,1,0,5,0,0,0,0,0,0,5,1,0,51.6
Croco,JUNGLE,AL,LNG,WeiWei,Ascend,28.07.2024,v14.14,3,Blue,0:36:25,Lillia,Loss,16,1,1,3,233,6.8,310,18.80%,1.03,0.16,0.16,0.19,11.60%,246,18.10%,50.00%,-363,36398.6,0,0,0.4,1,0,2,0,1,0,5,0,0,0,0,0,0,5,1,0,51.6
Shanks,MID,AL,LNG,Scout,Ascend,28.07.2024,v14.14,3,Blue,0:36:25,Lucian,Loss,17,3,3,3,9,8.9,378,22.80%,1.08,0.36,0.08,0.33,12.10%,375,27.60%,75.00%,919,16170.7,0,0,0.6,1,0,2,0,1,0,5,0,0,0,0,0,0,5,1,0,51.6
Hope,ADCARRY,AL,LNG,GALA,Ascend,28.07.2024,v14.14,3,Blue,0:36:25,Ashe,Loss,17,0,2,7,4,8.9,361,21.80%,1.29,0.41,0.14,0.22,14.40%,388,28.50%,87.50%,-296,10741.1,0,0,0.8,1,0,2,0,1,0,5,0,0,0,0,0,0,5,1,0,51.6
Kael,SUPPORT,AL,LNG,Hang,Ascend,28.07.2024,v14.14,3,Blue,0:36:25,Rell,Loss,9,1,3,6,0,0.7,212,12.80%,4.11,2.25,0.74,0.3,46.20%,80,5.90%,87.50%,607,16193.1,0,0,1,1,0,2,0,1,0,5,0,0,0,0,0,0,5,1,0,51.6
Zika,TOP,LNG,AL,Ale,Ascend,28.07.2024,v14.14,3,Red,0:36:25,Rumble,Win,17,2,1,7,17,7.7,365,20.10%,0.83,0.25,0.19,0.16,9.30%,340,20.50%,81.80%,-1152,10722.3,1,0,1,0,0,7,1,4,0,1,1,1,2,0,0,0,5,4,0,48.4
WeiWei,JUNGLE,LNG,AL,Croco,Ascend,28.07.2024,v14.14,3,Red,0:36:25,Vi,Win,15,0,2,6,197,5.9,305,16.80%,1.96,0.41,0.36,0.44,22.10%,141,8.50%,54.50%,363,21868.1,1,0,1,0,0,7,1,4,0,1,1,1,2,0,0,0,5,4,0,48.4
Scout,MID,LNG,AL,Shanks,Ascend,28.07.2024,v14.14,3,Red,0:36:25,Azir,Win,18,4,4,4,32,9.5,451,24.90%,1.27,0.36,0.08,0.38,14.40%,428,25.70%,72.70%,-919,14597.9,0,0,0,0,0,7,1,4,0,1,1,1,2,0,0,0,5,4,0,48.4
GALA,ADCARRY,LNG,AL,Hope,Ascend,28.07.2024,v14.14,3,Red,0:36:25,Ezreal,Win,18,5,0,2,4,10.7,467,25.80%,1.13,0.3,0.08,0.27,12.70%,675,40.60%,63.60%,296,9666.74,0,1,0,0,0,7,1,4,0,1,1,1,2,0,0,0,5,4,0,48.4
Hang,SUPPORT,LNG,AL,Kael,Ascend,28.07.2024,v14.14,3,Red,0:36:25,Alistar,Win,13,0,1,7,0,1.1,226,12.50%,3.66,1.89,0.55,0.38,41.40%,79,4.70%,63.60%,-607,19189.9,0,0,0,0,0,7,1,4,0,1,1,1,2,0,0,0,5,4,0,48.4
Zdz,TOP,FPX,WBG,Breathe,Ascend,28.07.2024,v14.14,1,Blue,0:25:19,KSante,Loss,14,1,4,6,1,7,355,19.10%,0.82,0.32,0.2,0.12,9.90%,317,16.30%,70.00%,-588,23611.1,0,0,0.5,0,1,4,0,0,0,6,0,0,0,2,0,1,3,0,1,49.8
milkyway,JUNGLE,FPX,WBG,Tarzan,Ascend,28.07.2024,v14.14,1,Blue,0:25:19,Kindred,Loss,13,3,6,5,152,6.8,391,21.00%,1.15,0.16,0.16,0.32,14.00%,554,28.40%,80.00%,-48,23594.3,0,0,0.75,0,1,4,0,0,0,6,0,0,0,2,0,1,3,0,1,49.8
Care,MID,FPX,WBG,xiaohu,Ascend,28.07.2024,v14.14,1,Blue,0:25:19,Zeri,Loss,14,4,5,2,4,8.5,480,25.80%,1.86,0.51,0.16,0.36,22.50%,407,20.90%,60.00%,-2687,17091.6,0,0,0.75,0,1,4,0,0,0,6,0,0,0,2,0,1,3,0,1,49.8
deokdam,ADCARRY,FPX,WBG,Light,Ascend,28.07.2024,v14.14,1,Blue,0:25:19,Kaisa,Loss,13,2,5,2,0,8.7,398,21.30%,0.57,0.39,0,0.12,6.90%,526,27.00%,40.00%,-965,12319.7,0,0,0.25,0,1,4,0,0,0,6,0,0,0,2,0,1,3,0,1,49.8
Life,SUPPORT,FPX,WBG,Crisp,Ascend,28.07.2024,v14.14,1,Blue,0:25:19,Leona,Loss,10,0,4,7,0,1.4,239,12.80%,3.86,2.01,0.36,0.51,46.70%,145,7.40%,70.00%,-251,15165.2,0,0,0.5,0,1,4,0,0,0,6,0,0,0,2,0,1,3,0,1,49.8
Breathe,TOP,WBG,FPX,Zdz,Ascend,28.07.2024,v14.14,1,Red,0:25:19,Kennen,Win,15,4,2,6,3,8.6,460,21.20%,0.91,0.36,0.16,0.16,12.10%,677,23.60%,43.50%,588,14753.4,0,0,0.3,1,2,9,1,3,0,0,1,1,1,2,1,1,3,2,1,50.2
Tarzan,JUNGLE,WBG,FPX,milkyway,Ascend,28.07.2024,v14.14,1,Red,0:25:19,Maokai,Win,13,2,3,11,118,5.5,350,16.20%,0.95,0.43,0.28,0.08,12.60%,379,13.20%,56.50%,48,26879.9,1,0,0.6,1,2,9,1,3,0,0,1,1,1,2,1,1,3,2,1,50.2
xiaohu,MID,WBG,FPX,Care,Ascend,28.07.2024,v14.14,1,Red,0:25:19,Corki,Win,16,14,1,5,29,10.3,657,30.30%,1.27,0.47,0.16,0.43,16.90%,1054,36.70%,82.60%,2687,11593,1,1,0.8,1,2,9,1,3,0,0,1,1,1,2,1,1,3,2,1,50.2
Light,ADCARRY,WBG,FPX,deokdam,Ascend,28.07.2024,v14.14,1,Red,0:25:19,Ezreal,Win,14,2,2,7,8,9,438,20.30%,1.19,0.43,0.12,0.32,15.70%,654,22.80%,39.10%,965,11224.9,0,0,0.2,1,2,9,1,3,0,0,1,1,1,2,1,1,3,2,1,50.2
Crisp,SUPPORT,WBG,FPX,Life,Ascend,28.07.2024,v14.14,1,Red,0:25:19,Alistar,Win,11,1,2,9,0,1.2,260,12.00%,3.23,1.86,0.67,0.32,42.70%,105,3.70%,43.50%,251,11931.7,0,0,0.5,1,2,9,1,3,0,0,1,1,1,2,1,1,3,2,1,50.2
Breathe,TOP,WBG,FPX,Zdz,Ascend,28.07.2024,v14.14,2,Blue,0:39:32,Kennen,Win,18,7,6,9,8,7.4,437,21.20%,1.02,0.25,0.15,0.2,11.40%,937,26.90%,61.50%,-551,32280.5,0,0,1,1,1,11,0,3,0,4,1,1,2,0,0,0,7,5,0,62
Tarzan,JUNGLE,WBG,FPX,milkyway,Ascend,28.07.2024,v14.14,2,Blue,0:39:32,Karthus,Win,18,4,1,7,280,8,406,19.70%,2.03,0.99,0.25,0.23,22.70%,858,24.60%,42.30%,458,33962.9,0,0,1,1,1,11,0,3,0,4,1,1,2,0,0,0,7,5,0,62
xiaohu,MID,WBG,FPX,Care,Ascend,28.07.2024,v14.14,2,Blue,0:39:32,Lucian,Win,18,8,4,7,40,9.4,509,24.70%,1.33,0.4,0.08,0.43,14.80%,953,27.30%,57.70%,55,25481.1,0,1,0,1,1,11,0,3,0,4,1,1,2,0,0,0,7,5,0,62
Light,ADCARRY,WBG,FPX,deokdam,Ascend,28.07.2024,v14.14,2,Blue,0:39:32,Ezreal,Win,18,6,1,7,8,9.6,458,22.30%,1.11,0.4,0.08,0.3,12.40%,599,17.20%,50.00%,-136,23230.4,0,0,0,1,1,11,0,3,0,4,1,1,2,0,0,0,7,5,0,62
Crisp,SUPPORT,WBG,FPX,Life,Ascend,28.07.2024,v14.14,2,Blue,0:39:32,Rell,Win,15,1,5,12,0,0.9,248,12.10%,3.46,1.64,0.51,0.38,38.70%,139,4.00%,50.00%,-133,26718.7,0,0,1,1,1,11,0,3,0,4,1,1,2,0,0,0,7,5,0,62
Zdz,TOP,FPX,WBG,Breathe,Ascend,28.07.2024,v14.14,2,Red,0:39:32,Twisted_Fate,Loss,18,5,9,7,9,7.1,434,24.50%,1.34,0.43,0.1,0.2,16.40%,429,18.10%,70.60%,551,35950.6,1,0,0.667,0,0,5,1,3,0,2,0,0,0,0,0,0,7,2,0,38
milkyway,JUNGLE,FPX,WBG,Tarzan,Ascend,28.07.2024,v14.14,2,Red,0:39:32,Shyvana,Loss,16,5,6,3,176,5.8,321,18.10%,1.31,0.23,0.2,0.4,16.00%,499,21.10%,47.10%,-458,42340,0,0,0.333,0,0,5,1,3,0,2,0,0,0,0,0,0,7,2,0,38
Care,MID,FPX,WBG,xiaohu,Ascend,28.07.2024,v14.14,2,Red,0:39:32,Yone,Loss,18,2,3,7,5,8.1,387,21.80%,1.39,0.3,0.2,0.48,17.00%,416,17.60%,52.90%,-55,40678,1,0,0.666,0,0,5,1,3,0,2,0,0,0,0,0,0,7,2,0,38
deokdam,ADCARRY,FPX,WBG,Light,Ascend,28.07.2024,v14.14,2,Red,0:39:32,Miss_Fortune,Loss,18,4,3,4,16,10.2,417,23.60%,1.2,0.38,0.1,0.56,14.60%,681,28.80%,47.10%,136,27933.8,0,0,0,0,0,5,1,3,0,2,0,0,0,0,0,0,7,2,0,38
Life,SUPPORT,FPX,WBG,Crisp,Ascend,28.07.2024,v14.14,2,Red,0:39:32,Rumble,Loss,13,1,5,8,0,0.7,212,12.00%,2.95,1.75,0.43,0.15,36.00%,343,14.50%,52.90%,133,23256.2,0,0,0.333,0,0,5,1,3,0,2,0,0,0,0,0,0,7,2,0,38
Juice,TOP,RNG,TT,Hoya,Nirvana,29.07.2024,v14.14,1,Blue,0:26:03,Rumble,Loss,15,4,2,3,5,8.1,392,21.60%,0.81,0.27,0.15,0.19,11.40%,499,24.30%,58.30%,765,14384.2,0,0,0.4,0,0,2,1,1,0,3,0,0,0,1,1,0,4,0,0,43
Geju,JUNGLE,RNG,TT,Beichuan,Nirvana,29.07.2024,v14.14,1,Blue,0:26:03,Graves,Loss,14,3,4,6,144,6.7,378,20.90%,1.34,0.23,0.19,0.46,18.80%,369,18.00%,75.00%,-1055,21734.4,1,0,0.6,0,0,2,1,1,0,3,0,0,0,1,1,0,4,0,0,43
XZZ,MID,RNG,TT,Ucal,Nirvana,29.07.2024,v14.14,1,Blue,0:26:03,Corki,Loss,15,1,4,5,8,9.6,398,21.90%,1.09,0.38,0.15,0.31,15.40%,559,27.20%,50.00%,-1413,17591,0,0,0.4,0,0,2,1,1,0,3,0,0,0,1,1,0,4,0,0,43
huanfeng,ADCARRY,RNG,TT,1xn,Nirvana,29.07.2024,v14.14,1,Blue,0:26:03,Miss_Fortune,Loss,14,3,3,5,0,9.9,410,22.60%,1.12,0.58,0.27,0.38,15.70%,459,22.30%,66.70%,284,9899.17,1,0,0.6,0,0,2,1,1,0,3,0,0,0,1,1,0,4,0,0,43
Tangyuan,SUPPORT,RNG,TT,Feather,Nirvana,29.07.2024,v14.14,1,Blue,0:26:03,Alistar,Loss,9,1,7,7,0,1.3,236,13.00%,2.75,1.5,0.38,0.38,38.70%,167,8.10%,66.70%,-205,19896.8,1,0,0.6,0,0,2,1,1,0,3,0,0,0,1,1,0,4,0,0,43
Hoya,TOP,TT,RNG,Juice,Nirvana,29.07.2024,v14.14,1,Red,0:26:03,Gnar,Win,15,0,3,3,16,8.3,355,15.90%,1.03,0.38,0.15,0.15,11.00%,223,8.60%,15.00%,-765,15805.2,0,0,0,1,1,10,0,3,0,3,1,1,1,1,0,0,4,4,0,57
Beichuan,JUNGLE,TT,RNG,Geju,Nirvana,29.07.2024,v14.14,1,Red,0:26:03,Nidalee,Win,16,4,1,13,178,7.8,513,23.00%,2.4,1.11,0.35,0.35,25.60%,575,22.20%,85.00%,1055,29484.1,0,1,1,1,1,10,0,3,0,3,1,1,1,1,0,0,4,4,0,57
Ucal,MID,TT,RNG,XZZ,Nirvana,29.07.2024,v14.14,1,Red,0:26:03,Zeri,Win,16,5,2,10,14,11,559,25.10%,0.9,0.23,0.04,0.31,9.60%,751,29.00%,75.00%,1413,18594.3,0,0,0.75,1,1,10,0,3,0,3,1,1,1,1,0,0,4,4,0,57
1xn,ADCARRY,TT,RNG,huanfeng,Nirvana,29.07.2024,v14.14,1,Red,0:26:03,Ezreal,Win,15,9,2,7,0,9.9,512,22.90%,1.2,0.42,0.15,0.38,12.90%,849,32.80%,80.00%,-284,13014.4,0,0,1,1,1,10,0,3,0,3,1,1,1,1,0,0,4,4,0,57
Feather,SUPPORT,TT,RNG,Tangyuan,Nirvana,29.07.2024,v14.14,1,Red,0:26:03,Leona,Win,12,2,4,13,0,1.5,291,13.00%,3.84,1.96,0.69,0.42,41.00%,189,7.30%,75.00%,205,12419.7,0,0,0.75,1,1,10,0,3,0,3,1,1,1,1,0,0,4,4,0,57
Juice,TOP,RNG,TT,Hoya,Nirvana,29.07.2024,v14.14,2,Blue,0:32:44,Rumble,Loss,17,3,5,5,5,8.3,388,20.60%,0.8,0.31,0.18,0.12,9.90%,732,30.00%,57.10%,-238,24281.4,0,0,0.25,0,0,5,1,2,0,3,1,0,0,0,0,0,6,2,0,35.7
Geju,JUNGLE,RNG,TT,Beichuan,Nirvana,29.07.2024,v14.14,2,Blue,0:32:44,Maokai,Loss,15,0,6,10,137,5,294,15.60%,1.42,0.31,0.27,0.37,17.50%,365,15.00%,71.40%,-907,52949.6,0,0,0.75,0,0,5,1,2,0,3,1,0,0,0,0,0,6,2,0,35.7
XZZ,MID,RNG,TT,Ucal,Nirvana,29.07.2024,v14.14,2,Blue,0:32:44,Tristana,Loss,17,0,4,7,12,9.5,445,23.60%,0.83,0.34,0.09,0.18,10.20%,366,15.00%,50.00%,-1217,23781.9,0,0,0.5,0,0,5,1,2,0,3,1,0,0,0,0,0,6,2,0,35.7
huanfeng,ADCARRY,RNG,TT,1xn,Nirvana,29.07.2024,v14.14,2,Blue,0:32:44,Miss_Fortune,Loss,17,10,3,3,11,10.7,494,26.20%,1.36,0.43,0.09,0.43,16.80%,798,32.70%,92.90%,1218,15146.3,0,0,1,0,0,5,1,2,0,3,1,0,0,0,0,0,6,2,0,35.7
Tangyuan,SUPPORT,RNG,TT,Feather,Nirvana,29.07.2024,v14.14,2,Blue,0:32:44,Nautilus,Loss,14,1,5,11,0,1.4,262,13.90%,3.7,1.92,0.46,0.58,45.60%,179,7.30%,85.70%,375,19654.8,0,0,1,0,0,5,1,2,0,3,1,0,0,0,0,0,6,2,0,35.7
Hoya,TOP,TT,RNG,Juice,Nirvana,29.07.2024,v14.14,2,Red,0:32:44,Gragas,Win,18,3,2,9,0,8.2,436,19.90%,1.17,0.46,0.27,0.15,14.70%,426,12.80%,52.20%,238,23811.8,1,0,0.667,1,0,11,0,3,0,3,0,1,2,0,0,0,6,4,0,64.3
Beichuan,JUNGLE,TT,RNG,Geju,Nirvana,29.07.2024,v14.14,2,Red,0:32:44,Shyvana,Win,18,5,1,14,277,10.1,486,22.20%,1.59,0.37,0.18,0.34,20.20%,974,29.20%,82.60%,907,44804,1,1,1,1,0,11,0,3,0,3,0,1,2,0,0,0,6,4,0,64.3
Ucal,MID,TT,RNG,XZZ,Nirvana,29.07.2024,v14.14,2,Red,0:32:44,Zeri,Win,18,6,4,9,8,9.2,462,21.10%,0.97,0.18,0.06,0.37,12.30%,626,18.80%,65.20%,1217,23958.5,1,0,0.667,1,0,11,0,3,0,3,0,1,2,0,0,0,6,4,0,64.3
1xn,ADCARRY,TT,RNG,huanfeng,Nirvana,29.07.2024,v14.14,2,Red,0:32:44,Ezreal,Win,17,9,2,6,12,9.7,516,23.60%,0.54,0.34,0.12,0.12,6.90%,1122,33.60%,65.20%,-1218,12563.1,1,0,0.333,1,0,11,0,3,0,3,0,1,2,0,0,0,6,4,0,64.3
Feather,SUPPORT,TT,RNG,Tangyuan,Nirvana,29.07.2024,v14.14,2,Red,0:32:44,Leona,Win,14,0,5,17,0,0.9,287,13.10%,3.64,2.23,0.7,0.4,46.00%,188,5.60%,73.90%,-375,18928.2,0,0,0.333,1,0,11,0,3,0,3,0,1,2,0,0,0,6,4,0,64.3
Hery,TOP,OMG,RA,Xiaoxu,Nirvana,29.07.2024,v14.14,1,Blue,0:24:20,KSante,Win,14,1,0,5,0,8.6,401,20.60%,1.09,0.37,0.21,0.12,12.50%,452,19.50%,46.20%,1404,21585.4,0,0,0.667,0,1,7,0,3,0,6,1,0,0,0,0,0,4,2,1,60.6
Tianzhen,JUNGLE,OMG,RA,Xiaohao,Nirvana,29.07.2024,v14.14,1,Blue,0:24:20,Lillia,Win,13,1,4,6,189,7.8,368,18.90%,0.97,0.25,0.33,0,11.20%,293,12.70%,53.80%,527,30848.4,0,0,0.667,0,1,7,0,3,0,6,1,0,0,0,0,0,4,2,1,60.6
Angel,MID,OMG,RA,Vicla,Nirvana,29.07.2024,v14.14,1,Blue,0:24:20,Zeri,Win,15,7,0,4,4,10.1,485,25.00%,1.53,0.53,0.21,0.45,17.70%,838,36.20%,84.60%,812,11137.9,0,1,0.667,0,1,7,0,3,0,6,1,0,0,0,0,0,4,2,1,60.6
Starry,ADCARRY,OMG,RA,Assum,Nirvana,29.07.2024,v14.14,1,Blue,0:24:20,Kaisa,Win,14,4,2,6,13,9.5,447,23.00%,1.07,0.37,0.16,0.37,12.40%,625,27.00%,76.90%,-2116,15208.2,0,0,0.667,0,1,7,0,3,0,6,1,0,0,0,0,0,4,2,1,60.6
Ppgod,SUPPORT,OMG,RA,Jwei,Nirvana,29.07.2024,v14.14,1,Blue,0:24:20,Rakan,Win,11,0,1,7,0,1.1,243,12.50%,4.01,2.47,0.45,0.45,46.20%,106,4.60%,53.80%,-66,11156.7,0,0,0.333,0,1,7,0,3,0,6,1,0,0,0,0,0,4,2,1,60.6
Xiaoxu,TOP,RA,OMG,Hery,Nirvana,29.07.2024,v14.14,1,Red,0:24:20,Camille,Loss,14,0,2,4,1,8.5,342,19.30%,0.91,0.37,0.08,0.16,12.10%,474,18.70%,57.10%,-1404,17067,0,0,0.333,1,1,4,1,1,0,0,0,1,1,0,0,0,4,1,1,39.4
Xiaohao,JUNGLE,RA,OMG,Tianzhen,Nirvana,29.07.2024,v14.14,1,Red,0:24:20,Zyra,Loss,13,3,1,3,131,6.1,354,20.00%,1.81,0.7,0.25,0.33,24.10%,487,19.20%,85.70%,-527,11608.8,1,0,0.667,1,1,4,1,1,0,0,0,1,1,0,0,0,4,1,1,39.4
Vicla,MID,RA,OMG,Angel,Nirvana,29.07.2024,v14.14,1,Red,0:24:20,Lucian,Loss,14,2,3,3,2,9.4,374,21.10%,1,0.49,0.25,0.33,13.30%,587,23.10%,71.40%,-812,13221.4,0,0,0.333,1,1,4,1,1,0,0,0,1,1,0,0,0,4,1,1,39.4
Assum,ADCARRY,RA,OMG,Starry,Nirvana,29.07.2024,v14.14,1,Red,0:24:20,Ziggs,Loss,13,2,2,3,0,9.2,464,26.20%,0.65,0.29,0.08,0.29,8.70%,869,34.30%,71.40%,2116,7680.01,1,0,0.667,1,1,4,1,1,0,0,0,1,1,0,0,0,4,1,1,39.4
Jwei,SUPPORT,RA,OMG,Ppgod,Nirvana,29.07.2024,v14.14,1,Red,0:24:20,Alistar,Loss,10,0,5,5,0,1.5,238,13.40%,3.14,1.6,0.53,0.49,41.80%,119,4.70%,71.40%,66,18155.4,1,0,0.667,1,1,4,1,1,0,0,0,1,1,0,0,0,4,1,1,39.4
Xiaoxu,TOP,RA,OMG,Hery,Nirvana,29.07.2024,v14.14,2,Blue,0:36:05,Aatrox,Loss,17,3,6,7,12,6.7,338,20.10%,0.57,0.22,0.06,0.11,6.40%,435,18.80%,71.40%,-1090,32624.2,0,0,0.667,0,0,3,1,4,0,1,1,0,0,1,0,0,6,1,0,43.4
Xiaohao,JUNGLE,RA,OMG,Tianzhen,Nirvana,29.07.2024,v14.14,2,Blue,0:36:05,Ivern,Loss,16,2,4,11,147,4.9,334,19.90%,1.97,0.28,0.25,0.69,22.30%,187,8.10%,92.90%,-1148,14329.3,0,0,0.667,0,0,3,1,4,0,1,1,0,0,1,0,0,6,1,0,43.4
Vicla,MID,RA,OMG,Angel,Nirvana,29.07.2024,v14.14,2,Blue,0:36:05,Lucian,Loss,17,3,5,8,13,8.5,367,21.90%,1.43,0.36,0.19,0.39,16.20%,719,31.10%,78.60%,449,23087,0,0,0.667,0,0,3,1,4,0,1,1,0,0,1,0,0,6,1,0,43.4
Assum,ADCARRY,RA,OMG,Starry,Nirvana,29.07.2024,v14.14,2,Blue,0:36:05,Miss_Fortune,Loss,16,5,5,3,7,9.6,411,24.50%,1.18,0.44,0.17,0.47,13.30%,734,31.70%,57.10%,944,15260.8,0,0,0.333,0,0,3,1,4,0,1,1,0,0,1,0,0,6,1,0,43.4
Jwei,SUPPORT,RA,OMG,Ppgod,Nirvana,29.07.2024,v14.14,2,Blue,0:36:05,Leona,Loss,14,1,6,8,0,1.6,230,13.70%,3.68,2.11,0.75,0.64,41.70%,241,10.40%,64.30%,43,22622.6,0,0,0.667,0,0,3,1,4,0,1,1,0,0,1,0,0,6,1,0,43.4
Hery,TOP,OMG,RA,Xiaoxu,Nirvana,29.07.2024,v14.14,2,Red,0:36:05,Rumble,Win,18,9,1,12,20,7.8,493,23.50%,0.94,0.5,0.17,0.11,8.60%,937,35.50%,80.80%,1090,17187.5,1,0,0.667,1,0,11,0,0,1,5,0,1,3,1,1,0,6,5,0,56.6
Tianzhen,JUNGLE,OMG,RA,Xiaohao,Nirvana,29.07.2024,v14.14,2,Red,0:36:05,Vi,Win,17,2,6,16,181,5.8,374,17.80%,1.52,0.42,0.47,0.28,13.90%,307,11.60%,69.20%,1148,35670,1,0,1,1,0,11,0,0,1,5,0,1,3,1,1,0,6,5,0,56.6
Angel,MID,OMG,RA,Vicla,Nirvana,29.07.2024,v14.14,2,Red,0:36:05,Taliyah,Win,18,5,4,12,16,7.3,406,19.30%,1.66,0.64,0.33,0.25,15.20%,367,13.90%,65.40%,-449,14161.3,0,0,0.333,1,0,11,0,0,1,5,0,1,3,1,1,0,6,5,0,56.6
Starry,ADCARRY,OMG,RA,Assum,Nirvana,29.07.2024,v14.14,2,Red,0:36:05,Jhin,Win,18,10,2,12,16,9.1,525,25.00%,1.07,0.42,0.14,0.28,9.80%,912,34.60%,84.60%,-944,18255.9,0,1,0.333,1,0,11,0,0,1,5,0,1,3,1,1,0,6,5,0,56.6
Ppgod,SUPPORT,OMG,RA,Jwei,Nirvana,29.07.2024,v14.14,2,Red,0:36:05,Rakan,Win,16,0,1,23,0,1.6,303,14.40%,5.72,2.99,0.55,0.91,52.40%,117,4.40%,88.50%,-43,26290.6,0,0,0.667,1,0,11,0,0,1,5,0,1,3,1,1,0,6,5,0,56.6
shanji,TOP,NIP,LGD,Burdol,Ascend,30.07.2024,v14.14,1,Blue,0:45:04,Rumble,Win,18,14,4,3,9,8.1,517,24.90%,1.3,0.58,0.22,0.04,12.70%,1122,30.70%,54.80%,1297,27547.9,0,1,0.444,1,0,11,1,4,0,6,1,0,2,2,1,0,10,4,3,49.8
Leyan,JUNGLE,NIP,LGD,Meteor,Ascend,30.07.2024,v14.14,1,Blue,0:45:04,Lillia,Win,18,5,4,14,258,7.1,391,18.90%,1.18,0.4,0.09,0.27,11.50%,421,11.50%,61.30%,658,62864,0,0,0.556,1,0,11,1,4,0,6,1,0,2,2,1,0,10,4,3,49.8
RooKie,MID,NIP,LGD,Haichao,Ascend,30.07.2024,v14.14,1,Blue,0:45:04,Lucian,Win,18,5,6,10,16,9,466,22.50%,1.69,0.44,0.13,0.49,16.40%,853,23.30%,48.40%,-333,31104.4,1,0,0.556,1,0,11,1,4,0,6,1,0,2,2,1,0,10,4,3,49.8
Photic,ADCARRY,NIP,LGD,Shaoye,Ascend,30.07.2024,v14.14,1,Blue,0:45:04,Senna,Win,18,5,5,17,17,2.7,362,17.50%,4.4,1.89,0.47,0.98,42.80%,1019,27.90%,71.00%,-2107,21458.7,0,0,0.667,1,0,11,1,4,0,6,1,0,2,2,1,0,10,4,3,49.8
Zhuo,SUPPORT,NIP,LGD,jinjiao,Ascend,30.07.2024,v14.14,1,Blue,0:45:04,Ornn,Win,18,2,4,14,0,5.6,336,16.20%,1.71,0.89,0.49,0.33,16.60%,243,6.60%,51.60%,1111,41750.5,0,0,0.222,1,0,11,1,4,0,6,1,0,2,2,1,0,10,4,3,49.8
Burdol,TOP,LGD,NIP,shanji,Ascend,30.07.2024,v14.14,1,Red,0:45:04,KSante,Loss,18,3,7,9,0,6.8,351,18.70%,1.36,0.33,0.27,0.27,13.30%,324,11.00%,52.20%,-1297,48455.9,0,0,0.375,0,0,8,0,1,1,0,0,1,1,2,1,0,10,3,3,50.2
Meteor,JUNGLE,LGD,NIP,Leyan,Ascend,30.07.2024,v14.14,1,Red,0:45:04,Taliyah,Loss,18,6,7,10,265,7.8,417,22.20%,1.88,0.69,0.11,0.38,18.30%,836,28.40%,69.60%,-658,36486.2,0,0,0.75,0,0,8,0,1,1,0,0,1,1,2,1,0,10,3,3,50.2
Haichao,MID,LGD,NIP,RooKie,Ascend,30.07.2024,v14.14,1,Red,0:45:04,Tristana,Loss,18,5,5,9,29,8.8,446,23.70%,1.82,0.47,0.09,0.51,17.70%,728,24.70%,60.90%,333,38073.1,0,0,0.5,0,0,8,0,1,1,0,0,1,1,2,1,0,10,3,3,50.2
Shaoye,ADCARRY,LGD,NIP,Photic,Ascend,30.07.2024,v14.14,1,Red,0:45:04,Ezreal,Loss,18,8,5,7,9,7.9,415,22.00%,1.32,0.49,0.22,0.27,12.90%,861,29.20%,65.20%,2107,36743.7,0,0,0.625,0,0,8,0,1,1,0,0,1,1,2,1,0,10,3,3,50.2
jinjiao,SUPPORT,LGD,NIP,Zhuo,Ascend,30.07.2024,v14.14,1,Red,0:45:04,Rell,Loss,15,1,7,14,0,0.8,252,13.40%,3.89,1.95,0.58,0.49,37.80%,198,6.70%,65.20%,-1111,37896.7,0,0,0.75,0,0,8,0,1,1,0,0,1,1,2,1,0,10,3,3,50.2
Burdol,TOP,LGD,NIP,shanji,Ascend,30.07.2024,v14.14,2,Blue,0:40:01,KSante,Win,18,2,4,6,2,7.1,355,17.70%,1.09,0.27,0.12,0.3,11.80%,274,9.70%,40.00%,-1298,38351.7,0,0,0.143,0,1,10,0,3,0,4,1,1,3,1,0,0,4,2,0,53.4
Meteor,JUNGLE,LGD,NIP,Leyan,Ascend,30.07.2024,v14.14,2,Blue,0:40:01,Shyvana,Win,18,6,2,7,265,7.9,428,21.30%,2,0.27,0.22,0.52,21.60%,958,33.90%,65.00%,366,55897,0,0,0.429,0,1,10,0,3,0,4,1,1,3,1,0,0,4,2,0,53.4
Haichao,MID,LGD,NIP,RooKie,Ascend,30.07.2024,v14.14,2,Blue,0:40:01,Yone,Win,18,5,1,8,20,10.6,497,24.80%,1.36,0.45,0.12,0.15,14.60%,694,24.50%,65.00%,788,35172.7,0,1,0.286,0,1,10,0,3,0,4,1,1,3,1,0,0,4,2,0,53.4
Shaoye,ADCARRY,LGD,NIP,Photic,Ascend,30.07.2024,v14.14,2,Blue,0:40:01,Kaisa,Win,18,5,1,5,20,9.6,463,23.10%,1.08,0.42,0.1,0.27,11.60%,714,25.20%,50.00%,-921,24331,0,0,0.286,0,1,10,0,3,0,4,1,1,3,1,0,0,4,2,0,53.4
jinjiao,SUPPORT,LGD,NIP,Zhuo,Ascend,30.07.2024,v14.14,2,Blue,0:40:01,Leona,Win,15,2,8,9,0,0.9,264,13.10%,3.75,1.72,0.5,0.55,40.40%,190,6.70%,55.00%,-85,35816.2,0,0,0.286,0,1,10,0,3,0,4,1,1,3,1,0,0,4,2,0,53.4
shanji,TOP,NIP,LGD,Burdol,Ascend,30.07.2024,v14.14,2,Red,0:40:01,Rumble,Loss,18,1,6,9,14,7.2,359,20.10%,1,0.57,0.22,0.05,11.00%,684,19.10%,62.50%,1298,31168.3,0,0,0.25,1,1,3,1,3,0,2,0,0,0,1,1,0,4,2,0,46.6
Leyan,JUNGLE,NIP,LGD,Meteor,Ascend,30.07.2024,v14.14,2,Red,0:40:01,Karthus,Loss,17,3,7,9,217,6.1,319,17.90%,1.18,0.25,0.12,0.32,13.00%,715,19.90%,75.00%,-366,40880.4,1,0,0.75,1,1,3,1,3,0,2,0,0,0,1,1,0,4,2,0,46.6
RooKie,MID,NIP,LGD,Haichao,Ascend,30.07.2024,v14.14,2,Red,0:40:01,Zeri,Loss,18,5,3,6,12,10,430,24.10%,1.46,0.47,0.15,0.35,16.00%,932,26.00%,68.80%,-788,31714.1,0,0,0.25,1,1,3,1,3,0,2,0,0,0,1,1,0,4,2,0,46.6
Photic,ADCARRY,NIP,LGD,Shaoye,Ascend,30.07.2024,v14.14,2,Red,0:40:01,Ezreal,Loss,18,6,3,6,25,9.6,437,24.50%,1.28,0.42,0.1,0.32,14.10%,1052,29.30%,75.00%,921,23466.7,1,0,0.625,1,1,3,1,3,0,2,0,0,0,1,1,0,4,2,0,46.6
Zhuo,SUPPORT,NIP,LGD,jinjiao,Ascend,30.07.2024,v14.14,2,Red,0:40:01,Maokai,Loss,13,1,1,12,0,1.3,237,13.30%,4.17,1.9,0.45,0.65,45.90%,202,5.60%,81.30%,85,24409.7,1,0,0.625,1,1,3,1,3,0,2,0,0,0,1,1,0,4,2,0,46.6
shanji,TOP,NIP,LGD,Burdol,Ascend,30.07.2024,v14.14,3,Blue,0:25:33,Nasus,Loss,13,1,6,0,3,7.4,318,20.60%,0.49,0.31,0.12,0.04,7.20%,590,27.90%,50.00%,-84,27324.3,0,0,0,0,0,1,0,0,0,4,0,0,0,0,0,0,4,0,0,46.1
Leyan,JUNGLE,NIP,LGD,Meteor,Ascend,30.07.2024,v14.14,3,Blue,0:25:33,Nidalee,Loss,13,0,4,2,159,6.4,302,19.60%,0.99,0.59,0.12,0.08,14.50%,473,22.40%,100.00%,-125,29389.8,0,0,1,0,0,1,0,0,0,4,0,0,0,0,0,0,4,0,0,46.1
RooKie,MID,NIP,LGD,Haichao,Ascend,30.07.2024,v14.14,3,Blue,0:25:33,Lucian,Loss,14,0,3,2,4,9.2,347,22.50%,1.07,0.39,0.12,0.27,15.70%,701,33.10%,100.00%,-3,15754.6,0,0,1,0,0,1,0,0,0,4,0,0,0,0,0,0,4,0,0,46.1
Photic,ADCARRY,NIP,LGD,Shaoye,Ascend,30.07.2024,v14.14,3,Blue,0:25:33,Kaisa,Loss,13,1,1,0,0,9.8,378,24.50%,1.06,0.39,0.12,0.23,15.60%,257,12.10%,50.00%,597,12028.1,0,0,1,0,0,1,0,0,0,4,0,0,0,0,0,0,4,0,0,46.1
Zhuo,SUPPORT,NIP,LGD,jinjiao,Ascend,30.07.2024,v14.14,3,Blue,0:25:33,Alistar,Loss,10,0,3,2,0,1.3,198,12.90%,3.19,1.72,0.47,0.35,46.90%,95,4.50%,100.00%,-437,18506.8,0,0,1,0,0,1,0,0,0,4,0,0,0,0,0,0,4,0,0,46.1
Burdol,TOP,LGD,NIP,shanji,Ascend,30.07.2024,v14.14,3,Red,0:25:33,KSante,Win,16,0,1,11,0,8.5,418,19.90%,0.99,0.39,0.27,0.23,11.60%,482,15.90%,68.80%,84,28902.1,1,0,0.8,1,0,11,1,4,0,2,1,1,1,0,0,0,4,4,0,53.9
Meteor,JUNGLE,LGD,NIP,Leyan,Ascend,30.07.2024,v14.14,3,Red,0:25:33,Lillia,Win,15,4,0,9,189,8.2,439,20.90%,1.68,0.35,0.23,0.31,19.70%,572,18.90%,81.30%,125,27633.1,1,0,0.8,1,0,11,1,4,0,2,1,1,1,0,0,0,4,4,0,53.9
Haichao,MID,LGD,NIP,RooKie,Ascend,30.07.2024,v14.14,3,Red,0:25:33,Corki,Win,16,4,0,8,4,10.1,475,22.60%,1.36,0.35,0.16,0.47,16.00%,705,23.30%,75.00%,3,10985.2,0,0,0.8,1,0,11,1,4,0,2,1,1,1,0,0,0,4,4,0,53.9
Shaoye,ADCARRY,LGD,NIP,Photic,Ascend,30.07.2024,v14.14,3,Red,0:25:33,Ezreal,Win,15,7,0,7,1,9.1,474,22.60%,1.12,0.39,0.08,0.39,13.20%,1115,36.80%,87.50%,-597,9679.7,0,1,0.6,1,0,11,1,4,0,2,1,1,1,0,0,0,4,4,0,53.9
jinjiao,SUPPORT,LGD,NIP,Zhuo,Ascend,30.07.2024,v14.14,3,Red,0:25:33,Rell,Win,11,1,1,11,0,1.1,292,13.90%,3.37,1.57,0.55,0.59,39.60%,155,5.10%,75.00%,437,11897.4,1,0,0.4,1,0,11,1,4,0,2,1,1,1,0,0,0,4,4,0,53.9
Bin,TOP,BLG,AL,Ale,Ascend,30.07.2024,v14.14,1,Blue,0:24:05,Kennen,Win,15,3,2,5,4,8.4,406,19.30%,1.1,0.46,0.21,0.12,11.50%,768,25.10%,44.40%,-139,15657.1,1,0,0.25,1,0,9,1,2,0,3,1,1,1,0,0,0,2,2,0,49.6
Wei,JUNGLE,BLG,AL,Croco,Ascend,30.07.2024,v14.14,1,Blue,0:24:05,Sejuani,Win,13,1,0,13,125,5.7,365,17.40%,1.63,0.37,0.29,0.29,17.00%,388,12.70%,77.80%,-197,24970.3,0,1,0.5,1,0,9,1,2,0,3,1,1,1,0,0,0,2,2,0,49.6
Knight,MID,BLG,AL,Shanks,Ascend,30.07.2024,v14.14,1,Blue,0:24:05,Tristana,Win,15,6,0,6,2,10,533,25.30%,1.26,0.25,0.21,0.42,13.10%,962,31.40%,66.70%,1231,16036.6,0,0,0.25,1,0,9,1,2,0,3,1,1,1,0,0,0,2,2,0,49.6
Elk,ADCARRY,BLG,AL,Hope,Ascend,30.07.2024,v14.14,1,Blue,0:24:05,Zeri,Win,15,7,0,6,4,10.8,526,25.00%,1.35,0.42,0.17,0.58,14.10%,652,21.30%,72.20%,658,10572.3,0,0,0.25,1,0,9,1,2,0,3,1,1,1,0,0,0,2,2,0,49.6
ON,SUPPORT,BLG,AL,Kael,Ascend,30.07.2024,v14.14,1,Blue,0:24:05,Rakan,Win,11,1,0,11,0,0.8,273,13.00%,4.25,2.24,0.37,0.58,44.40%,290,9.50%,66.70%,263,12393.1,0,0,0.25,1,0,9,1,2,0,3,1,1,1,0,0,0,2,2,0,49.6
Ale,TOP,AL,BLG,Bin,Ascend,30.07.2024,v14.14,1,Red,0:24:05,Corki,Loss,14,0,4,2,4,8.8,351,22.70%,0.85,0.37,0.12,0.08,11.90%,542,27.30%,100.00%,139,17542.8,0,0,1,0,0,1,0,1,0,3,0,0,0,0,0,0,2,0,0,50.4
Croco,JUNGLE,AL,BLG,Wei,Ascend,30.07.2024,v14.14,1,Red,0:24:05,Maokai,Loss,11,1,4,1,131,6.1,304,19.60%,1.48,0.29,0.21,0.46,20.80%,254,12.80%,100.00%,197,29382.4,0,0,1,0,0,1,0,1,0,3,0,0,0,0,0,0,2,0,0,50.4
Shanks,MID,AL,BLG,Knight,Ascend,30.07.2024,v14.14,1,Red,0:24:05,Yone,Loss,13,0,3,1,0,8.1,335,21.60%,0.73,0.29,0.04,0.08,10.20%,454,22.90%,50.00%,-1231,20921,0,0,0,0,0,1,0,1,0,3,0,0,0,0,0,0,2,0,0,50.4
Hope,ADCARRY,AL,BLG,Elk,Ascend,30.07.2024,v14.14,1,Red,0:24:05,Ziggs,Loss,13,1,4,0,2,8.8,350,22.60%,0.95,0.5,0.17,0.25,13.30%,526,26.50%,50.00%,-658,10285.1,0,0,0,0,0,1,0,1,0,3,0,0,0,0,0,0,2,0,0,50.4
Kael,SUPPORT,AL,BLG,ON,Ascend,30.07.2024,v14.14,1,Red,0:24:05,Bard,Loss,9,0,3,1,0,0.6,209,13.50%,3.11,1.95,0.46,0.42,43.70%,208,10.50%,50.00%,-263,14193,0,0,0,0,0,1,0,1,0,3,0,0,0,0,0,0,2,0,0,50.4
Bin,TOP,BLG,AL,Ale,Ascend,30.07.2024,v14.14,2,Blue,0:38:34,Gnar,Loss,18,4,3,8,12,7.5,425,22.90%,1.13,0.36,0.18,0.23,11.90%,306,14.50%,75.00%,1087,30247.4,0,0,0.5,1,2,9,0,1,0,5,1,1,2,1,0,0,4,2,0,48.8
Wei,JUNGLE,BLG,AL,Croco,Ascend,30.07.2024,v14.14,2,Blue,0:38:34,Sejuani,Loss,15,2,4,10,139,4.3,320,17.20%,2.12,0.57,0.54,0.52,22.10%,255,12.00%,75.00%,-43,49739.7,0,0,0.75,1,2,9,0,1,0,5,1,1,2,1,0,0,4,2,0,48.8
Knight,MID,BLG,AL,Shanks,Ascend,30.07.2024,v14.14,2,Blue,0:38:34,Yone,Loss,18,2,5,3,52,8,364,19.60%,1.19,0.31,0.18,0.21,12.50%,262,12.40%,31.30%,-2454,35974.4,0,0,0.25,1,2,9,0,1,0,5,1,1,2,1,0,0,4,2,0,48.8
Elk,ADCARRY,BLG,AL,Hope,Ascend,30.07.2024,v14.14,2,Blue,0:38:34,Ziggs,Loss,18,7,5,7,14,9.3,486,26.20%,1.44,0.47,0.16,0.26,15.00%,1170,55.30%,87.50%,713,16894.1,1,0,0.5,1,2,9,0,1,0,5,1,1,2,1,0,0,4,2,0,48.8
ON,SUPPORT,BLG,AL,Kael,Ascend,30.07.2024,v14.14,2,Blue,0:38:34,Nautilus,Loss,13,1,5,8,0,1,263,14.10%,3.69,2.26,0.7,0.34,38.50%,122,5.80%,56.30%,517,25209.9,1,0,0.5,1,2,9,0,1,0,5,1,1,2,1,0,0,4,2,0,48.8
Ale,TOP,AL,BLG,Bin,Ascend,30.07.2024,v14.14,2,Red,0:38:34,Kennen,Win,18,6,4,8,20,7.9,422,22.10%,0.93,0.36,0.23,0.16,9.80%,823,25.10%,63.60%,-1087,23695.8,0,0,0.5,0,1,7,1,4,1,1,0,0,0,1,1,0,4,2,0,51.2
Croco,JUNGLE,AL,BLG,Wei,Ascend,30.07.2024,v14.14,2,Red,0:38:34,Ivern,Win,16,1,3,14,155,4.5,312,16.30%,1.68,0.44,0.36,0.36,17.90%,227,6.90%,68.20%,43,17353.8,0,0,0.667,0,1,7,1,4,1,1,0,0,0,1,1,0,4,2,0,51.2
Shanks,MID,AL,BLG,Knight,Ascend,30.07.2024,v14.14,2,Red,0:38:34,Tristana,Win,18,9,2,3,20,10.2,522,27.30%,1.73,0.41,0.1,0.67,18.30%,1272,38.80%,54.50%,2454,16455.8,0,1,0.5,0,1,7,1,4,1,1,0,0,0,1,1,0,4,2,0,51.2
Hope,ADCARRY,AL,BLG,Elk,Ascend,30.07.2024,v14.14,2,Red,0:38:34,Kaisa,Win,18,6,2,6,33,9,425,22.20%,1.34,0.47,0.16,0.18,14.30%,786,24.00%,54.50%,-713,17165.8,0,0,0.167,0,1,7,1,4,1,1,0,0,0,1,1,0,4,2,0,51.2
Kael,SUPPORT,AL,BLG,ON,Ascend,30.07.2024,v14.14,2,Red,0:38:34,Rell,Win,14,0,5,11,0,0.9,230,12.00%,3.74,2.15,0.67,0.34,39.70%,169,5.20%,50.00%,-517,29090.5,0,0,0.5,0,1,7,1,4,1,1,0,0,0,1,1,0,4,2,0,51.2
Bin,TOP,BLG,AL,Ale,Ascend,30.07.2024,v14.14,3,Blue,0:28:33,Renekton,Win,17,4,4,6,0,8.1,441,20.90%,0.95,0.39,0.14,0.18,10.30%,640,24.20%,66.70%,748,27674.2,0,0,0.667,1,3,11,1,4,0,6,0,1,2,1,1,0,2,2,0,58
Wei,JUNGLE,BLG,AL,Croco,Ascend,30.07.2024,v14.14,3,Blue,0:28:33,Lillia,Win,16,1,0,10,170,7.2,398,18.90%,1.73,0.39,0.25,0.42,18.60%,526,19.90%,73.30%,273,30978.6,0,1,0.667,1,3,11,1,4,0,6,0,1,2,1,1,0,2,2,0,58
Knight,MID,BLG,AL,Shanks,Ascend,30.07.2024,v14.14,3,Blue,0:28:33,Zeri,Win,17,6,0,3,29,10.7,519,24.60%,1.82,0.42,0.11,0.6,19.50%,641,24.20%,60.00%,398,14482.5,0,0,0,1,3,11,1,4,0,6,0,1,2,1,1,0,2,2,0,58
Elk,ADCARRY,BLG,AL,Hope,Ascend,30.07.2024,v14.14,3,Blue,0:28:33,Miss_Fortune,Win,16,4,0,8,14,9.4,477,22.60%,1.37,0.53,0.21,0.39,14.80%,721,27.20%,80.00%,1126,7470.13,0,0,0.333,1,3,11,1,4,0,6,0,1,2,1,1,0,2,2,0,58
ON,SUPPORT,BLG,AL,Kael,Ascend,30.07.2024,v14.14,3,Blue,0:28:33,Rell,Win,12,0,1,10,0,0.9,274,13.00%,3.43,1.79,0.53,0.28,36.80%,120,4.50%,66.70%,347,12335.5,0,0,0.333,1,3,11,1,4,0,6,0,1,2,1,1,0,2,2,0,58
Ale,TOP,AL,BLG,Bin,Ascend,30.07.2024,v14.14,3,Red,0:28:33,Jax,Loss,15,3,5,2,4,8.2,388,22.10%,0.96,0.6,0.28,0.07,12.10%,722,37.60%,100.00%,-748,33463.8,1,0,1,0,0,3,0,0,0,0,1,0,0,1,0,0,2,0,0,42
Croco,JUNGLE,AL,BLG,Wei,Ascend,30.07.2024,v14.14,3,Red,0:28:33,Sejuani,Loss,13,1,4,3,137,5.4,310,17.70%,1.33,0.39,0.39,0.25,16.80%,226,11.80%,80.00%,-273,26547,1,0,0.75,0,0,3,0,0,0,0,1,0,0,1,0,0,2,0,0,42
Shanks,MID,AL,BLG,Knight,Ascend,30.07.2024,v14.14,3,Red,0:28:33,Corki,Loss,17,0,2,0,8,12,473,27.00%,1.09,0.39,0.07,0.32,13.70%,454,23.60%,0.00%,-398,14952,0,0,0,0,0,3,0,0,0,0,1,0,0,1,0,0,2,0,0,42
Hope,ADCARRY,AL,BLG,Elk,Ascend,30.07.2024,v14.14,3,Red,0:28:33,Ezreal,Loss,14,0,1,1,1,9.3,358,20.40%,1.48,0.49,0.18,0.42,18.70%,323,16.80%,20.00%,-1126,11000.1,0,0,0,0,0,3,0,0,0,0,1,0,0,1,0,0,2,0,0,42
Kael,SUPPORT,AL,BLG,ON,Ascend,30.07.2024,v14.14,3,Red,0:28:33,Maokai,Loss,10,1,3,1,4,1.1,227,12.90%,3.08,1.79,0.49,0.25,38.80%,197,10.30%,40.00%,-347,15014.9,0,0,0.25,0,0,3,0,0,0,0,1,0,0,1,0,0,2,0,0,42
Zdz,TOP,FPX,BLG,Bin,Ascend,31.07.2024,v14.14,1,Blue,0:36:33,Renekton,Loss,18,4,5,4,12,7.3,356,18.30%,1.29,0.36,0.33,0.33,11.60%,362,12.20%,33.30%,-554,45559,0,0,0.111,1,1,5,0,3,0,6,1,0,0,3,1,0,6,1,1,50.9
milkyway,JUNGLE,FPX,BLG,Wei,Ascend,31.07.2024,v14.14,1,Blue,0:36:33,Kindred,Loss,17,7,5,7,228,7.5,433,22.30%,2.11,0.38,0.33,0.63,19.10%,918,31.10%,58.30%,858,34554.8,0,0,0.333,1,1,5,0,3,0,6,1,0,0,3,1,0,6,1,1,50.9
Care,MID,FPX,BLG,Knight,Ascend,31.07.2024,v14.14,1,Blue,0:36:33,Corki,Loss,17,1,7,9,4,7.7,407,21.00%,1.27,0.6,0.25,0.14,11.40%,505,17.10%,41.70%,629,27730.2,0,0,0.333,1,1,5,0,3,0,6,1,0,0,3,1,0,6,1,1,50.9
deokdam,ADCARRY,FPX,BLG,Elk,Ascend,31.07.2024,v14.14,1,Blue,0:36:33,Miss_Fortune,Loss,18,8,3,6,17,9.8,470,24.30%,1.38,0.44,0.11,0.41,12.40%,845,28.60%,58.30%,1775,21789.7,1,0,0.667,1,1,5,0,3,0,6,1,0,0,3,1,0,6,1,1,50.9
Life,SUPPORT,FPX,BLG,ON,Ascend,31.07.2024,v14.14,1,Blue,0:36:33,Poppy,Loss,13,4,7,12,0,0.7,272,14.00%,5.04,3.2,0.6,0.36,45.50%,327,11.10%,66.70%,781,27273.5,1,0,0.889,1,1,5,0,3,0,6,1,0,0,3,1,0,6,1,1,50.9
Bin,TOP,BLG,FPX,Zdz,Ascend,31.07.2024,v14.14,1,Red,0:36:33,Kennen,Win,18,7,4,8,8,7.1,430,20.70%,0.91,0.25,0.11,0.19,8.60%,904,25.60%,55.60%,554,21692.5,0,1,0.429,0,0,10,1,3,0,0,0,1,2,3,2,0,6,4,1,49.1
Wei,JUNGLE,BLG,FPX,milkyway,Ascend,31.07.2024,v14.14,1,Red,0:36:33,Lillia,Win,18,5,5,13,205,6.6,405,19.50%,1.71,0.49,0.38,0.57,16.20%,898,25.50%,66.70%,-858,50606.1,0,0,0.286,0,0,10,1,3,0,0,0,1,2,3,2,0,6,4,1,49.1
Knight,MID,BLG,FPX,Care,Ascend,31.07.2024,v14.14,1,Red,0:36:33,Lucian,Win,18,7,3,7,21,8.7,463,22.30%,2.56,0.49,0.16,0.82,24.30%,513,14.50%,51.90%,-629,19412.5,0,0,0.286,0,0,10,1,3,0,0,0,1,2,3,2,0,6,4,1,49.1
Elk,ADCARRY,BLG,FPX,deokdam,Ascend,31.07.2024,v14.14,1,Red,0:36:33,Ezreal,Win,18,6,4,9,18,9.5,483,23.30%,1.01,0.41,0.11,0.33,9.60%,972,27.60%,55.60%,-1775,18827.4,0,0,0,0,0,10,1,3,0,0,0,1,2,3,2,0,6,4,1,49.1
ON,SUPPORT,BLG,FPX,Life,Ascend,31.07.2024,v14.14,1,Red,0:36:33,Rell,Win,14,2,8,19,0,1,295,14.20%,4.36,2.52,0.85,0.66,41.30%,238,6.80%,77.80%,-781,37888.9,0,0,0.714,0,0,10,1,3,0,0,0,1,2,3,2,0,6,4,1,49.1
Bin,TOP,BLG,FPX,Zdz,Ascend,31.07.2024,v14.14,2,Blue,0:22:46,Renekton,Win,15,1,1,4,0,10.8,445,19.80%,0.75,0.31,0.13,0.13,8.60%,431,12.40%,18.50%,395,18564.4,0,0,0,1,1,8,0,1,0,5,1,1,1,3,3,0,4,4,0,61.8
Wei,JUNGLE,BLG,FPX,milkyway,Ascend,31.07.2024,v14.14,2,Blue,0:22:46,Lillia,Win,13,1,2,11,141,6.9,397,17.70%,1.61,0.31,0.22,0.4,18.50%,568,16.40%,44.40%,1264,25012.8,0,0,0.889,1,1,8,0,1,0,5,1,1,1,3,3,0,4,4,0,61.8
Knight,MID,BLG,FPX,Care,Ascend,31.07.2024,v14.14,2,Blue,0:22:46,Lucian,Win,15,21,0,4,16,9.9,631,28.10%,1.26,0.44,0.13,0.4,14.50%,1555,44.80%,92.60%,3050,14768.9,0,1,1,1,1,8,0,1,0,5,1,1,1,3,3,0,4,4,0,61.8
Elk,ADCARRY,BLG,FPX,deokdam,Ascend,31.07.2024,v14.14,2,Blue,0:22:46,Kaisa,Win,14,4,0,14,8,8.7,448,19.90%,1.4,0.44,0.13,0.31,16.10%,710,20.50%,66.70%,-623,10015.4,0,0,0.778,1,1,8,0,1,0,5,1,1,1,3,3,0,4,4,0,61.8
ON,SUPPORT,BLG,FPX,Life,Ascend,31.07.2024,v14.14,2,Blue,0:22:46,Rell,Win,12,0,2,26,0,1.3,329,14.60%,3.68,1.71,0.57,0.48,42.40%,204,5.90%,96.30%,18,13807.8,0,0,1,1,1,8,0,1,0,5,1,1,1,3,3,0,4,4,0,61.8
Zdz,TOP,FPX,BLG,Bin,Ascend,31.07.2024,v14.14,2,Red,0:22:46,KSante,Loss,13,1,4,2,0,7.5,331,21.40%,0.92,0.35,0.13,0.13,13.50%,454,21.20%,60.00%,-395,21354.8,0,0,0.5,0,0,2,1,2,0,1,0,0,0,3,0,0,4,0,0,38.2
milkyway,JUNGLE,FPX,BLG,Wei,Ascend,31.07.2024,v14.14,2,Red,0:22:46,Lee_Sin,Loss,11,0,5,2,102,4.7,269,17.40%,0.97,0.4,0.22,0.26,14.30%,138,6.50%,40.00%,-1264,20856.4,0,0,0.5,0,0,2,1,2,0,1,0,0,0,3,0,0,4,0,0,38.2
Care,MID,FPX,BLG,Knight,Ascend,31.07.2024,v14.14,2,Red,0:22:46,Corki,Loss,12,0,5,0,0,8,319,20.70%,1.43,0.53,0.22,0.35,21.00%,510,23.80%,0.00%,-3050,19092.4,0,0,0,0,0,2,1,2,0,1,0,0,0,3,0,0,4,0,0,38.2
deokdam,ADCARRY,FPX,BLG,Elk,Ascend,31.07.2024,v14.14,2,Red,0:22:46,Ezreal,Loss,11,3,4,1,0,8,377,24.40%,0.78,0.31,0,0.18,11.40%,704,32.90%,80.00%,623,14339.8,1,0,0.75,0,0,2,1,2,0,1,0,0,0,3,0,0,4,0,0,38.2
Life,SUPPORT,FPX,BLG,ON,Ascend,31.07.2024,v14.14,2,Red,0:22:46,Rumble,Loss,10,1,9,3,0,1.1,249,16.10%,2.71,1.41,0.26,0.18,39.80%,334,15.60%,80.00%,-18,17390.8,1,0,0.75,0,0,2,1,2,0,1,0,0,0,3,0,0,4,0,0,38.2
sheer,TOP,JDG,TES,369,Ascend,31.07.2024,v14.14,1,Blue,0:41:08,KSante,Loss,17,2,6,2,1,6.5,323,19.00%,1.01,0.41,0.17,0.1,9.00%,208,8.10%,36.40%,-1347,39734.5,0,0,0.4,0,0,4,1,2,0,4,0,0,0,1,0,0,5,1,1,53.7
Kanavi,JUNGLE,JDG,TES,Tian,Ascend,31.07.2024,v14.14,1,Blue,0:41:08,Zyra,Loss,17,1,1,6,254,7.1,340,20.00%,3.01,1.14,0.17,0.8,26.90%,679,26.50%,63.60%,106,21526.5,0,0,0.4,0,0,4,1,2,0,4,0,0,0,1,0,0,5,1,1,53.7
Yagao,MID,JDG,TES,Creme,Ascend,31.07.2024,v14.14,1,Blue,0:41:08,Corki,Loss,18,3,1,5,34,9.2,391,23.00%,1.9,0.44,0.12,0.36,17.00%,681,26.60%,72.70%,-421,19393.7,0,0,0.6,0,0,4,1,2,0,4,0,0,0,1,0,0,5,1,1,53.7
Ruler,ADCARRY,JDG,TES,JackeyLove,Ascend,31.07.2024,v14.14,1,Blue,0:41:08,Jhin,Loss,18,4,2,2,3,10.4,432,25.40%,1.36,0.44,0.19,0.39,12.10%,846,33.00%,54.50%,697,18698.2,1,0,0.6,0,0,4,1,2,0,4,0,0,0,1,0,0,5,1,1,53.7
Missing,SUPPORT,JDG,TES,meiko,Ascend,31.07.2024,v14.14,1,Blue,0:41:08,Leona,Loss,13,1,8,4,0,1.1,216,12.70%,3.93,2.31,0.53,0.63,35.00%,145,5.70%,45.50%,23,34880.1,1,0,0.6,0,0,4,1,2,0,4,0,0,0,1,0,0,5,1,1,53.7
369,TOP,TES,JDG,sheer,Ascend,31.07.2024,v14.14,1,Red,0:41:08,Rumble,Win,18,4,1,12,36,9.2,485,24.10%,1.44,0.46,0.1,0.24,13.30%,887,31.80%,88.90%,1347,24132.1,0,1,0.75,1,0,11,0,4,0,2,1,1,2,1,1,0,5,3,1,46.3
Tian,JUNGLE,TES,JDG,Kanavi,Ascend,31.07.2024,v14.14,1,Red,0:41:08,Ivern,Win,17,1,4,16,170,4.8,348,17.30%,2.92,1.22,0.44,0.56,27.00%,279,10.00%,94.40%,-106,21153.6,0,0,1,1,0,11,0,4,0,2,1,1,2,1,1,0,5,3,1,46.3
Creme,MID,TES,JDG,Yagao,Ascend,31.07.2024,v14.14,1,Red,0:41:08,Lucian,Win,18,7,1,7,37,10.2,486,24.20%,1.67,0.44,0.15,0.51,15.50%,723,25.90%,77.80%,421,27906.7,0,0,1,1,0,11,0,4,0,2,1,1,2,1,1,0,5,3,1,46.3
JackeyLove,ADCARRY,TES,JDG,Ruler,Ascend,31.07.2024,v14.14,1,Red,0:41:08,Miss_Fortune,Win,18,4,2,9,9,9.3,442,22.00%,1.44,0.32,0.05,0.63,13.30%,752,26.90%,72.20%,-697,19166.8,0,0,0.5,1,0,11,0,4,0,2,1,1,2,1,1,0,5,3,1,46.3
meiko,SUPPORT,TES,JDG,Missing,Ascend,31.07.2024,v14.14,1,Red,0:41:08,Alistar,Win,15,2,3,14,0,0.9,249,12.40%,3.33,1.97,0.46,0.36,30.90%,149,5.30%,88.90%,-23,33696,0,0,1,1,0,11,0,4,0,2,1,1,2,1,1,0,5,3,1,46.3
369,TOP,TES,JDG,sheer,Ascend,31.07.2024,v14.14,2,Blue,0:26:12,Renekton,Win,16,2,1,7,8,9.5,428,21.30%,0.95,0.34,0.11,0.11,11.40%,651,24.30%,75.00%,-42,28198.4,0,1,0,0,2,9,1,1,0,6,1,1,1,0,0,0,3,2,0,49.5
Tian,JUNGLE,TES,JDG,Kanavi,Ascend,31.07.2024,v14.14,2,Blue,0:26:12,Ivern,Win,14,2,1,9,142,5.8,388,19.30%,2.34,0.88,0.34,0.34,28.10%,261,9.70%,91.70%,534,9768.34,1,0,1,0,2,9,1,1,0,6,1,1,1,0,0,0,3,2,0,49.5
Creme,MID,TES,JDG,Yagao,Ascend,31.07.2024,v14.14,2,Blue,0:26:12,Zeri,Win,15,5,2,5,13,9.4,497,24.70%,1.4,0.38,0.15,0.5,16.90%,732,27.30%,83.30%,-587,17621.8,0,0,0.5,0,2,9,1,1,0,6,1,1,1,0,0,0,3,2,0,49.5
JackeyLove,ADCARRY,TES,JDG,Ruler,Ascend,31.07.2024,v14.14,2,Blue,0:26:12,Ezreal,Win,14,3,1,3,0,10.1,446,22.20%,0.8,0.31,0.08,0.11,9.60%,756,28.20%,50.00%,197,11575.9,1,0,0.5,0,2,9,1,1,0,6,1,1,1,0,0,0,3,2,0,49.5
meiko,SUPPORT,TES,JDG,Missing,Ascend,31.07.2024,v14.14,2,Blue,0:26:12,Alistar,Win,12,0,1,9,0,1,252,12.50%,2.83,1.64,0.42,0.23,34.00%,281,10.50%,75.00%,-150,13873.4,1,0,1,0,2,9,1,1,0,6,1,1,1,0,0,0,3,2,0,49.5
sheer,TOP,JDG,TES,369,Ascend,31.07.2024,v14.14,2,Red,0:26:12,Gnar,Loss,14,1,2,3,0,8.7,343,20.60%,0.58,0.42,0.11,0.15,8.00%,586,23.40%,66.70%,42,16884.8,0,0,0.5,1,1,2,0,1,0,0,0,0,0,0,0,0,3,1,0,50.5
Kanavi,JUNGLE,JDG,TES,Tian,Ascend,31.07.2024,v14.14,2,Red,0:26:12,Lillia,Loss,13,2,2,3,156,6.6,338,20.30%,1.19,0.23,0.19,0.46,16.40%,539,21.50%,83.30%,-534,25879.6,0,0,0.5,1,1,2,0,1,0,0,0,0,0,0,0,0,3,1,0,50.5
Yagao,MID,JDG,TES,Creme,Ascend,31.07.2024,v14.14,2,Red,0:26:12,Jayce,Loss,14,2,4,2,4,8.7,368,22.10%,0.99,0.23,0.08,0.23,13.60%,738,29.50%,66.70%,587,15969.5,0,0,1,1,1,2,0,1,0,0,0,0,0,0,0,0,3,1,0,50.5
Ruler,ADCARRY,JDG,TES,JackeyLove,Ascend,31.07.2024,v14.14,2,Red,0:26:12,Miss_Fortune,Loss,14,0,2,2,6,9.5,376,22.60%,1.01,0.42,0.15,0.15,13.90%,470,18.70%,33.30%,-197,13553.7,0,0,0,1,1,2,0,1,0,0,0,0,0,0,0,0,3,1,0,50.5
Missing,SUPPORT,JDG,TES,meiko,Ascend,31.07.2024,v14.14,2,Red,0:26:12,Rell,Loss,10,1,2,5,0,1.1,239,14.40%,3.48,1.98,0.61,0.5,48.00%,173,6.90%,100.00%,150,18289.3,0,0,1,1,1,2,0,1,0,0,0,0,0,0,0,0,3,1,0,50.5
